{
  "type": "FeatureCollection",
  "name": "Sykkelparkering i Kongsberg, Øvre Eiker og Drammen",
  "attribution": "© OpenStreetMap-bidragsyterne, ODbL 1.0",
  "features": [
    {
      "type": "Feature",
      "geometry": {
        "type": "Point",
        "coordinates": [
          9.6438872,
          59.6668269
        ]
      },
      "properties": {
        "id": "osm-node-302028059",
        "osm_type": "node",
        "osm_id": 302028059,
        "kommune": "Kongsberg",
        "kategori": "sykkelparkering",
        "name": null,
        "bicycle_parking": "wall_loops",
        "covered": "no",
        "indoor": null,
        "capacity": "12",
        "access": "yes",
        "fee": "no",
        "operator": "Kongsberg kommune",
        "surveillance": null,
        "osm_url": "https://www.openstreetmap.org/node/302028059"
      }
    },
    {
      "type": "Feature",
      "geometry": {
        "type": "Point",
        "coordinates": [
          9.6516973,
          59.6715791
        ]
      },
      "properties": {
        "id": "osm-node-305242585",
        "osm_type": "node",
        "osm_id": 305242585,
        "kommune": "Kongsberg",
        "kategori": "sykkelparkering_med_tak",
        "name": null,
        "bicycle_parking": "rack",
        "covered": "yes",
        "indoor": null,
        "capacity": "54",
        "access": "yes",
        "fee": "no",
        "operator": "Bane NOR Eiendom",
        "surveillance": null,
        "osm_url": "https://www.openstreetmap.org/node/305242585"
      }
    },
    {
      "type": "Feature",
      "geometry": {
        "type": "Point",
        "coordinates": [
          9.6452765,
          59.6525452
        ]
      },
      "properties": {
        "id": "osm-node-700952336",
        "osm_type": "node",
        "osm_id": 700952336,
        "kommune": "Kongsberg",
        "kategori": "sykkelparkering_med_tak",
        "name": null,
        "bicycle_parking": null,
        "covered": "yes",
        "indoor": null,
        "capacity": null,
        "access": "private",
        "fee": null,
        "operator": "Kongsberg Teknologipark",
        "surveillance": null,
        "osm_url": "https://www.openstreetmap.org/node/700952336"
      }
    },
    {
      "type": "Feature",
      "geometry": {
        "type": "Point",
        "coordinates": [
          9.6506209,
          59.6691702
        ]
      },
      "properties": {
        "id": "osm-node-838904347",
        "osm_type": "node",
        "osm_id": 838904347,
        "kommune": "Kongsberg",
        "kategori": "sykkelparkering",
        "name": null,
        "bicycle_parking": "stands",
        "covered": "no",
        "indoor": null,
        "capacity": "8",
        "access": null,
        "fee": null,
        "operator": null,
        "surveillance": null,
        "osm_url": "https://www.openstreetmap.org/node/838904347"
      }
    },
    {
      "type": "Feature",
      "geometry": {
        "type": "Point",
        "coordinates": [
          9.6518768,
          59.6703663
        ]
      },
      "properties": {
        "id": "osm-node-929123932",
        "osm_type": "node",
        "osm_id": 929123932,
        "kommune": "Kongsberg",
        "kategori": "sykkelparkering",
        "name": null,
        "bicycle_parking": "stands",
        "covered": "no",
        "indoor": null,
        "capacity": "20",
        "access": null,
        "fee": null,
        "operator": null,
        "surveillance": null,
        "osm_url": "https://www.openstreetmap.org/node/929123932"
      }
    },
    {
      "type": "Feature",
      "geometry": {
        "type": "Point",
        "coordinates": [
          9.6488162,
          59.6721663
        ]
      },
      "properties": {
        "id": "osm-node-929124488",
        "osm_type": "node",
        "osm_id": 929124488,
        "kommune": "Kongsberg",
        "kategori": "sykkelparkering",
        "name": null,
        "bicycle_parking": "stands",
        "covered": "no",
        "indoor": null,
        "capacity": "20",
        "access": "yes",
        "fee": "no",
        "operator": null,
        "surveillance": null,
        "osm_url": "https://www.openstreetmap.org/node/929124488"
      }
    },
    {
      "type": "Feature",
      "geometry": {
        "type": "Point",
        "coordinates": [
          9.6484533,
          59.6820602
        ]
      },
      "properties": {
        "id": "osm-node-932094529",
        "osm_type": "node",
        "osm_id": 932094529,
        "kommune": "Kongsberg",
        "kategori": "sykkelparkering",
        "name": null,
        "bicycle_parking": null,
        "covered": null,
        "indoor": null,
        "capacity": null,
        "access": null,
        "fee": null,
        "operator": null,
        "surveillance": null,
        "osm_url": "https://www.openstreetmap.org/node/932094529"
      }
    },
    {
      "type": "Feature",
      "geometry": {
        "type": "Point",
        "coordinates": [
          9.6465459,
          59.6648851
        ]
      },
      "properties": {
        "id": "osm-node-940800203",
        "osm_type": "node",
        "osm_id": 940800203,
        "kommune": "Kongsberg",
        "kategori": "sykkelparkering_med_tak",
        "name": null,
        "bicycle_parking": "wall_loops",
        "covered": "yes",
        "indoor": null,
        "capacity": "15",
        "access": "yes",
        "fee": "no",
        "operator": "Kongsberg kommune",
        "surveillance": null,
        "osm_url": "https://www.openstreetmap.org/node/940800203"
      }
    },
    {
      "type": "Feature",
      "geometry": {
        "type": "Point",
        "coordinates": [
          9.6461835,
          59.665244
        ]
      },
      "properties": {
        "id": "osm-node-940800205",
        "osm_type": "node",
        "osm_id": 940800205,
        "kommune": "Kongsberg",
        "kategori": "sykkelparkering",
        "name": null,
        "bicycle_parking": "wall_loops",
        "covered": "no",
        "indoor": null,
        "capacity": "15",
        "access": "yes",
        "fee": "no",
        "operator": "Kongsberg kommune",
        "surveillance": null,
        "osm_url": "https://www.openstreetmap.org/node/940800205"
      }
    },
    {
      "type": "Feature",
      "geometry": {
        "type": "Point",
        "coordinates": [
          9.6450269,
          59.6643489
        ]
      },
      "properties": {
        "id": "osm-node-3768498420",
        "osm_type": "node",
        "osm_id": 3768498420,
        "kommune": "Kongsberg",
        "kategori": "sykkelparkering",
        "name": null,
        "bicycle_parking": "wall_loops",
        "covered": "no",
        "indoor": null,
        "capacity": "28",
        "access": "yes",
        "fee": "no",
        "operator": null,
        "surveillance": null,
        "osm_url": "https://www.openstreetmap.org/node/3768498420"
      }
    },
    {
      "type": "Feature",
      "geometry": {
        "type": "Point",
        "coordinates": [
          9.6456881,
          59.6649445
        ]
      },
      "properties": {
        "id": "osm-node-3768498436",
        "osm_type": "node",
        "osm_id": 3768498436,
        "kommune": "Kongsberg",
        "kategori": "sykkelparkering_med_tak",
        "name": null,
        "bicycle_parking": "two-tier",
        "covered": "yes",
        "indoor": null,
        "capacity": "64",
        "access": "yes",
        "fee": "no",
        "operator": null,
        "surveillance": null,
        "osm_url": "https://www.openstreetmap.org/node/3768498436"
      }
    },
    {
      "type": "Feature",
      "geometry": {
        "type": "Point",
        "coordinates": [
          9.6496529,
          59.668409
        ]
      },
      "properties": {
        "id": "osm-node-3798666331",
        "osm_type": "node",
        "osm_id": 3798666331,
        "kommune": "Kongsberg",
        "kategori": "sykkelhotell",
        "name": null,
        "bicycle_parking": "shed",
        "covered": "yes",
        "indoor": null,
        "capacity": "12",
        "access": "yes",
        "fee": "no",
        "operator": "Kongsberg kommune",
        "surveillance": null,
        "osm_url": "https://www.openstreetmap.org/node/3798666331"
      }
    },
    {
      "type": "Feature",
      "geometry": {
        "type": "Point",
        "coordinates": [
          9.7004848,
          59.665742
        ]
      },
      "properties": {
        "id": "osm-node-6496255849",
        "osm_type": "node",
        "osm_id": 6496255849,
        "kommune": "Kongsberg",
        "kategori": "sykkelparkering",
        "name": null,
        "bicycle_parking": "rack",
        "covered": null,
        "indoor": null,
        "capacity": null,
        "access": null,
        "fee": null,
        "operator": null,
        "surveillance": null,
        "osm_url": "https://www.openstreetmap.org/node/6496255849"
      }
    },
    {
      "type": "Feature",
      "geometry": {
        "type": "Point",
        "coordinates": [
          9.7004087,
          59.6657041
        ]
      },
      "properties": {
        "id": "osm-node-6496255850",
        "osm_type": "node",
        "osm_id": 6496255850,
        "kommune": "Kongsberg",
        "kategori": "sykkelparkering",
        "name": null,
        "bicycle_parking": "rack",
        "covered": null,
        "indoor": null,
        "capacity": null,
        "access": null,
        "fee": null,
        "operator": null,
        "surveillance": null,
        "osm_url": "https://www.openstreetmap.org/node/6496255850"
      }
    },
    {
      "type": "Feature",
      "geometry": {
        "type": "Point",
        "coordinates": [
          9.6437632,
          59.6670992
        ]
      },
      "properties": {
        "id": "osm-node-6835534770",
        "osm_type": "node",
        "osm_id": 6835534770,
        "kommune": "Kongsberg",
        "kategori": "sykkelparkering",
        "name": null,
        "bicycle_parking": "wall_loops",
        "covered": "no",
        "indoor": null,
        "capacity": "6",
        "access": "yes",
        "fee": "no",
        "operator": "Kongsberg kommune",
        "surveillance": null,
        "osm_url": "https://www.openstreetmap.org/node/6835534770"
      }
    },
    {
      "type": "Feature",
      "geometry": {
        "type": "Point",
        "coordinates": [
          9.6502237,
          59.6722564
        ]
      },
      "properties": {
        "id": "osm-node-7784653621",
        "osm_type": "node",
        "osm_id": 7784653621,
        "kommune": "Kongsberg",
        "kategori": "sykkelparkering_med_tak",
        "name": null,
        "bicycle_parking": "stands",
        "covered": "yes",
        "indoor": null,
        "capacity": "50",
        "access": "yes",
        "fee": "no",
        "operator": "Knutepunkt Kongsberg",
        "surveillance": null,
        "osm_url": "https://www.openstreetmap.org/node/7784653621"
      }
    },
    {
      "type": "Feature",
      "geometry": {
        "type": "Point",
        "coordinates": [
          9.6519246,
          59.6714093
        ]
      },
      "properties": {
        "id": "osm-node-7784653622",
        "osm_type": "node",
        "osm_id": 7784653622,
        "kommune": "Kongsberg",
        "kategori": "sykkelparkering_med_tak",
        "name": null,
        "bicycle_parking": "rack",
        "covered": "yes",
        "indoor": null,
        "capacity": "27",
        "access": "yes",
        "fee": "no",
        "operator": "Bane NOR Eiendom",
        "surveillance": null,
        "osm_url": "https://www.openstreetmap.org/node/7784653622"
      }
    },
    {
      "type": "Feature",
      "geometry": {
        "type": "Point",
        "coordinates": [
          9.6534178,
          59.6690612
        ]
      },
      "properties": {
        "id": "osm-node-8083627666",
        "osm_type": "node",
        "osm_id": 8083627666,
        "kommune": "Kongsberg",
        "kategori": "sykkelparkering",
        "name": null,
        "bicycle_parking": "stands",
        "covered": "no",
        "indoor": null,
        "capacity": "12",
        "access": "yes",
        "fee": "no",
        "operator": null,
        "surveillance": null,
        "osm_url": "https://www.openstreetmap.org/node/8083627666"
      }
    },
    {
      "type": "Feature",
      "geometry": {
        "type": "Point",
        "coordinates": [
          9.6431342,
          59.662767
        ]
      },
      "properties": {
        "id": "osm-node-8154714900",
        "osm_type": "node",
        "osm_id": 8154714900,
        "kommune": "Kongsberg",
        "kategori": "sykkelparkering_med_tak",
        "name": null,
        "bicycle_parking": null,
        "covered": "yes",
        "indoor": null,
        "capacity": null,
        "access": null,
        "fee": null,
        "operator": null,
        "surveillance": null,
        "osm_url": "https://www.openstreetmap.org/node/8154714900"
      }
    },
    {
      "type": "Feature",
      "geometry": {
        "type": "Point",
        "coordinates": [
          9.6481687,
          59.6668452
        ]
      },
      "properties": {
        "id": "osm-node-8155056548",
        "osm_type": "node",
        "osm_id": 8155056548,
        "kommune": "Kongsberg",
        "kategori": "sykkelparkering",
        "name": null,
        "bicycle_parking": "wall_loops",
        "covered": "no",
        "indoor": null,
        "capacity": "10",
        "access": null,
        "fee": null,
        "operator": null,
        "surveillance": null,
        "osm_url": "https://www.openstreetmap.org/node/8155056548"
      }
    },
    {
      "type": "Feature",
      "geometry": {
        "type": "Point",
        "coordinates": [
          9.6502203,
          59.6687331
        ]
      },
      "properties": {
        "id": "osm-node-8164116911",
        "osm_type": "node",
        "osm_id": 8164116911,
        "kommune": "Kongsberg",
        "kategori": "sykkelparkering_med_tak",
        "name": null,
        "bicycle_parking": "wall_loops",
        "covered": "yes",
        "indoor": null,
        "capacity": "6",
        "access": null,
        "fee": null,
        "operator": null,
        "surveillance": null,
        "osm_url": "https://www.openstreetmap.org/node/8164116911"
      }
    },
    {
      "type": "Feature",
      "geometry": {
        "type": "Point",
        "coordinates": [
          9.6506659,
          59.6692674
        ]
      },
      "properties": {
        "id": "osm-node-8164116915",
        "osm_type": "node",
        "osm_id": 8164116915,
        "kommune": "Kongsberg",
        "kategori": "sykkelparkering",
        "name": null,
        "bicycle_parking": "stands",
        "covered": "no",
        "indoor": null,
        "capacity": "8",
        "access": null,
        "fee": null,
        "operator": null,
        "surveillance": null,
        "osm_url": "https://www.openstreetmap.org/node/8164116915"
      }
    },
    {
      "type": "Feature",
      "geometry": {
        "type": "Point",
        "coordinates": [
          9.6602124,
          59.6686076
        ]
      },
      "properties": {
        "id": "osm-node-8450296189",
        "osm_type": "node",
        "osm_id": 8450296189,
        "kommune": "Kongsberg",
        "kategori": "sykkelparkering",
        "name": null,
        "bicycle_parking": null,
        "covered": null,
        "indoor": null,
        "capacity": null,
        "access": null,
        "fee": null,
        "operator": null,
        "surveillance": null,
        "osm_url": "https://www.openstreetmap.org/node/8450296189"
      }
    },
    {
      "type": "Feature",
      "geometry": {
        "type": "Point",
        "coordinates": [
          9.6472064,
          59.6712613
        ]
      },
      "properties": {
        "id": "osm-node-8985762389",
        "osm_type": "node",
        "osm_id": 8985762389,
        "kommune": "Kongsberg",
        "kategori": "sykkelparkering",
        "name": null,
        "bicycle_parking": "wall_loops",
        "covered": "no",
        "indoor": null,
        "capacity": null,
        "access": "yes",
        "fee": "no",
        "operator": null,
        "surveillance": null,
        "osm_url": "https://www.openstreetmap.org/node/8985762389"
      }
    },
    {
      "type": "Feature",
      "geometry": {
        "type": "Point",
        "coordinates": [
          9.6501899,
          59.6722558
        ]
      },
      "properties": {
        "id": "osm-node-9054732490",
        "osm_type": "node",
        "osm_id": 9054732490,
        "kommune": "Kongsberg",
        "kategori": "sykkelparkering_med_tak",
        "name": "Togstasjon underetasje",
        "bicycle_parking": null,
        "covered": "yes",
        "indoor": null,
        "capacity": "16",
        "access": null,
        "fee": null,
        "operator": null,
        "surveillance": null,
        "osm_url": "https://www.openstreetmap.org/node/9054732490"
      }
    },
    {
      "type": "Feature",
      "geometry": {
        "type": "Point",
        "coordinates": [
          9.6457146,
          59.664904
        ]
      },
      "properties": {
        "id": "osm-node-9054732508",
        "osm_type": "node",
        "osm_id": 9054732508,
        "kommune": "Kongsberg",
        "kategori": "sykkelparkering",
        "name": null,
        "bicycle_parking": "wall_loops",
        "covered": "no",
        "indoor": null,
        "capacity": "22",
        "access": "yes",
        "fee": "no",
        "operator": "Krona",
        "surveillance": null,
        "osm_url": "https://www.openstreetmap.org/node/9054732508"
      }
    },
    {
      "type": "Feature",
      "geometry": {
        "type": "Point",
        "coordinates": [
          9.6359995,
          59.628628
        ]
      },
      "properties": {
        "id": "osm-node-9054749744",
        "osm_type": "node",
        "osm_id": 9054749744,
        "kommune": "Kongsberg",
        "kategori": "sykkelparkering_med_tak",
        "name": null,
        "bicycle_parking": null,
        "covered": "yes",
        "indoor": null,
        "capacity": null,
        "access": null,
        "fee": null,
        "operator": null,
        "surveillance": null,
        "osm_url": "https://www.openstreetmap.org/node/9054749744"
      }
    },
    {
      "type": "Feature",
      "geometry": {
        "type": "Point",
        "coordinates": [
          9.6468252,
          59.6652334
        ]
      },
      "properties": {
        "id": "osm-node-9054749774",
        "osm_type": "node",
        "osm_id": 9054749774,
        "kommune": "Kongsberg",
        "kategori": "sykkelparkering_med_tak",
        "name": null,
        "bicycle_parking": "wall_loops",
        "covered": "yes",
        "indoor": null,
        "capacity": null,
        "access": "yes",
        "fee": "no",
        "operator": "Kongsberg kommune",
        "surveillance": null,
        "osm_url": "https://www.openstreetmap.org/node/9054749774"
      }
    },
    {
      "type": "Feature",
      "geometry": {
        "type": "Point",
        "coordinates": [
          9.6428657,
          59.6670772
        ]
      },
      "properties": {
        "id": "osm-node-9076430420",
        "osm_type": "node",
        "osm_id": 9076430420,
        "kommune": "Kongsberg",
        "kategori": "sykkelparkering",
        "name": null,
        "bicycle_parking": "stands",
        "covered": "no",
        "indoor": null,
        "capacity": "18",
        "access": "yes",
        "fee": null,
        "operator": null,
        "surveillance": null,
        "osm_url": "https://www.openstreetmap.org/node/9076430420"
      }
    },
    {
      "type": "Feature",
      "geometry": {
        "type": "Point",
        "coordinates": [
          9.6431229,
          59.6667272
        ]
      },
      "properties": {
        "id": "osm-node-9076430424",
        "osm_type": "node",
        "osm_id": 9076430424,
        "kommune": "Kongsberg",
        "kategori": "sykkelparkering",
        "name": null,
        "bicycle_parking": "wall_loops",
        "covered": "no",
        "indoor": null,
        "capacity": "8",
        "access": "yes",
        "fee": null,
        "operator": null,
        "surveillance": null,
        "osm_url": "https://www.openstreetmap.org/node/9076430424"
      }
    },
    {
      "type": "Feature",
      "geometry": {
        "type": "Point",
        "coordinates": [
          9.650726,
          59.6520221
        ]
      },
      "properties": {
        "id": "osm-node-9119914712",
        "osm_type": "node",
        "osm_id": 9119914712,
        "kommune": "Kongsberg",
        "kategori": "sykkelparkering_med_tak",
        "name": null,
        "bicycle_parking": "stands",
        "covered": "yes",
        "indoor": null,
        "capacity": null,
        "access": "yes",
        "fee": "no",
        "operator": "Kongsberg Tekonologipark",
        "surveillance": null,
        "osm_url": "https://www.openstreetmap.org/node/9119914712"
      }
    },
    {
      "type": "Feature",
      "geometry": {
        "type": "Point",
        "coordinates": [
          9.6472756,
          59.6636785
        ]
      },
      "properties": {
        "id": "osm-node-9123198018",
        "osm_type": "node",
        "osm_id": 9123198018,
        "kommune": "Kongsberg",
        "kategori": "sykkelparkering",
        "name": null,
        "bicycle_parking": "wall_loops",
        "covered": "no",
        "indoor": null,
        "capacity": null,
        "access": "yes",
        "fee": "no",
        "operator": null,
        "surveillance": null,
        "osm_url": "https://www.openstreetmap.org/node/9123198018"
      }
    },
    {
      "type": "Feature",
      "geometry": {
        "type": "Point",
        "coordinates": [
          9.6533873,
          59.658126
        ]
      },
      "properties": {
        "id": "osm-node-9196198556",
        "osm_type": "node",
        "osm_id": 9196198556,
        "kommune": "Kongsberg",
        "kategori": "sykkelparkering",
        "name": null,
        "bicycle_parking": null,
        "covered": "no",
        "indoor": null,
        "capacity": null,
        "access": "yes",
        "fee": null,
        "operator": null,
        "surveillance": null,
        "osm_url": "https://www.openstreetmap.org/node/9196198556"
      }
    },
    {
      "type": "Feature",
      "geometry": {
        "type": "Point",
        "coordinates": [
          9.6406946,
          59.6533247
        ]
      },
      "properties": {
        "id": "osm-node-9233585539",
        "osm_type": "node",
        "osm_id": 9233585539,
        "kommune": "Kongsberg",
        "kategori": "sykkelparkering_med_tak",
        "name": null,
        "bicycle_parking": "wall_loops",
        "covered": "yes",
        "indoor": null,
        "capacity": "18",
        "access": "yes",
        "fee": "no",
        "operator": "Kongsberg kommune",
        "surveillance": null,
        "osm_url": "https://www.openstreetmap.org/node/9233585539"
      }
    },
    {
      "type": "Feature",
      "geometry": {
        "type": "Point",
        "coordinates": [
          9.6289466,
          59.6803521
        ]
      },
      "properties": {
        "id": "osm-node-9233585563",
        "osm_type": "node",
        "osm_id": 9233585563,
        "kommune": "Kongsberg",
        "kategori": "sykkelparkering_med_tak",
        "name": null,
        "bicycle_parking": "wall_loops",
        "covered": "yes",
        "indoor": null,
        "capacity": "5",
        "access": null,
        "fee": "no",
        "operator": null,
        "surveillance": null,
        "osm_url": "https://www.openstreetmap.org/node/9233585563"
      }
    },
    {
      "type": "Feature",
      "geometry": {
        "type": "Point",
        "coordinates": [
          9.6291309,
          59.680344
        ]
      },
      "properties": {
        "id": "osm-node-9233585564",
        "osm_type": "node",
        "osm_id": 9233585564,
        "kommune": "Kongsberg",
        "kategori": "sykkelparkering",
        "name": null,
        "bicycle_parking": "wall_loops",
        "covered": null,
        "indoor": null,
        "capacity": null,
        "access": null,
        "fee": "no",
        "operator": null,
        "surveillance": null,
        "osm_url": "https://www.openstreetmap.org/node/9233585564"
      }
    },
    {
      "type": "Feature",
      "geometry": {
        "type": "Point",
        "coordinates": [
          9.6282413,
          59.6798413
        ]
      },
      "properties": {
        "id": "osm-node-9233585568",
        "osm_type": "node",
        "osm_id": 9233585568,
        "kommune": "Kongsberg",
        "kategori": "sykkelparkering",
        "name": null,
        "bicycle_parking": "wall_loops",
        "covered": "no",
        "indoor": null,
        "capacity": null,
        "access": "yes",
        "fee": "no",
        "operator": null,
        "surveillance": null,
        "osm_url": "https://www.openstreetmap.org/node/9233585568"
      }
    },
    {
      "type": "Feature",
      "geometry": {
        "type": "Point",
        "coordinates": [
          9.6321899,
          59.6790997
        ]
      },
      "properties": {
        "id": "osm-node-9233607419",
        "osm_type": "node",
        "osm_id": 9233607419,
        "kommune": "Kongsberg",
        "kategori": "sykkelparkering",
        "name": null,
        "bicycle_parking": "wall_loops",
        "covered": "no",
        "indoor": null,
        "capacity": null,
        "access": "yes",
        "fee": "no",
        "operator": null,
        "surveillance": null,
        "osm_url": "https://www.openstreetmap.org/node/9233607419"
      }
    },
    {
      "type": "Feature",
      "geometry": {
        "type": "Point",
        "coordinates": [
          9.6480176,
          59.6662786
        ]
      },
      "properties": {
        "id": "osm-node-9233607423",
        "osm_type": "node",
        "osm_id": 9233607423,
        "kommune": "Kongsberg",
        "kategori": "sykkelparkering",
        "name": null,
        "bicycle_parking": "wall_loops",
        "covered": "no",
        "indoor": null,
        "capacity": null,
        "access": "yes",
        "fee": "no",
        "operator": null,
        "surveillance": null,
        "osm_url": "https://www.openstreetmap.org/node/9233607423"
      }
    },
    {
      "type": "Feature",
      "geometry": {
        "type": "Point",
        "coordinates": [
          9.6473945,
          59.6696986
        ]
      },
      "properties": {
        "id": "osm-node-9233607424",
        "osm_type": "node",
        "osm_id": 9233607424,
        "kommune": "Kongsberg",
        "kategori": "sykkelparkering",
        "name": null,
        "bicycle_parking": "wall_loops",
        "covered": "no",
        "indoor": null,
        "capacity": null,
        "access": "yes",
        "fee": "no",
        "operator": null,
        "surveillance": null,
        "osm_url": "https://www.openstreetmap.org/node/9233607424"
      }
    },
    {
      "type": "Feature",
      "geometry": {
        "type": "Point",
        "coordinates": [
          9.6491536,
          59.6692692
        ]
      },
      "properties": {
        "id": "osm-node-9233607426",
        "osm_type": "node",
        "osm_id": 9233607426,
        "kommune": "Kongsberg",
        "kategori": "sykkelparkering",
        "name": null,
        "bicycle_parking": "stands",
        "covered": "no",
        "indoor": null,
        "capacity": "18",
        "access": "yes",
        "fee": "no",
        "operator": null,
        "surveillance": null,
        "osm_url": "https://www.openstreetmap.org/node/9233607426"
      }
    },
    {
      "type": "Feature",
      "geometry": {
        "type": "Point",
        "coordinates": [
          9.6497057,
          59.6697184
        ]
      },
      "properties": {
        "id": "osm-node-9233607427",
        "osm_type": "node",
        "osm_id": 9233607427,
        "kommune": "Kongsberg",
        "kategori": "sykkelparkering",
        "name": null,
        "bicycle_parking": "stands",
        "covered": "no",
        "indoor": null,
        "capacity": "8",
        "access": "yes",
        "fee": "no",
        "operator": "Kongsberg kommune",
        "surveillance": null,
        "osm_url": "https://www.openstreetmap.org/node/9233607427"
      }
    },
    {
      "type": "Feature",
      "geometry": {
        "type": "Point",
        "coordinates": [
          9.642603,
          59.6716126
        ]
      },
      "properties": {
        "id": "osm-node-9235315106",
        "osm_type": "node",
        "osm_id": 9235315106,
        "kommune": "Kongsberg",
        "kategori": "sykkelparkering",
        "name": null,
        "bicycle_parking": null,
        "covered": null,
        "indoor": null,
        "capacity": null,
        "access": "yes",
        "fee": "no",
        "operator": "Kongsberg kommune",
        "surveillance": null,
        "osm_url": "https://www.openstreetmap.org/node/9235315106"
      }
    },
    {
      "type": "Feature",
      "geometry": {
        "type": "Point",
        "coordinates": [
          9.6477485,
          59.6731246
        ]
      },
      "properties": {
        "id": "osm-node-9235375220",
        "osm_type": "node",
        "osm_id": 9235375220,
        "kommune": "Kongsberg",
        "kategori": "sykkelparkering",
        "name": null,
        "bicycle_parking": "wall_loops",
        "covered": "no",
        "indoor": null,
        "capacity": "15",
        "access": "yes",
        "fee": "no",
        "operator": null,
        "surveillance": null,
        "osm_url": "https://www.openstreetmap.org/node/9235375220"
      }
    },
    {
      "type": "Feature",
      "geometry": {
        "type": "Point",
        "coordinates": [
          9.6474253,
          59.6732166
        ]
      },
      "properties": {
        "id": "osm-node-9235375221",
        "osm_type": "node",
        "osm_id": 9235375221,
        "kommune": "Kongsberg",
        "kategori": "sykkelparkering",
        "name": null,
        "bicycle_parking": null,
        "covered": null,
        "indoor": null,
        "capacity": null,
        "access": "private",
        "fee": null,
        "operator": null,
        "surveillance": null,
        "osm_url": "https://www.openstreetmap.org/node/9235375221"
      }
    },
    {
      "type": "Feature",
      "geometry": {
        "type": "Point",
        "coordinates": [
          9.6476594,
          59.67229
        ]
      },
      "properties": {
        "id": "osm-node-9235375233",
        "osm_type": "node",
        "osm_id": 9235375233,
        "kommune": "Kongsberg",
        "kategori": "sykkelparkering",
        "name": null,
        "bicycle_parking": "stands",
        "covered": "no",
        "indoor": null,
        "capacity": null,
        "access": "yes",
        "fee": "no",
        "operator": null,
        "surveillance": null,
        "osm_url": "https://www.openstreetmap.org/node/9235375233"
      }
    },
    {
      "type": "Feature",
      "geometry": {
        "type": "Point",
        "coordinates": [
          9.6573413,
          59.6707412
        ]
      },
      "properties": {
        "id": "osm-node-9235375238",
        "osm_type": "node",
        "osm_id": 9235375238,
        "kommune": "Kongsberg",
        "kategori": "sykkelparkering",
        "name": null,
        "bicycle_parking": "wall_loops",
        "covered": "no",
        "indoor": null,
        "capacity": "5",
        "access": "yes",
        "fee": "no",
        "operator": "Vestre Viken HF",
        "surveillance": null,
        "osm_url": "https://www.openstreetmap.org/node/9235375238"
      }
    },
    {
      "type": "Feature",
      "geometry": {
        "type": "Point",
        "coordinates": [
          9.6563083,
          59.6697773
        ]
      },
      "properties": {
        "id": "osm-node-9235375243",
        "osm_type": "node",
        "osm_id": 9235375243,
        "kommune": "Kongsberg",
        "kategori": "sykkelparkering",
        "name": null,
        "bicycle_parking": "wall_loops",
        "covered": "no",
        "indoor": null,
        "capacity": "10",
        "access": "yes",
        "fee": "no",
        "operator": "Vestre Viken HF",
        "surveillance": null,
        "osm_url": "https://www.openstreetmap.org/node/9235375243"
      }
    },
    {
      "type": "Feature",
      "geometry": {
        "type": "Point",
        "coordinates": [
          9.654599,
          59.677262
        ]
      },
      "properties": {
        "id": "osm-node-9394744816",
        "osm_type": "node",
        "osm_id": 9394744816,
        "kommune": "Kongsberg",
        "kategori": "sykkelparkering",
        "name": null,
        "bicycle_parking": null,
        "covered": null,
        "indoor": null,
        "capacity": null,
        "access": null,
        "fee": null,
        "operator": null,
        "surveillance": null,
        "osm_url": "https://www.openstreetmap.org/node/9394744816"
      }
    },
    {
      "type": "Feature",
      "geometry": {
        "type": "Point",
        "coordinates": [
          9.6546772,
          59.6770047
        ]
      },
      "properties": {
        "id": "osm-node-9394766923",
        "osm_type": "node",
        "osm_id": 9394766923,
        "kommune": "Kongsberg",
        "kategori": "sykkelparkering_med_tak",
        "name": null,
        "bicycle_parking": null,
        "covered": "yes",
        "indoor": null,
        "capacity": null,
        "access": "yes",
        "fee": null,
        "operator": "Kongsberg kommune",
        "surveillance": null,
        "osm_url": "https://www.openstreetmap.org/node/9394766923"
      }
    },
    {
      "type": "Feature",
      "geometry": {
        "type": "Point",
        "coordinates": [
          9.6560233,
          59.6767784
        ]
      },
      "properties": {
        "id": "osm-node-9394766939",
        "osm_type": "node",
        "osm_id": 9394766939,
        "kommune": "Kongsberg",
        "kategori": "sykkelparkering_med_tak",
        "name": null,
        "bicycle_parking": "wall_loops",
        "covered": "yes",
        "indoor": null,
        "capacity": null,
        "access": null,
        "fee": null,
        "operator": "Kongsberg kommune",
        "surveillance": null,
        "osm_url": "https://www.openstreetmap.org/node/9394766939"
      }
    },
    {
      "type": "Feature",
      "geometry": {
        "type": "Point",
        "coordinates": [
          9.6554724,
          59.6767477
        ]
      },
      "properties": {
        "id": "osm-node-9394766952",
        "osm_type": "node",
        "osm_id": 9394766952,
        "kommune": "Kongsberg",
        "kategori": "sykkelparkering_med_tak",
        "name": null,
        "bicycle_parking": "wall_loops",
        "covered": "yes",
        "indoor": null,
        "capacity": null,
        "access": null,
        "fee": null,
        "operator": "Kongsberg kommune",
        "surveillance": null,
        "osm_url": "https://www.openstreetmap.org/node/9394766952"
      }
    },
    {
      "type": "Feature",
      "geometry": {
        "type": "Point",
        "coordinates": [
          9.6553612,
          59.6744525
        ]
      },
      "properties": {
        "id": "osm-node-9394766997",
        "osm_type": "node",
        "osm_id": 9394766997,
        "kommune": "Kongsberg",
        "kategori": "sykkelparkering",
        "name": null,
        "bicycle_parking": "wall_loops",
        "covered": null,
        "indoor": null,
        "capacity": null,
        "access": null,
        "fee": null,
        "operator": null,
        "surveillance": null,
        "osm_url": "https://www.openstreetmap.org/node/9394766997"
      }
    },
    {
      "type": "Feature",
      "geometry": {
        "type": "Point",
        "coordinates": [
          9.6531661,
          59.6817265
        ]
      },
      "properties": {
        "id": "osm-node-9450165720",
        "osm_type": "node",
        "osm_id": 9450165720,
        "kommune": "Kongsberg",
        "kategori": "sykkelparkering",
        "name": null,
        "bicycle_parking": "wall_loops",
        "covered": "no",
        "indoor": null,
        "capacity": null,
        "access": null,
        "fee": null,
        "operator": null,
        "surveillance": null,
        "osm_url": "https://www.openstreetmap.org/node/9450165720"
      }
    },
    {
      "type": "Feature",
      "geometry": {
        "type": "Point",
        "coordinates": [
          9.6521421,
          59.6695486
        ]
      },
      "properties": {
        "id": "osm-node-9483635047",
        "osm_type": "node",
        "osm_id": 9483635047,
        "kommune": "Kongsberg",
        "kategori": "sykkelparkering",
        "name": null,
        "bicycle_parking": "wall_loops",
        "covered": "no",
        "indoor": null,
        "capacity": null,
        "access": null,
        "fee": null,
        "operator": "Stortorvet Kongsberg",
        "surveillance": null,
        "osm_url": "https://www.openstreetmap.org/node/9483635047"
      }
    },
    {
      "type": "Feature",
      "geometry": {
        "type": "Point",
        "coordinates": [
          9.6521681,
          59.66875
        ]
      },
      "properties": {
        "id": "osm-node-9486159322",
        "osm_type": "node",
        "osm_id": 9486159322,
        "kommune": "Kongsberg",
        "kategori": "sykkelparkering",
        "name": null,
        "bicycle_parking": "wall_loops",
        "covered": "no",
        "indoor": null,
        "capacity": null,
        "access": "yes",
        "fee": null,
        "operator": "Stortorvet Kongsberg",
        "surveillance": null,
        "osm_url": "https://www.openstreetmap.org/node/9486159322"
      }
    },
    {
      "type": "Feature",
      "geometry": {
        "type": "Point",
        "coordinates": [
          9.6521575,
          59.6686621
        ]
      },
      "properties": {
        "id": "osm-node-9486159323",
        "osm_type": "node",
        "osm_id": 9486159323,
        "kommune": "Kongsberg",
        "kategori": "sykkelparkering_med_tak",
        "name": null,
        "bicycle_parking": "stands",
        "covered": "yes",
        "indoor": null,
        "capacity": null,
        "access": "yes",
        "fee": null,
        "operator": "Stortorvet Kongsberg",
        "surveillance": null,
        "osm_url": "https://www.openstreetmap.org/node/9486159323"
      }
    },
    {
      "type": "Feature",
      "geometry": {
        "type": "Point",
        "coordinates": [
          9.6263852,
          59.6794202
        ]
      },
      "properties": {
        "id": "osm-node-9534427612",
        "osm_type": "node",
        "osm_id": 9534427612,
        "kommune": "Kongsberg",
        "kategori": "sykkelparkering_med_tak",
        "name": null,
        "bicycle_parking": "wall_loops",
        "covered": "yes",
        "indoor": null,
        "capacity": null,
        "access": "yes",
        "fee": null,
        "operator": "Kongsberg kommune",
        "surveillance": null,
        "osm_url": "https://www.openstreetmap.org/node/9534427612"
      }
    },
    {
      "type": "Feature",
      "geometry": {
        "type": "Point",
        "coordinates": [
          9.6367461,
          59.6821259
        ]
      },
      "properties": {
        "id": "osm-node-9534444766",
        "osm_type": "node",
        "osm_id": 9534444766,
        "kommune": "Kongsberg",
        "kategori": "sykkelparkering",
        "name": null,
        "bicycle_parking": "wall_loops",
        "covered": "no",
        "indoor": null,
        "capacity": null,
        "access": "yes",
        "fee": null,
        "operator": "Kongsberg kommune",
        "surveillance": null,
        "osm_url": "https://www.openstreetmap.org/node/9534444766"
      }
    },
    {
      "type": "Feature",
      "geometry": {
        "type": "Point",
        "coordinates": [
          10.0102051,
          59.4894314
        ]
      },
      "properties": {
        "id": "osm-node-9561346081",
        "osm_type": "node",
        "osm_id": 9561346081,
        "kommune": "Kongsberg",
        "kategori": "sykkelparkering_med_tak",
        "name": null,
        "bicycle_parking": "wall_loops",
        "covered": "yes",
        "indoor": null,
        "capacity": null,
        "access": null,
        "fee": null,
        "operator": "Kongsberg kommune",
        "surveillance": null,
        "osm_url": "https://www.openstreetmap.org/node/9561346081"
      }
    },
    {
      "type": "Feature",
      "geometry": {
        "type": "Point",
        "coordinates": [
          9.6405789,
          59.653189
        ]
      },
      "properties": {
        "id": "osm-node-9561364376",
        "osm_type": "node",
        "osm_id": 9561364376,
        "kommune": "Kongsberg",
        "kategori": "sykkelparkering",
        "name": null,
        "bicycle_parking": "stands",
        "covered": "no",
        "indoor": null,
        "capacity": null,
        "access": "yes",
        "fee": null,
        "operator": "Kongsberg kommune",
        "surveillance": null,
        "osm_url": "https://www.openstreetmap.org/node/9561364376"
      }
    },
    {
      "type": "Feature",
      "geometry": {
        "type": "Point",
        "coordinates": [
          9.6540766,
          59.6694407
        ]
      },
      "properties": {
        "id": "osm-node-9634969380",
        "osm_type": "node",
        "osm_id": 9634969380,
        "kommune": "Kongsberg",
        "kategori": "sykkelparkering",
        "name": null,
        "bicycle_parking": "stands",
        "covered": "no",
        "indoor": null,
        "capacity": "20",
        "access": "yes",
        "fee": null,
        "operator": null,
        "surveillance": null,
        "osm_url": "https://www.openstreetmap.org/node/9634969380"
      }
    },
    {
      "type": "Feature",
      "geometry": {
        "type": "Point",
        "coordinates": [
          9.6534162,
          59.6693326
        ]
      },
      "properties": {
        "id": "osm-node-9635967167",
        "osm_type": "node",
        "osm_id": 9635967167,
        "kommune": "Kongsberg",
        "kategori": "sykkelparkering",
        "name": null,
        "bicycle_parking": "stands",
        "covered": "no",
        "indoor": null,
        "capacity": null,
        "access": "yes",
        "fee": null,
        "operator": null,
        "surveillance": null,
        "osm_url": "https://www.openstreetmap.org/node/9635967167"
      }
    },
    {
      "type": "Feature",
      "geometry": {
        "type": "Point",
        "coordinates": [
          9.6663064,
          59.6044033
        ]
      },
      "properties": {
        "id": "osm-node-9710860907",
        "osm_type": "node",
        "osm_id": 9710860907,
        "kommune": "Kongsberg",
        "kategori": "sykkelparkering",
        "name": null,
        "bicycle_parking": "wall_loops",
        "covered": "no",
        "indoor": null,
        "capacity": null,
        "access": "yes",
        "fee": null,
        "operator": "Kongsberg kommune",
        "surveillance": null,
        "osm_url": "https://www.openstreetmap.org/node/9710860907"
      }
    },
    {
      "type": "Feature",
      "geometry": {
        "type": "Point",
        "coordinates": [
          9.6447944,
          59.6270434
        ]
      },
      "properties": {
        "id": "osm-node-9824684498",
        "osm_type": "node",
        "osm_id": 9824684498,
        "kommune": "Kongsberg",
        "kategori": "sykkelparkering_med_tak",
        "name": null,
        "bicycle_parking": "wall_loops",
        "covered": "yes",
        "indoor": null,
        "capacity": null,
        "access": null,
        "fee": null,
        "operator": "Kongsberg kommune",
        "surveillance": null,
        "osm_url": "https://www.openstreetmap.org/node/9824684498"
      }
    },
    {
      "type": "Feature",
      "geometry": {
        "type": "Point",
        "coordinates": [
          9.6472975,
          59.6272565
        ]
      },
      "properties": {
        "id": "osm-node-9824684505",
        "osm_type": "node",
        "osm_id": 9824684505,
        "kommune": "Kongsberg",
        "kategori": "sykkelparkering",
        "name": null,
        "bicycle_parking": "wall_loops",
        "covered": "no",
        "indoor": null,
        "capacity": null,
        "access": null,
        "fee": null,
        "operator": null,
        "surveillance": null,
        "osm_url": "https://www.openstreetmap.org/node/9824684505"
      }
    },
    {
      "type": "Feature",
      "geometry": {
        "type": "Point",
        "coordinates": [
          9.6477235,
          59.6272246
        ]
      },
      "properties": {
        "id": "osm-node-9824684507",
        "osm_type": "node",
        "osm_id": 9824684507,
        "kommune": "Kongsberg",
        "kategori": "sykkelparkering",
        "name": null,
        "bicycle_parking": "wall_loops",
        "covered": "no",
        "indoor": null,
        "capacity": null,
        "access": null,
        "fee": null,
        "operator": null,
        "surveillance": null,
        "osm_url": "https://www.openstreetmap.org/node/9824684507"
      }
    },
    {
      "type": "Feature",
      "geometry": {
        "type": "Point",
        "coordinates": [
          9.6476064,
          59.6270939
        ]
      },
      "properties": {
        "id": "osm-node-9824684508",
        "osm_type": "node",
        "osm_id": 9824684508,
        "kommune": "Kongsberg",
        "kategori": "sykkelparkering",
        "name": null,
        "bicycle_parking": "wall_loops",
        "covered": "no",
        "indoor": null,
        "capacity": null,
        "access": null,
        "fee": null,
        "operator": null,
        "surveillance": null,
        "osm_url": "https://www.openstreetmap.org/node/9824684508"
      }
    },
    {
      "type": "Feature",
      "geometry": {
        "type": "Point",
        "coordinates": [
          9.6433646,
          59.6648028
        ]
      },
      "properties": {
        "id": "osm-node-9825382128",
        "osm_type": "node",
        "osm_id": 9825382128,
        "kommune": "Kongsberg",
        "kategori": "sykkelparkering",
        "name": null,
        "bicycle_parking": "wall_loops",
        "covered": "no",
        "indoor": null,
        "capacity": null,
        "access": null,
        "fee": null,
        "operator": null,
        "surveillance": null,
        "osm_url": "https://www.openstreetmap.org/node/9825382128"
      }
    },
    {
      "type": "Feature",
      "geometry": {
        "type": "Point",
        "coordinates": [
          9.6436701,
          59.6647292
        ]
      },
      "properties": {
        "id": "osm-node-9825382129",
        "osm_type": "node",
        "osm_id": 9825382129,
        "kommune": "Kongsberg",
        "kategori": "sykkelparkering",
        "name": null,
        "bicycle_parking": "wall_loops",
        "covered": "no",
        "indoor": null,
        "capacity": null,
        "access": null,
        "fee": null,
        "operator": null,
        "surveillance": null,
        "osm_url": "https://www.openstreetmap.org/node/9825382129"
      }
    },
    {
      "type": "Feature",
      "geometry": {
        "type": "Point",
        "coordinates": [
          9.6443303,
          59.6642427
        ]
      },
      "properties": {
        "id": "osm-node-9825382134",
        "osm_type": "node",
        "osm_id": 9825382134,
        "kommune": "Kongsberg",
        "kategori": "sykkelparkering",
        "name": null,
        "bicycle_parking": "wall_loops",
        "covered": "no",
        "indoor": null,
        "capacity": "40",
        "access": null,
        "fee": null,
        "operator": null,
        "surveillance": null,
        "osm_url": "https://www.openstreetmap.org/node/9825382134"
      }
    },
    {
      "type": "Feature",
      "geometry": {
        "type": "Point",
        "coordinates": [
          9.6543493,
          59.6692173
        ]
      },
      "properties": {
        "id": "osm-node-9838915566",
        "osm_type": "node",
        "osm_id": 9838915566,
        "kommune": "Kongsberg",
        "kategori": "sykkelparkering",
        "name": null,
        "bicycle_parking": "stands",
        "covered": "no",
        "indoor": null,
        "capacity": "22",
        "access": null,
        "fee": null,
        "operator": null,
        "surveillance": null,
        "osm_url": "https://www.openstreetmap.org/node/9838915566"
      }
    },
    {
      "type": "Feature",
      "geometry": {
        "type": "Point",
        "coordinates": [
          9.6544228,
          59.6684016
        ]
      },
      "properties": {
        "id": "osm-node-9838917071",
        "osm_type": "node",
        "osm_id": 9838917071,
        "kommune": "Kongsberg",
        "kategori": "sykkelparkering_med_tak",
        "name": null,
        "bicycle_parking": "stands",
        "covered": "yes",
        "indoor": "yes",
        "capacity": "14",
        "access": null,
        "fee": null,
        "operator": null,
        "surveillance": null,
        "osm_url": "https://www.openstreetmap.org/node/9838917071"
      }
    },
    {
      "type": "Feature",
      "geometry": {
        "type": "Point",
        "coordinates": [
          9.6544742,
          59.668781
        ]
      },
      "properties": {
        "id": "osm-node-9838948001",
        "osm_type": "node",
        "osm_id": 9838948001,
        "kommune": "Kongsberg",
        "kategori": "sykkelparkering_med_tak",
        "name": null,
        "bicycle_parking": "wall_loops",
        "covered": "yes",
        "indoor": null,
        "capacity": "6",
        "access": null,
        "fee": null,
        "operator": null,
        "surveillance": null,
        "osm_url": "https://www.openstreetmap.org/node/9838948001"
      }
    },
    {
      "type": "Feature",
      "geometry": {
        "type": "Point",
        "coordinates": [
          9.6476068,
          59.6766922
        ]
      },
      "properties": {
        "id": "osm-node-10028910125",
        "osm_type": "node",
        "osm_id": 10028910125,
        "kommune": "Kongsberg",
        "kategori": "sykkelparkering_med_tak",
        "name": null,
        "bicycle_parking": "wall_loops",
        "covered": "yes",
        "indoor": null,
        "capacity": "5",
        "access": null,
        "fee": null,
        "operator": null,
        "surveillance": null,
        "osm_url": "https://www.openstreetmap.org/node/10028910125"
      }
    },
    {
      "type": "Feature",
      "geometry": {
        "type": "Point",
        "coordinates": [
          9.6745447,
          59.6690948
        ]
      },
      "properties": {
        "id": "osm-node-10244723361",
        "osm_type": "node",
        "osm_id": 10244723361,
        "kommune": "Kongsberg",
        "kategori": "sykkelparkering_med_tak",
        "name": null,
        "bicycle_parking": "wall_loops",
        "covered": "yes",
        "indoor": null,
        "capacity": null,
        "access": null,
        "fee": null,
        "operator": null,
        "surveillance": null,
        "osm_url": "https://www.openstreetmap.org/node/10244723361"
      }
    },
    {
      "type": "Feature",
      "geometry": {
        "type": "Point",
        "coordinates": [
          9.6564709,
          59.670699
        ]
      },
      "properties": {
        "id": "osm-node-10690545842",
        "osm_type": "node",
        "osm_id": 10690545842,
        "kommune": "Kongsberg",
        "kategori": "sykkelparkering",
        "name": null,
        "bicycle_parking": "wall_loops",
        "covered": null,
        "indoor": null,
        "capacity": null,
        "access": "yes",
        "fee": "no",
        "operator": "Vestre Viken HF",
        "surveillance": null,
        "osm_url": "https://www.openstreetmap.org/node/10690545842"
      }
    },
    {
      "type": "Feature",
      "geometry": {
        "type": "Point",
        "coordinates": [
          9.6423791,
          59.6680232
        ]
      },
      "properties": {
        "id": "osm-node-10690548041",
        "osm_type": "node",
        "osm_id": 10690548041,
        "kommune": "Kongsberg",
        "kategori": "sykkelparkering",
        "name": null,
        "bicycle_parking": "wall_loops",
        "covered": "no",
        "indoor": null,
        "capacity": null,
        "access": "yes",
        "fee": null,
        "operator": null,
        "surveillance": null,
        "osm_url": "https://www.openstreetmap.org/node/10690548041"
      }
    },
    {
      "type": "Feature",
      "geometry": {
        "type": "Point",
        "coordinates": [
          9.6423296,
          59.6680961
        ]
      },
      "properties": {
        "id": "osm-node-10690548046",
        "osm_type": "node",
        "osm_id": 10690548046,
        "kommune": "Kongsberg",
        "kategori": "sykkelparkering_med_tak",
        "name": null,
        "bicycle_parking": "wall_loops",
        "covered": "yes",
        "indoor": null,
        "capacity": null,
        "access": "yes",
        "fee": null,
        "operator": null,
        "surveillance": null,
        "osm_url": "https://www.openstreetmap.org/node/10690548046"
      }
    },
    {
      "type": "Feature",
      "geometry": {
        "type": "Point",
        "coordinates": [
          9.6374139,
          59.6602656
        ]
      },
      "properties": {
        "id": "osm-node-10715767153",
        "osm_type": "node",
        "osm_id": 10715767153,
        "kommune": "Kongsberg",
        "kategori": "sykkelparkering",
        "name": null,
        "bicycle_parking": "wall_loops",
        "covered": null,
        "indoor": null,
        "capacity": null,
        "access": null,
        "fee": null,
        "operator": null,
        "surveillance": null,
        "osm_url": "https://www.openstreetmap.org/node/10715767153"
      }
    },
    {
      "type": "Feature",
      "geometry": {
        "type": "Point",
        "coordinates": [
          9.6744243,
          59.6697037
        ]
      },
      "properties": {
        "id": "osm-node-10728519720",
        "osm_type": "node",
        "osm_id": 10728519720,
        "kommune": "Kongsberg",
        "kategori": "sykkelparkering",
        "name": null,
        "bicycle_parking": null,
        "covered": null,
        "indoor": null,
        "capacity": null,
        "access": null,
        "fee": null,
        "operator": null,
        "surveillance": null,
        "osm_url": "https://www.openstreetmap.org/node/10728519720"
      }
    },
    {
      "type": "Feature",
      "geometry": {
        "type": "Point",
        "coordinates": [
          9.6509679,
          59.6726234
        ]
      },
      "properties": {
        "id": "osm-node-11013732411",
        "osm_type": "node",
        "osm_id": 11013732411,
        "kommune": "Kongsberg",
        "kategori": "sykkelparkering_med_tak",
        "name": null,
        "bicycle_parking": "wall_loops",
        "covered": "yes",
        "indoor": null,
        "capacity": "18",
        "access": null,
        "fee": null,
        "operator": "Bane NOR SF",
        "surveillance": null,
        "osm_url": "https://www.openstreetmap.org/node/11013732411"
      }
    },
    {
      "type": "Feature",
      "geometry": {
        "type": "Point",
        "coordinates": [
          9.6510946,
          59.6725595
        ]
      },
      "properties": {
        "id": "osm-node-11013744415",
        "osm_type": "node",
        "osm_id": 11013744415,
        "kommune": "Kongsberg",
        "kategori": "sykkelparkering",
        "name": null,
        "bicycle_parking": "stands",
        "covered": "no",
        "indoor": null,
        "capacity": "6",
        "access": null,
        "fee": null,
        "operator": null,
        "surveillance": null,
        "osm_url": "https://www.openstreetmap.org/node/11013744415"
      }
    },
    {
      "type": "Feature",
      "geometry": {
        "type": "Point",
        "coordinates": [
          9.6508191,
          59.6828457
        ]
      },
      "properties": {
        "id": "osm-node-11067012108",
        "osm_type": "node",
        "osm_id": 11067012108,
        "kommune": "Kongsberg",
        "kategori": "sykkelparkering",
        "name": null,
        "bicycle_parking": null,
        "covered": "no",
        "indoor": null,
        "capacity": null,
        "access": null,
        "fee": null,
        "operator": null,
        "surveillance": null,
        "osm_url": "https://www.openstreetmap.org/node/11067012108"
      }
    },
    {
      "type": "Feature",
      "geometry": {
        "type": "Point",
        "coordinates": [
          9.6516021,
          59.6839067
        ]
      },
      "properties": {
        "id": "osm-node-11068575395",
        "osm_type": "node",
        "osm_id": 11068575395,
        "kommune": "Kongsberg",
        "kategori": "sykkelparkering_med_tak",
        "name": null,
        "bicycle_parking": "wall_loops",
        "covered": "yes",
        "indoor": null,
        "capacity": null,
        "access": null,
        "fee": null,
        "operator": null,
        "surveillance": null,
        "osm_url": "https://www.openstreetmap.org/node/11068575395"
      }
    },
    {
      "type": "Feature",
      "geometry": {
        "type": "Point",
        "coordinates": [
          9.6503691,
          59.6803015
        ]
      },
      "properties": {
        "id": "osm-node-11068575415",
        "osm_type": "node",
        "osm_id": 11068575415,
        "kommune": "Kongsberg",
        "kategori": "sykkelparkering",
        "name": null,
        "bicycle_parking": "wall_loops",
        "covered": "no",
        "indoor": null,
        "capacity": null,
        "access": null,
        "fee": null,
        "operator": null,
        "surveillance": null,
        "osm_url": "https://www.openstreetmap.org/node/11068575415"
      }
    },
    {
      "type": "Feature",
      "geometry": {
        "type": "Point",
        "coordinates": [
          9.6423665,
          59.6536908
        ]
      },
      "properties": {
        "id": "osm-node-11115153578",
        "osm_type": "node",
        "osm_id": 11115153578,
        "kommune": "Kongsberg",
        "kategori": "sykkelhotell",
        "name": null,
        "bicycle_parking": "shed",
        "covered": "yes",
        "indoor": null,
        "capacity": null,
        "access": "private",
        "fee": null,
        "operator": "Kongsberg Teknologipark",
        "surveillance": null,
        "osm_url": "https://www.openstreetmap.org/node/11115153578"
      }
    },
    {
      "type": "Feature",
      "geometry": {
        "type": "Point",
        "coordinates": [
          9.6420845,
          59.6542039
        ]
      },
      "properties": {
        "id": "osm-node-11115163055",
        "osm_type": "node",
        "osm_id": 11115163055,
        "kommune": "Kongsberg",
        "kategori": "sykkelhotell",
        "name": null,
        "bicycle_parking": "shed",
        "covered": "yes",
        "indoor": null,
        "capacity": null,
        "access": "private",
        "fee": null,
        "operator": "Kongsberg Teknologipark",
        "surveillance": null,
        "osm_url": "https://www.openstreetmap.org/node/11115163055"
      }
    },
    {
      "type": "Feature",
      "geometry": {
        "type": "Point",
        "coordinates": [
          9.6505589,
          59.651822
        ]
      },
      "properties": {
        "id": "osm-node-11149682692",
        "osm_type": "node",
        "osm_id": 11149682692,
        "kommune": "Kongsberg",
        "kategori": "sykkelparkering_med_tak",
        "name": null,
        "bicycle_parking": "stands",
        "covered": "yes",
        "indoor": null,
        "capacity": null,
        "access": "yes",
        "fee": "no",
        "operator": "Kongsberg Tekonologipark",
        "surveillance": null,
        "osm_url": "https://www.openstreetmap.org/node/11149682692"
      }
    },
    {
      "type": "Feature",
      "geometry": {
        "type": "Point",
        "coordinates": [
          9.6427848,
          59.6756696
        ]
      },
      "properties": {
        "id": "osm-node-11156130411",
        "osm_type": "node",
        "osm_id": 11156130411,
        "kommune": "Kongsberg",
        "kategori": "sykkelparkering",
        "name": null,
        "bicycle_parking": "wall_loops",
        "covered": "no",
        "indoor": null,
        "capacity": null,
        "access": null,
        "fee": null,
        "operator": null,
        "surveillance": null,
        "osm_url": "https://www.openstreetmap.org/node/11156130411"
      }
    },
    {
      "type": "Feature",
      "geometry": {
        "type": "Point",
        "coordinates": [
          9.6466929,
          59.6727206
        ]
      },
      "properties": {
        "id": "osm-node-11156138986",
        "osm_type": "node",
        "osm_id": 11156138986,
        "kommune": "Kongsberg",
        "kategori": "sykkelparkering",
        "name": null,
        "bicycle_parking": "wall_loops",
        "covered": "no",
        "indoor": null,
        "capacity": "11",
        "access": null,
        "fee": null,
        "operator": "Kongsberg kommune",
        "surveillance": null,
        "osm_url": "https://www.openstreetmap.org/node/11156138986"
      }
    },
    {
      "type": "Feature",
      "geometry": {
        "type": "Point",
        "coordinates": [
          9.6405262,
          59.6748677
        ]
      },
      "properties": {
        "id": "osm-node-11156141834",
        "osm_type": "node",
        "osm_id": 11156141834,
        "kommune": "Kongsberg",
        "kategori": "sykkelparkering",
        "name": null,
        "bicycle_parking": "wall_loops",
        "covered": "no",
        "indoor": null,
        "capacity": "10",
        "access": null,
        "fee": null,
        "operator": null,
        "surveillance": null,
        "osm_url": "https://www.openstreetmap.org/node/11156141834"
      }
    },
    {
      "type": "Feature",
      "geometry": {
        "type": "Point",
        "coordinates": [
          9.640559,
          59.674785
        ]
      },
      "properties": {
        "id": "osm-node-11156141835",
        "osm_type": "node",
        "osm_id": 11156141835,
        "kommune": "Kongsberg",
        "kategori": "sykkelparkering",
        "name": null,
        "bicycle_parking": "wall_loops",
        "covered": "no",
        "indoor": null,
        "capacity": "20",
        "access": null,
        "fee": null,
        "operator": null,
        "surveillance": null,
        "osm_url": "https://www.openstreetmap.org/node/11156141835"
      }
    },
    {
      "type": "Feature",
      "geometry": {
        "type": "Point",
        "coordinates": [
          9.6421093,
          59.6729583
        ]
      },
      "properties": {
        "id": "osm-node-11156185722",
        "osm_type": "node",
        "osm_id": 11156185722,
        "kommune": "Kongsberg",
        "kategori": "sykkelparkering_med_tak",
        "name": null,
        "bicycle_parking": "stands",
        "covered": "yes",
        "indoor": null,
        "capacity": "16",
        "access": null,
        "fee": null,
        "operator": null,
        "surveillance": null,
        "osm_url": "https://www.openstreetmap.org/node/11156185722"
      }
    },
    {
      "type": "Feature",
      "geometry": {
        "type": "Point",
        "coordinates": [
          9.6592414,
          59.6419108
        ]
      },
      "properties": {
        "id": "osm-node-11176045711",
        "osm_type": "node",
        "osm_id": 11176045711,
        "kommune": "Kongsberg",
        "kategori": "sykkelparkering",
        "name": null,
        "bicycle_parking": "stands",
        "covered": "no",
        "indoor": null,
        "capacity": "16",
        "access": null,
        "fee": null,
        "operator": null,
        "surveillance": null,
        "osm_url": "https://www.openstreetmap.org/node/11176045711"
      }
    },
    {
      "type": "Feature",
      "geometry": {
        "type": "Point",
        "coordinates": [
          9.6485705,
          59.6562816
        ]
      },
      "properties": {
        "id": "osm-node-11309405016",
        "osm_type": "node",
        "osm_id": 11309405016,
        "kommune": "Kongsberg",
        "kategori": "sykkelparkering_med_tak",
        "name": null,
        "bicycle_parking": null,
        "covered": "yes",
        "indoor": null,
        "capacity": null,
        "access": "private",
        "fee": null,
        "operator": "Kongsberg Teknologipark",
        "surveillance": null,
        "osm_url": "https://www.openstreetmap.org/node/11309405016"
      }
    },
    {
      "type": "Feature",
      "geometry": {
        "type": "Point",
        "coordinates": [
          9.6477356,
          59.6517909
        ]
      },
      "properties": {
        "id": "osm-node-11309405065",
        "osm_type": "node",
        "osm_id": 11309405065,
        "kommune": "Kongsberg",
        "kategori": "sykkelparkering_med_tak",
        "name": null,
        "bicycle_parking": null,
        "covered": "yes",
        "indoor": null,
        "capacity": null,
        "access": "private",
        "fee": null,
        "operator": "Kongsberg Teknologipark",
        "surveillance": null,
        "osm_url": "https://www.openstreetmap.org/node/11309405065"
      }
    },
    {
      "type": "Feature",
      "geometry": {
        "type": "Point",
        "coordinates": [
          9.648837,
          59.6518095
        ]
      },
      "properties": {
        "id": "osm-node-11309405066",
        "osm_type": "node",
        "osm_id": 11309405066,
        "kommune": "Kongsberg",
        "kategori": "sykkelparkering_med_tak",
        "name": null,
        "bicycle_parking": null,
        "covered": "yes",
        "indoor": null,
        "capacity": null,
        "access": "private",
        "fee": null,
        "operator": "Kongsberg Teknologipark",
        "surveillance": null,
        "osm_url": "https://www.openstreetmap.org/node/11309405066"
      }
    },
    {
      "type": "Feature",
      "geometry": {
        "type": "Point",
        "coordinates": [
          9.6415534,
          59.6685991
        ]
      },
      "properties": {
        "id": "osm-node-11939438409",
        "osm_type": "node",
        "osm_id": 11939438409,
        "kommune": "Kongsberg",
        "kategori": "sykkelparkering_med_tak",
        "name": null,
        "bicycle_parking": null,
        "covered": "yes",
        "indoor": null,
        "capacity": null,
        "access": null,
        "fee": null,
        "operator": "Kongsberg kommune",
        "surveillance": null,
        "osm_url": "https://www.openstreetmap.org/node/11939438409"
      }
    },
    {
      "type": "Feature",
      "geometry": {
        "type": "Point",
        "coordinates": [
          9.6482695,
          59.6698718
        ]
      },
      "properties": {
        "id": "osm-node-12722138142",
        "osm_type": "node",
        "osm_id": 12722138142,
        "kommune": "Kongsberg",
        "kategori": "sykkelparkering_med_tak",
        "name": null,
        "bicycle_parking": "wall_loops",
        "covered": "yes",
        "indoor": null,
        "capacity": null,
        "access": "yes",
        "fee": null,
        "operator": "Kongsberg kommune",
        "surveillance": null,
        "osm_url": "https://www.openstreetmap.org/node/12722138142"
      }
    },
    {
      "type": "Feature",
      "geometry": {
        "type": "Point",
        "coordinates": [
          9.6480977,
          59.6698971
        ]
      },
      "properties": {
        "id": "osm-node-12722138143",
        "osm_type": "node",
        "osm_id": 12722138143,
        "kommune": "Kongsberg",
        "kategori": "sykkelparkering",
        "name": null,
        "bicycle_parking": "stands",
        "covered": "no",
        "indoor": null,
        "capacity": null,
        "access": null,
        "fee": null,
        "operator": "Kongsberg kommune",
        "surveillance": null,
        "osm_url": "https://www.openstreetmap.org/node/12722138143"
      }
    },
    {
      "type": "Feature",
      "geometry": {
        "type": "Point",
        "coordinates": [
          9.6579066,
          59.6586161
        ]
      },
      "properties": {
        "id": "osm-node-12740860151",
        "osm_type": "node",
        "osm_id": 12740860151,
        "kommune": "Kongsberg",
        "kategori": "sykkelparkering",
        "name": null,
        "bicycle_parking": null,
        "covered": "no",
        "indoor": null,
        "capacity": null,
        "access": null,
        "fee": null,
        "operator": "Kongsberg kommune",
        "surveillance": null,
        "osm_url": "https://www.openstreetmap.org/node/12740860151"
      }
    },
    {
      "type": "Feature",
      "geometry": {
        "type": "Point",
        "coordinates": [
          9.6580036,
          59.658774
        ]
      },
      "properties": {
        "id": "osm-node-12740860152",
        "osm_type": "node",
        "osm_id": 12740860152,
        "kommune": "Kongsberg",
        "kategori": "sykkelparkering_med_tak",
        "name": null,
        "bicycle_parking": null,
        "covered": "yes",
        "indoor": null,
        "capacity": null,
        "access": null,
        "fee": null,
        "operator": "Kongsberg kommune",
        "surveillance": null,
        "osm_url": "https://www.openstreetmap.org/node/12740860152"
      }
    },
    {
      "type": "Feature",
      "geometry": {
        "type": "Point",
        "coordinates": [
          9.6656574,
          59.6511171
        ]
      },
      "properties": {
        "id": "osm-node-13097366986",
        "osm_type": "node",
        "osm_id": 13097366986,
        "kommune": "Kongsberg",
        "kategori": "sykkelparkering",
        "name": null,
        "bicycle_parking": null,
        "covered": null,
        "indoor": null,
        "capacity": null,
        "access": null,
        "fee": null,
        "operator": null,
        "surveillance": null,
        "osm_url": "https://www.openstreetmap.org/node/13097366986"
      }
    },
    {
      "type": "Feature",
      "geometry": {
        "type": "Point",
        "coordinates": [
          9.6655199,
          59.6512327
        ]
      },
      "properties": {
        "id": "osm-node-13097366987",
        "osm_type": "node",
        "osm_id": 13097366987,
        "kommune": "Kongsberg",
        "kategori": "sykkelparkering",
        "name": null,
        "bicycle_parking": null,
        "covered": null,
        "indoor": null,
        "capacity": null,
        "access": null,
        "fee": null,
        "operator": null,
        "surveillance": null,
        "osm_url": "https://www.openstreetmap.org/node/13097366987"
      }
    },
    {
      "type": "Feature",
      "geometry": {
        "type": "Point",
        "coordinates": [
          9.6611093,
          59.6367618
        ]
      },
      "properties": {
        "id": "osm-node-13099138885",
        "osm_type": "node",
        "osm_id": 13099138885,
        "kommune": "Kongsberg",
        "kategori": "sykkelparkering",
        "name": null,
        "bicycle_parking": null,
        "covered": null,
        "indoor": null,
        "capacity": null,
        "access": null,
        "fee": null,
        "operator": null,
        "surveillance": null,
        "osm_url": "https://www.openstreetmap.org/node/13099138885"
      }
    },
    {
      "type": "Feature",
      "geometry": {
        "type": "Point",
        "coordinates": [
          9.6759061,
          59.6739063
        ]
      },
      "properties": {
        "id": "osm-node-13103549788",
        "osm_type": "node",
        "osm_id": 13103549788,
        "kommune": "Kongsberg",
        "kategori": "sykkelparkering",
        "name": null,
        "bicycle_parking": "stands",
        "covered": "no",
        "indoor": null,
        "capacity": "10",
        "access": "yes",
        "fee": null,
        "operator": "Rema 1000 Madsebakken",
        "surveillance": null,
        "osm_url": "https://www.openstreetmap.org/node/13103549788"
      }
    },
    {
      "type": "Feature",
      "geometry": {
        "type": "Point",
        "coordinates": [
          9.6462983,
          59.6700858
        ]
      },
      "properties": {
        "id": "osm-node-13366707018",
        "osm_type": "node",
        "osm_id": 13366707018,
        "kommune": "Kongsberg",
        "kategori": "sykkelparkering",
        "name": null,
        "bicycle_parking": "stands",
        "covered": "no",
        "indoor": null,
        "capacity": "30",
        "access": null,
        "fee": null,
        "operator": null,
        "surveillance": null,
        "osm_url": "https://www.openstreetmap.org/node/13366707018"
      }
    },
    {
      "type": "Feature",
      "geometry": {
        "type": "Point",
        "coordinates": [
          9.6470872,
          59.6702823
        ]
      },
      "properties": {
        "id": "osm-node-13366707019",
        "osm_type": "node",
        "osm_id": 13366707019,
        "kommune": "Kongsberg",
        "kategori": "sykkelparkering",
        "name": null,
        "bicycle_parking": "stands",
        "covered": "no",
        "indoor": null,
        "capacity": "40",
        "access": null,
        "fee": null,
        "operator": null,
        "surveillance": null,
        "osm_url": "https://www.openstreetmap.org/node/13366707019"
      }
    },
    {
      "type": "Feature",
      "geometry": {
        "type": "Point",
        "coordinates": [
          9.6970045,
          59.6643882
        ]
      },
      "properties": {
        "id": "osm-node-13732057840",
        "osm_type": "node",
        "osm_id": 13732057840,
        "kommune": "Kongsberg",
        "kategori": "sykkelparkering",
        "name": null,
        "bicycle_parking": null,
        "covered": "no",
        "indoor": null,
        "capacity": null,
        "access": null,
        "fee": null,
        "operator": null,
        "surveillance": null,
        "osm_url": "https://www.openstreetmap.org/node/13732057840"
      }
    },
    {
      "type": "Feature",
      "geometry": {
        "type": "Point",
        "coordinates": [
          9.6466748,
          59.6699156
        ]
      },
      "properties": {
        "id": "osm-node-13929250328",
        "osm_type": "node",
        "osm_id": 13929250328,
        "kommune": "Kongsberg",
        "kategori": "sykkelparkering",
        "name": null,
        "bicycle_parking": "stands",
        "covered": "no",
        "indoor": null,
        "capacity": "6",
        "access": null,
        "fee": null,
        "operator": null,
        "surveillance": null,
        "osm_url": "https://www.openstreetmap.org/node/13929250328"
      }
    },
    {
      "type": "Feature",
      "geometry": {
        "type": "Point",
        "coordinates": [
          9.6642724,
          59.6508526
        ]
      },
      "properties": {
        "id": "osm-node-14064241468",
        "osm_type": "node",
        "osm_id": 14064241468,
        "kommune": "Kongsberg",
        "kategori": "sykkelparkering",
        "name": null,
        "bicycle_parking": null,
        "covered": "no",
        "indoor": null,
        "capacity": null,
        "access": null,
        "fee": null,
        "operator": "Kongsberg kommune",
        "surveillance": null,
        "osm_url": "https://www.openstreetmap.org/node/14064241468"
      }
    },
    {
      "type": "Feature",
      "geometry": {
        "type": "Point",
        "coordinates": [
          9.6638486,
          59.6508098
        ]
      },
      "properties": {
        "id": "osm-node-14064241469",
        "osm_type": "node",
        "osm_id": 14064241469,
        "kommune": "Kongsberg",
        "kategori": "sykkelparkering",
        "name": null,
        "bicycle_parking": null,
        "covered": "no",
        "indoor": null,
        "capacity": null,
        "access": null,
        "fee": null,
        "operator": "Kongsberg kommune",
        "surveillance": null,
        "osm_url": "https://www.openstreetmap.org/node/14064241469"
      }
    },
    {
      "type": "Feature",
      "geometry": {
        "type": "Point",
        "coordinates": [
          9.6619499,
          59.6518397
        ]
      },
      "properties": {
        "id": "osm-node-14064262754",
        "osm_type": "node",
        "osm_id": 14064262754,
        "kommune": "Kongsberg",
        "kategori": "sykkelparkering",
        "name": null,
        "bicycle_parking": null,
        "covered": "no",
        "indoor": null,
        "capacity": null,
        "access": null,
        "fee": null,
        "operator": null,
        "surveillance": null,
        "osm_url": "https://www.openstreetmap.org/node/14064262754"
      }
    },
    {
      "type": "Feature",
      "geometry": {
        "type": "Point",
        "coordinates": [
          9.6609137,
          59.6641509
        ]
      },
      "properties": {
        "id": "osm-node-14070670069",
        "osm_type": "node",
        "osm_id": 14070670069,
        "kommune": "Kongsberg",
        "kategori": "sykkelparkering_med_tak",
        "name": null,
        "bicycle_parking": null,
        "covered": "yes",
        "indoor": null,
        "capacity": null,
        "access": null,
        "fee": null,
        "operator": "Kongsberg kommune",
        "surveillance": null,
        "osm_url": "https://www.openstreetmap.org/node/14070670069"
      }
    },
    {
      "type": "Feature",
      "geometry": {
        "type": "Point",
        "coordinates": [
          9.6503301,
          59.6603734
        ]
      },
      "properties": {
        "id": "osm-way-766530919",
        "osm_type": "way",
        "osm_id": 766530919,
        "kommune": "Kongsberg",
        "kategori": "sykkelparkering_med_tak",
        "name": null,
        "bicycle_parking": null,
        "covered": "yes",
        "indoor": null,
        "capacity": null,
        "access": "private",
        "fee": "no",
        "operator": "Kongsberg Teknologipark",
        "surveillance": null,
        "osm_url": "https://www.openstreetmap.org/way/766530919"
      }
    },
    {
      "type": "Feature",
      "geometry": {
        "type": "Point",
        "coordinates": [
          9.6415858,
          59.6691878
        ]
      },
      "properties": {
        "id": "osm-way-879182974",
        "osm_type": "way",
        "osm_id": 879182974,
        "kommune": "Kongsberg",
        "kategori": "sykkelparkering",
        "name": null,
        "bicycle_parking": null,
        "covered": "no",
        "indoor": null,
        "capacity": null,
        "access": "yes",
        "fee": "no",
        "operator": "Konsberg kommune",
        "surveillance": null,
        "osm_url": "https://www.openstreetmap.org/way/879182974"
      }
    },
    {
      "type": "Feature",
      "geometry": {
        "type": "Point",
        "coordinates": [
          9.641407,
          59.6691268
        ]
      },
      "properties": {
        "id": "osm-way-879182975",
        "osm_type": "way",
        "osm_id": 879182975,
        "kommune": "Kongsberg",
        "kategori": "sykkelparkering_med_tak",
        "name": null,
        "bicycle_parking": "stands",
        "covered": "yes",
        "indoor": null,
        "capacity": null,
        "access": "yes",
        "fee": "no",
        "operator": "Kongsberg kommune",
        "surveillance": null,
        "osm_url": "https://www.openstreetmap.org/way/879182975"
      }
    },
    {
      "type": "Feature",
      "geometry": {
        "type": "Point",
        "coordinates": [
          9.6410801,
          59.6690254
        ]
      },
      "properties": {
        "id": "osm-way-879182976",
        "osm_type": "way",
        "osm_id": 879182976,
        "kommune": "Kongsberg",
        "kategori": "sykkelparkering_med_tak",
        "name": null,
        "bicycle_parking": "stands",
        "covered": "yes",
        "indoor": null,
        "capacity": null,
        "access": "yes",
        "fee": "no",
        "operator": "Kongsberg kommune",
        "surveillance": null,
        "osm_url": "https://www.openstreetmap.org/way/879182976"
      }
    },
    {
      "type": "Feature",
      "geometry": {
        "type": "Point",
        "coordinates": [
          9.6413777,
          59.6690406
        ]
      },
      "properties": {
        "id": "osm-way-879182977",
        "osm_type": "way",
        "osm_id": 879182977,
        "kommune": "Kongsberg",
        "kategori": "sykkelparkering",
        "name": null,
        "bicycle_parking": null,
        "covered": "no",
        "indoor": null,
        "capacity": null,
        "access": "yes",
        "fee": "no",
        "operator": "Konsgberg kommune",
        "surveillance": null,
        "osm_url": "https://www.openstreetmap.org/way/879182977"
      }
    },
    {
      "type": "Feature",
      "geometry": {
        "type": "Point",
        "coordinates": [
          9.6552679,
          59.6699868
        ]
      },
      "properties": {
        "id": "osm-way-885305872",
        "osm_type": "way",
        "osm_id": 885305872,
        "kommune": "Kongsberg",
        "kategori": "sykkelparkering_med_tak",
        "name": null,
        "bicycle_parking": "stands",
        "covered": "yes",
        "indoor": null,
        "capacity": null,
        "access": "yes",
        "fee": "no",
        "operator": "Vestre Viken HF",
        "surveillance": null,
        "osm_url": "https://www.openstreetmap.org/way/885305872"
      }
    },
    {
      "type": "Feature",
      "geometry": {
        "type": "Point",
        "coordinates": [
          9.6423417,
          59.6777553
        ]
      },
      "properties": {
        "id": "osm-way-970899846",
        "osm_type": "way",
        "osm_id": 970899846,
        "kommune": "Kongsberg",
        "kategori": "sykkelparkering_med_tak",
        "name": null,
        "bicycle_parking": "wall_loops",
        "covered": "yes",
        "indoor": null,
        "capacity": null,
        "access": "private",
        "fee": null,
        "operator": null,
        "surveillance": null,
        "osm_url": "https://www.openstreetmap.org/way/970899846"
      }
    },
    {
      "type": "Feature",
      "geometry": {
        "type": "Point",
        "coordinates": [
          9.6434378,
          59.6566912
        ]
      },
      "properties": {
        "id": "osm-way-986635272",
        "osm_type": "way",
        "osm_id": 986635272,
        "kommune": "Kongsberg",
        "kategori": "sykkelparkering_med_tak",
        "name": null,
        "bicycle_parking": null,
        "covered": "yes",
        "indoor": null,
        "capacity": "200",
        "access": "private",
        "fee": "no",
        "operator": "Kongsberg Teknologipark",
        "surveillance": null,
        "osm_url": "https://www.openstreetmap.org/way/986635272"
      }
    },
    {
      "type": "Feature",
      "geometry": {
        "type": "Point",
        "coordinates": [
          9.6287806,
          59.6799973
        ]
      },
      "properties": {
        "id": "osm-way-1035046900",
        "osm_type": "way",
        "osm_id": 1035046900,
        "kommune": "Kongsberg",
        "kategori": "sykkelhotell",
        "name": null,
        "bicycle_parking": "shed",
        "covered": "yes",
        "indoor": null,
        "capacity": "20",
        "access": "yes",
        "fee": null,
        "operator": "Kongsberg kommune",
        "surveillance": null,
        "osm_url": "https://www.openstreetmap.org/way/1035046900"
      }
    },
    {
      "type": "Feature",
      "geometry": {
        "type": "Point",
        "coordinates": [
          9.6510528,
          59.6725859
        ]
      },
      "properties": {
        "id": "osm-way-1091004461",
        "osm_type": "way",
        "osm_id": 1091004461,
        "kommune": "Kongsberg",
        "kategori": "sykkelhotell",
        "name": "Sykkelhotell Kongsberg stasjon",
        "bicycle_parking": "shed",
        "covered": "yes",
        "indoor": null,
        "capacity": "40",
        "access": "customers",
        "fee": "yes",
        "operator": "Bane NOR SF",
        "surveillance": "yes",
        "osm_url": "https://www.openstreetmap.org/way/1091004461"
      }
    },
    {
      "type": "Feature",
      "geometry": {
        "type": "Point",
        "coordinates": [
          9.6279576,
          59.6823283
        ]
      },
      "properties": {
        "id": "osm-way-1176194939",
        "osm_type": "way",
        "osm_id": 1176194939,
        "kommune": "Kongsberg",
        "kategori": "sykkelparkering",
        "name": null,
        "bicycle_parking": null,
        "covered": null,
        "indoor": null,
        "capacity": null,
        "access": null,
        "fee": null,
        "operator": null,
        "surveillance": null,
        "osm_url": "https://www.openstreetmap.org/way/1176194939"
      }
    },
    {
      "type": "Feature",
      "geometry": {
        "type": "Point",
        "coordinates": [
          9.9108184,
          59.7672996
        ]
      },
      "properties": {
        "id": "osm-node-4191379204",
        "osm_type": "node",
        "osm_id": 4191379204,
        "kommune": "Øvre Eiker",
        "kategori": "sykkelparkering_med_tak",
        "name": null,
        "bicycle_parking": "stands",
        "covered": "yes",
        "indoor": null,
        "capacity": "32",
        "access": "yes",
        "fee": "no",
        "operator": "Bane NOR SF",
        "surveillance": null,
        "osm_url": "https://www.openstreetmap.org/node/4191379204"
      }
    },
    {
      "type": "Feature",
      "geometry": {
        "type": "Point",
        "coordinates": [
          9.8005689,
          59.7016949
        ]
      },
      "properties": {
        "id": "osm-node-8180695260",
        "osm_type": "node",
        "osm_id": 8180695260,
        "kommune": "Øvre Eiker",
        "kategori": "sykkelparkering_med_tak",
        "name": null,
        "bicycle_parking": "wall_loops",
        "covered": "yes",
        "indoor": null,
        "capacity": "9",
        "access": null,
        "fee": null,
        "operator": null,
        "surveillance": null,
        "osm_url": "https://www.openstreetmap.org/node/8180695260"
      }
    },
    {
      "type": "Feature",
      "geometry": {
        "type": "Point",
        "coordinates": [
          9.800392,
          59.7017139
        ]
      },
      "properties": {
        "id": "osm-node-8180695261",
        "osm_type": "node",
        "osm_id": 8180695261,
        "kommune": "Øvre Eiker",
        "kategori": "sykkelparkering",
        "name": null,
        "bicycle_parking": "wall_loops",
        "covered": "no",
        "indoor": null,
        "capacity": "6",
        "access": null,
        "fee": null,
        "operator": null,
        "surveillance": null,
        "osm_url": "https://www.openstreetmap.org/node/8180695261"
      }
    },
    {
      "type": "Feature",
      "geometry": {
        "type": "Point",
        "coordinates": [
          9.8676619,
          59.7336181
        ]
      },
      "properties": {
        "id": "osm-node-8182713580",
        "osm_type": "node",
        "osm_id": 8182713580,
        "kommune": "Øvre Eiker",
        "kategori": "sykkelparkering",
        "name": null,
        "bicycle_parking": null,
        "covered": "no",
        "indoor": null,
        "capacity": null,
        "access": null,
        "fee": null,
        "operator": null,
        "surveillance": null,
        "osm_url": "https://www.openstreetmap.org/node/8182713580"
      }
    },
    {
      "type": "Feature",
      "geometry": {
        "type": "Point",
        "coordinates": [
          9.8992843,
          59.7665225
        ]
      },
      "properties": {
        "id": "osm-node-8412082764",
        "osm_type": "node",
        "osm_id": 8412082764,
        "kommune": "Øvre Eiker",
        "kategori": "sykkelparkering",
        "name": null,
        "bicycle_parking": "stands",
        "covered": "no",
        "indoor": null,
        "capacity": null,
        "access": "yes",
        "fee": "no",
        "operator": "Øvre Eiker kommune",
        "surveillance": null,
        "osm_url": "https://www.openstreetmap.org/node/8412082764"
      }
    },
    {
      "type": "Feature",
      "geometry": {
        "type": "Point",
        "coordinates": [
          9.8000622,
          59.701469
        ]
      },
      "properties": {
        "id": "osm-node-9245843626",
        "osm_type": "node",
        "osm_id": 9245843626,
        "kommune": "Øvre Eiker",
        "kategori": "sykkelparkering",
        "name": null,
        "bicycle_parking": "wall_loops",
        "covered": "no",
        "indoor": null,
        "capacity": "8",
        "access": "yes",
        "fee": null,
        "operator": "Bane NOR SF",
        "surveillance": null,
        "osm_url": "https://www.openstreetmap.org/node/9245843626"
      }
    },
    {
      "type": "Feature",
      "geometry": {
        "type": "Point",
        "coordinates": [
          9.909268,
          59.7691782
        ]
      },
      "properties": {
        "id": "osm-node-9245843656",
        "osm_type": "node",
        "osm_id": 9245843656,
        "kommune": "Øvre Eiker",
        "kategori": "sykkelparkering",
        "name": null,
        "bicycle_parking": "wall_loops",
        "covered": "no",
        "indoor": null,
        "capacity": "10",
        "access": "yes",
        "fee": "no",
        "operator": "Partum Eiendom",
        "surveillance": null,
        "osm_url": "https://www.openstreetmap.org/node/9245843656"
      }
    },
    {
      "type": "Feature",
      "geometry": {
        "type": "Point",
        "coordinates": [
          9.9279364,
          59.7672105
        ]
      },
      "properties": {
        "id": "osm-node-9245843708",
        "osm_type": "node",
        "osm_id": 9245843708,
        "kommune": "Øvre Eiker",
        "kategori": "sykkelparkering",
        "name": null,
        "bicycle_parking": "wall_loops",
        "covered": "no",
        "indoor": null,
        "capacity": null,
        "access": "yes",
        "fee": null,
        "operator": "Øvre Eiker kommune",
        "surveillance": null,
        "osm_url": "https://www.openstreetmap.org/node/9245843708"
      }
    },
    {
      "type": "Feature",
      "geometry": {
        "type": "Point",
        "coordinates": [
          9.9032135,
          59.7679866
        ]
      },
      "properties": {
        "id": "osm-node-9274338909",
        "osm_type": "node",
        "osm_id": 9274338909,
        "kommune": "Øvre Eiker",
        "kategori": "sykkelparkering",
        "name": null,
        "bicycle_parking": "wall_loops",
        "covered": "no",
        "indoor": null,
        "capacity": "8",
        "access": "yes",
        "fee": "no",
        "operator": "Øvre Eiker kommune",
        "surveillance": null,
        "osm_url": "https://www.openstreetmap.org/node/9274338909"
      }
    },
    {
      "type": "Feature",
      "geometry": {
        "type": "Point",
        "coordinates": [
          9.8958079,
          59.7631783
        ]
      },
      "properties": {
        "id": "osm-node-9274346818",
        "osm_type": "node",
        "osm_id": 9274346818,
        "kommune": "Øvre Eiker",
        "kategori": "sykkelparkering_med_tak",
        "name": null,
        "bicycle_parking": "wall_loops",
        "covered": "yes",
        "indoor": null,
        "capacity": "9",
        "access": "yes",
        "fee": "no",
        "operator": "Øvre Eiker kommune",
        "surveillance": null,
        "osm_url": "https://www.openstreetmap.org/node/9274346818"
      }
    },
    {
      "type": "Feature",
      "geometry": {
        "type": "Point",
        "coordinates": [
          9.9127062,
          59.8406456
        ]
      },
      "properties": {
        "id": "osm-node-9274814136",
        "osm_type": "node",
        "osm_id": 9274814136,
        "kommune": "Øvre Eiker",
        "kategori": "sykkelparkering",
        "name": null,
        "bicycle_parking": "stands",
        "covered": "no",
        "indoor": null,
        "capacity": "8",
        "access": "yes",
        "fee": null,
        "operator": "Øvre Eiker kommune",
        "surveillance": null,
        "osm_url": "https://www.openstreetmap.org/node/9274814136"
      }
    },
    {
      "type": "Feature",
      "geometry": {
        "type": "Point",
        "coordinates": [
          9.9093721,
          59.7686822
        ]
      },
      "properties": {
        "id": "osm-node-9399407587",
        "osm_type": "node",
        "osm_id": 9399407587,
        "kommune": "Øvre Eiker",
        "kategori": "sykkelparkering",
        "name": null,
        "bicycle_parking": "wall_loops",
        "covered": "no",
        "indoor": null,
        "capacity": null,
        "access": "yes",
        "fee": null,
        "operator": null,
        "surveillance": null,
        "osm_url": "https://www.openstreetmap.org/node/9399407587"
      }
    },
    {
      "type": "Feature",
      "geometry": {
        "type": "Point",
        "coordinates": [
          9.8236088,
          59.7550318
        ]
      },
      "properties": {
        "id": "osm-node-10005216718",
        "osm_type": "node",
        "osm_id": 10005216718,
        "kommune": "Øvre Eiker",
        "kategori": "sykkelparkering",
        "name": null,
        "bicycle_parking": null,
        "covered": "no",
        "indoor": null,
        "capacity": null,
        "access": "yes",
        "fee": null,
        "operator": "Øvre Eiker kommune",
        "surveillance": null,
        "osm_url": "https://www.openstreetmap.org/node/10005216718"
      }
    },
    {
      "type": "Feature",
      "geometry": {
        "type": "Point",
        "coordinates": [
          9.8667728,
          59.7342699
        ]
      },
      "properties": {
        "id": "osm-node-10094545309",
        "osm_type": "node",
        "osm_id": 10094545309,
        "kommune": "Øvre Eiker",
        "kategori": "sykkelparkering_med_tak",
        "name": null,
        "bicycle_parking": "wall_loops",
        "covered": "yes",
        "indoor": null,
        "capacity": "18",
        "access": "yes",
        "fee": "no",
        "operator": "Bane NOR SF",
        "surveillance": null,
        "osm_url": "https://www.openstreetmap.org/node/10094545309"
      }
    },
    {
      "type": "Feature",
      "geometry": {
        "type": "Point",
        "coordinates": [
          9.8589252,
          59.7302251
        ]
      },
      "properties": {
        "id": "osm-node-10098099046",
        "osm_type": "node",
        "osm_id": 10098099046,
        "kommune": "Øvre Eiker",
        "kategori": "sykkelparkering",
        "name": null,
        "bicycle_parking": "wall_loops",
        "covered": null,
        "indoor": null,
        "capacity": null,
        "access": null,
        "fee": null,
        "operator": null,
        "surveillance": null,
        "osm_url": "https://www.openstreetmap.org/node/10098099046"
      }
    },
    {
      "type": "Feature",
      "geometry": {
        "type": "Point",
        "coordinates": [
          9.9085922,
          59.7712195
        ]
      },
      "properties": {
        "id": "osm-node-10135179381",
        "osm_type": "node",
        "osm_id": 10135179381,
        "kommune": "Øvre Eiker",
        "kategori": "sykkelparkering",
        "name": null,
        "bicycle_parking": "stands",
        "covered": "no",
        "indoor": null,
        "capacity": "5",
        "access": null,
        "fee": null,
        "operator": null,
        "surveillance": null,
        "osm_url": "https://www.openstreetmap.org/node/10135179381"
      }
    },
    {
      "type": "Feature",
      "geometry": {
        "type": "Point",
        "coordinates": [
          9.9098078,
          59.7692359
        ]
      },
      "properties": {
        "id": "osm-node-10581490402",
        "osm_type": "node",
        "osm_id": 10581490402,
        "kommune": "Øvre Eiker",
        "kategori": "sykkelparkering",
        "name": null,
        "bicycle_parking": "wall_loops",
        "covered": "no",
        "indoor": null,
        "capacity": "5",
        "access": null,
        "fee": null,
        "operator": null,
        "surveillance": null,
        "osm_url": "https://www.openstreetmap.org/node/10581490402"
      }
    },
    {
      "type": "Feature",
      "geometry": {
        "type": "Point",
        "coordinates": [
          9.9108518,
          59.7682194
        ]
      },
      "properties": {
        "id": "osm-node-10581493288",
        "osm_type": "node",
        "osm_id": 10581493288,
        "kommune": "Øvre Eiker",
        "kategori": "sykkelparkering",
        "name": null,
        "bicycle_parking": "wall_loops",
        "covered": "no",
        "indoor": null,
        "capacity": "5",
        "access": null,
        "fee": null,
        "operator": null,
        "surveillance": null,
        "osm_url": "https://www.openstreetmap.org/node/10581493288"
      }
    },
    {
      "type": "Feature",
      "geometry": {
        "type": "Point",
        "coordinates": [
          9.9189505,
          59.7782155
        ]
      },
      "properties": {
        "id": "osm-node-10750724098",
        "osm_type": "node",
        "osm_id": 10750724098,
        "kommune": "Øvre Eiker",
        "kategori": "sykkelparkering_med_tak",
        "name": null,
        "bicycle_parking": null,
        "covered": "yes",
        "indoor": null,
        "capacity": "33",
        "access": "yes",
        "fee": null,
        "operator": "Øvre Eiker kommune",
        "surveillance": null,
        "osm_url": "https://www.openstreetmap.org/node/10750724098"
      }
    },
    {
      "type": "Feature",
      "geometry": {
        "type": "Point",
        "coordinates": [
          9.7991249,
          59.7007258
        ]
      },
      "properties": {
        "id": "osm-node-10852632442",
        "osm_type": "node",
        "osm_id": 10852632442,
        "kommune": "Øvre Eiker",
        "kategori": "sykkelparkering",
        "name": null,
        "bicycle_parking": "wall_loops",
        "covered": "no",
        "indoor": null,
        "capacity": "15",
        "access": null,
        "fee": null,
        "operator": null,
        "surveillance": null,
        "osm_url": "https://www.openstreetmap.org/node/10852632442"
      }
    },
    {
      "type": "Feature",
      "geometry": {
        "type": "Point",
        "coordinates": [
          9.8418417,
          59.6966437
        ]
      },
      "properties": {
        "id": "osm-node-12104095311",
        "osm_type": "node",
        "osm_id": 12104095311,
        "kommune": "Øvre Eiker",
        "kategori": "sykkelparkering",
        "name": null,
        "bicycle_parking": "wall_loops",
        "covered": "no",
        "indoor": null,
        "capacity": null,
        "access": null,
        "fee": null,
        "operator": null,
        "surveillance": null,
        "osm_url": "https://www.openstreetmap.org/node/12104095311"
      }
    },
    {
      "type": "Feature",
      "geometry": {
        "type": "Point",
        "coordinates": [
          9.9140048,
          59.7744257
        ]
      },
      "properties": {
        "id": "osm-node-12303836976",
        "osm_type": "node",
        "osm_id": 12303836976,
        "kommune": "Øvre Eiker",
        "kategori": "sykkelparkering",
        "name": null,
        "bicycle_parking": "wall_loops",
        "covered": "no",
        "indoor": null,
        "capacity": "5",
        "access": null,
        "fee": null,
        "operator": null,
        "surveillance": null,
        "osm_url": "https://www.openstreetmap.org/node/12303836976"
      }
    },
    {
      "type": "Feature",
      "geometry": {
        "type": "Point",
        "coordinates": [
          9.9106931,
          59.7705853
        ]
      },
      "properties": {
        "id": "osm-node-13849030677",
        "osm_type": "node",
        "osm_id": 13849030677,
        "kommune": "Øvre Eiker",
        "kategori": "sykkelparkering",
        "name": null,
        "bicycle_parking": "stands",
        "covered": "no",
        "indoor": null,
        "capacity": null,
        "access": null,
        "fee": null,
        "operator": null,
        "surveillance": null,
        "osm_url": "https://www.openstreetmap.org/node/13849030677"
      }
    },
    {
      "type": "Feature",
      "geometry": {
        "type": "Point",
        "coordinates": [
          9.8678507,
          59.7346562
        ]
      },
      "properties": {
        "id": "osm-way-297727412",
        "osm_type": "way",
        "osm_id": 297727412,
        "kommune": "Øvre Eiker",
        "kategori": "sykkelparkering_med_tak",
        "name": null,
        "bicycle_parking": "stands",
        "covered": "yes",
        "indoor": null,
        "capacity": "12",
        "access": null,
        "fee": null,
        "operator": null,
        "surveillance": null,
        "osm_url": "https://www.openstreetmap.org/way/297727412"
      }
    },
    {
      "type": "Feature",
      "geometry": {
        "type": "Point",
        "coordinates": [
          9.9106613,
          59.7673981
        ]
      },
      "properties": {
        "id": "osm-way-299685550",
        "osm_type": "way",
        "osm_id": 299685550,
        "kommune": "Øvre Eiker",
        "kategori": "sykkelhotell",
        "name": "Sykkelhotell Hokksund stasjon",
        "bicycle_parking": "shed",
        "covered": "yes",
        "indoor": null,
        "capacity": "40",
        "access": "customers",
        "fee": "yes",
        "operator": "Bane NOR SF",
        "surveillance": "yes",
        "osm_url": "https://www.openstreetmap.org/way/299685550"
      }
    },
    {
      "type": "Feature",
      "geometry": {
        "type": "Point",
        "coordinates": [
          9.9177267,
          59.7785924
        ]
      },
      "properties": {
        "id": "osm-way-868457056",
        "osm_type": "way",
        "osm_id": 868457056,
        "kommune": "Øvre Eiker",
        "kategori": "sykkelparkering_med_tak",
        "name": null,
        "bicycle_parking": null,
        "covered": "yes",
        "indoor": null,
        "capacity": "12",
        "access": "customers",
        "fee": "no",
        "operator": "Kiwi Lerberg",
        "surveillance": null,
        "osm_url": "https://www.openstreetmap.org/way/868457056"
      }
    },
    {
      "type": "Feature",
      "geometry": {
        "type": "Point",
        "coordinates": [
          9.9081425,
          59.7714082
        ]
      },
      "properties": {
        "id": "osm-way-907881074",
        "osm_type": "way",
        "osm_id": 907881074,
        "kommune": "Øvre Eiker",
        "kategori": "sykkelparkering_med_tak",
        "name": null,
        "bicycle_parking": "stands",
        "covered": "yes",
        "indoor": null,
        "capacity": "24",
        "access": "yes",
        "fee": "no",
        "operator": null,
        "surveillance": null,
        "osm_url": "https://www.openstreetmap.org/way/907881074"
      }
    },
    {
      "type": "Feature",
      "geometry": {
        "type": "Point",
        "coordinates": [
          9.9082214,
          59.7711992
        ]
      },
      "properties": {
        "id": "osm-way-907881075",
        "osm_type": "way",
        "osm_id": 907881075,
        "kommune": "Øvre Eiker",
        "kategori": "sykkelparkering_med_tak",
        "name": null,
        "bicycle_parking": "stands",
        "covered": "yes",
        "indoor": null,
        "capacity": "12",
        "access": "yes",
        "fee": "no",
        "operator": null,
        "surveillance": null,
        "osm_url": "https://www.openstreetmap.org/way/907881075"
      }
    },
    {
      "type": "Feature",
      "geometry": {
        "type": "Point",
        "coordinates": [
          9.9083965,
          59.7707757
        ]
      },
      "properties": {
        "id": "osm-way-907881076",
        "osm_type": "way",
        "osm_id": 907881076,
        "kommune": "Øvre Eiker",
        "kategori": "sykkelparkering",
        "name": null,
        "bicycle_parking": "stands",
        "covered": "no",
        "indoor": null,
        "capacity": "16",
        "access": "yes",
        "fee": "no",
        "operator": null,
        "surveillance": null,
        "osm_url": "https://www.openstreetmap.org/way/907881076"
      }
    },
    {
      "type": "Feature",
      "geometry": {
        "type": "Point",
        "coordinates": [
          9.9083055,
          59.7709902
        ]
      },
      "properties": {
        "id": "osm-way-907881077",
        "osm_type": "way",
        "osm_id": 907881077,
        "kommune": "Øvre Eiker",
        "kategori": "sykkelparkering",
        "name": null,
        "bicycle_parking": "stands",
        "covered": "no",
        "indoor": null,
        "capacity": "10",
        "access": "yes",
        "fee": "no",
        "operator": null,
        "surveillance": null,
        "osm_url": "https://www.openstreetmap.org/way/907881077"
      }
    },
    {
      "type": "Feature",
      "geometry": {
        "type": "Point",
        "coordinates": [
          9.8015625,
          59.7001779
        ]
      },
      "properties": {
        "id": "osm-way-910100361",
        "osm_type": "way",
        "osm_id": 910100361,
        "kommune": "Øvre Eiker",
        "kategori": "sykkelparkering",
        "name": null,
        "bicycle_parking": null,
        "covered": null,
        "indoor": null,
        "capacity": null,
        "access": null,
        "fee": null,
        "operator": null,
        "surveillance": null,
        "osm_url": "https://www.openstreetmap.org/way/910100361"
      }
    },
    {
      "type": "Feature",
      "geometry": {
        "type": "Point",
        "coordinates": [
          9.9081918,
          59.770022
        ]
      },
      "properties": {
        "id": "osm-way-910867904",
        "osm_type": "way",
        "osm_id": 910867904,
        "kommune": "Øvre Eiker",
        "kategori": "sykkelparkering",
        "name": null,
        "bicycle_parking": "stands",
        "covered": "no",
        "indoor": null,
        "capacity": null,
        "access": "yes",
        "fee": "no",
        "operator": "Øvre Eiker kommune",
        "surveillance": null,
        "osm_url": "https://www.openstreetmap.org/way/910867904"
      }
    },
    {
      "type": "Feature",
      "geometry": {
        "type": "Point",
        "coordinates": [
          9.9060128,
          59.7702032
        ]
      },
      "properties": {
        "id": "osm-way-910867906",
        "osm_type": "way",
        "osm_id": 910867906,
        "kommune": "Øvre Eiker",
        "kategori": "sykkelparkering",
        "name": null,
        "bicycle_parking": "stands",
        "covered": "no",
        "indoor": null,
        "capacity": null,
        "access": "yes",
        "fee": "no",
        "operator": "Øvre Eiker kommune",
        "surveillance": null,
        "osm_url": "https://www.openstreetmap.org/way/910867906"
      }
    },
    {
      "type": "Feature",
      "geometry": {
        "type": "Point",
        "coordinates": [
          9.9076097,
          59.7704715
        ]
      },
      "properties": {
        "id": "osm-way-910867909",
        "osm_type": "way",
        "osm_id": 910867909,
        "kommune": "Øvre Eiker",
        "kategori": "sykkelparkering",
        "name": null,
        "bicycle_parking": null,
        "covered": "no",
        "indoor": null,
        "capacity": null,
        "access": "yes",
        "fee": "no",
        "operator": "Øvre Eiker kommune",
        "surveillance": null,
        "osm_url": "https://www.openstreetmap.org/way/910867909"
      }
    },
    {
      "type": "Feature",
      "geometry": {
        "type": "Point",
        "coordinates": [
          9.910701,
          59.7668149
        ]
      },
      "properties": {
        "id": "osm-way-979707689",
        "osm_type": "way",
        "osm_id": 979707689,
        "kommune": "Øvre Eiker",
        "kategori": "sykkelparkering_med_tak",
        "name": null,
        "bicycle_parking": "wall_loops",
        "covered": "yes",
        "indoor": null,
        "capacity": "15",
        "access": "yes",
        "fee": "no",
        "operator": "Bane NOR SF",
        "surveillance": null,
        "osm_url": "https://www.openstreetmap.org/way/979707689"
      }
    },
    {
      "type": "Feature",
      "geometry": {
        "type": "Point",
        "coordinates": [
          9.8418908,
          59.6966224
        ]
      },
      "properties": {
        "id": "osm-way-1422425625",
        "osm_type": "way",
        "osm_id": 1422425625,
        "kommune": "Øvre Eiker",
        "kategori": "sykkelparkering",
        "name": null,
        "bicycle_parking": "wall_loops",
        "covered": "no",
        "indoor": null,
        "capacity": "10",
        "access": "yes",
        "fee": "no",
        "operator": null,
        "surveillance": null,
        "osm_url": "https://www.openstreetmap.org/way/1422425625"
      }
    },
    {
      "type": "Feature",
      "geometry": {
        "type": "Point",
        "coordinates": [
          9.9108322,
          59.7672972
        ]
      },
      "properties": {
        "id": "osm-way-1429269963",
        "osm_type": "way",
        "osm_id": 1429269963,
        "kommune": "Øvre Eiker",
        "kategori": "sykkelparkering",
        "name": null,
        "bicycle_parking": null,
        "covered": null,
        "indoor": null,
        "capacity": null,
        "access": null,
        "fee": null,
        "operator": null,
        "surveillance": null,
        "osm_url": "https://www.openstreetmap.org/way/1429269963"
      }
    },
    {
      "type": "Feature",
      "geometry": {
        "type": "Point",
        "coordinates": [
          10.0264288,
          59.7523461
        ]
      },
      "properties": {
        "id": "osm-node-348143190",
        "osm_type": "node",
        "osm_id": 348143190,
        "kommune": "Drammen",
        "kategori": "sykkelparkering_med_tak",
        "name": null,
        "bicycle_parking": "stands",
        "covered": "yes",
        "indoor": null,
        "capacity": "12",
        "access": "yes",
        "fee": "no",
        "operator": "Drammen kommune",
        "surveillance": null,
        "osm_url": "https://www.openstreetmap.org/node/348143190"
      }
    },
    {
      "type": "Feature",
      "geometry": {
        "type": "Point",
        "coordinates": [
          10.2049105,
          59.7396141
        ]
      },
      "properties": {
        "id": "osm-node-4472631748",
        "osm_type": "node",
        "osm_id": 4472631748,
        "kommune": "Drammen",
        "kategori": "sykkelhotell",
        "name": "Sykkelhotell Drammen stasjon",
        "bicycle_parking": "shed",
        "covered": "yes",
        "indoor": null,
        "capacity": "188",
        "access": "customers",
        "fee": "yes",
        "operator": "Bane NOR SF",
        "surveillance": "yes",
        "osm_url": "https://www.openstreetmap.org/node/4472631748"
      }
    },
    {
      "type": "Feature",
      "geometry": {
        "type": "Point",
        "coordinates": [
          10.2031136,
          59.7402562
        ]
      },
      "properties": {
        "id": "osm-node-4472638688",
        "osm_type": "node",
        "osm_id": 4472638688,
        "kommune": "Drammen",
        "kategori": "sykkelparkering",
        "name": null,
        "bicycle_parking": "stands",
        "covered": "no",
        "indoor": null,
        "capacity": "20",
        "access": null,
        "fee": "no",
        "operator": "Drammen kommune",
        "surveillance": null,
        "osm_url": "https://www.openstreetmap.org/node/4472638688"
      }
    },
    {
      "type": "Feature",
      "geometry": {
        "type": "Point",
        "coordinates": [
          10.2024542,
          59.739543
        ]
      },
      "properties": {
        "id": "osm-node-4792791931",
        "osm_type": "node",
        "osm_id": 4792791931,
        "kommune": "Drammen",
        "kategori": "sykkelparkering",
        "name": null,
        "bicycle_parking": "stands",
        "covered": "no",
        "indoor": null,
        "capacity": "10",
        "access": null,
        "fee": null,
        "operator": null,
        "surveillance": null,
        "osm_url": "https://www.openstreetmap.org/node/4792791931"
      }
    },
    {
      "type": "Feature",
      "geometry": {
        "type": "Point",
        "coordinates": [
          10.202962,
          59.745228
        ]
      },
      "properties": {
        "id": "osm-node-6052809971",
        "osm_type": "node",
        "osm_id": 6052809971,
        "kommune": "Drammen",
        "kategori": "sykkelparkering",
        "name": null,
        "bicycle_parking": "wall_loops",
        "covered": "no",
        "indoor": null,
        "capacity": "5",
        "access": "yes",
        "fee": "no",
        "operator": null,
        "surveillance": null,
        "osm_url": "https://www.openstreetmap.org/node/6052809971"
      }
    },
    {
      "type": "Feature",
      "geometry": {
        "type": "Point",
        "coordinates": [
          10.203158,
          59.745187
        ]
      },
      "properties": {
        "id": "osm-node-6052809972",
        "osm_type": "node",
        "osm_id": 6052809972,
        "kommune": "Drammen",
        "kategori": "sykkelparkering",
        "name": null,
        "bicycle_parking": "wall_loops",
        "covered": "no",
        "indoor": null,
        "capacity": "5",
        "access": "yes",
        "fee": "no",
        "operator": null,
        "surveillance": null,
        "osm_url": "https://www.openstreetmap.org/node/6052809972"
      }
    },
    {
      "type": "Feature",
      "geometry": {
        "type": "Point",
        "coordinates": [
          10.2029517,
          59.739912
        ]
      },
      "properties": {
        "id": "osm-node-6076004583",
        "osm_type": "node",
        "osm_id": 6076004583,
        "kommune": "Drammen",
        "kategori": "sykkelparkering",
        "name": null,
        "bicycle_parking": "stands",
        "covered": "no",
        "indoor": null,
        "capacity": "6",
        "access": null,
        "fee": null,
        "operator": null,
        "surveillance": null,
        "osm_url": "https://www.openstreetmap.org/node/6076004583"
      }
    },
    {
      "type": "Feature",
      "geometry": {
        "type": "Point",
        "coordinates": [
          10.2026741,
          59.7397079
        ]
      },
      "properties": {
        "id": "osm-node-6076004584",
        "osm_type": "node",
        "osm_id": 6076004584,
        "kommune": "Drammen",
        "kategori": "sykkelparkering",
        "name": null,
        "bicycle_parking": "stands",
        "covered": "no",
        "indoor": null,
        "capacity": "18",
        "access": null,
        "fee": null,
        "operator": null,
        "surveillance": null,
        "osm_url": "https://www.openstreetmap.org/node/6076004584"
      }
    },
    {
      "type": "Feature",
      "geometry": {
        "type": "Point",
        "coordinates": [
          10.4002289,
          59.5973949
        ]
      },
      "properties": {
        "id": "osm-node-6548581685",
        "osm_type": "node",
        "osm_id": 6548581685,
        "kommune": "Drammen",
        "kategori": "sykkelparkering",
        "name": null,
        "bicycle_parking": null,
        "covered": null,
        "indoor": null,
        "capacity": null,
        "access": null,
        "fee": null,
        "operator": null,
        "surveillance": null,
        "osm_url": "https://www.openstreetmap.org/node/6548581685"
      }
    },
    {
      "type": "Feature",
      "geometry": {
        "type": "Point",
        "coordinates": [
          10.4101409,
          59.6054319
        ]
      },
      "properties": {
        "id": "osm-node-6555168687",
        "osm_type": "node",
        "osm_id": 6555168687,
        "kommune": "Drammen",
        "kategori": "sykkelparkering",
        "name": null,
        "bicycle_parking": null,
        "covered": null,
        "indoor": null,
        "capacity": null,
        "access": null,
        "fee": null,
        "operator": null,
        "surveillance": null,
        "osm_url": "https://www.openstreetmap.org/node/6555168687"
      }
    },
    {
      "type": "Feature",
      "geometry": {
        "type": "Point",
        "coordinates": [
          10.2043152,
          59.7400993
        ]
      },
      "properties": {
        "id": "osm-node-6638341655",
        "osm_type": "node",
        "osm_id": 6638341655,
        "kommune": "Drammen",
        "kategori": "sykkelparkering",
        "name": null,
        "bicycle_parking": "stands",
        "covered": "no",
        "indoor": null,
        "capacity": "46",
        "access": null,
        "fee": null,
        "operator": null,
        "surveillance": null,
        "osm_url": "https://www.openstreetmap.org/node/6638341655"
      }
    },
    {
      "type": "Feature",
      "geometry": {
        "type": "Point",
        "coordinates": [
          10.4091978,
          59.6248956
        ]
      },
      "properties": {
        "id": "osm-node-6697382486",
        "osm_type": "node",
        "osm_id": 6697382486,
        "kommune": "Drammen",
        "kategori": "sykkelparkering",
        "name": null,
        "bicycle_parking": null,
        "covered": null,
        "indoor": null,
        "capacity": null,
        "access": null,
        "fee": null,
        "operator": null,
        "surveillance": null,
        "osm_url": "https://www.openstreetmap.org/node/6697382486"
      }
    },
    {
      "type": "Feature",
      "geometry": {
        "type": "Point",
        "coordinates": [
          10.2024737,
          59.7377353
        ]
      },
      "properties": {
        "id": "osm-node-6782340390",
        "osm_type": "node",
        "osm_id": 6782340390,
        "kommune": "Drammen",
        "kategori": "sykkelparkering",
        "name": null,
        "bicycle_parking": "stands",
        "covered": "no",
        "indoor": null,
        "capacity": "20",
        "access": "yes",
        "fee": null,
        "operator": "Drammen kommune",
        "surveillance": null,
        "osm_url": "https://www.openstreetmap.org/node/6782340390"
      }
    },
    {
      "type": "Feature",
      "geometry": {
        "type": "Point",
        "coordinates": [
          10.4089592,
          59.6140334
        ]
      },
      "properties": {
        "id": "osm-node-6782764986",
        "osm_type": "node",
        "osm_id": 6782764986,
        "kommune": "Drammen",
        "kategori": "sykkelparkering",
        "name": null,
        "bicycle_parking": null,
        "covered": null,
        "indoor": null,
        "capacity": null,
        "access": null,
        "fee": null,
        "operator": null,
        "surveillance": null,
        "osm_url": "https://www.openstreetmap.org/node/6782764986"
      }
    },
    {
      "type": "Feature",
      "geometry": {
        "type": "Point",
        "coordinates": [
          10.4073105,
          59.6113874
        ]
      },
      "properties": {
        "id": "osm-node-6801163840",
        "osm_type": "node",
        "osm_id": 6801163840,
        "kommune": "Drammen",
        "kategori": "sykkelparkering",
        "name": null,
        "bicycle_parking": null,
        "covered": null,
        "indoor": null,
        "capacity": null,
        "access": null,
        "fee": null,
        "operator": null,
        "surveillance": null,
        "osm_url": "https://www.openstreetmap.org/node/6801163840"
      }
    },
    {
      "type": "Feature",
      "geometry": {
        "type": "Point",
        "coordinates": [
          10.2077544,
          59.7433878
        ]
      },
      "properties": {
        "id": "osm-node-6801430785",
        "osm_type": "node",
        "osm_id": 6801430785,
        "kommune": "Drammen",
        "kategori": "sykkelparkering",
        "name": null,
        "bicycle_parking": "stands",
        "covered": "no",
        "indoor": null,
        "capacity": "16",
        "access": "yes",
        "fee": "no",
        "operator": "Drammen kommune",
        "surveillance": null,
        "osm_url": "https://www.openstreetmap.org/node/6801430785"
      }
    },
    {
      "type": "Feature",
      "geometry": {
        "type": "Point",
        "coordinates": [
          10.2007637,
          59.73901
        ]
      },
      "properties": {
        "id": "osm-node-6836912593",
        "osm_type": "node",
        "osm_id": 6836912593,
        "kommune": "Drammen",
        "kategori": "sykkelparkering",
        "name": null,
        "bicycle_parking": "stands",
        "covered": "no",
        "indoor": null,
        "capacity": "12",
        "access": null,
        "fee": null,
        "operator": null,
        "surveillance": null,
        "osm_url": "https://www.openstreetmap.org/node/6836912593"
      }
    },
    {
      "type": "Feature",
      "geometry": {
        "type": "Point",
        "coordinates": [
          10.2464417,
          59.6951451
        ]
      },
      "properties": {
        "id": "osm-node-6839641485",
        "osm_type": "node",
        "osm_id": 6839641485,
        "kommune": "Drammen",
        "kategori": "sykkelparkering",
        "name": null,
        "bicycle_parking": "wall_loops",
        "covered": "no",
        "indoor": null,
        "capacity": "5",
        "access": null,
        "fee": null,
        "operator": "Kiwi Kobbervikdalen",
        "surveillance": null,
        "osm_url": "https://www.openstreetmap.org/node/6839641485"
      }
    },
    {
      "type": "Feature",
      "geometry": {
        "type": "Point",
        "coordinates": [
          10.2013623,
          59.7389093
        ]
      },
      "properties": {
        "id": "osm-node-6856948287",
        "osm_type": "node",
        "osm_id": 6856948287,
        "kommune": "Drammen",
        "kategori": "sykkelparkering",
        "name": null,
        "bicycle_parking": "stands",
        "covered": "no",
        "indoor": null,
        "capacity": "20",
        "access": null,
        "fee": null,
        "operator": null,
        "surveillance": null,
        "osm_url": "https://www.openstreetmap.org/node/6856948287"
      }
    },
    {
      "type": "Feature",
      "geometry": {
        "type": "Point",
        "coordinates": [
          10.2032022,
          59.7402368
        ]
      },
      "properties": {
        "id": "osm-node-7209474554",
        "osm_type": "node",
        "osm_id": 7209474554,
        "kommune": "Drammen",
        "kategori": "sykkelparkering",
        "name": null,
        "bicycle_parking": "stands",
        "covered": "no",
        "indoor": null,
        "capacity": "20",
        "access": null,
        "fee": "no",
        "operator": "Drammen kommune",
        "surveillance": null,
        "osm_url": "https://www.openstreetmap.org/node/7209474554"
      }
    },
    {
      "type": "Feature",
      "geometry": {
        "type": "Point",
        "coordinates": [
          10.1340981,
          59.7549702
        ]
      },
      "properties": {
        "id": "osm-node-7629141766",
        "osm_type": "node",
        "osm_id": 7629141766,
        "kommune": "Drammen",
        "kategori": "sykkelparkering_med_tak",
        "name": null,
        "bicycle_parking": "stands",
        "covered": "yes",
        "indoor": null,
        "capacity": "10",
        "access": "yes",
        "fee": "no",
        "operator": "Buskerud fylkeskommune",
        "surveillance": null,
        "osm_url": "https://www.openstreetmap.org/node/7629141766"
      }
    },
    {
      "type": "Feature",
      "geometry": {
        "type": "Point",
        "coordinates": [
          10.1448078,
          59.7532836
        ]
      },
      "properties": {
        "id": "osm-node-7629141772",
        "osm_type": "node",
        "osm_id": 7629141772,
        "kommune": "Drammen",
        "kategori": "sykkelparkering_med_tak",
        "name": null,
        "bicycle_parking": null,
        "covered": "yes",
        "indoor": null,
        "capacity": "12",
        "access": "yes",
        "fee": "no",
        "operator": "Drammen kommune",
        "surveillance": null,
        "osm_url": "https://www.openstreetmap.org/node/7629141772"
      }
    },
    {
      "type": "Feature",
      "geometry": {
        "type": "Point",
        "coordinates": [
          10.1888372,
          59.7482862
        ]
      },
      "properties": {
        "id": "osm-node-7846329992",
        "osm_type": "node",
        "osm_id": 7846329992,
        "kommune": "Drammen",
        "kategori": "sykkelparkering_med_tak",
        "name": null,
        "bicycle_parking": "stands",
        "covered": "yes",
        "indoor": null,
        "capacity": "11",
        "access": "yes",
        "fee": "no",
        "operator": "Buskerud fylkeskommune",
        "surveillance": null,
        "osm_url": "https://www.openstreetmap.org/node/7846329992"
      }
    },
    {
      "type": "Feature",
      "geometry": {
        "type": "Point",
        "coordinates": [
          10.2071419,
          59.7344711
        ]
      },
      "properties": {
        "id": "osm-node-8123438595",
        "osm_type": "node",
        "osm_id": 8123438595,
        "kommune": "Drammen",
        "kategori": "sykkelparkering_med_tak",
        "name": null,
        "bicycle_parking": "stands",
        "covered": "yes",
        "indoor": null,
        "capacity": "13",
        "access": "yes",
        "fee": null,
        "operator": "Strømsø senter",
        "surveillance": null,
        "osm_url": "https://www.openstreetmap.org/node/8123438595"
      }
    },
    {
      "type": "Feature",
      "geometry": {
        "type": "Point",
        "coordinates": [
          10.0761943,
          59.7635585
        ]
      },
      "properties": {
        "id": "osm-node-8187985759",
        "osm_type": "node",
        "osm_id": 8187985759,
        "kommune": "Drammen",
        "kategori": "sykkelparkering_med_tak",
        "name": null,
        "bicycle_parking": "wall_loops",
        "covered": "yes",
        "indoor": null,
        "capacity": null,
        "access": "yes",
        "fee": null,
        "operator": null,
        "surveillance": null,
        "osm_url": "https://www.openstreetmap.org/node/8187985759"
      }
    },
    {
      "type": "Feature",
      "geometry": {
        "type": "Point",
        "coordinates": [
          10.4079588,
          59.6119115
        ]
      },
      "properties": {
        "id": "osm-node-8303938682",
        "osm_type": "node",
        "osm_id": 8303938682,
        "kommune": "Drammen",
        "kategori": "sykkelparkering",
        "name": null,
        "bicycle_parking": "wall_loops",
        "covered": "no",
        "indoor": null,
        "capacity": "3",
        "access": "yes",
        "fee": "no",
        "operator": "Drammen kommune",
        "surveillance": null,
        "osm_url": "https://www.openstreetmap.org/node/8303938682"
      }
    },
    {
      "type": "Feature",
      "geometry": {
        "type": "Point",
        "coordinates": [
          10.2075281,
          59.7430728
        ]
      },
      "properties": {
        "id": "osm-node-8378100921",
        "osm_type": "node",
        "osm_id": 8378100921,
        "kommune": "Drammen",
        "kategori": "sykkelparkering",
        "name": null,
        "bicycle_parking": "stands",
        "covered": "no",
        "indoor": null,
        "capacity": "12",
        "access": "yes",
        "fee": "no",
        "operator": "Drammen kommune",
        "surveillance": null,
        "osm_url": "https://www.openstreetmap.org/node/8378100921"
      }
    },
    {
      "type": "Feature",
      "geometry": {
        "type": "Point",
        "coordinates": [
          10.1889173,
          59.7474176
        ]
      },
      "properties": {
        "id": "osm-node-8603075310",
        "osm_type": "node",
        "osm_id": 8603075310,
        "kommune": "Drammen",
        "kategori": "sykkelparkering",
        "name": null,
        "bicycle_parking": "stands",
        "covered": "no",
        "indoor": null,
        "capacity": "8",
        "access": null,
        "fee": null,
        "operator": null,
        "surveillance": null,
        "osm_url": "https://www.openstreetmap.org/node/8603075310"
      }
    },
    {
      "type": "Feature",
      "geometry": {
        "type": "Point",
        "coordinates": [
          10.1888705,
          59.7476173
        ]
      },
      "properties": {
        "id": "osm-node-8603075311",
        "osm_type": "node",
        "osm_id": 8603075311,
        "kommune": "Drammen",
        "kategori": "sykkelparkering",
        "name": null,
        "bicycle_parking": "stands",
        "covered": "no",
        "indoor": null,
        "capacity": "8",
        "access": null,
        "fee": null,
        "operator": null,
        "surveillance": null,
        "osm_url": "https://www.openstreetmap.org/node/8603075311"
      }
    },
    {
      "type": "Feature",
      "geometry": {
        "type": "Point",
        "coordinates": [
          10.2074756,
          59.7386072
        ]
      },
      "properties": {
        "id": "osm-node-8624794407",
        "osm_type": "node",
        "osm_id": 8624794407,
        "kommune": "Drammen",
        "kategori": "sykkelparkering_med_tak",
        "name": null,
        "bicycle_parking": "stands",
        "covered": "yes",
        "indoor": null,
        "capacity": null,
        "access": "yes",
        "fee": "no",
        "operator": null,
        "surveillance": null,
        "osm_url": "https://www.openstreetmap.org/node/8624794407"
      }
    },
    {
      "type": "Feature",
      "geometry": {
        "type": "Point",
        "coordinates": [
          10.2061161,
          59.7391578
        ]
      },
      "properties": {
        "id": "osm-node-8624794408",
        "osm_type": "node",
        "osm_id": 8624794408,
        "kommune": "Drammen",
        "kategori": "sykkelparkering",
        "name": null,
        "bicycle_parking": "stands",
        "covered": "no",
        "indoor": null,
        "capacity": "6",
        "access": "yes",
        "fee": "no",
        "operator": null,
        "surveillance": null,
        "osm_url": "https://www.openstreetmap.org/node/8624794408"
      }
    },
    {
      "type": "Feature",
      "geometry": {
        "type": "Point",
        "coordinates": [
          10.204389,
          59.7441939
        ]
      },
      "properties": {
        "id": "osm-node-8631341281",
        "osm_type": "node",
        "osm_id": 8631341281,
        "kommune": "Drammen",
        "kategori": "sykkelparkering",
        "name": null,
        "bicycle_parking": "stands",
        "covered": "no",
        "indoor": null,
        "capacity": "6",
        "access": "yes",
        "fee": "no",
        "operator": "Drammen kommune",
        "surveillance": null,
        "osm_url": "https://www.openstreetmap.org/node/8631341281"
      }
    },
    {
      "type": "Feature",
      "geometry": {
        "type": "Point",
        "coordinates": [
          10.2044713,
          59.7442773
        ]
      },
      "properties": {
        "id": "osm-node-8631341282",
        "osm_type": "node",
        "osm_id": 8631341282,
        "kommune": "Drammen",
        "kategori": "sykkelparkering",
        "name": null,
        "bicycle_parking": "stands",
        "covered": "no",
        "indoor": null,
        "capacity": "4",
        "access": "yes",
        "fee": "no",
        "operator": "Drammen kommune",
        "surveillance": null,
        "osm_url": "https://www.openstreetmap.org/node/8631341282"
      }
    },
    {
      "type": "Feature",
      "geometry": {
        "type": "Point",
        "coordinates": [
          10.2052614,
          59.7445514
        ]
      },
      "properties": {
        "id": "osm-node-8631341298",
        "osm_type": "node",
        "osm_id": 8631341298,
        "kommune": "Drammen",
        "kategori": "sykkelparkering",
        "name": null,
        "bicycle_parking": "stands",
        "covered": "no",
        "indoor": null,
        "capacity": "20",
        "access": "yes",
        "fee": "no",
        "operator": "Drammen kommune",
        "surveillance": null,
        "osm_url": "https://www.openstreetmap.org/node/8631341298"
      }
    },
    {
      "type": "Feature",
      "geometry": {
        "type": "Point",
        "coordinates": [
          10.2051083,
          59.7443018
        ]
      },
      "properties": {
        "id": "osm-node-8631341302",
        "osm_type": "node",
        "osm_id": 8631341302,
        "kommune": "Drammen",
        "kategori": "sykkelparkering",
        "name": null,
        "bicycle_parking": "stands",
        "covered": "no",
        "indoor": null,
        "capacity": "4",
        "access": "yes",
        "fee": "no",
        "operator": "Drammen kommune",
        "surveillance": null,
        "osm_url": "https://www.openstreetmap.org/node/8631341302"
      }
    },
    {
      "type": "Feature",
      "geometry": {
        "type": "Point",
        "coordinates": [
          10.2050278,
          59.7441823
        ]
      },
      "properties": {
        "id": "osm-node-8631341303",
        "osm_type": "node",
        "osm_id": 8631341303,
        "kommune": "Drammen",
        "kategori": "sykkelparkering",
        "name": null,
        "bicycle_parking": "stands",
        "covered": "no",
        "indoor": null,
        "capacity": "4",
        "access": "yes",
        "fee": "no",
        "operator": "Drammen kommune",
        "surveillance": null,
        "osm_url": "https://www.openstreetmap.org/node/8631341303"
      }
    },
    {
      "type": "Feature",
      "geometry": {
        "type": "Point",
        "coordinates": [
          10.2049606,
          59.7440856
        ]
      },
      "properties": {
        "id": "osm-node-8631341304",
        "osm_type": "node",
        "osm_id": 8631341304,
        "kommune": "Drammen",
        "kategori": "sykkelparkering",
        "name": null,
        "bicycle_parking": "stands",
        "covered": "no",
        "indoor": null,
        "capacity": "4",
        "access": "yes",
        "fee": "no",
        "operator": "Drammen kommune",
        "surveillance": null,
        "osm_url": "https://www.openstreetmap.org/node/8631341304"
      }
    },
    {
      "type": "Feature",
      "geometry": {
        "type": "Point",
        "coordinates": [
          10.2044158,
          59.7432863
        ]
      },
      "properties": {
        "id": "osm-node-8631341312",
        "osm_type": "node",
        "osm_id": 8631341312,
        "kommune": "Drammen",
        "kategori": "sykkelparkering",
        "name": null,
        "bicycle_parking": "stands",
        "covered": "no",
        "indoor": null,
        "capacity": "2",
        "access": "yes",
        "fee": "no",
        "operator": "Drammen kommune",
        "surveillance": null,
        "osm_url": "https://www.openstreetmap.org/node/8631341312"
      }
    },
    {
      "type": "Feature",
      "geometry": {
        "type": "Point",
        "coordinates": [
          10.2043954,
          59.7432551
        ]
      },
      "properties": {
        "id": "osm-node-8631341313",
        "osm_type": "node",
        "osm_id": 8631341313,
        "kommune": "Drammen",
        "kategori": "sykkelparkering",
        "name": null,
        "bicycle_parking": "stands",
        "covered": "no",
        "indoor": null,
        "capacity": "4",
        "access": "yes",
        "fee": "no",
        "operator": "Drammen kommune",
        "surveillance": null,
        "osm_url": "https://www.openstreetmap.org/node/8631341313"
      }
    },
    {
      "type": "Feature",
      "geometry": {
        "type": "Point",
        "coordinates": [
          10.204273,
          59.7430695
        ]
      },
      "properties": {
        "id": "osm-node-8631353420",
        "osm_type": "node",
        "osm_id": 8631353420,
        "kommune": "Drammen",
        "kategori": "sykkelparkering",
        "name": null,
        "bicycle_parking": "stands",
        "covered": "no",
        "indoor": null,
        "capacity": "2",
        "access": "yes",
        "fee": "no",
        "operator": "Drammen kommune",
        "surveillance": null,
        "osm_url": "https://www.openstreetmap.org/node/8631353420"
      }
    },
    {
      "type": "Feature",
      "geometry": {
        "type": "Point",
        "coordinates": [
          10.2042526,
          59.7430382
        ]
      },
      "properties": {
        "id": "osm-node-8631353421",
        "osm_type": "node",
        "osm_id": 8631353421,
        "kommune": "Drammen",
        "kategori": "sykkelparkering",
        "name": null,
        "bicycle_parking": "stands",
        "covered": "no",
        "indoor": null,
        "capacity": "4",
        "access": "yes",
        "fee": "no",
        "operator": "Drammen kommune",
        "surveillance": null,
        "osm_url": "https://www.openstreetmap.org/node/8631353421"
      }
    },
    {
      "type": "Feature",
      "geometry": {
        "type": "Point",
        "coordinates": [
          10.2036672,
          59.743156
        ]
      },
      "properties": {
        "id": "osm-node-8631353426",
        "osm_type": "node",
        "osm_id": 8631353426,
        "kommune": "Drammen",
        "kategori": "sykkelparkering",
        "name": null,
        "bicycle_parking": "stands",
        "covered": "no",
        "indoor": null,
        "capacity": "9",
        "access": "yes",
        "fee": "no",
        "operator": "Drammen kommune",
        "surveillance": null,
        "osm_url": "https://www.openstreetmap.org/node/8631353426"
      }
    },
    {
      "type": "Feature",
      "geometry": {
        "type": "Point",
        "coordinates": [
          10.2040347,
          59.7437057
        ]
      },
      "properties": {
        "id": "osm-node-8631353444",
        "osm_type": "node",
        "osm_id": 8631353444,
        "kommune": "Drammen",
        "kategori": "sykkelparkering",
        "name": null,
        "bicycle_parking": "stands",
        "covered": "no",
        "indoor": null,
        "capacity": "4",
        "access": "yes",
        "fee": "no",
        "operator": "Drammen kommune",
        "surveillance": null,
        "osm_url": "https://www.openstreetmap.org/node/8631353444"
      }
    },
    {
      "type": "Feature",
      "geometry": {
        "type": "Point",
        "coordinates": [
          10.2041266,
          59.7438375
        ]
      },
      "properties": {
        "id": "osm-node-8631353448",
        "osm_type": "node",
        "osm_id": 8631353448,
        "kommune": "Drammen",
        "kategori": "sykkelparkering",
        "name": null,
        "bicycle_parking": "stands",
        "covered": "no",
        "indoor": null,
        "capacity": "4",
        "access": "yes",
        "fee": "no",
        "operator": "Drammen kommune",
        "surveillance": null,
        "osm_url": "https://www.openstreetmap.org/node/8631353448"
      }
    },
    {
      "type": "Feature",
      "geometry": {
        "type": "Point",
        "coordinates": [
          10.01155,
          59.7501274
        ]
      },
      "properties": {
        "id": "osm-node-8640190167",
        "osm_type": "node",
        "osm_id": 8640190167,
        "kommune": "Drammen",
        "kategori": "sykkelparkering",
        "name": null,
        "bicycle_parking": "stands",
        "covered": "no",
        "indoor": null,
        "capacity": "6",
        "access": "yes",
        "fee": "no",
        "operator": null,
        "surveillance": null,
        "osm_url": "https://www.openstreetmap.org/node/8640190167"
      }
    },
    {
      "type": "Feature",
      "geometry": {
        "type": "Point",
        "coordinates": [
          10.0111993,
          59.7482552
        ]
      },
      "properties": {
        "id": "osm-node-8640206017",
        "osm_type": "node",
        "osm_id": 8640206017,
        "kommune": "Drammen",
        "kategori": "sykkelparkering_med_tak",
        "name": null,
        "bicycle_parking": "stands",
        "covered": "yes",
        "indoor": null,
        "capacity": "8",
        "access": "yes",
        "fee": "no",
        "operator": "Drammen kommune",
        "surveillance": null,
        "osm_url": "https://www.openstreetmap.org/node/8640206017"
      }
    },
    {
      "type": "Feature",
      "geometry": {
        "type": "Point",
        "coordinates": [
          10.1957274,
          59.7461958
        ]
      },
      "properties": {
        "id": "osm-node-8730476461",
        "osm_type": "node",
        "osm_id": 8730476461,
        "kommune": "Drammen",
        "kategori": "sykkelparkering",
        "name": null,
        "bicycle_parking": "wall_loops",
        "covered": "no",
        "indoor": null,
        "capacity": "9",
        "access": "yes",
        "fee": "no",
        "operator": "Drammen kommune",
        "surveillance": null,
        "osm_url": "https://www.openstreetmap.org/node/8730476461"
      }
    },
    {
      "type": "Feature",
      "geometry": {
        "type": "Point",
        "coordinates": [
          10.1958885,
          59.7466694
        ]
      },
      "properties": {
        "id": "osm-node-8730476488",
        "osm_type": "node",
        "osm_id": 8730476488,
        "kommune": "Drammen",
        "kategori": "sykkelparkering",
        "name": null,
        "bicycle_parking": "wall_loops",
        "covered": "no",
        "indoor": null,
        "capacity": "6",
        "access": "yes",
        "fee": "no",
        "operator": "Drammen kommune",
        "surveillance": null,
        "osm_url": "https://www.openstreetmap.org/node/8730476488"
      }
    },
    {
      "type": "Feature",
      "geometry": {
        "type": "Point",
        "coordinates": [
          10.1962503,
          59.7469113
        ]
      },
      "properties": {
        "id": "osm-node-8730510338",
        "osm_type": "node",
        "osm_id": 8730510338,
        "kommune": "Drammen",
        "kategori": "sykkelparkering",
        "name": null,
        "bicycle_parking": "stands",
        "covered": "no",
        "indoor": null,
        "capacity": "10",
        "access": "yes",
        "fee": "no",
        "operator": "Drammen kommune",
        "surveillance": null,
        "osm_url": "https://www.openstreetmap.org/node/8730510338"
      }
    },
    {
      "type": "Feature",
      "geometry": {
        "type": "Point",
        "coordinates": [
          10.1601578,
          59.7417692
        ]
      },
      "properties": {
        "id": "osm-node-8741764496",
        "osm_type": "node",
        "osm_id": 8741764496,
        "kommune": "Drammen",
        "kategori": "sykkelparkering",
        "name": null,
        "bicycle_parking": "stands",
        "covered": "no",
        "indoor": null,
        "capacity": "38",
        "access": null,
        "fee": null,
        "operator": null,
        "surveillance": null,
        "osm_url": "https://www.openstreetmap.org/node/8741764496"
      }
    },
    {
      "type": "Feature",
      "geometry": {
        "type": "Point",
        "coordinates": [
          10.2609035,
          59.7168844
        ]
      },
      "properties": {
        "id": "osm-node-8761587914",
        "osm_type": "node",
        "osm_id": 8761587914,
        "kommune": "Drammen",
        "kategori": "sykkelparkering",
        "name": null,
        "bicycle_parking": "wall_loops",
        "covered": "no",
        "indoor": null,
        "capacity": "6",
        "access": "yes",
        "fee": "no",
        "operator": "Drammen kommune",
        "surveillance": null,
        "osm_url": "https://www.openstreetmap.org/node/8761587914"
      }
    },
    {
      "type": "Feature",
      "geometry": {
        "type": "Point",
        "coordinates": [
          10.18175,
          59.739762
        ]
      },
      "properties": {
        "id": "osm-node-8795223832",
        "osm_type": "node",
        "osm_id": 8795223832,
        "kommune": "Drammen",
        "kategori": "sykkelparkering",
        "name": null,
        "bicycle_parking": "wall_loops",
        "covered": "no",
        "indoor": null,
        "capacity": "12",
        "access": "yes",
        "fee": "no",
        "operator": null,
        "surveillance": null,
        "osm_url": "https://www.openstreetmap.org/node/8795223832"
      }
    },
    {
      "type": "Feature",
      "geometry": {
        "type": "Point",
        "coordinates": [
          10.1816281,
          59.740749
        ]
      },
      "properties": {
        "id": "osm-node-8795223836",
        "osm_type": "node",
        "osm_id": 8795223836,
        "kommune": "Drammen",
        "kategori": "sykkelparkering",
        "name": null,
        "bicycle_parking": "stands",
        "covered": null,
        "indoor": null,
        "capacity": null,
        "access": null,
        "fee": null,
        "operator": null,
        "surveillance": null,
        "osm_url": "https://www.openstreetmap.org/node/8795223836"
      }
    },
    {
      "type": "Feature",
      "geometry": {
        "type": "Point",
        "coordinates": [
          10.1810627,
          59.7403828
        ]
      },
      "properties": {
        "id": "osm-node-8795509248",
        "osm_type": "node",
        "osm_id": 8795509248,
        "kommune": "Drammen",
        "kategori": "sykkelparkering",
        "name": null,
        "bicycle_parking": "stands",
        "covered": "no",
        "indoor": null,
        "capacity": null,
        "access": "yes",
        "fee": "no",
        "operator": null,
        "surveillance": null,
        "osm_url": "https://www.openstreetmap.org/node/8795509248"
      }
    },
    {
      "type": "Feature",
      "geometry": {
        "type": "Point",
        "coordinates": [
          10.1664487,
          59.7415155
        ]
      },
      "properties": {
        "id": "osm-node-8795509269",
        "osm_type": "node",
        "osm_id": 8795509269,
        "kommune": "Drammen",
        "kategori": "sykkelparkering",
        "name": null,
        "bicycle_parking": "wall_loops",
        "covered": "no",
        "indoor": null,
        "capacity": "18",
        "access": null,
        "fee": null,
        "operator": null,
        "surveillance": null,
        "osm_url": "https://www.openstreetmap.org/node/8795509269"
      }
    },
    {
      "type": "Feature",
      "geometry": {
        "type": "Point",
        "coordinates": [
          10.1664944,
          59.7414454
        ]
      },
      "properties": {
        "id": "osm-node-8795509286",
        "osm_type": "node",
        "osm_id": 8795509286,
        "kommune": "Drammen",
        "kategori": "sykkelparkering",
        "name": null,
        "bicycle_parking": "stands",
        "covered": "no",
        "indoor": null,
        "capacity": "20",
        "access": null,
        "fee": null,
        "operator": null,
        "surveillance": null,
        "osm_url": "https://www.openstreetmap.org/node/8795509286"
      }
    },
    {
      "type": "Feature",
      "geometry": {
        "type": "Point",
        "coordinates": [
          10.1662555,
          59.7412911
        ]
      },
      "properties": {
        "id": "osm-node-8795509287",
        "osm_type": "node",
        "osm_id": 8795509287,
        "kommune": "Drammen",
        "kategori": "sykkelparkering",
        "name": null,
        "bicycle_parking": "stands",
        "covered": "no",
        "indoor": null,
        "capacity": "20",
        "access": null,
        "fee": null,
        "operator": null,
        "surveillance": null,
        "osm_url": "https://www.openstreetmap.org/node/8795509287"
      }
    },
    {
      "type": "Feature",
      "geometry": {
        "type": "Point",
        "coordinates": [
          10.2048691,
          59.7433108
        ]
      },
      "properties": {
        "id": "osm-node-8797768050",
        "osm_type": "node",
        "osm_id": 8797768050,
        "kommune": "Drammen",
        "kategori": "sykkelparkering",
        "name": null,
        "bicycle_parking": "stands",
        "covered": "no",
        "indoor": null,
        "capacity": "6",
        "access": "yes",
        "fee": "no",
        "operator": "Drammen kommune",
        "surveillance": null,
        "osm_url": "https://www.openstreetmap.org/node/8797768050"
      }
    },
    {
      "type": "Feature",
      "geometry": {
        "type": "Point",
        "coordinates": [
          10.2059715,
          59.7431176
        ]
      },
      "properties": {
        "id": "osm-node-8797768055",
        "osm_type": "node",
        "osm_id": 8797768055,
        "kommune": "Drammen",
        "kategori": "sykkelparkering",
        "name": null,
        "bicycle_parking": "stands",
        "covered": "no",
        "indoor": null,
        "capacity": "2",
        "access": "yes",
        "fee": "no",
        "operator": null,
        "surveillance": null,
        "osm_url": "https://www.openstreetmap.org/node/8797768055"
      }
    },
    {
      "type": "Feature",
      "geometry": {
        "type": "Point",
        "coordinates": [
          10.2063202,
          59.7431205
        ]
      },
      "properties": {
        "id": "osm-node-8797768056",
        "osm_type": "node",
        "osm_id": 8797768056,
        "kommune": "Drammen",
        "kategori": "sykkelparkering",
        "name": null,
        "bicycle_parking": "stands",
        "covered": "no",
        "indoor": null,
        "capacity": "1",
        "access": "yes",
        "fee": "no",
        "operator": null,
        "surveillance": null,
        "osm_url": "https://www.openstreetmap.org/node/8797768056"
      }
    },
    {
      "type": "Feature",
      "geometry": {
        "type": "Point",
        "coordinates": [
          10.2079358,
          59.7429635
        ]
      },
      "properties": {
        "id": "osm-node-8797768060",
        "osm_type": "node",
        "osm_id": 8797768060,
        "kommune": "Drammen",
        "kategori": "sykkelparkering",
        "name": null,
        "bicycle_parking": "stands",
        "covered": "no",
        "indoor": null,
        "capacity": "2",
        "access": "yes",
        "fee": "no",
        "operator": "Drammen kommune",
        "surveillance": null,
        "osm_url": "https://www.openstreetmap.org/node/8797768060"
      }
    },
    {
      "type": "Feature",
      "geometry": {
        "type": "Point",
        "coordinates": [
          10.1925676,
          59.749277
        ]
      },
      "properties": {
        "id": "osm-node-8811726104",
        "osm_type": "node",
        "osm_id": 8811726104,
        "kommune": "Drammen",
        "kategori": "sykkelparkering",
        "name": null,
        "bicycle_parking": "wall_loops",
        "covered": "no",
        "indoor": null,
        "capacity": "14",
        "access": "yes",
        "fee": "no",
        "operator": null,
        "surveillance": null,
        "osm_url": "https://www.openstreetmap.org/node/8811726104"
      }
    },
    {
      "type": "Feature",
      "geometry": {
        "type": "Point",
        "coordinates": [
          10.260298,
          59.717387
        ]
      },
      "properties": {
        "id": "osm-node-8850445382",
        "osm_type": "node",
        "osm_id": 8850445382,
        "kommune": "Drammen",
        "kategori": "sykkelparkering",
        "name": null,
        "bicycle_parking": "wall_loops",
        "covered": "no",
        "indoor": null,
        "capacity": "4",
        "access": "customers",
        "fee": null,
        "operator": null,
        "surveillance": null,
        "osm_url": "https://www.openstreetmap.org/node/8850445382"
      }
    },
    {
      "type": "Feature",
      "geometry": {
        "type": "Point",
        "coordinates": [
          10.222693,
          59.7322295
        ]
      },
      "properties": {
        "id": "osm-node-8976832164",
        "osm_type": "node",
        "osm_id": 8976832164,
        "kommune": "Drammen",
        "kategori": "sykkelparkering_med_tak",
        "name": null,
        "bicycle_parking": "stands",
        "covered": "yes",
        "indoor": null,
        "capacity": "17",
        "access": "customers",
        "fee": "no",
        "operator": "Drammen havn",
        "surveillance": null,
        "osm_url": "https://www.openstreetmap.org/node/8976832164"
      }
    },
    {
      "type": "Feature",
      "geometry": {
        "type": "Point",
        "coordinates": [
          10.201051,
          59.7388702
        ]
      },
      "properties": {
        "id": "osm-node-9081889779",
        "osm_type": "node",
        "osm_id": 9081889779,
        "kommune": "Drammen",
        "kategori": "sykkelparkering",
        "name": null,
        "bicycle_parking": "stands",
        "covered": "no",
        "indoor": null,
        "capacity": "10",
        "access": null,
        "fee": null,
        "operator": null,
        "surveillance": null,
        "osm_url": "https://www.openstreetmap.org/node/9081889779"
      }
    },
    {
      "type": "Feature",
      "geometry": {
        "type": "Point",
        "coordinates": [
          10.2013199,
          59.7397712
        ]
      },
      "properties": {
        "id": "osm-node-9081939452",
        "osm_type": "node",
        "osm_id": 9081939452,
        "kommune": "Drammen",
        "kategori": "sykkelparkering",
        "name": null,
        "bicycle_parking": "stands",
        "covered": "no",
        "indoor": null,
        "capacity": "2",
        "access": null,
        "fee": null,
        "operator": null,
        "surveillance": null,
        "osm_url": "https://www.openstreetmap.org/node/9081939452"
      }
    },
    {
      "type": "Feature",
      "geometry": {
        "type": "Point",
        "coordinates": [
          10.1577263,
          59.7428269
        ]
      },
      "properties": {
        "id": "osm-node-9093706762",
        "osm_type": "node",
        "osm_id": 9093706762,
        "kommune": "Drammen",
        "kategori": "sykkelparkering",
        "name": null,
        "bicycle_parking": "wall_loops",
        "covered": "no",
        "indoor": null,
        "capacity": null,
        "access": null,
        "fee": null,
        "operator": null,
        "surveillance": null,
        "osm_url": "https://www.openstreetmap.org/node/9093706762"
      }
    },
    {
      "type": "Feature",
      "geometry": {
        "type": "Point",
        "coordinates": [
          10.1707244,
          59.7523961
        ]
      },
      "properties": {
        "id": "osm-node-9100600793",
        "osm_type": "node",
        "osm_id": 9100600793,
        "kommune": "Drammen",
        "kategori": "sykkelparkering",
        "name": null,
        "bicycle_parking": "wall_loops",
        "covered": "no",
        "indoor": null,
        "capacity": null,
        "access": "yes",
        "fee": "yes",
        "operator": "Drammen kommune",
        "surveillance": null,
        "osm_url": "https://www.openstreetmap.org/node/9100600793"
      }
    },
    {
      "type": "Feature",
      "geometry": {
        "type": "Point",
        "coordinates": [
          10.1795168,
          59.7396336
        ]
      },
      "properties": {
        "id": "osm-node-9111368632",
        "osm_type": "node",
        "osm_id": 9111368632,
        "kommune": "Drammen",
        "kategori": "sykkelparkering",
        "name": null,
        "bicycle_parking": "wall_loops",
        "covered": "no",
        "indoor": null,
        "capacity": "7",
        "access": "customers",
        "fee": null,
        "operator": null,
        "surveillance": null,
        "osm_url": "https://www.openstreetmap.org/node/9111368632"
      }
    },
    {
      "type": "Feature",
      "geometry": {
        "type": "Point",
        "coordinates": [
          10.1953075,
          59.7467866
        ]
      },
      "properties": {
        "id": "osm-node-9122247844",
        "osm_type": "node",
        "osm_id": 9122247844,
        "kommune": "Drammen",
        "kategori": "sykkelparkering",
        "name": null,
        "bicycle_parking": "stands",
        "covered": "no",
        "indoor": null,
        "capacity": "12",
        "access": null,
        "fee": null,
        "operator": null,
        "surveillance": null,
        "osm_url": "https://www.openstreetmap.org/node/9122247844"
      }
    },
    {
      "type": "Feature",
      "geometry": {
        "type": "Point",
        "coordinates": [
          10.1994377,
          59.7491497
        ]
      },
      "properties": {
        "id": "osm-node-9160073926",
        "osm_type": "node",
        "osm_id": 9160073926,
        "kommune": "Drammen",
        "kategori": "sykkelhotell",
        "name": null,
        "bicycle_parking": "shed",
        "covered": "yes",
        "indoor": null,
        "capacity": null,
        "access": "permissive",
        "fee": "no",
        "operator": "Vestre Viken HF",
        "surveillance": null,
        "osm_url": "https://www.openstreetmap.org/node/9160073926"
      }
    },
    {
      "type": "Feature",
      "geometry": {
        "type": "Point",
        "coordinates": [
          10.2058937,
          59.7445786
        ]
      },
      "properties": {
        "id": "osm-node-9193641431",
        "osm_type": "node",
        "osm_id": 9193641431,
        "kommune": "Drammen",
        "kategori": "sykkelparkering_med_tak",
        "name": null,
        "bicycle_parking": "wall_loops",
        "covered": "yes",
        "indoor": null,
        "capacity": "18",
        "access": "yes",
        "fee": "no",
        "operator": null,
        "surveillance": null,
        "osm_url": "https://www.openstreetmap.org/node/9193641431"
      }
    },
    {
      "type": "Feature",
      "geometry": {
        "type": "Point",
        "coordinates": [
          10.0115092,
          59.7484206
        ]
      },
      "properties": {
        "id": "osm-node-9215875997",
        "osm_type": "node",
        "osm_id": 9215875997,
        "kommune": "Drammen",
        "kategori": "sykkelparkering",
        "name": null,
        "bicycle_parking": "stands",
        "covered": "no",
        "indoor": null,
        "capacity": "2",
        "access": "yes",
        "fee": "no",
        "operator": "Drammen kommune",
        "surveillance": null,
        "osm_url": "https://www.openstreetmap.org/node/9215875997"
      }
    },
    {
      "type": "Feature",
      "geometry": {
        "type": "Point",
        "coordinates": [
          10.0108039,
          59.7493566
        ]
      },
      "properties": {
        "id": "osm-node-9215876000",
        "osm_type": "node",
        "osm_id": 9215876000,
        "kommune": "Drammen",
        "kategori": "sykkelparkering",
        "name": null,
        "bicycle_parking": "stands",
        "covered": "no",
        "indoor": null,
        "capacity": "4",
        "access": "yes",
        "fee": "no",
        "operator": "Drammen kommune",
        "surveillance": null,
        "osm_url": "https://www.openstreetmap.org/node/9215876000"
      }
    },
    {
      "type": "Feature",
      "geometry": {
        "type": "Point",
        "coordinates": [
          10.0089778,
          59.750397
        ]
      },
      "properties": {
        "id": "osm-node-9217954066",
        "osm_type": "node",
        "osm_id": 9217954066,
        "kommune": "Drammen",
        "kategori": "sykkelparkering",
        "name": null,
        "bicycle_parking": "stands",
        "covered": "no",
        "indoor": null,
        "capacity": "2",
        "access": null,
        "fee": null,
        "operator": null,
        "surveillance": null,
        "osm_url": "https://www.openstreetmap.org/node/9217954066"
      }
    },
    {
      "type": "Feature",
      "geometry": {
        "type": "Point",
        "coordinates": [
          10.0088454,
          59.7502465
        ]
      },
      "properties": {
        "id": "osm-node-9217957255",
        "osm_type": "node",
        "osm_id": 9217957255,
        "kommune": "Drammen",
        "kategori": "sykkelparkering",
        "name": null,
        "bicycle_parking": "stands",
        "covered": "no",
        "indoor": null,
        "capacity": "3",
        "access": null,
        "fee": null,
        "operator": null,
        "surveillance": null,
        "osm_url": "https://www.openstreetmap.org/node/9217957255"
      }
    },
    {
      "type": "Feature",
      "geometry": {
        "type": "Point",
        "coordinates": [
          10.0069123,
          59.7504721
        ]
      },
      "properties": {
        "id": "osm-node-9219093782",
        "osm_type": "node",
        "osm_id": 9219093782,
        "kommune": "Drammen",
        "kategori": "sykkelskap",
        "name": null,
        "bicycle_parking": "lockers",
        "covered": null,
        "indoor": null,
        "capacity": null,
        "access": null,
        "fee": null,
        "operator": null,
        "surveillance": null,
        "osm_url": "https://www.openstreetmap.org/node/9219093782"
      }
    },
    {
      "type": "Feature",
      "geometry": {
        "type": "Point",
        "coordinates": [
          10.2034294,
          59.7443783
        ]
      },
      "properties": {
        "id": "osm-node-9223816568",
        "osm_type": "node",
        "osm_id": 9223816568,
        "kommune": "Drammen",
        "kategori": "sykkelparkering",
        "name": null,
        "bicycle_parking": "stands",
        "covered": "no",
        "indoor": null,
        "capacity": "8",
        "access": null,
        "fee": null,
        "operator": null,
        "surveillance": null,
        "osm_url": "https://www.openstreetmap.org/node/9223816568"
      }
    },
    {
      "type": "Feature",
      "geometry": {
        "type": "Point",
        "coordinates": [
          10.2031117,
          59.7444533
        ]
      },
      "properties": {
        "id": "osm-node-9223834866",
        "osm_type": "node",
        "osm_id": 9223834866,
        "kommune": "Drammen",
        "kategori": "sykkelparkering",
        "name": null,
        "bicycle_parking": "stands",
        "covered": "no",
        "indoor": null,
        "capacity": "4",
        "access": null,
        "fee": null,
        "operator": null,
        "surveillance": null,
        "osm_url": "https://www.openstreetmap.org/node/9223834866"
      }
    },
    {
      "type": "Feature",
      "geometry": {
        "type": "Point",
        "coordinates": [
          10.2569526,
          59.7119336
        ]
      },
      "properties": {
        "id": "osm-node-9230328146",
        "osm_type": "node",
        "osm_id": 9230328146,
        "kommune": "Drammen",
        "kategori": "sykkelparkering",
        "name": null,
        "bicycle_parking": "wall_loops",
        "covered": "no",
        "indoor": null,
        "capacity": "4",
        "access": null,
        "fee": null,
        "operator": null,
        "surveillance": null,
        "osm_url": "https://www.openstreetmap.org/node/9230328146"
      }
    },
    {
      "type": "Feature",
      "geometry": {
        "type": "Point",
        "coordinates": [
          10.1408611,
          59.7558802
        ]
      },
      "properties": {
        "id": "osm-node-9230984782",
        "osm_type": "node",
        "osm_id": 9230984782,
        "kommune": "Drammen",
        "kategori": "sykkelparkering_med_tak",
        "name": null,
        "bicycle_parking": "wall_loops",
        "covered": "yes",
        "indoor": null,
        "capacity": "9",
        "access": "yes",
        "fee": "no",
        "operator": "Drammen kommune",
        "surveillance": null,
        "osm_url": "https://www.openstreetmap.org/node/9230984782"
      }
    },
    {
      "type": "Feature",
      "geometry": {
        "type": "Point",
        "coordinates": [
          10.114039,
          59.7576325
        ]
      },
      "properties": {
        "id": "osm-node-9230984785",
        "osm_type": "node",
        "osm_id": 9230984785,
        "kommune": "Drammen",
        "kategori": "sykkelparkering_med_tak",
        "name": null,
        "bicycle_parking": "stands",
        "covered": "yes",
        "indoor": null,
        "capacity": "10",
        "access": "yes",
        "fee": "no",
        "operator": null,
        "surveillance": null,
        "osm_url": "https://www.openstreetmap.org/node/9230984785"
      }
    },
    {
      "type": "Feature",
      "geometry": {
        "type": "Point",
        "coordinates": [
          10.1212251,
          59.757476
        ]
      },
      "properties": {
        "id": "osm-node-9230984786",
        "osm_type": "node",
        "osm_id": 9230984786,
        "kommune": "Drammen",
        "kategori": "sykkelparkering",
        "name": null,
        "bicycle_parking": "wall_loops",
        "covered": "no",
        "indoor": null,
        "capacity": null,
        "access": "yes",
        "fee": "no",
        "operator": "Buskerud fylkeskommune",
        "surveillance": null,
        "osm_url": "https://www.openstreetmap.org/node/9230984786"
      }
    },
    {
      "type": "Feature",
      "geometry": {
        "type": "Point",
        "coordinates": [
          10.124342,
          59.7567898
        ]
      },
      "properties": {
        "id": "osm-node-9230984799",
        "osm_type": "node",
        "osm_id": 9230984799,
        "kommune": "Drammen",
        "kategori": "sykkelparkering",
        "name": null,
        "bicycle_parking": "wall_loops",
        "covered": "no",
        "indoor": null,
        "capacity": "5",
        "access": "yes",
        "fee": "no",
        "operator": null,
        "surveillance": null,
        "osm_url": "https://www.openstreetmap.org/node/9230984799"
      }
    },
    {
      "type": "Feature",
      "geometry": {
        "type": "Point",
        "coordinates": [
          10.0056945,
          59.7499118
        ]
      },
      "properties": {
        "id": "osm-node-9230984802",
        "osm_type": "node",
        "osm_id": 9230984802,
        "kommune": "Drammen",
        "kategori": "sykkelparkering",
        "name": null,
        "bicycle_parking": "wall_loops",
        "covered": "no",
        "indoor": null,
        "capacity": "5",
        "access": "yes",
        "fee": "no",
        "operator": "Drammen kommune",
        "surveillance": null,
        "osm_url": "https://www.openstreetmap.org/node/9230984802"
      }
    },
    {
      "type": "Feature",
      "geometry": {
        "type": "Point",
        "coordinates": [
          10.0075622,
          59.7505986
        ]
      },
      "properties": {
        "id": "osm-node-9230984807",
        "osm_type": "node",
        "osm_id": 9230984807,
        "kommune": "Drammen",
        "kategori": "sykkelparkering_med_tak",
        "name": null,
        "bicycle_parking": "wall_loops",
        "covered": "yes",
        "indoor": null,
        "capacity": "8",
        "access": "yes",
        "fee": "no",
        "operator": "Drammen kommune",
        "surveillance": null,
        "osm_url": "https://www.openstreetmap.org/node/9230984807"
      }
    },
    {
      "type": "Feature",
      "geometry": {
        "type": "Point",
        "coordinates": [
          10.0070708,
          59.7504244
        ]
      },
      "properties": {
        "id": "osm-node-9230984809",
        "osm_type": "node",
        "osm_id": 9230984809,
        "kommune": "Drammen",
        "kategori": "sykkelparkering_med_tak",
        "name": null,
        "bicycle_parking": "stands",
        "covered": "yes",
        "indoor": null,
        "capacity": "11",
        "access": null,
        "fee": null,
        "operator": null,
        "surveillance": null,
        "osm_url": "https://www.openstreetmap.org/node/9230984809"
      }
    },
    {
      "type": "Feature",
      "geometry": {
        "type": "Point",
        "coordinates": [
          10.0097285,
          59.7510172
        ]
      },
      "properties": {
        "id": "osm-node-9230984811",
        "osm_type": "node",
        "osm_id": 9230984811,
        "kommune": "Drammen",
        "kategori": "sykkelparkering",
        "name": null,
        "bicycle_parking": "stands",
        "covered": "no",
        "indoor": null,
        "capacity": "2",
        "access": "yes",
        "fee": "no",
        "operator": "Drammen kommune",
        "surveillance": null,
        "osm_url": "https://www.openstreetmap.org/node/9230984811"
      }
    },
    {
      "type": "Feature",
      "geometry": {
        "type": "Point",
        "coordinates": [
          10.1980223,
          59.7485652
        ]
      },
      "properties": {
        "id": "osm-node-9231008918",
        "osm_type": "node",
        "osm_id": 9231008918,
        "kommune": "Drammen",
        "kategori": "sykkelparkering_med_tak",
        "name": null,
        "bicycle_parking": "wall_loops",
        "covered": "yes",
        "indoor": null,
        "capacity": null,
        "access": "yes",
        "fee": "no",
        "operator": "Vestre Viken HF",
        "surveillance": null,
        "osm_url": "https://www.openstreetmap.org/node/9231008918"
      }
    },
    {
      "type": "Feature",
      "geometry": {
        "type": "Point",
        "coordinates": [
          10.1981676,
          59.7486125
        ]
      },
      "properties": {
        "id": "osm-node-9231008919",
        "osm_type": "node",
        "osm_id": 9231008919,
        "kommune": "Drammen",
        "kategori": "sykkelparkering_med_tak",
        "name": null,
        "bicycle_parking": "wall_loops",
        "covered": "yes",
        "indoor": null,
        "capacity": null,
        "access": "yes",
        "fee": "no",
        "operator": "Vestre Viken HF",
        "surveillance": null,
        "osm_url": "https://www.openstreetmap.org/node/9231008919"
      }
    },
    {
      "type": "Feature",
      "geometry": {
        "type": "Point",
        "coordinates": [
          10.1983151,
          59.748255
        ]
      },
      "properties": {
        "id": "osm-node-9231008924",
        "osm_type": "node",
        "osm_id": 9231008924,
        "kommune": "Drammen",
        "kategori": "sykkelparkering",
        "name": null,
        "bicycle_parking": null,
        "covered": "no",
        "indoor": null,
        "capacity": null,
        "access": "permissive",
        "fee": "no",
        "operator": "Vestre Viken HF",
        "surveillance": null,
        "osm_url": "https://www.openstreetmap.org/node/9231008924"
      }
    },
    {
      "type": "Feature",
      "geometry": {
        "type": "Point",
        "coordinates": [
          10.1514112,
          59.7182964
        ]
      },
      "properties": {
        "id": "osm-node-9231188797",
        "osm_type": "node",
        "osm_id": 9231188797,
        "kommune": "Drammen",
        "kategori": "sykkelparkering_med_tak",
        "name": null,
        "bicycle_parking": "wall_loops",
        "covered": "yes",
        "indoor": null,
        "capacity": "12",
        "access": "yes",
        "fee": "no",
        "operator": "Drammen kommune",
        "surveillance": null,
        "osm_url": "https://www.openstreetmap.org/node/9231188797"
      }
    },
    {
      "type": "Feature",
      "geometry": {
        "type": "Point",
        "coordinates": [
          10.1500964,
          59.7178784
        ]
      },
      "properties": {
        "id": "osm-node-9231188798",
        "osm_type": "node",
        "osm_id": 9231188798,
        "kommune": "Drammen",
        "kategori": "sykkelparkering",
        "name": null,
        "bicycle_parking": "wall_loops",
        "covered": "no",
        "indoor": null,
        "capacity": null,
        "access": "yes",
        "fee": "no",
        "operator": null,
        "surveillance": null,
        "osm_url": "https://www.openstreetmap.org/node/9231188798"
      }
    },
    {
      "type": "Feature",
      "geometry": {
        "type": "Point",
        "coordinates": [
          10.1501517,
          59.7174672
        ]
      },
      "properties": {
        "id": "osm-node-9231188800",
        "osm_type": "node",
        "osm_id": 9231188800,
        "kommune": "Drammen",
        "kategori": "sykkelparkering",
        "name": null,
        "bicycle_parking": "wall_loops",
        "covered": "no",
        "indoor": null,
        "capacity": null,
        "access": "yes",
        "fee": "no",
        "operator": null,
        "surveillance": null,
        "osm_url": "https://www.openstreetmap.org/node/9231188800"
      }
    },
    {
      "type": "Feature",
      "geometry": {
        "type": "Point",
        "coordinates": [
          10.1453092,
          59.7188301
        ]
      },
      "properties": {
        "id": "osm-node-9231188810",
        "osm_type": "node",
        "osm_id": 9231188810,
        "kommune": "Drammen",
        "kategori": "sykkelparkering",
        "name": null,
        "bicycle_parking": "wall_loops",
        "covered": "no",
        "indoor": null,
        "capacity": null,
        "access": "yes",
        "fee": "no",
        "operator": null,
        "surveillance": null,
        "osm_url": "https://www.openstreetmap.org/node/9231188810"
      }
    },
    {
      "type": "Feature",
      "geometry": {
        "type": "Point",
        "coordinates": [
          10.2059427,
          59.7422963
        ]
      },
      "properties": {
        "id": "osm-node-9231231122",
        "osm_type": "node",
        "osm_id": 9231231122,
        "kommune": "Drammen",
        "kategori": "sykkelparkering",
        "name": null,
        "bicycle_parking": "stands",
        "covered": "no",
        "indoor": null,
        "capacity": "16",
        "access": "yes",
        "fee": "no",
        "operator": "Drammen kommune",
        "surveillance": null,
        "osm_url": "https://www.openstreetmap.org/node/9231231122"
      }
    },
    {
      "type": "Feature",
      "geometry": {
        "type": "Point",
        "coordinates": [
          10.2138478,
          59.7404636
        ]
      },
      "properties": {
        "id": "osm-node-9231231123",
        "osm_type": "node",
        "osm_id": 9231231123,
        "kommune": "Drammen",
        "kategori": "sykkelparkering",
        "name": null,
        "bicycle_parking": "stands",
        "covered": "no",
        "indoor": null,
        "capacity": "7",
        "access": "yes",
        "fee": "no",
        "operator": "Drammen kommune",
        "surveillance": null,
        "osm_url": "https://www.openstreetmap.org/node/9231231123"
      }
    },
    {
      "type": "Feature",
      "geometry": {
        "type": "Point",
        "coordinates": [
          10.2127578,
          59.7415395
        ]
      },
      "properties": {
        "id": "osm-node-9231231139",
        "osm_type": "node",
        "osm_id": 9231231139,
        "kommune": "Drammen",
        "kategori": "sykkelparkering",
        "name": null,
        "bicycle_parking": "wall_loops",
        "covered": "no",
        "indoor": null,
        "capacity": "10",
        "access": "customers",
        "fee": "no",
        "operator": "Aass bryggerier",
        "surveillance": null,
        "osm_url": "https://www.openstreetmap.org/node/9231231139"
      }
    },
    {
      "type": "Feature",
      "geometry": {
        "type": "Point",
        "coordinates": [
          10.2091089,
          59.7423229
        ]
      },
      "properties": {
        "id": "osm-node-9231231140",
        "osm_type": "node",
        "osm_id": 9231231140,
        "kommune": "Drammen",
        "kategori": "sykkelparkering",
        "name": null,
        "bicycle_parking": "wall_loops",
        "covered": "no",
        "indoor": null,
        "capacity": null,
        "access": "yes",
        "fee": "no",
        "operator": null,
        "surveillance": null,
        "osm_url": "https://www.openstreetmap.org/node/9231231140"
      }
    },
    {
      "type": "Feature",
      "geometry": {
        "type": "Point",
        "coordinates": [
          10.2088056,
          59.7433845
        ]
      },
      "properties": {
        "id": "osm-node-9231231201",
        "osm_type": "node",
        "osm_id": 9231231201,
        "kommune": "Drammen",
        "kategori": "sykkelparkering",
        "name": null,
        "bicycle_parking": "wall_loops",
        "covered": "no",
        "indoor": null,
        "capacity": "6",
        "access": "yes",
        "fee": "no",
        "operator": null,
        "surveillance": null,
        "osm_url": "https://www.openstreetmap.org/node/9231231201"
      }
    },
    {
      "type": "Feature",
      "geometry": {
        "type": "Point",
        "coordinates": [
          10.2210608,
          59.7325632
        ]
      },
      "properties": {
        "id": "osm-node-9235793926",
        "osm_type": "node",
        "osm_id": 9235793926,
        "kommune": "Drammen",
        "kategori": "sykkelparkering",
        "name": null,
        "bicycle_parking": "wall_loops",
        "covered": "no",
        "indoor": null,
        "capacity": "3",
        "access": "yes",
        "fee": "no",
        "operator": "Drammen havn",
        "surveillance": null,
        "osm_url": "https://www.openstreetmap.org/node/9235793926"
      }
    },
    {
      "type": "Feature",
      "geometry": {
        "type": "Point",
        "coordinates": [
          10.2223653,
          59.731258
        ]
      },
      "properties": {
        "id": "osm-node-9235793927",
        "osm_type": "node",
        "osm_id": 9235793927,
        "kommune": "Drammen",
        "kategori": "sykkelparkering",
        "name": null,
        "bicycle_parking": "wall_loops",
        "covered": "no",
        "indoor": null,
        "capacity": "4",
        "access": "yes",
        "fee": "no",
        "operator": null,
        "surveillance": null,
        "osm_url": "https://www.openstreetmap.org/node/9235793927"
      }
    },
    {
      "type": "Feature",
      "geometry": {
        "type": "Point",
        "coordinates": [
          10.0152985,
          59.7501475
        ]
      },
      "properties": {
        "id": "osm-node-9235793928",
        "osm_type": "node",
        "osm_id": 9235793928,
        "kommune": "Drammen",
        "kategori": "sykkelparkering",
        "name": null,
        "bicycle_parking": "wall_loops",
        "covered": "no",
        "indoor": null,
        "capacity": "8",
        "access": "yes",
        "fee": "no",
        "operator": "Drammen kommune",
        "surveillance": null,
        "osm_url": "https://www.openstreetmap.org/node/9235793928"
      }
    },
    {
      "type": "Feature",
      "geometry": {
        "type": "Point",
        "coordinates": [
          10.0115853,
          59.7495922
        ]
      },
      "properties": {
        "id": "osm-node-9236265286",
        "osm_type": "node",
        "osm_id": 9236265286,
        "kommune": "Drammen",
        "kategori": "sykkelparkering",
        "name": null,
        "bicycle_parking": "wall_loops",
        "covered": "no",
        "indoor": null,
        "capacity": null,
        "access": "yes",
        "fee": "no",
        "operator": null,
        "surveillance": null,
        "osm_url": "https://www.openstreetmap.org/node/9236265286"
      }
    },
    {
      "type": "Feature",
      "geometry": {
        "type": "Point",
        "coordinates": [
          10.0097469,
          59.7504586
        ]
      },
      "properties": {
        "id": "osm-node-9236265291",
        "osm_type": "node",
        "osm_id": 9236265291,
        "kommune": "Drammen",
        "kategori": "sykkelparkering",
        "name": null,
        "bicycle_parking": "wall_loops",
        "covered": "no",
        "indoor": null,
        "capacity": "3",
        "access": "yes",
        "fee": "no",
        "operator": null,
        "surveillance": null,
        "osm_url": "https://www.openstreetmap.org/node/9236265291"
      }
    },
    {
      "type": "Feature",
      "geometry": {
        "type": "Point",
        "coordinates": [
          10.2020594,
          59.7452894
        ]
      },
      "properties": {
        "id": "osm-node-9242969446",
        "osm_type": "node",
        "osm_id": 9242969446,
        "kommune": "Drammen",
        "kategori": "sykkelparkering",
        "name": null,
        "bicycle_parking": "wall_loops",
        "covered": "no",
        "indoor": null,
        "capacity": "3",
        "access": null,
        "fee": null,
        "operator": null,
        "surveillance": null,
        "osm_url": "https://www.openstreetmap.org/node/9242969446"
      }
    },
    {
      "type": "Feature",
      "geometry": {
        "type": "Point",
        "coordinates": [
          10.2021599,
          59.7452648
        ]
      },
      "properties": {
        "id": "osm-node-9242979516",
        "osm_type": "node",
        "osm_id": 9242979516,
        "kommune": "Drammen",
        "kategori": "sykkelparkering",
        "name": null,
        "bicycle_parking": "wall_loops",
        "covered": "no",
        "indoor": null,
        "capacity": "3",
        "access": null,
        "fee": null,
        "operator": null,
        "surveillance": null,
        "osm_url": "https://www.openstreetmap.org/node/9242979516"
      }
    },
    {
      "type": "Feature",
      "geometry": {
        "type": "Point",
        "coordinates": [
          10.201874,
          59.7453254
        ]
      },
      "properties": {
        "id": "osm-node-9242986075",
        "osm_type": "node",
        "osm_id": 9242986075,
        "kommune": "Drammen",
        "kategori": "sykkelparkering",
        "name": null,
        "bicycle_parking": "wall_loops",
        "covered": "no",
        "indoor": null,
        "capacity": "3",
        "access": null,
        "fee": null,
        "operator": null,
        "surveillance": null,
        "osm_url": "https://www.openstreetmap.org/node/9242986075"
      }
    },
    {
      "type": "Feature",
      "geometry": {
        "type": "Point",
        "coordinates": [
          9.9998552,
          59.7565818
        ]
      },
      "properties": {
        "id": "osm-node-9243125804",
        "osm_type": "node",
        "osm_id": 9243125804,
        "kommune": "Drammen",
        "kategori": "sykkelparkering",
        "name": null,
        "bicycle_parking": null,
        "covered": "no",
        "indoor": null,
        "capacity": null,
        "access": "yes",
        "fee": "no",
        "operator": null,
        "surveillance": null,
        "osm_url": "https://www.openstreetmap.org/node/9243125804"
      }
    },
    {
      "type": "Feature",
      "geometry": {
        "type": "Point",
        "coordinates": [
          10.0087819,
          59.7501019
        ]
      },
      "properties": {
        "id": "osm-node-9246542814",
        "osm_type": "node",
        "osm_id": 9246542814,
        "kommune": "Drammen",
        "kategori": "sykkelparkering",
        "name": null,
        "bicycle_parking": "stands",
        "covered": "no",
        "indoor": null,
        "capacity": "2",
        "access": null,
        "fee": null,
        "operator": null,
        "surveillance": null,
        "osm_url": "https://www.openstreetmap.org/node/9246542814"
      }
    },
    {
      "type": "Feature",
      "geometry": {
        "type": "Point",
        "coordinates": [
          10.0087619,
          59.750061
        ]
      },
      "properties": {
        "id": "osm-node-9246542815",
        "osm_type": "node",
        "osm_id": 9246542815,
        "kommune": "Drammen",
        "kategori": "sykkelparkering",
        "name": null,
        "bicycle_parking": "stands",
        "covered": "no",
        "indoor": null,
        "capacity": "2",
        "access": null,
        "fee": null,
        "operator": null,
        "surveillance": null,
        "osm_url": "https://www.openstreetmap.org/node/9246542815"
      }
    },
    {
      "type": "Feature",
      "geometry": {
        "type": "Point",
        "coordinates": [
          10.2068945,
          59.7365111
        ]
      },
      "properties": {
        "id": "osm-node-9248651153",
        "osm_type": "node",
        "osm_id": 9248651153,
        "kommune": "Drammen",
        "kategori": "sykkelparkering_med_tak",
        "name": null,
        "bicycle_parking": "wall_loops",
        "covered": "yes",
        "indoor": null,
        "capacity": "5",
        "access": null,
        "fee": null,
        "operator": null,
        "surveillance": null,
        "osm_url": "https://www.openstreetmap.org/node/9248651153"
      }
    },
    {
      "type": "Feature",
      "geometry": {
        "type": "Point",
        "coordinates": [
          10.1982375,
          59.7396328
        ]
      },
      "properties": {
        "id": "osm-node-9249108102",
        "osm_type": "node",
        "osm_id": 9249108102,
        "kommune": "Drammen",
        "kategori": "sykkelparkering",
        "name": null,
        "bicycle_parking": "wall_loops",
        "covered": "no",
        "indoor": null,
        "capacity": null,
        "access": null,
        "fee": null,
        "operator": null,
        "surveillance": null,
        "osm_url": "https://www.openstreetmap.org/node/9249108102"
      }
    },
    {
      "type": "Feature",
      "geometry": {
        "type": "Point",
        "coordinates": [
          10.2632037,
          59.7183304
        ]
      },
      "properties": {
        "id": "osm-node-9249128253",
        "osm_type": "node",
        "osm_id": 9249128253,
        "kommune": "Drammen",
        "kategori": "sykkelparkering",
        "name": null,
        "bicycle_parking": "stands",
        "covered": "no",
        "indoor": null,
        "capacity": "34",
        "access": null,
        "fee": null,
        "operator": null,
        "surveillance": null,
        "osm_url": "https://www.openstreetmap.org/node/9249128253"
      }
    },
    {
      "type": "Feature",
      "geometry": {
        "type": "Point",
        "coordinates": [
          10.2630567,
          59.7185711
        ]
      },
      "properties": {
        "id": "osm-node-9249130291",
        "osm_type": "node",
        "osm_id": 9249130291,
        "kommune": "Drammen",
        "kategori": "sykkelparkering",
        "name": null,
        "bicycle_parking": "stands",
        "covered": "no",
        "indoor": null,
        "capacity": "27",
        "access": null,
        "fee": null,
        "operator": null,
        "surveillance": null,
        "osm_url": "https://www.openstreetmap.org/node/9249130291"
      }
    },
    {
      "type": "Feature",
      "geometry": {
        "type": "Point",
        "coordinates": [
          10.1593055,
          59.745087
        ]
      },
      "properties": {
        "id": "osm-node-9275379703",
        "osm_type": "node",
        "osm_id": 9275379703,
        "kommune": "Drammen",
        "kategori": "sykkelparkering",
        "name": null,
        "bicycle_parking": "wall_loops",
        "covered": "no",
        "indoor": null,
        "capacity": null,
        "access": "yes",
        "fee": "no",
        "operator": "Drammen kommune",
        "surveillance": null,
        "osm_url": "https://www.openstreetmap.org/node/9275379703"
      }
    },
    {
      "type": "Feature",
      "geometry": {
        "type": "Point",
        "coordinates": [
          10.1593357,
          59.7451664
        ]
      },
      "properties": {
        "id": "osm-node-9275379704",
        "osm_type": "node",
        "osm_id": 9275379704,
        "kommune": "Drammen",
        "kategori": "sykkelparkering",
        "name": null,
        "bicycle_parking": "wall_loops",
        "covered": "no",
        "indoor": null,
        "capacity": null,
        "access": "yes",
        "fee": "no",
        "operator": "Drammen kommune",
        "surveillance": null,
        "osm_url": "https://www.openstreetmap.org/node/9275379704"
      }
    },
    {
      "type": "Feature",
      "geometry": {
        "type": "Point",
        "coordinates": [
          10.1558622,
          59.7470263
        ]
      },
      "properties": {
        "id": "osm-node-9275531274",
        "osm_type": "node",
        "osm_id": 9275531274,
        "kommune": "Drammen",
        "kategori": "sykkelparkering",
        "name": null,
        "bicycle_parking": "wall_loops",
        "covered": "no",
        "indoor": null,
        "capacity": "6",
        "access": "yes",
        "fee": "no",
        "operator": null,
        "surveillance": null,
        "osm_url": "https://www.openstreetmap.org/node/9275531274"
      }
    },
    {
      "type": "Feature",
      "geometry": {
        "type": "Point",
        "coordinates": [
          10.2615701,
          59.7132644
        ]
      },
      "properties": {
        "id": "osm-node-9277518209",
        "osm_type": "node",
        "osm_id": 9277518209,
        "kommune": "Drammen",
        "kategori": "sykkelparkering",
        "name": null,
        "bicycle_parking": "wall_loops",
        "covered": "no",
        "indoor": null,
        "capacity": "20",
        "access": "yes",
        "fee": "no",
        "operator": "Drammen kommune",
        "surveillance": null,
        "osm_url": "https://www.openstreetmap.org/node/9277518209"
      }
    },
    {
      "type": "Feature",
      "geometry": {
        "type": "Point",
        "coordinates": [
          10.228001,
          59.7307521
        ]
      },
      "properties": {
        "id": "osm-node-9288998184",
        "osm_type": "node",
        "osm_id": 9288998184,
        "kommune": "Drammen",
        "kategori": "sykkelparkering",
        "name": null,
        "bicycle_parking": "wall_loops",
        "covered": "no",
        "indoor": null,
        "capacity": null,
        "access": "yes",
        "fee": null,
        "operator": "Skur 4",
        "surveillance": null,
        "osm_url": "https://www.openstreetmap.org/node/9288998184"
      }
    },
    {
      "type": "Feature",
      "geometry": {
        "type": "Point",
        "coordinates": [
          10.1930493,
          59.7430859
        ]
      },
      "properties": {
        "id": "osm-node-9306586502",
        "osm_type": "node",
        "osm_id": 9306586502,
        "kommune": "Drammen",
        "kategori": "sykkelparkering",
        "name": null,
        "bicycle_parking": "stands",
        "covered": "no",
        "indoor": null,
        "capacity": "30",
        "access": "yes",
        "fee": "no",
        "operator": null,
        "surveillance": null,
        "osm_url": "https://www.openstreetmap.org/node/9306586502"
      }
    },
    {
      "type": "Feature",
      "geometry": {
        "type": "Point",
        "coordinates": [
          10.222391,
          59.7412457
        ]
      },
      "properties": {
        "id": "osm-node-9306586504",
        "osm_type": "node",
        "osm_id": 9306586504,
        "kommune": "Drammen",
        "kategori": "sykkelparkering_med_tak",
        "name": null,
        "bicycle_parking": "wall_loops",
        "covered": "yes",
        "indoor": null,
        "capacity": "3",
        "access": "yes",
        "fee": "yes",
        "operator": "CC Drammen",
        "surveillance": null,
        "osm_url": "https://www.openstreetmap.org/node/9306586504"
      }
    },
    {
      "type": "Feature",
      "geometry": {
        "type": "Point",
        "coordinates": [
          10.2061163,
          59.734159
        ]
      },
      "properties": {
        "id": "osm-node-9318741576",
        "osm_type": "node",
        "osm_id": 9318741576,
        "kommune": "Drammen",
        "kategori": "sykkelparkering_med_tak",
        "name": null,
        "bicycle_parking": "stands",
        "covered": "yes",
        "indoor": null,
        "capacity": "8",
        "access": "yes",
        "fee": "no",
        "operator": "Strømsø senter",
        "surveillance": null,
        "osm_url": "https://www.openstreetmap.org/node/9318741576"
      }
    },
    {
      "type": "Feature",
      "geometry": {
        "type": "Point",
        "coordinates": [
          10.2061526,
          59.7341208
        ]
      },
      "properties": {
        "id": "osm-node-9318741577",
        "osm_type": "node",
        "osm_id": 9318741577,
        "kommune": "Drammen",
        "kategori": "sykkelparkering",
        "name": null,
        "bicycle_parking": "stands",
        "covered": "no",
        "indoor": null,
        "capacity": "18",
        "access": "yes",
        "fee": "no",
        "operator": "Strømsø senter",
        "surveillance": null,
        "osm_url": "https://www.openstreetmap.org/node/9318741577"
      }
    },
    {
      "type": "Feature",
      "geometry": {
        "type": "Point",
        "coordinates": [
          10.2062202,
          59.7348117
        ]
      },
      "properties": {
        "id": "osm-node-9318741578",
        "osm_type": "node",
        "osm_id": 9318741578,
        "kommune": "Drammen",
        "kategori": "sykkelparkering",
        "name": null,
        "bicycle_parking": "stands",
        "covered": "no",
        "indoor": null,
        "capacity": "22",
        "access": "yes",
        "fee": "no",
        "operator": "Strlmsø senter",
        "surveillance": null,
        "osm_url": "https://www.openstreetmap.org/node/9318741578"
      }
    },
    {
      "type": "Feature",
      "geometry": {
        "type": "Point",
        "coordinates": [
          10.200813,
          59.7385714
        ]
      },
      "properties": {
        "id": "osm-node-9319411174",
        "osm_type": "node",
        "osm_id": 9319411174,
        "kommune": "Drammen",
        "kategori": "sykkelparkering",
        "name": null,
        "bicycle_parking": "wall_loops",
        "covered": "no",
        "indoor": null,
        "capacity": "18",
        "access": null,
        "fee": null,
        "operator": null,
        "surveillance": null,
        "osm_url": "https://www.openstreetmap.org/node/9319411174"
      }
    },
    {
      "type": "Feature",
      "geometry": {
        "type": "Point",
        "coordinates": [
          10.2003649,
          59.7393852
        ]
      },
      "properties": {
        "id": "osm-node-9319411181",
        "osm_type": "node",
        "osm_id": 9319411181,
        "kommune": "Drammen",
        "kategori": "sykkelparkering",
        "name": null,
        "bicycle_parking": "stands",
        "covered": "no",
        "indoor": null,
        "capacity": "8",
        "access": "yes",
        "fee": null,
        "operator": "Drammen kommune",
        "surveillance": null,
        "osm_url": "https://www.openstreetmap.org/node/9319411181"
      }
    },
    {
      "type": "Feature",
      "geometry": {
        "type": "Point",
        "coordinates": [
          10.2017135,
          59.7402418
        ]
      },
      "properties": {
        "id": "osm-node-9319411187",
        "osm_type": "node",
        "osm_id": 9319411187,
        "kommune": "Drammen",
        "kategori": "sykkelparkering",
        "name": null,
        "bicycle_parking": "wall_loops",
        "covered": "no",
        "indoor": null,
        "capacity": "6",
        "access": "yes",
        "fee": null,
        "operator": "Drammen kommune",
        "surveillance": null,
        "osm_url": "https://www.openstreetmap.org/node/9319411187"
      }
    },
    {
      "type": "Feature",
      "geometry": {
        "type": "Point",
        "coordinates": [
          10.195325,
          59.7420951
        ]
      },
      "properties": {
        "id": "osm-node-9319411195",
        "osm_type": "node",
        "osm_id": 9319411195,
        "kommune": "Drammen",
        "kategori": "sykkelparkering",
        "name": null,
        "bicycle_parking": "stands",
        "covered": "no",
        "indoor": null,
        "capacity": "30",
        "access": "yes",
        "fee": "no",
        "operator": null,
        "surveillance": null,
        "osm_url": "https://www.openstreetmap.org/node/9319411195"
      }
    },
    {
      "type": "Feature",
      "geometry": {
        "type": "Point",
        "coordinates": [
          10.1930574,
          59.7431088
        ]
      },
      "properties": {
        "id": "osm-node-9319411196",
        "osm_type": "node",
        "osm_id": 9319411196,
        "kommune": "Drammen",
        "kategori": "sykkelparkering_med_tak",
        "name": null,
        "bicycle_parking": "stands",
        "covered": "yes",
        "indoor": null,
        "capacity": "16",
        "access": null,
        "fee": null,
        "operator": null,
        "surveillance": null,
        "osm_url": "https://www.openstreetmap.org/node/9319411196"
      }
    },
    {
      "type": "Feature",
      "geometry": {
        "type": "Point",
        "coordinates": [
          10.1919745,
          59.7434641
        ]
      },
      "properties": {
        "id": "osm-node-9319411197",
        "osm_type": "node",
        "osm_id": 9319411197,
        "kommune": "Drammen",
        "kategori": "sykkelparkering",
        "name": null,
        "bicycle_parking": "stands",
        "covered": "no",
        "indoor": null,
        "capacity": "18",
        "access": "yes",
        "fee": null,
        "operator": null,
        "surveillance": null,
        "osm_url": "https://www.openstreetmap.org/node/9319411197"
      }
    },
    {
      "type": "Feature",
      "geometry": {
        "type": "Point",
        "coordinates": [
          10.0159755,
          59.7458395
        ]
      },
      "properties": {
        "id": "osm-node-9345755553",
        "osm_type": "node",
        "osm_id": 9345755553,
        "kommune": "Drammen",
        "kategori": "sykkelparkering",
        "name": null,
        "bicycle_parking": "wall_loops",
        "covered": "no",
        "indoor": null,
        "capacity": null,
        "access": "yes",
        "fee": "no",
        "operator": null,
        "surveillance": null,
        "osm_url": "https://www.openstreetmap.org/node/9345755553"
      }
    },
    {
      "type": "Feature",
      "geometry": {
        "type": "Point",
        "coordinates": [
          10.0215232,
          59.7329694
        ]
      },
      "properties": {
        "id": "osm-node-9393083677",
        "osm_type": "node",
        "osm_id": 9393083677,
        "kommune": "Drammen",
        "kategori": "sykkelparkering",
        "name": null,
        "bicycle_parking": "wall_loops",
        "covered": "no",
        "indoor": null,
        "capacity": null,
        "access": "yes",
        "fee": null,
        "operator": "Drammen kommune",
        "surveillance": null,
        "osm_url": "https://www.openstreetmap.org/node/9393083677"
      }
    },
    {
      "type": "Feature",
      "geometry": {
        "type": "Point",
        "coordinates": [
          10.1302637,
          59.7567909
        ]
      },
      "properties": {
        "id": "osm-node-9395413696",
        "osm_type": "node",
        "osm_id": 9395413696,
        "kommune": "Drammen",
        "kategori": "sykkelparkering",
        "name": null,
        "bicycle_parking": "wall_loops",
        "covered": "no",
        "indoor": null,
        "capacity": null,
        "access": null,
        "fee": null,
        "operator": null,
        "surveillance": null,
        "osm_url": "https://www.openstreetmap.org/node/9395413696"
      }
    },
    {
      "type": "Feature",
      "geometry": {
        "type": "Point",
        "coordinates": [
          10.0087756,
          59.7589588
        ]
      },
      "properties": {
        "id": "osm-node-9396481118",
        "osm_type": "node",
        "osm_id": 9396481118,
        "kommune": "Drammen",
        "kategori": "sykkelparkering",
        "name": null,
        "bicycle_parking": "wall_loops",
        "covered": "no",
        "indoor": null,
        "capacity": "100",
        "access": "yes",
        "fee": null,
        "operator": "Drammen kommune",
        "surveillance": null,
        "osm_url": "https://www.openstreetmap.org/node/9396481118"
      }
    },
    {
      "type": "Feature",
      "geometry": {
        "type": "Point",
        "coordinates": [
          10.1936234,
          59.7425495
        ]
      },
      "properties": {
        "id": "osm-node-9409747701",
        "osm_type": "node",
        "osm_id": 9409747701,
        "kommune": "Drammen",
        "kategori": "sykkelparkering",
        "name": null,
        "bicycle_parking": "stands",
        "covered": "no",
        "indoor": null,
        "capacity": "18",
        "access": "yes",
        "fee": null,
        "operator": null,
        "surveillance": null,
        "osm_url": "https://www.openstreetmap.org/node/9409747701"
      }
    },
    {
      "type": "Feature",
      "geometry": {
        "type": "Point",
        "coordinates": [
          10.2625279,
          59.7167058
        ]
      },
      "properties": {
        "id": "osm-node-9420338122",
        "osm_type": "node",
        "osm_id": 9420338122,
        "kommune": "Drammen",
        "kategori": "sykkelparkering",
        "name": null,
        "bicycle_parking": "stands",
        "covered": "no",
        "indoor": null,
        "capacity": "3",
        "access": null,
        "fee": null,
        "operator": null,
        "surveillance": null,
        "osm_url": "https://www.openstreetmap.org/node/9420338122"
      }
    },
    {
      "type": "Feature",
      "geometry": {
        "type": "Point",
        "coordinates": [
          10.2062432,
          59.7386733
        ]
      },
      "properties": {
        "id": "osm-node-9446671986",
        "osm_type": "node",
        "osm_id": 9446671986,
        "kommune": "Drammen",
        "kategori": "sykkelparkering",
        "name": null,
        "bicycle_parking": "wall_loops",
        "covered": "no",
        "indoor": null,
        "capacity": null,
        "access": null,
        "fee": null,
        "operator": null,
        "surveillance": null,
        "osm_url": "https://www.openstreetmap.org/node/9446671986"
      }
    },
    {
      "type": "Feature",
      "geometry": {
        "type": "Point",
        "coordinates": [
          10.1596772,
          59.7426776
        ]
      },
      "properties": {
        "id": "osm-node-9447954059",
        "osm_type": "node",
        "osm_id": 9447954059,
        "kommune": "Drammen",
        "kategori": "sykkelparkering",
        "name": null,
        "bicycle_parking": "stands",
        "covered": "no",
        "indoor": null,
        "capacity": "30",
        "access": null,
        "fee": null,
        "operator": null,
        "surveillance": null,
        "osm_url": "https://www.openstreetmap.org/node/9447954059"
      }
    },
    {
      "type": "Feature",
      "geometry": {
        "type": "Point",
        "coordinates": [
          10.1603135,
          59.7424439
        ]
      },
      "properties": {
        "id": "osm-node-9448004971",
        "osm_type": "node",
        "osm_id": 9448004971,
        "kommune": "Drammen",
        "kategori": "sykkelparkering",
        "name": null,
        "bicycle_parking": "stands",
        "covered": "no",
        "indoor": null,
        "capacity": "12",
        "access": null,
        "fee": null,
        "operator": null,
        "surveillance": null,
        "osm_url": "https://www.openstreetmap.org/node/9448004971"
      }
    },
    {
      "type": "Feature",
      "geometry": {
        "type": "Point",
        "coordinates": [
          10.1581413,
          59.7426804
        ]
      },
      "properties": {
        "id": "osm-node-9448027215",
        "osm_type": "node",
        "osm_id": 9448027215,
        "kommune": "Drammen",
        "kategori": "sykkelparkering",
        "name": null,
        "bicycle_parking": "stands",
        "covered": "no",
        "indoor": null,
        "capacity": "9",
        "access": null,
        "fee": null,
        "operator": null,
        "surveillance": null,
        "osm_url": "https://www.openstreetmap.org/node/9448027215"
      }
    },
    {
      "type": "Feature",
      "geometry": {
        "type": "Point",
        "coordinates": [
          10.0774927,
          59.7632344
        ]
      },
      "properties": {
        "id": "osm-node-9514592217",
        "osm_type": "node",
        "osm_id": 9514592217,
        "kommune": "Drammen",
        "kategori": "sykkelparkering",
        "name": null,
        "bicycle_parking": "wall_loops",
        "covered": "no",
        "indoor": null,
        "capacity": null,
        "access": "yes",
        "fee": null,
        "operator": "Drammen kommune",
        "surveillance": null,
        "osm_url": "https://www.openstreetmap.org/node/9514592217"
      }
    },
    {
      "type": "Feature",
      "geometry": {
        "type": "Point",
        "coordinates": [
          10.0776067,
          59.7632859
        ]
      },
      "properties": {
        "id": "osm-node-9514592218",
        "osm_type": "node",
        "osm_id": 9514592218,
        "kommune": "Drammen",
        "kategori": "sykkelparkering",
        "name": null,
        "bicycle_parking": "wall_loops",
        "covered": "no",
        "indoor": null,
        "capacity": null,
        "access": "yes",
        "fee": null,
        "operator": "Drammen kommune",
        "surveillance": null,
        "osm_url": "https://www.openstreetmap.org/node/9514592218"
      }
    },
    {
      "type": "Feature",
      "geometry": {
        "type": "Point",
        "coordinates": [
          10.076621,
          59.7632055
        ]
      },
      "properties": {
        "id": "osm-node-9514592249",
        "osm_type": "node",
        "osm_id": 9514592249,
        "kommune": "Drammen",
        "kategori": "sykkelparkering",
        "name": null,
        "bicycle_parking": null,
        "covered": "no",
        "indoor": null,
        "capacity": null,
        "access": null,
        "fee": null,
        "operator": null,
        "surveillance": null,
        "osm_url": "https://www.openstreetmap.org/node/9514592249"
      }
    },
    {
      "type": "Feature",
      "geometry": {
        "type": "Point",
        "coordinates": [
          10.2061691,
          59.7442235
        ]
      },
      "properties": {
        "id": "osm-node-9546797539",
        "osm_type": "node",
        "osm_id": 9546797539,
        "kommune": "Drammen",
        "kategori": "sykkelparkering",
        "name": null,
        "bicycle_parking": "bollard",
        "covered": "no",
        "indoor": null,
        "capacity": "10",
        "access": "yes",
        "fee": null,
        "operator": null,
        "surveillance": null,
        "osm_url": "https://www.openstreetmap.org/node/9546797539"
      }
    },
    {
      "type": "Feature",
      "geometry": {
        "type": "Point",
        "coordinates": [
          9.9914694,
          59.7579261
        ]
      },
      "properties": {
        "id": "osm-node-9551702170",
        "osm_type": "node",
        "osm_id": 9551702170,
        "kommune": "Drammen",
        "kategori": "sykkelparkering_med_tak",
        "name": null,
        "bicycle_parking": "wall_loops",
        "covered": "yes",
        "indoor": null,
        "capacity": "5",
        "access": null,
        "fee": null,
        "operator": null,
        "surveillance": null,
        "osm_url": "https://www.openstreetmap.org/node/9551702170"
      }
    },
    {
      "type": "Feature",
      "geometry": {
        "type": "Point",
        "coordinates": [
          10.1981722,
          59.7367003
        ]
      },
      "properties": {
        "id": "osm-node-9575037855",
        "osm_type": "node",
        "osm_id": 9575037855,
        "kommune": "Drammen",
        "kategori": "sykkelparkering",
        "name": null,
        "bicycle_parking": "stands",
        "covered": "no",
        "indoor": null,
        "capacity": "10",
        "access": null,
        "fee": null,
        "operator": null,
        "surveillance": null,
        "osm_url": "https://www.openstreetmap.org/node/9575037855"
      }
    },
    {
      "type": "Feature",
      "geometry": {
        "type": "Point",
        "coordinates": [
          10.2222398,
          59.7189966
        ]
      },
      "properties": {
        "id": "osm-node-9580271882",
        "osm_type": "node",
        "osm_id": 9580271882,
        "kommune": "Drammen",
        "kategori": "sykkelparkering",
        "name": null,
        "bicycle_parking": null,
        "covered": "no",
        "indoor": null,
        "capacity": null,
        "access": "yes",
        "fee": null,
        "operator": "Drammen kommune",
        "surveillance": null,
        "osm_url": "https://www.openstreetmap.org/node/9580271882"
      }
    },
    {
      "type": "Feature",
      "geometry": {
        "type": "Point",
        "coordinates": [
          10.2221999,
          59.7189837
        ]
      },
      "properties": {
        "id": "osm-node-9580271883",
        "osm_type": "node",
        "osm_id": 9580271883,
        "kommune": "Drammen",
        "kategori": "sykkelparkering_med_tak",
        "name": null,
        "bicycle_parking": "stands",
        "covered": "yes",
        "indoor": null,
        "capacity": null,
        "access": "yes",
        "fee": null,
        "operator": "Drammen kommune",
        "surveillance": null,
        "osm_url": "https://www.openstreetmap.org/node/9580271883"
      }
    },
    {
      "type": "Feature",
      "geometry": {
        "type": "Point",
        "coordinates": [
          10.2230484,
          59.7416542
        ]
      },
      "properties": {
        "id": "osm-node-9620784690",
        "osm_type": "node",
        "osm_id": 9620784690,
        "kommune": "Drammen",
        "kategori": "sykkelparkering_med_tak",
        "name": null,
        "bicycle_parking": "wall_loops",
        "covered": "yes",
        "indoor": null,
        "capacity": "6",
        "access": "yes",
        "fee": "no",
        "operator": "CC Drammen",
        "surveillance": null,
        "osm_url": "https://www.openstreetmap.org/node/9620784690"
      }
    },
    {
      "type": "Feature",
      "geometry": {
        "type": "Point",
        "coordinates": [
          10.0782392,
          59.7619243
        ]
      },
      "properties": {
        "id": "osm-node-9642607413",
        "osm_type": "node",
        "osm_id": 9642607413,
        "kommune": "Drammen",
        "kategori": "sykkelparkering",
        "name": null,
        "bicycle_parking": "stands",
        "covered": "no",
        "indoor": null,
        "capacity": "12",
        "access": null,
        "fee": null,
        "operator": null,
        "surveillance": null,
        "osm_url": "https://www.openstreetmap.org/node/9642607413"
      }
    },
    {
      "type": "Feature",
      "geometry": {
        "type": "Point",
        "coordinates": [
          10.015547,
          59.7476423
        ]
      },
      "properties": {
        "id": "osm-node-9642671632",
        "osm_type": "node",
        "osm_id": 9642671632,
        "kommune": "Drammen",
        "kategori": "sykkelparkering",
        "name": null,
        "bicycle_parking": "wall_loops",
        "covered": "no",
        "indoor": null,
        "capacity": null,
        "access": null,
        "fee": null,
        "operator": null,
        "surveillance": null,
        "osm_url": "https://www.openstreetmap.org/node/9642671632"
      }
    },
    {
      "type": "Feature",
      "geometry": {
        "type": "Point",
        "coordinates": [
          10.0067765,
          59.7481422
        ]
      },
      "properties": {
        "id": "osm-node-9648977185",
        "osm_type": "node",
        "osm_id": 9648977185,
        "kommune": "Drammen",
        "kategori": "sykkelparkering",
        "name": null,
        "bicycle_parking": "stands",
        "covered": null,
        "indoor": null,
        "capacity": null,
        "access": null,
        "fee": null,
        "operator": null,
        "surveillance": null,
        "osm_url": "https://www.openstreetmap.org/node/9648977185"
      }
    },
    {
      "type": "Feature",
      "geometry": {
        "type": "Point",
        "coordinates": [
          10.1921919,
          59.7444985
        ]
      },
      "properties": {
        "id": "osm-node-9682456872",
        "osm_type": "node",
        "osm_id": 9682456872,
        "kommune": "Drammen",
        "kategori": "sykkelparkering_med_tak",
        "name": null,
        "bicycle_parking": "stands",
        "covered": "yes",
        "indoor": null,
        "capacity": "6",
        "access": null,
        "fee": null,
        "operator": null,
        "surveillance": null,
        "osm_url": "https://www.openstreetmap.org/node/9682456872"
      }
    },
    {
      "type": "Feature",
      "geometry": {
        "type": "Point",
        "coordinates": [
          10.1913495,
          59.7444369
        ]
      },
      "properties": {
        "id": "osm-node-9682483461",
        "osm_type": "node",
        "osm_id": 9682483461,
        "kommune": "Drammen",
        "kategori": "sykkelparkering",
        "name": null,
        "bicycle_parking": "stands",
        "covered": "no",
        "indoor": null,
        "capacity": "16",
        "access": null,
        "fee": null,
        "operator": null,
        "surveillance": null,
        "osm_url": "https://www.openstreetmap.org/node/9682483461"
      }
    },
    {
      "type": "Feature",
      "geometry": {
        "type": "Point",
        "coordinates": [
          10.2235208,
          59.7207485
        ]
      },
      "properties": {
        "id": "osm-node-9709025929",
        "osm_type": "node",
        "osm_id": 9709025929,
        "kommune": "Drammen",
        "kategori": "sykkelparkering_med_tak",
        "name": null,
        "bicycle_parking": "stands",
        "covered": "yes",
        "indoor": null,
        "capacity": "80",
        "access": "yes",
        "fee": null,
        "operator": "Drammen kommune",
        "surveillance": null,
        "osm_url": "https://www.openstreetmap.org/node/9709025929"
      }
    },
    {
      "type": "Feature",
      "geometry": {
        "type": "Point",
        "coordinates": [
          10.4023281,
          59.6063182
        ]
      },
      "properties": {
        "id": "osm-node-9767353628",
        "osm_type": "node",
        "osm_id": 9767353628,
        "kommune": "Drammen",
        "kategori": "sykkelparkering",
        "name": null,
        "bicycle_parking": "wall_loops",
        "covered": "no",
        "indoor": null,
        "capacity": null,
        "access": "yes",
        "fee": null,
        "operator": "Drammen kommune",
        "surveillance": null,
        "osm_url": "https://www.openstreetmap.org/node/9767353628"
      }
    },
    {
      "type": "Feature",
      "geometry": {
        "type": "Point",
        "coordinates": [
          10.4030158,
          59.6063256
        ]
      },
      "properties": {
        "id": "osm-node-9767353630",
        "osm_type": "node",
        "osm_id": 9767353630,
        "kommune": "Drammen",
        "kategori": "sykkelparkering",
        "name": null,
        "bicycle_parking": "wall_loops",
        "covered": "no",
        "indoor": null,
        "capacity": null,
        "access": "yes",
        "fee": null,
        "operator": "Drammen kommune",
        "surveillance": null,
        "osm_url": "https://www.openstreetmap.org/node/9767353630"
      }
    },
    {
      "type": "Feature",
      "geometry": {
        "type": "Point",
        "coordinates": [
          10.1978905,
          59.7422686
        ]
      },
      "properties": {
        "id": "osm-node-9802108427",
        "osm_type": "node",
        "osm_id": 9802108427,
        "kommune": "Drammen",
        "kategori": "sykkelparkering",
        "name": null,
        "bicycle_parking": "wall_loops",
        "covered": "no",
        "indoor": null,
        "capacity": "10",
        "access": "yes",
        "fee": null,
        "operator": null,
        "surveillance": null,
        "osm_url": "https://www.openstreetmap.org/node/9802108427"
      }
    },
    {
      "type": "Feature",
      "geometry": {
        "type": "Point",
        "coordinates": [
          10.1943601,
          59.7428791
        ]
      },
      "properties": {
        "id": "osm-node-9850558730",
        "osm_type": "node",
        "osm_id": 9850558730,
        "kommune": "Drammen",
        "kategori": "sykkelparkering",
        "name": null,
        "bicycle_parking": "stands",
        "covered": "no",
        "indoor": null,
        "capacity": "12",
        "access": "yes",
        "fee": null,
        "operator": null,
        "surveillance": null,
        "osm_url": "https://www.openstreetmap.org/node/9850558730"
      }
    },
    {
      "type": "Feature",
      "geometry": {
        "type": "Point",
        "coordinates": [
          10.1953141,
          59.746772
        ]
      },
      "properties": {
        "id": "osm-node-9895485897",
        "osm_type": "node",
        "osm_id": 9895485897,
        "kommune": "Drammen",
        "kategori": "sykkelparkering",
        "name": null,
        "bicycle_parking": "stands",
        "covered": "no",
        "indoor": null,
        "capacity": "6",
        "access": null,
        "fee": null,
        "operator": null,
        "surveillance": null,
        "osm_url": "https://www.openstreetmap.org/node/9895485897"
      }
    },
    {
      "type": "Feature",
      "geometry": {
        "type": "Point",
        "coordinates": [
          10.2505627,
          59.6850207
        ]
      },
      "properties": {
        "id": "osm-node-9926523303",
        "osm_type": "node",
        "osm_id": 9926523303,
        "kommune": "Drammen",
        "kategori": "sykkelparkering",
        "name": null,
        "bicycle_parking": "stands",
        "covered": "no",
        "indoor": null,
        "capacity": "40",
        "access": null,
        "fee": null,
        "operator": "Drammen kommune",
        "surveillance": null,
        "osm_url": "https://www.openstreetmap.org/node/9926523303"
      }
    },
    {
      "type": "Feature",
      "geometry": {
        "type": "Point",
        "coordinates": [
          10.2506077,
          59.6852321
        ]
      },
      "properties": {
        "id": "osm-node-9926523304",
        "osm_type": "node",
        "osm_id": 9926523304,
        "kommune": "Drammen",
        "kategori": "sykkelparkering",
        "name": null,
        "bicycle_parking": "stands",
        "covered": "no",
        "indoor": null,
        "capacity": "40",
        "access": null,
        "fee": null,
        "operator": "Drammen kommune",
        "surveillance": null,
        "osm_url": "https://www.openstreetmap.org/node/9926523304"
      }
    },
    {
      "type": "Feature",
      "geometry": {
        "type": "Point",
        "coordinates": [
          10.1922742,
          59.7438234
        ]
      },
      "properties": {
        "id": "osm-node-9926814986",
        "osm_type": "node",
        "osm_id": 9926814986,
        "kommune": "Drammen",
        "kategori": "sykkelparkering_med_tak",
        "name": null,
        "bicycle_parking": "wall_loops",
        "covered": "yes",
        "indoor": null,
        "capacity": "6",
        "access": null,
        "fee": null,
        "operator": null,
        "surveillance": null,
        "osm_url": "https://www.openstreetmap.org/node/9926814986"
      }
    },
    {
      "type": "Feature",
      "geometry": {
        "type": "Point",
        "coordinates": [
          10.2604801,
          59.7231766
        ]
      },
      "properties": {
        "id": "osm-node-9927598846",
        "osm_type": "node",
        "osm_id": 9927598846,
        "kommune": "Drammen",
        "kategori": "sykkelparkering",
        "name": null,
        "bicycle_parking": "wall_loops",
        "covered": "no",
        "indoor": null,
        "capacity": "10",
        "access": null,
        "fee": null,
        "operator": null,
        "surveillance": null,
        "osm_url": "https://www.openstreetmap.org/node/9927598846"
      }
    },
    {
      "type": "Feature",
      "geometry": {
        "type": "Point",
        "coordinates": [
          10.1921884,
          59.7464348
        ]
      },
      "properties": {
        "id": "osm-node-9947298740",
        "osm_type": "node",
        "osm_id": 9947298740,
        "kommune": "Drammen",
        "kategori": "sykkelparkering",
        "name": null,
        "bicycle_parking": "wall_loops",
        "covered": "no",
        "indoor": null,
        "capacity": "6",
        "access": null,
        "fee": null,
        "operator": null,
        "surveillance": null,
        "osm_url": "https://www.openstreetmap.org/node/9947298740"
      }
    },
    {
      "type": "Feature",
      "geometry": {
        "type": "Point",
        "coordinates": [
          10.2111934,
          59.7411376
        ]
      },
      "properties": {
        "id": "osm-node-9955220462",
        "osm_type": "node",
        "osm_id": 9955220462,
        "kommune": "Drammen",
        "kategori": "sykkelparkering",
        "name": null,
        "bicycle_parking": "wall_loops",
        "covered": "no",
        "indoor": null,
        "capacity": null,
        "access": null,
        "fee": null,
        "operator": null,
        "surveillance": null,
        "osm_url": "https://www.openstreetmap.org/node/9955220462"
      }
    },
    {
      "type": "Feature",
      "geometry": {
        "type": "Point",
        "coordinates": [
          10.1933505,
          59.7427717
        ]
      },
      "properties": {
        "id": "osm-node-9967934106",
        "osm_type": "node",
        "osm_id": 9967934106,
        "kommune": "Drammen",
        "kategori": "sykkelparkering_med_tak",
        "name": null,
        "bicycle_parking": null,
        "covered": "yes",
        "indoor": null,
        "capacity": null,
        "access": "private",
        "fee": null,
        "operator": "Papirbredden 2",
        "surveillance": null,
        "osm_url": "https://www.openstreetmap.org/node/9967934106"
      }
    },
    {
      "type": "Feature",
      "geometry": {
        "type": "Point",
        "coordinates": [
          10.1667682,
          59.748714
        ]
      },
      "properties": {
        "id": "osm-node-9969263466",
        "osm_type": "node",
        "osm_id": 9969263466,
        "kommune": "Drammen",
        "kategori": "sykkelparkering",
        "name": null,
        "bicycle_parking": "wall_loops",
        "covered": "no",
        "indoor": null,
        "capacity": "7",
        "access": null,
        "fee": null,
        "operator": null,
        "surveillance": null,
        "osm_url": "https://www.openstreetmap.org/node/9969263466"
      }
    },
    {
      "type": "Feature",
      "geometry": {
        "type": "Point",
        "coordinates": [
          10.166884,
          59.7497666
        ]
      },
      "properties": {
        "id": "osm-node-9969263468",
        "osm_type": "node",
        "osm_id": 9969263468,
        "kommune": "Drammen",
        "kategori": "sykkelparkering",
        "name": null,
        "bicycle_parking": "wall_loops",
        "covered": "no",
        "indoor": null,
        "capacity": "12",
        "access": null,
        "fee": null,
        "operator": null,
        "surveillance": null,
        "osm_url": "https://www.openstreetmap.org/node/9969263468"
      }
    },
    {
      "type": "Feature",
      "geometry": {
        "type": "Point",
        "coordinates": [
          10.19626,
          59.7429701
        ]
      },
      "properties": {
        "id": "osm-node-9969308367",
        "osm_type": "node",
        "osm_id": 9969308367,
        "kommune": "Drammen",
        "kategori": "sykkelparkering",
        "name": null,
        "bicycle_parking": "wall_loops",
        "covered": "no",
        "indoor": null,
        "capacity": "30",
        "access": null,
        "fee": null,
        "operator": null,
        "surveillance": null,
        "osm_url": "https://www.openstreetmap.org/node/9969308367"
      }
    },
    {
      "type": "Feature",
      "geometry": {
        "type": "Point",
        "coordinates": [
          10.1955054,
          59.7430686
        ]
      },
      "properties": {
        "id": "osm-node-9969316320",
        "osm_type": "node",
        "osm_id": 9969316320,
        "kommune": "Drammen",
        "kategori": "sykkelparkering",
        "name": null,
        "bicycle_parking": "wall_loops",
        "covered": "no",
        "indoor": null,
        "capacity": null,
        "access": null,
        "fee": null,
        "operator": null,
        "surveillance": null,
        "osm_url": "https://www.openstreetmap.org/node/9969316320"
      }
    },
    {
      "type": "Feature",
      "geometry": {
        "type": "Point",
        "coordinates": [
          10.2224205,
          59.729173
        ]
      },
      "properties": {
        "id": "osm-node-9993015903",
        "osm_type": "node",
        "osm_id": 9993015903,
        "kommune": "Drammen",
        "kategori": "sykkelparkering_med_tak",
        "name": null,
        "bicycle_parking": "stands",
        "covered": "yes",
        "indoor": null,
        "capacity": "8",
        "access": null,
        "fee": null,
        "operator": null,
        "surveillance": null,
        "osm_url": "https://www.openstreetmap.org/node/9993015903"
      }
    },
    {
      "type": "Feature",
      "geometry": {
        "type": "Point",
        "coordinates": [
          10.2225762,
          59.7291702
        ]
      },
      "properties": {
        "id": "osm-node-9993023135",
        "osm_type": "node",
        "osm_id": 9993023135,
        "kommune": "Drammen",
        "kategori": "sykkelparkering",
        "name": null,
        "bicycle_parking": "stands",
        "covered": "no",
        "indoor": null,
        "capacity": "6",
        "access": null,
        "fee": null,
        "operator": null,
        "surveillance": null,
        "osm_url": "https://www.openstreetmap.org/node/9993023135"
      }
    },
    {
      "type": "Feature",
      "geometry": {
        "type": "Point",
        "coordinates": [
          10.2223019,
          59.728934
        ]
      },
      "properties": {
        "id": "osm-node-9993032743",
        "osm_type": "node",
        "osm_id": 9993032743,
        "kommune": "Drammen",
        "kategori": "sykkelparkering_med_tak",
        "name": null,
        "bicycle_parking": "stands",
        "covered": "yes",
        "indoor": null,
        "capacity": "18",
        "access": null,
        "fee": null,
        "operator": null,
        "surveillance": null,
        "osm_url": "https://www.openstreetmap.org/node/9993032743"
      }
    },
    {
      "type": "Feature",
      "geometry": {
        "type": "Point",
        "coordinates": [
          10.2224174,
          59.7298418
        ]
      },
      "properties": {
        "id": "osm-node-9993084939",
        "osm_type": "node",
        "osm_id": 9993084939,
        "kommune": "Drammen",
        "kategori": "sykkelparkering_med_tak",
        "name": null,
        "bicycle_parking": "stands",
        "covered": "yes",
        "indoor": null,
        "capacity": "18",
        "access": null,
        "fee": null,
        "operator": null,
        "surveillance": null,
        "osm_url": "https://www.openstreetmap.org/node/9993084939"
      }
    },
    {
      "type": "Feature",
      "geometry": {
        "type": "Point",
        "coordinates": [
          10.2214814,
          59.7409104
        ]
      },
      "properties": {
        "id": "osm-node-10002801586",
        "osm_type": "node",
        "osm_id": 10002801586,
        "kommune": "Drammen",
        "kategori": "sykkelparkering",
        "name": null,
        "bicycle_parking": "wall_loops",
        "covered": "no",
        "indoor": null,
        "capacity": "10",
        "access": null,
        "fee": null,
        "operator": null,
        "surveillance": null,
        "osm_url": "https://www.openstreetmap.org/node/10002801586"
      }
    },
    {
      "type": "Feature",
      "geometry": {
        "type": "Point",
        "coordinates": [
          10.2093496,
          59.735373
        ]
      },
      "properties": {
        "id": "osm-node-10025046686",
        "osm_type": "node",
        "osm_id": 10025046686,
        "kommune": "Drammen",
        "kategori": "sykkelparkering",
        "name": null,
        "bicycle_parking": "wall_loops",
        "covered": "no",
        "indoor": null,
        "capacity": "39",
        "access": null,
        "fee": null,
        "operator": null,
        "surveillance": null,
        "osm_url": "https://www.openstreetmap.org/node/10025046686"
      }
    },
    {
      "type": "Feature",
      "geometry": {
        "type": "Point",
        "coordinates": [
          10.2090615,
          59.7381483
        ]
      },
      "properties": {
        "id": "osm-node-10025076228",
        "osm_type": "node",
        "osm_id": 10025076228,
        "kommune": "Drammen",
        "kategori": "sykkelparkering",
        "name": null,
        "bicycle_parking": "stands",
        "covered": "no",
        "indoor": null,
        "capacity": "5",
        "access": null,
        "fee": null,
        "operator": null,
        "surveillance": null,
        "osm_url": "https://www.openstreetmap.org/node/10025076228"
      }
    },
    {
      "type": "Feature",
      "geometry": {
        "type": "Point",
        "coordinates": [
          10.2094447,
          59.7356404
        ]
      },
      "properties": {
        "id": "osm-node-10025078035",
        "osm_type": "node",
        "osm_id": 10025078035,
        "kommune": "Drammen",
        "kategori": "sykkelparkering_med_tak",
        "name": null,
        "bicycle_parking": "building",
        "covered": "yes",
        "indoor": null,
        "capacity": null,
        "access": "private",
        "fee": null,
        "operator": null,
        "surveillance": null,
        "osm_url": "https://www.openstreetmap.org/node/10025078035"
      }
    },
    {
      "type": "Feature",
      "geometry": {
        "type": "Point",
        "coordinates": [
          10.216927,
          59.7320364
        ]
      },
      "properties": {
        "id": "osm-node-10025122517",
        "osm_type": "node",
        "osm_id": 10025122517,
        "kommune": "Drammen",
        "kategori": "sykkelparkering",
        "name": null,
        "bicycle_parking": "wall_loops",
        "covered": "no",
        "indoor": null,
        "capacity": null,
        "access": null,
        "fee": null,
        "operator": null,
        "surveillance": null,
        "osm_url": "https://www.openstreetmap.org/node/10025122517"
      }
    },
    {
      "type": "Feature",
      "geometry": {
        "type": "Point",
        "coordinates": [
          10.2031301,
          59.746039
        ]
      },
      "properties": {
        "id": "osm-node-10029602979",
        "osm_type": "node",
        "osm_id": 10029602979,
        "kommune": "Drammen",
        "kategori": "sykkelparkering",
        "name": null,
        "bicycle_parking": "wall_loops",
        "covered": "no",
        "indoor": null,
        "capacity": "4",
        "access": null,
        "fee": null,
        "operator": null,
        "surveillance": null,
        "osm_url": "https://www.openstreetmap.org/node/10029602979"
      }
    },
    {
      "type": "Feature",
      "geometry": {
        "type": "Point",
        "coordinates": [
          10.155819,
          59.706495
        ]
      },
      "properties": {
        "id": "osm-node-10052034318",
        "osm_type": "node",
        "osm_id": 10052034318,
        "kommune": "Drammen",
        "kategori": "sykkelparkering_med_tak",
        "name": null,
        "bicycle_parking": "safe_loops",
        "covered": "yes",
        "indoor": null,
        "capacity": "18",
        "access": null,
        "fee": null,
        "operator": null,
        "surveillance": null,
        "osm_url": "https://www.openstreetmap.org/node/10052034318"
      }
    },
    {
      "type": "Feature",
      "geometry": {
        "type": "Point",
        "coordinates": [
          10.1961726,
          59.7492227
        ]
      },
      "properties": {
        "id": "osm-node-10091532292",
        "osm_type": "node",
        "osm_id": 10091532292,
        "kommune": "Drammen",
        "kategori": "sykkelparkering_med_tak",
        "name": null,
        "bicycle_parking": "stands",
        "covered": "yes",
        "indoor": null,
        "capacity": "6",
        "access": null,
        "fee": null,
        "operator": null,
        "surveillance": null,
        "osm_url": "https://www.openstreetmap.org/node/10091532292"
      }
    },
    {
      "type": "Feature",
      "geometry": {
        "type": "Point",
        "coordinates": [
          10.2003871,
          59.7405489
        ]
      },
      "properties": {
        "id": "osm-node-10103273998",
        "osm_type": "node",
        "osm_id": 10103273998,
        "kommune": "Drammen",
        "kategori": "sykkelparkering_med_tak",
        "name": null,
        "bicycle_parking": "stands",
        "covered": "yes",
        "indoor": null,
        "capacity": "14",
        "access": "yes",
        "fee": null,
        "operator": "Drammen kommune",
        "surveillance": null,
        "osm_url": "https://www.openstreetmap.org/node/10103273998"
      }
    },
    {
      "type": "Feature",
      "geometry": {
        "type": "Point",
        "coordinates": [
          10.2046407,
          59.7340577
        ]
      },
      "properties": {
        "id": "osm-node-10106086924",
        "osm_type": "node",
        "osm_id": 10106086924,
        "kommune": "Drammen",
        "kategori": "sykkelparkering",
        "name": null,
        "bicycle_parking": "wall_loops",
        "covered": "no",
        "indoor": null,
        "capacity": "9",
        "access": null,
        "fee": null,
        "operator": null,
        "surveillance": null,
        "osm_url": "https://www.openstreetmap.org/node/10106086924"
      }
    },
    {
      "type": "Feature",
      "geometry": {
        "type": "Point",
        "coordinates": [
          10.2133868,
          59.7316953
        ]
      },
      "properties": {
        "id": "osm-node-10106095247",
        "osm_type": "node",
        "osm_id": 10106095247,
        "kommune": "Drammen",
        "kategori": "sykkelparkering",
        "name": null,
        "bicycle_parking": "wall_loops",
        "covered": "no",
        "indoor": null,
        "capacity": "21",
        "access": null,
        "fee": null,
        "operator": null,
        "surveillance": null,
        "osm_url": "https://www.openstreetmap.org/node/10106095247"
      }
    },
    {
      "type": "Feature",
      "geometry": {
        "type": "Point",
        "coordinates": [
          10.2066874,
          59.7446048
        ]
      },
      "properties": {
        "id": "osm-node-10112218873",
        "osm_type": "node",
        "osm_id": 10112218873,
        "kommune": "Drammen",
        "kategori": "sykkelparkering_med_tak",
        "name": null,
        "bicycle_parking": "stands",
        "covered": "yes",
        "indoor": null,
        "capacity": "36",
        "access": null,
        "fee": null,
        "operator": null,
        "surveillance": null,
        "osm_url": "https://www.openstreetmap.org/node/10112218873"
      }
    },
    {
      "type": "Feature",
      "geometry": {
        "type": "Point",
        "coordinates": [
          10.2147543,
          59.7408478
        ]
      },
      "properties": {
        "id": "osm-node-10130124911",
        "osm_type": "node",
        "osm_id": 10130124911,
        "kommune": "Drammen",
        "kategori": "sykkelparkering",
        "name": null,
        "bicycle_parking": "stands",
        "covered": "no",
        "indoor": null,
        "capacity": "8",
        "access": null,
        "fee": null,
        "operator": null,
        "surveillance": null,
        "osm_url": "https://www.openstreetmap.org/node/10130124911"
      }
    },
    {
      "type": "Feature",
      "geometry": {
        "type": "Point",
        "coordinates": [
          10.2144347,
          59.7411323
        ]
      },
      "properties": {
        "id": "osm-node-10130153652",
        "osm_type": "node",
        "osm_id": 10130153652,
        "kommune": "Drammen",
        "kategori": "sykkelparkering",
        "name": null,
        "bicycle_parking": "stands",
        "covered": "no",
        "indoor": null,
        "capacity": "6",
        "access": null,
        "fee": null,
        "operator": null,
        "surveillance": null,
        "osm_url": "https://www.openstreetmap.org/node/10130153652"
      }
    },
    {
      "type": "Feature",
      "geometry": {
        "type": "Point",
        "coordinates": [
          10.2183845,
          59.741527
        ]
      },
      "properties": {
        "id": "osm-node-10130157137",
        "osm_type": "node",
        "osm_id": 10130157137,
        "kommune": "Drammen",
        "kategori": "sykkelparkering",
        "name": null,
        "bicycle_parking": "wall_loops",
        "covered": "no",
        "indoor": null,
        "capacity": "18",
        "access": null,
        "fee": null,
        "operator": null,
        "surveillance": null,
        "osm_url": "https://www.openstreetmap.org/node/10130157137"
      }
    },
    {
      "type": "Feature",
      "geometry": {
        "type": "Point",
        "coordinates": [
          10.2120919,
          59.7325001
        ]
      },
      "properties": {
        "id": "osm-node-10130170042",
        "osm_type": "node",
        "osm_id": 10130170042,
        "kommune": "Drammen",
        "kategori": "sykkelparkering",
        "name": null,
        "bicycle_parking": "wall_loops",
        "covered": "no",
        "indoor": null,
        "capacity": "5",
        "access": null,
        "fee": null,
        "operator": null,
        "surveillance": null,
        "osm_url": "https://www.openstreetmap.org/node/10130170042"
      }
    },
    {
      "type": "Feature",
      "geometry": {
        "type": "Point",
        "coordinates": [
          10.2036437,
          59.7468633
        ]
      },
      "properties": {
        "id": "osm-node-10132270308",
        "osm_type": "node",
        "osm_id": 10132270308,
        "kommune": "Drammen",
        "kategori": "sykkelparkering",
        "name": null,
        "bicycle_parking": "wall_loops",
        "covered": "no",
        "indoor": null,
        "capacity": "4",
        "access": null,
        "fee": null,
        "operator": null,
        "surveillance": null,
        "osm_url": "https://www.openstreetmap.org/node/10132270308"
      }
    },
    {
      "type": "Feature",
      "geometry": {
        "type": "Point",
        "coordinates": [
          10.1997256,
          59.7456864
        ]
      },
      "properties": {
        "id": "osm-node-10132359434",
        "osm_type": "node",
        "osm_id": 10132359434,
        "kommune": "Drammen",
        "kategori": "sykkelparkering_med_tak",
        "name": null,
        "bicycle_parking": "wall_loops",
        "covered": "yes",
        "indoor": "yes",
        "capacity": null,
        "access": "private",
        "fee": null,
        "operator": null,
        "surveillance": null,
        "osm_url": "https://www.openstreetmap.org/node/10132359434"
      }
    },
    {
      "type": "Feature",
      "geometry": {
        "type": "Point",
        "coordinates": [
          10.2060165,
          59.7449183
        ]
      },
      "properties": {
        "id": "osm-node-10132359435",
        "osm_type": "node",
        "osm_id": 10132359435,
        "kommune": "Drammen",
        "kategori": "sykkelparkering_med_tak",
        "name": null,
        "bicycle_parking": "stands",
        "covered": "yes",
        "indoor": "yes",
        "capacity": null,
        "access": "private",
        "fee": null,
        "operator": "Drammen kommune",
        "surveillance": null,
        "osm_url": "https://www.openstreetmap.org/node/10132359435"
      }
    },
    {
      "type": "Feature",
      "geometry": {
        "type": "Point",
        "coordinates": [
          10.2068439,
          59.7454377
        ]
      },
      "properties": {
        "id": "osm-node-10132359480",
        "osm_type": "node",
        "osm_id": 10132359480,
        "kommune": "Drammen",
        "kategori": "sykkelparkering",
        "name": null,
        "bicycle_parking": "wall_loops",
        "covered": "no",
        "indoor": null,
        "capacity": "10",
        "access": null,
        "fee": null,
        "operator": null,
        "surveillance": null,
        "osm_url": "https://www.openstreetmap.org/node/10132359480"
      }
    },
    {
      "type": "Feature",
      "geometry": {
        "type": "Point",
        "coordinates": [
          10.208864,
          59.7380321
        ]
      },
      "properties": {
        "id": "osm-node-10154612759",
        "osm_type": "node",
        "osm_id": 10154612759,
        "kommune": "Drammen",
        "kategori": "sykkelparkering_med_tak",
        "name": null,
        "bicycle_parking": null,
        "covered": "yes",
        "indoor": null,
        "capacity": null,
        "access": "private",
        "fee": null,
        "operator": "Spor X",
        "surveillance": null,
        "osm_url": "https://www.openstreetmap.org/node/10154612759"
      }
    },
    {
      "type": "Feature",
      "geometry": {
        "type": "Point",
        "coordinates": [
          10.2073778,
          59.7387944
        ]
      },
      "properties": {
        "id": "osm-node-10154612762",
        "osm_type": "node",
        "osm_id": 10154612762,
        "kommune": "Drammen",
        "kategori": "sykkelparkering_med_tak",
        "name": null,
        "bicycle_parking": null,
        "covered": "yes",
        "indoor": "yes",
        "capacity": null,
        "access": "private",
        "fee": null,
        "operator": "DBC",
        "surveillance": null,
        "osm_url": "https://www.openstreetmap.org/node/10154612762"
      }
    },
    {
      "type": "Feature",
      "geometry": {
        "type": "Point",
        "coordinates": [
          10.2023747,
          59.7391224
        ]
      },
      "properties": {
        "id": "osm-node-10154685333",
        "osm_type": "node",
        "osm_id": 10154685333,
        "kommune": "Drammen",
        "kategori": "sykkelparkering_med_tak",
        "name": null,
        "bicycle_parking": "stands",
        "covered": "yes",
        "indoor": "yes",
        "capacity": null,
        "access": "permissive",
        "fee": null,
        "operator": "Dpend",
        "surveillance": null,
        "osm_url": "https://www.openstreetmap.org/node/10154685333"
      }
    },
    {
      "type": "Feature",
      "geometry": {
        "type": "Point",
        "coordinates": [
          10.192185,
          59.7444953
        ]
      },
      "properties": {
        "id": "osm-node-10172902302",
        "osm_type": "node",
        "osm_id": 10172902302,
        "kommune": "Drammen",
        "kategori": "sykkelparkering_med_tak",
        "name": null,
        "bicycle_parking": "stands",
        "covered": "yes",
        "indoor": null,
        "capacity": "6",
        "access": null,
        "fee": null,
        "operator": null,
        "surveillance": null,
        "osm_url": "https://www.openstreetmap.org/node/10172902302"
      }
    },
    {
      "type": "Feature",
      "geometry": {
        "type": "Point",
        "coordinates": [
          10.1575525,
          59.7432251
        ]
      },
      "properties": {
        "id": "osm-node-10175441522",
        "osm_type": "node",
        "osm_id": 10175441522,
        "kommune": "Drammen",
        "kategori": "sykkelparkering",
        "name": null,
        "bicycle_parking": "stands",
        "covered": "no",
        "indoor": null,
        "capacity": "32",
        "access": null,
        "fee": null,
        "operator": "Gulskogen senter",
        "surveillance": null,
        "osm_url": "https://www.openstreetmap.org/node/10175441522"
      }
    },
    {
      "type": "Feature",
      "geometry": {
        "type": "Point",
        "coordinates": [
          10.1577349,
          59.7430879
        ]
      },
      "properties": {
        "id": "osm-node-10175441523",
        "osm_type": "node",
        "osm_id": 10175441523,
        "kommune": "Drammen",
        "kategori": "sykkelparkering",
        "name": null,
        "bicycle_parking": "stands",
        "covered": "no",
        "indoor": null,
        "capacity": "16",
        "access": null,
        "fee": null,
        "operator": "Gulskogen senter",
        "surveillance": null,
        "osm_url": "https://www.openstreetmap.org/node/10175441523"
      }
    },
    {
      "type": "Feature",
      "geometry": {
        "type": "Point",
        "coordinates": [
          10.1579401,
          59.7431846
        ]
      },
      "properties": {
        "id": "osm-node-10175441524",
        "osm_type": "node",
        "osm_id": 10175441524,
        "kommune": "Drammen",
        "kategori": "sykkelparkering_med_tak",
        "name": null,
        "bicycle_parking": "stands",
        "covered": "yes",
        "indoor": null,
        "capacity": "20",
        "access": null,
        "fee": null,
        "operator": "Gulskogen senter",
        "surveillance": null,
        "osm_url": "https://www.openstreetmap.org/node/10175441524"
      }
    },
    {
      "type": "Feature",
      "geometry": {
        "type": "Point",
        "coordinates": [
          10.1680742,
          59.7527093
        ]
      },
      "properties": {
        "id": "osm-node-10175550830",
        "osm_type": "node",
        "osm_id": 10175550830,
        "kommune": "Drammen",
        "kategori": "sykkelparkering_med_tak",
        "name": null,
        "bicycle_parking": "stands",
        "covered": "yes",
        "indoor": null,
        "capacity": "48",
        "access": null,
        "fee": null,
        "operator": null,
        "surveillance": null,
        "osm_url": "https://www.openstreetmap.org/node/10175550830"
      }
    },
    {
      "type": "Feature",
      "geometry": {
        "type": "Point",
        "coordinates": [
          10.1679564,
          59.7524496
        ]
      },
      "properties": {
        "id": "osm-node-10175552402",
        "osm_type": "node",
        "osm_id": 10175552402,
        "kommune": "Drammen",
        "kategori": "sykkelparkering",
        "name": null,
        "bicycle_parking": "stands",
        "covered": "no",
        "indoor": null,
        "capacity": "18",
        "access": null,
        "fee": null,
        "operator": null,
        "surveillance": null,
        "osm_url": "https://www.openstreetmap.org/node/10175552402"
      }
    },
    {
      "type": "Feature",
      "geometry": {
        "type": "Point",
        "coordinates": [
          10.1702512,
          59.7529283
        ]
      },
      "properties": {
        "id": "osm-node-10175556697",
        "osm_type": "node",
        "osm_id": 10175556697,
        "kommune": "Drammen",
        "kategori": "sykkelparkering_med_tak",
        "name": null,
        "bicycle_parking": "wall_loops",
        "covered": "yes",
        "indoor": null,
        "capacity": "12",
        "access": null,
        "fee": null,
        "operator": null,
        "surveillance": null,
        "osm_url": "https://www.openstreetmap.org/node/10175556697"
      }
    },
    {
      "type": "Feature",
      "geometry": {
        "type": "Point",
        "coordinates": [
          10.1691023,
          59.7517611
        ]
      },
      "properties": {
        "id": "osm-node-10175558785",
        "osm_type": "node",
        "osm_id": 10175558785,
        "kommune": "Drammen",
        "kategori": "sykkelparkering",
        "name": null,
        "bicycle_parking": "wall_loops",
        "covered": "no",
        "indoor": null,
        "capacity": null,
        "access": null,
        "fee": null,
        "operator": null,
        "surveillance": null,
        "osm_url": "https://www.openstreetmap.org/node/10175558785"
      }
    },
    {
      "type": "Feature",
      "geometry": {
        "type": "Point",
        "coordinates": [
          10.1990871,
          59.7401473
        ]
      },
      "properties": {
        "id": "osm-node-10183068572",
        "osm_type": "node",
        "osm_id": 10183068572,
        "kommune": "Drammen",
        "kategori": "sykkelparkering",
        "name": null,
        "bicycle_parking": "wall_loops",
        "covered": "no",
        "indoor": null,
        "capacity": null,
        "access": null,
        "fee": null,
        "operator": null,
        "surveillance": null,
        "osm_url": "https://www.openstreetmap.org/node/10183068572"
      }
    },
    {
      "type": "Feature",
      "geometry": {
        "type": "Point",
        "coordinates": [
          10.2095278,
          59.7424999
        ]
      },
      "properties": {
        "id": "osm-node-10185216824",
        "osm_type": "node",
        "osm_id": 10185216824,
        "kommune": "Drammen",
        "kategori": "sykkelparkering",
        "name": null,
        "bicycle_parking": "wall_loops",
        "covered": "no",
        "indoor": null,
        "capacity": "4",
        "access": null,
        "fee": null,
        "operator": null,
        "surveillance": null,
        "osm_url": "https://www.openstreetmap.org/node/10185216824"
      }
    },
    {
      "type": "Feature",
      "geometry": {
        "type": "Point",
        "coordinates": [
          10.2178484,
          59.7305191
        ]
      },
      "properties": {
        "id": "osm-node-10203809858",
        "osm_type": "node",
        "osm_id": 10203809858,
        "kommune": "Drammen",
        "kategori": "sykkelparkering",
        "name": null,
        "bicycle_parking": "stands",
        "covered": "no",
        "indoor": null,
        "capacity": null,
        "access": null,
        "fee": null,
        "operator": null,
        "surveillance": null,
        "osm_url": "https://www.openstreetmap.org/node/10203809858"
      }
    },
    {
      "type": "Feature",
      "geometry": {
        "type": "Point",
        "coordinates": [
          10.2185957,
          59.7307787
        ]
      },
      "properties": {
        "id": "osm-node-10203814016",
        "osm_type": "node",
        "osm_id": 10203814016,
        "kommune": "Drammen",
        "kategori": "sykkelparkering",
        "name": null,
        "bicycle_parking": "stands",
        "covered": "no",
        "indoor": null,
        "capacity": null,
        "access": null,
        "fee": null,
        "operator": null,
        "surveillance": null,
        "osm_url": "https://www.openstreetmap.org/node/10203814016"
      }
    },
    {
      "type": "Feature",
      "geometry": {
        "type": "Point",
        "coordinates": [
          10.2516338,
          59.6966316
        ]
      },
      "properties": {
        "id": "osm-node-10221254178",
        "osm_type": "node",
        "osm_id": 10221254178,
        "kommune": "Drammen",
        "kategori": "sykkelparkering",
        "name": null,
        "bicycle_parking": "wall_loops",
        "covered": "no",
        "indoor": null,
        "capacity": "24",
        "access": null,
        "fee": null,
        "operator": null,
        "surveillance": null,
        "osm_url": "https://www.openstreetmap.org/node/10221254178"
      }
    },
    {
      "type": "Feature",
      "geometry": {
        "type": "Point",
        "coordinates": [
          10.1962249,
          59.7429368
        ]
      },
      "properties": {
        "id": "osm-node-10228958965",
        "osm_type": "node",
        "osm_id": 10228958965,
        "kommune": "Drammen",
        "kategori": "sykkelparkering",
        "name": null,
        "bicycle_parking": "wall_loops",
        "covered": "no",
        "indoor": null,
        "capacity": "22",
        "access": null,
        "fee": null,
        "operator": null,
        "surveillance": null,
        "osm_url": "https://www.openstreetmap.org/node/10228958965"
      }
    },
    {
      "type": "Feature",
      "geometry": {
        "type": "Point",
        "coordinates": [
          10.1473733,
          59.7281618
        ]
      },
      "properties": {
        "id": "osm-node-10229349556",
        "osm_type": "node",
        "osm_id": 10229349556,
        "kommune": "Drammen",
        "kategori": "sykkelparkering",
        "name": null,
        "bicycle_parking": null,
        "covered": null,
        "indoor": null,
        "capacity": null,
        "access": null,
        "fee": null,
        "operator": null,
        "surveillance": null,
        "osm_url": "https://www.openstreetmap.org/node/10229349556"
      }
    },
    {
      "type": "Feature",
      "geometry": {
        "type": "Point",
        "coordinates": [
          10.1342623,
          59.7218335
        ]
      },
      "properties": {
        "id": "osm-node-10229349630",
        "osm_type": "node",
        "osm_id": 10229349630,
        "kommune": "Drammen",
        "kategori": "sykkelparkering",
        "name": null,
        "bicycle_parking": null,
        "covered": "no",
        "indoor": null,
        "capacity": null,
        "access": null,
        "fee": null,
        "operator": null,
        "surveillance": null,
        "osm_url": "https://www.openstreetmap.org/node/10229349630"
      }
    },
    {
      "type": "Feature",
      "geometry": {
        "type": "Point",
        "coordinates": [
          10.1341041,
          59.7218009
        ]
      },
      "properties": {
        "id": "osm-node-10229349631",
        "osm_type": "node",
        "osm_id": 10229349631,
        "kommune": "Drammen",
        "kategori": "sykkelparkering",
        "name": null,
        "bicycle_parking": null,
        "covered": "no",
        "indoor": null,
        "capacity": null,
        "access": null,
        "fee": null,
        "operator": null,
        "surveillance": null,
        "osm_url": "https://www.openstreetmap.org/node/10229349631"
      }
    },
    {
      "type": "Feature",
      "geometry": {
        "type": "Point",
        "coordinates": [
          10.2003056,
          59.7447381
        ]
      },
      "properties": {
        "id": "osm-node-10235622396",
        "osm_type": "node",
        "osm_id": 10235622396,
        "kommune": "Drammen",
        "kategori": "sykkelparkering",
        "name": null,
        "bicycle_parking": "wall_loops",
        "covered": "no",
        "indoor": null,
        "capacity": "12",
        "access": null,
        "fee": null,
        "operator": null,
        "surveillance": null,
        "osm_url": "https://www.openstreetmap.org/node/10235622396"
      }
    },
    {
      "type": "Feature",
      "geometry": {
        "type": "Point",
        "coordinates": [
          10.2068296,
          59.7391579
        ]
      },
      "properties": {
        "id": "osm-node-10244892098",
        "osm_type": "node",
        "osm_id": 10244892098,
        "kommune": "Drammen",
        "kategori": "sykkelparkering",
        "name": null,
        "bicycle_parking": "stands",
        "covered": "no",
        "indoor": null,
        "capacity": "8",
        "access": null,
        "fee": null,
        "operator": null,
        "surveillance": null,
        "osm_url": "https://www.openstreetmap.org/node/10244892098"
      }
    },
    {
      "type": "Feature",
      "geometry": {
        "type": "Point",
        "coordinates": [
          10.1974462,
          59.7421227
        ]
      },
      "properties": {
        "id": "osm-node-10245455729",
        "osm_type": "node",
        "osm_id": 10245455729,
        "kommune": "Drammen",
        "kategori": "sykkelparkering",
        "name": null,
        "bicycle_parking": "wall_loops",
        "covered": "no",
        "indoor": null,
        "capacity": "10",
        "access": null,
        "fee": null,
        "operator": null,
        "surveillance": null,
        "osm_url": "https://www.openstreetmap.org/node/10245455729"
      }
    },
    {
      "type": "Feature",
      "geometry": {
        "type": "Point",
        "coordinates": [
          10.1974046,
          59.7421041
        ]
      },
      "properties": {
        "id": "osm-node-10245468105",
        "osm_type": "node",
        "osm_id": 10245468105,
        "kommune": "Drammen",
        "kategori": "sykkelparkering_med_tak",
        "name": null,
        "bicycle_parking": "stands",
        "covered": "yes",
        "indoor": null,
        "capacity": "6",
        "access": null,
        "fee": null,
        "operator": null,
        "surveillance": null,
        "osm_url": "https://www.openstreetmap.org/node/10245468105"
      }
    },
    {
      "type": "Feature",
      "geometry": {
        "type": "Point",
        "coordinates": [
          10.1903624,
          59.7497858
        ]
      },
      "properties": {
        "id": "osm-node-10251446787",
        "osm_type": "node",
        "osm_id": 10251446787,
        "kommune": "Drammen",
        "kategori": "sykkelparkering",
        "name": null,
        "bicycle_parking": "stands",
        "covered": "no",
        "indoor": null,
        "capacity": "42",
        "access": null,
        "fee": null,
        "operator": "Drammen kommune",
        "surveillance": null,
        "osm_url": "https://www.openstreetmap.org/node/10251446787"
      }
    },
    {
      "type": "Feature",
      "geometry": {
        "type": "Point",
        "coordinates": [
          10.1902163,
          59.7496649
        ]
      },
      "properties": {
        "id": "osm-node-10251446788",
        "osm_type": "node",
        "osm_id": 10251446788,
        "kommune": "Drammen",
        "kategori": "sykkelparkering",
        "name": null,
        "bicycle_parking": "rack",
        "covered": "no",
        "indoor": null,
        "capacity": "28",
        "access": null,
        "fee": null,
        "operator": "Drammen kommune",
        "surveillance": null,
        "osm_url": "https://www.openstreetmap.org/node/10251446788"
      }
    },
    {
      "type": "Feature",
      "geometry": {
        "type": "Point",
        "coordinates": [
          10.1894867,
          59.7492818
        ]
      },
      "properties": {
        "id": "osm-node-10251446789",
        "osm_type": "node",
        "osm_id": 10251446789,
        "kommune": "Drammen",
        "kategori": "sykkelparkering",
        "name": null,
        "bicycle_parking": null,
        "covered": "no",
        "indoor": null,
        "capacity": null,
        "access": null,
        "fee": null,
        "operator": "Drammen kommune",
        "surveillance": null,
        "osm_url": "https://www.openstreetmap.org/node/10251446789"
      }
    },
    {
      "type": "Feature",
      "geometry": {
        "type": "Point",
        "coordinates": [
          10.190227,
          59.749296
        ]
      },
      "properties": {
        "id": "osm-node-10251446790",
        "osm_type": "node",
        "osm_id": 10251446790,
        "kommune": "Drammen",
        "kategori": "sykkelparkering",
        "name": null,
        "bicycle_parking": "stands",
        "covered": "no",
        "indoor": null,
        "capacity": "16",
        "access": null,
        "fee": null,
        "operator": "Drammen kommune",
        "surveillance": null,
        "osm_url": "https://www.openstreetmap.org/node/10251446790"
      }
    },
    {
      "type": "Feature",
      "geometry": {
        "type": "Point",
        "coordinates": [
          10.190058,
          59.7491724
        ]
      },
      "properties": {
        "id": "osm-node-10251446791",
        "osm_type": "node",
        "osm_id": 10251446791,
        "kommune": "Drammen",
        "kategori": "sykkelparkering",
        "name": null,
        "bicycle_parking": "stands",
        "covered": "no",
        "indoor": null,
        "capacity": "20",
        "access": null,
        "fee": null,
        "operator": "Drammen kommune",
        "surveillance": null,
        "osm_url": "https://www.openstreetmap.org/node/10251446791"
      }
    },
    {
      "type": "Feature",
      "geometry": {
        "type": "Point",
        "coordinates": [
          10.2226767,
          59.7201926
        ]
      },
      "properties": {
        "id": "osm-node-10251764393",
        "osm_type": "node",
        "osm_id": 10251764393,
        "kommune": "Drammen",
        "kategori": "sykkelparkering",
        "name": null,
        "bicycle_parking": "stands",
        "covered": "no",
        "indoor": null,
        "capacity": "10",
        "access": null,
        "fee": null,
        "operator": "Drammen kommune",
        "surveillance": null,
        "osm_url": "https://www.openstreetmap.org/node/10251764393"
      }
    },
    {
      "type": "Feature",
      "geometry": {
        "type": "Point",
        "coordinates": [
          10.2240339,
          59.7195213
        ]
      },
      "properties": {
        "id": "osm-node-10251764394",
        "osm_type": "node",
        "osm_id": 10251764394,
        "kommune": "Drammen",
        "kategori": "sykkelparkering",
        "name": null,
        "bicycle_parking": "stands",
        "covered": "no",
        "indoor": null,
        "capacity": "12",
        "access": null,
        "fee": null,
        "operator": "Drammen kommune",
        "surveillance": null,
        "osm_url": "https://www.openstreetmap.org/node/10251764394"
      }
    },
    {
      "type": "Feature",
      "geometry": {
        "type": "Point",
        "coordinates": [
          10.2212697,
          59.7309862
        ]
      },
      "properties": {
        "id": "osm-node-10276703680",
        "osm_type": "node",
        "osm_id": 10276703680,
        "kommune": "Drammen",
        "kategori": "sykkelparkering_med_tak",
        "name": null,
        "bicycle_parking": "stands",
        "covered": "yes",
        "indoor": null,
        "capacity": "8",
        "access": "yes",
        "fee": null,
        "operator": null,
        "surveillance": null,
        "osm_url": "https://www.openstreetmap.org/node/10276703680"
      }
    },
    {
      "type": "Feature",
      "geometry": {
        "type": "Point",
        "coordinates": [
          10.2247824,
          59.7412043
        ]
      },
      "properties": {
        "id": "osm-node-10284438868",
        "osm_type": "node",
        "osm_id": 10284438868,
        "kommune": "Drammen",
        "kategori": "sykkelparkering_med_tak",
        "name": null,
        "bicycle_parking": "wall_loops",
        "covered": "yes",
        "indoor": null,
        "capacity": null,
        "access": null,
        "fee": null,
        "operator": null,
        "surveillance": null,
        "osm_url": "https://www.openstreetmap.org/node/10284438868"
      }
    },
    {
      "type": "Feature",
      "geometry": {
        "type": "Point",
        "coordinates": [
          10.2059052,
          59.7332186
        ]
      },
      "properties": {
        "id": "osm-node-10293189882",
        "osm_type": "node",
        "osm_id": 10293189882,
        "kommune": "Drammen",
        "kategori": "sykkelparkering",
        "name": null,
        "bicycle_parking": "wall_loops",
        "covered": "no",
        "indoor": null,
        "capacity": null,
        "access": null,
        "fee": null,
        "operator": null,
        "surveillance": null,
        "osm_url": "https://www.openstreetmap.org/node/10293189882"
      }
    },
    {
      "type": "Feature",
      "geometry": {
        "type": "Point",
        "coordinates": [
          10.161063,
          59.7439801
        ]
      },
      "properties": {
        "id": "osm-node-10567852284",
        "osm_type": "node",
        "osm_id": 10567852284,
        "kommune": "Drammen",
        "kategori": "sykkelparkering_med_tak",
        "name": null,
        "bicycle_parking": "wall_loops",
        "covered": "yes",
        "indoor": null,
        "capacity": "15",
        "access": "yes",
        "fee": null,
        "operator": "Bane NOR SF",
        "surveillance": null,
        "osm_url": "https://www.openstreetmap.org/node/10567852284"
      }
    },
    {
      "type": "Feature",
      "geometry": {
        "type": "Point",
        "coordinates": [
          10.161104,
          59.7440221
        ]
      },
      "properties": {
        "id": "osm-node-10567852285",
        "osm_type": "node",
        "osm_id": 10567852285,
        "kommune": "Drammen",
        "kategori": "sykkelparkering",
        "name": null,
        "bicycle_parking": "wall_loops",
        "covered": "no",
        "indoor": null,
        "capacity": "40",
        "access": "yes",
        "fee": null,
        "operator": null,
        "surveillance": null,
        "osm_url": "https://www.openstreetmap.org/node/10567852285"
      }
    },
    {
      "type": "Feature",
      "geometry": {
        "type": "Point",
        "coordinates": [
          10.1320164,
          59.7521479
        ]
      },
      "properties": {
        "id": "osm-node-10570865913",
        "osm_type": "node",
        "osm_id": 10570865913,
        "kommune": "Drammen",
        "kategori": "sykkelparkering",
        "name": null,
        "bicycle_parking": "wall_loops",
        "covered": "no",
        "indoor": null,
        "capacity": "5",
        "access": null,
        "fee": null,
        "operator": null,
        "surveillance": null,
        "osm_url": "https://www.openstreetmap.org/node/10570865913"
      }
    },
    {
      "type": "Feature",
      "geometry": {
        "type": "Point",
        "coordinates": [
          10.1303674,
          59.752211
        ]
      },
      "properties": {
        "id": "osm-node-10570872267",
        "osm_type": "node",
        "osm_id": 10570872267,
        "kommune": "Drammen",
        "kategori": "sykkelparkering",
        "name": null,
        "bicycle_parking": "wall_loops",
        "covered": "no",
        "indoor": null,
        "capacity": "11",
        "access": null,
        "fee": null,
        "operator": null,
        "surveillance": null,
        "osm_url": "https://www.openstreetmap.org/node/10570872267"
      }
    },
    {
      "type": "Feature",
      "geometry": {
        "type": "Point",
        "coordinates": [
          10.188897,
          59.7469156
        ]
      },
      "properties": {
        "id": "osm-node-10586192370",
        "osm_type": "node",
        "osm_id": 10586192370,
        "kommune": "Drammen",
        "kategori": "sykkelparkering",
        "name": null,
        "bicycle_parking": "stands",
        "covered": "no",
        "indoor": null,
        "capacity": null,
        "access": null,
        "fee": null,
        "operator": null,
        "surveillance": null,
        "osm_url": "https://www.openstreetmap.org/node/10586192370"
      }
    },
    {
      "type": "Feature",
      "geometry": {
        "type": "Point",
        "coordinates": [
          10.1606947,
          59.7494389
        ]
      },
      "properties": {
        "id": "osm-node-10621431383",
        "osm_type": "node",
        "osm_id": 10621431383,
        "kommune": "Drammen",
        "kategori": "sykkelparkering",
        "name": null,
        "bicycle_parking": "wall_loops",
        "covered": "no",
        "indoor": null,
        "capacity": "5",
        "access": null,
        "fee": null,
        "operator": null,
        "surveillance": null,
        "osm_url": "https://www.openstreetmap.org/node/10621431383"
      }
    },
    {
      "type": "Feature",
      "geometry": {
        "type": "Point",
        "coordinates": [
          10.161595,
          59.7505895
        ]
      },
      "properties": {
        "id": "osm-node-10621450621",
        "osm_type": "node",
        "osm_id": 10621450621,
        "kommune": "Drammen",
        "kategori": "sykkelparkering",
        "name": null,
        "bicycle_parking": "wall_loops",
        "covered": "no",
        "indoor": null,
        "capacity": "6",
        "access": null,
        "fee": null,
        "operator": null,
        "surveillance": null,
        "osm_url": "https://www.openstreetmap.org/node/10621450621"
      }
    },
    {
      "type": "Feature",
      "geometry": {
        "type": "Point",
        "coordinates": [
          10.162384,
          59.7508357
        ]
      },
      "properties": {
        "id": "osm-node-10621481742",
        "osm_type": "node",
        "osm_id": 10621481742,
        "kommune": "Drammen",
        "kategori": "sykkelparkering",
        "name": null,
        "bicycle_parking": "wall_loops",
        "covered": "no",
        "indoor": null,
        "capacity": null,
        "access": null,
        "fee": null,
        "operator": null,
        "surveillance": null,
        "osm_url": "https://www.openstreetmap.org/node/10621481742"
      }
    },
    {
      "type": "Feature",
      "geometry": {
        "type": "Point",
        "coordinates": [
          10.1919716,
          59.7442808
        ]
      },
      "properties": {
        "id": "osm-node-10621759141",
        "osm_type": "node",
        "osm_id": 10621759141,
        "kommune": "Drammen",
        "kategori": "sykkelparkering_med_tak",
        "name": null,
        "bicycle_parking": "stands",
        "covered": "yes",
        "indoor": null,
        "capacity": "2",
        "access": null,
        "fee": null,
        "operator": null,
        "surveillance": null,
        "osm_url": "https://www.openstreetmap.org/node/10621759141"
      }
    },
    {
      "type": "Feature",
      "geometry": {
        "type": "Point",
        "coordinates": [
          10.2193424,
          59.7410825
        ]
      },
      "properties": {
        "id": "osm-node-10665122349",
        "osm_type": "node",
        "osm_id": 10665122349,
        "kommune": "Drammen",
        "kategori": "sykkelparkering",
        "name": null,
        "bicycle_parking": "wall_loops",
        "covered": "no",
        "indoor": null,
        "capacity": null,
        "access": null,
        "fee": null,
        "operator": null,
        "surveillance": null,
        "osm_url": "https://www.openstreetmap.org/node/10665122349"
      }
    },
    {
      "type": "Feature",
      "geometry": {
        "type": "Point",
        "coordinates": [
          9.9614083,
          59.7596325
        ]
      },
      "properties": {
        "id": "osm-node-10725622209",
        "osm_type": "node",
        "osm_id": 10725622209,
        "kommune": "Drammen",
        "kategori": "sykkelparkering_med_tak",
        "name": null,
        "bicycle_parking": "wall_loops",
        "covered": "yes",
        "indoor": null,
        "capacity": "18",
        "access": "yes",
        "fee": null,
        "operator": "Bane NOR SF",
        "surveillance": null,
        "osm_url": "https://www.openstreetmap.org/node/10725622209"
      }
    },
    {
      "type": "Feature",
      "geometry": {
        "type": "Point",
        "coordinates": [
          9.9611634,
          59.7596696
        ]
      },
      "properties": {
        "id": "osm-node-10725622210",
        "osm_type": "node",
        "osm_id": 10725622210,
        "kommune": "Drammen",
        "kategori": "sykkelparkering",
        "name": null,
        "bicycle_parking": "wall_loops",
        "covered": "no",
        "indoor": null,
        "capacity": "18",
        "access": null,
        "fee": null,
        "operator": "Bane NOR SF",
        "surveillance": null,
        "osm_url": "https://www.openstreetmap.org/node/10725622210"
      }
    },
    {
      "type": "Feature",
      "geometry": {
        "type": "Point",
        "coordinates": [
          10.0113582,
          59.7477843
        ]
      },
      "properties": {
        "id": "osm-node-10740697634",
        "osm_type": "node",
        "osm_id": 10740697634,
        "kommune": "Drammen",
        "kategori": "sykkelparkering",
        "name": null,
        "bicycle_parking": null,
        "covered": "no",
        "indoor": null,
        "capacity": null,
        "access": null,
        "fee": null,
        "operator": null,
        "surveillance": null,
        "osm_url": "https://www.openstreetmap.org/node/10740697634"
      }
    },
    {
      "type": "Feature",
      "geometry": {
        "type": "Point",
        "coordinates": [
          10.0123013,
          59.7472401
        ]
      },
      "properties": {
        "id": "osm-node-10740697644",
        "osm_type": "node",
        "osm_id": 10740697644,
        "kommune": "Drammen",
        "kategori": "sykkelparkering",
        "name": null,
        "bicycle_parking": null,
        "covered": "no",
        "indoor": null,
        "capacity": null,
        "access": null,
        "fee": null,
        "operator": null,
        "surveillance": null,
        "osm_url": "https://www.openstreetmap.org/node/10740697644"
      }
    },
    {
      "type": "Feature",
      "geometry": {
        "type": "Point",
        "coordinates": [
          10.0125326,
          59.7471808
        ]
      },
      "properties": {
        "id": "osm-node-10740697645",
        "osm_type": "node",
        "osm_id": 10740697645,
        "kommune": "Drammen",
        "kategori": "sykkelparkering",
        "name": null,
        "bicycle_parking": null,
        "covered": "no",
        "indoor": null,
        "capacity": null,
        "access": null,
        "fee": null,
        "operator": null,
        "surveillance": null,
        "osm_url": "https://www.openstreetmap.org/node/10740697645"
      }
    },
    {
      "type": "Feature",
      "geometry": {
        "type": "Point",
        "coordinates": [
          10.1978801,
          59.7374085
        ]
      },
      "properties": {
        "id": "osm-node-10766686161",
        "osm_type": "node",
        "osm_id": 10766686161,
        "kommune": "Drammen",
        "kategori": "sykkelparkering",
        "name": null,
        "bicycle_parking": "wall_loops",
        "covered": "no",
        "indoor": null,
        "capacity": "15",
        "access": null,
        "fee": null,
        "operator": "Buskerud fylkeskommune",
        "surveillance": null,
        "osm_url": "https://www.openstreetmap.org/node/10766686161"
      }
    },
    {
      "type": "Feature",
      "geometry": {
        "type": "Point",
        "coordinates": [
          10.198497,
          59.7374849
        ]
      },
      "properties": {
        "id": "osm-node-10766686162",
        "osm_type": "node",
        "osm_id": 10766686162,
        "kommune": "Drammen",
        "kategori": "sykkelparkering",
        "name": null,
        "bicycle_parking": "wall_loops",
        "covered": "no",
        "indoor": null,
        "capacity": null,
        "access": null,
        "fee": null,
        "operator": "Buskerud fylkeskommune",
        "surveillance": null,
        "osm_url": "https://www.openstreetmap.org/node/10766686162"
      }
    },
    {
      "type": "Feature",
      "geometry": {
        "type": "Point",
        "coordinates": [
          10.0136857,
          59.7464168
        ]
      },
      "properties": {
        "id": "osm-node-10772714390",
        "osm_type": "node",
        "osm_id": 10772714390,
        "kommune": "Drammen",
        "kategori": "sykkelparkering",
        "name": null,
        "bicycle_parking": "wall_loops",
        "covered": "no",
        "indoor": null,
        "capacity": "6",
        "access": null,
        "fee": null,
        "operator": null,
        "surveillance": null,
        "osm_url": "https://www.openstreetmap.org/node/10772714390"
      }
    },
    {
      "type": "Feature",
      "geometry": {
        "type": "Point",
        "coordinates": [
          10.0137497,
          59.7456736
        ]
      },
      "properties": {
        "id": "osm-node-10772729709",
        "osm_type": "node",
        "osm_id": 10772729709,
        "kommune": "Drammen",
        "kategori": "sykkelparkering",
        "name": null,
        "bicycle_parking": "wall_loops",
        "covered": "no",
        "indoor": null,
        "capacity": "6",
        "access": null,
        "fee": null,
        "operator": null,
        "surveillance": null,
        "osm_url": "https://www.openstreetmap.org/node/10772729709"
      }
    },
    {
      "type": "Feature",
      "geometry": {
        "type": "Point",
        "coordinates": [
          10.013675,
          59.7462644
        ]
      },
      "properties": {
        "id": "osm-node-10772747005",
        "osm_type": "node",
        "osm_id": 10772747005,
        "kommune": "Drammen",
        "kategori": "sykkelparkering",
        "name": null,
        "bicycle_parking": "wall_loops",
        "covered": "no",
        "indoor": null,
        "capacity": "6",
        "access": null,
        "fee": null,
        "operator": null,
        "surveillance": null,
        "osm_url": "https://www.openstreetmap.org/node/10772747005"
      }
    },
    {
      "type": "Feature",
      "geometry": {
        "type": "Point",
        "coordinates": [
          10.0074816,
          59.7500086
        ]
      },
      "properties": {
        "id": "osm-node-10772758012",
        "osm_type": "node",
        "osm_id": 10772758012,
        "kommune": "Drammen",
        "kategori": "sykkelparkering",
        "name": null,
        "bicycle_parking": "wall_loops",
        "covered": "no",
        "indoor": null,
        "capacity": "6",
        "access": null,
        "fee": null,
        "operator": null,
        "surveillance": null,
        "osm_url": "https://www.openstreetmap.org/node/10772758012"
      }
    },
    {
      "type": "Feature",
      "geometry": {
        "type": "Point",
        "coordinates": [
          10.0154781,
          59.7493511
        ]
      },
      "properties": {
        "id": "osm-node-10772762115",
        "osm_type": "node",
        "osm_id": 10772762115,
        "kommune": "Drammen",
        "kategori": "sykkelparkering",
        "name": null,
        "bicycle_parking": "stands",
        "covered": "no",
        "indoor": null,
        "capacity": "2",
        "access": null,
        "fee": null,
        "operator": null,
        "surveillance": null,
        "osm_url": "https://www.openstreetmap.org/node/10772762115"
      }
    },
    {
      "type": "Feature",
      "geometry": {
        "type": "Point",
        "coordinates": [
          10.2204857,
          59.7288751
        ]
      },
      "properties": {
        "id": "osm-node-10808077404",
        "osm_type": "node",
        "osm_id": 10808077404,
        "kommune": "Drammen",
        "kategori": "sykkelparkering_med_tak",
        "name": null,
        "bicycle_parking": "stands",
        "covered": "yes",
        "indoor": null,
        "capacity": null,
        "access": null,
        "fee": null,
        "operator": null,
        "surveillance": null,
        "osm_url": "https://www.openstreetmap.org/node/10808077404"
      }
    },
    {
      "type": "Feature",
      "geometry": {
        "type": "Point",
        "coordinates": [
          10.194288,
          59.7492042
        ]
      },
      "properties": {
        "id": "osm-node-10812133702",
        "osm_type": "node",
        "osm_id": 10812133702,
        "kommune": "Drammen",
        "kategori": "sykkelparkering",
        "name": null,
        "bicycle_parking": null,
        "covered": "no",
        "indoor": null,
        "capacity": null,
        "access": null,
        "fee": null,
        "operator": null,
        "surveillance": null,
        "osm_url": "https://www.openstreetmap.org/node/10812133702"
      }
    },
    {
      "type": "Feature",
      "geometry": {
        "type": "Point",
        "coordinates": [
          10.1960635,
          59.7487659
        ]
      },
      "properties": {
        "id": "osm-node-10870272952",
        "osm_type": "node",
        "osm_id": 10870272952,
        "kommune": "Drammen",
        "kategori": "sykkelparkering",
        "name": null,
        "bicycle_parking": "wall_loops",
        "covered": "no",
        "indoor": null,
        "capacity": "6",
        "access": null,
        "fee": null,
        "operator": null,
        "surveillance": null,
        "osm_url": "https://www.openstreetmap.org/node/10870272952"
      }
    },
    {
      "type": "Feature",
      "geometry": {
        "type": "Point",
        "coordinates": [
          10.1982814,
          59.7449945
        ]
      },
      "properties": {
        "id": "osm-node-10889996520",
        "osm_type": "node",
        "osm_id": 10889996520,
        "kommune": "Drammen",
        "kategori": "sykkelparkering_med_tak",
        "name": null,
        "bicycle_parking": "stands",
        "covered": "yes",
        "indoor": null,
        "capacity": "8",
        "access": null,
        "fee": null,
        "operator": null,
        "surveillance": null,
        "osm_url": "https://www.openstreetmap.org/node/10889996520"
      }
    },
    {
      "type": "Feature",
      "geometry": {
        "type": "Point",
        "coordinates": [
          10.1983381,
          59.7451195
        ]
      },
      "properties": {
        "id": "osm-node-10889996521",
        "osm_type": "node",
        "osm_id": 10889996521,
        "kommune": "Drammen",
        "kategori": "sykkelparkering_med_tak",
        "name": null,
        "bicycle_parking": "stands",
        "covered": "yes",
        "indoor": null,
        "capacity": "16",
        "access": null,
        "fee": null,
        "operator": null,
        "surveillance": null,
        "osm_url": "https://www.openstreetmap.org/node/10889996521"
      }
    },
    {
      "type": "Feature",
      "geometry": {
        "type": "Point",
        "coordinates": [
          10.1994948,
          59.7450324
        ]
      },
      "properties": {
        "id": "osm-node-10889996526",
        "osm_type": "node",
        "osm_id": 10889996526,
        "kommune": "Drammen",
        "kategori": "sykkelparkering",
        "name": null,
        "bicycle_parking": "stands",
        "covered": "no",
        "indoor": null,
        "capacity": "6",
        "access": null,
        "fee": null,
        "operator": null,
        "surveillance": null,
        "osm_url": "https://www.openstreetmap.org/node/10889996526"
      }
    },
    {
      "type": "Feature",
      "geometry": {
        "type": "Point",
        "coordinates": [
          10.1794254,
          59.7479168
        ]
      },
      "properties": {
        "id": "osm-node-10924620636",
        "osm_type": "node",
        "osm_id": 10924620636,
        "kommune": "Drammen",
        "kategori": "sykkelparkering_med_tak",
        "name": null,
        "bicycle_parking": "wall_loops",
        "covered": "yes",
        "indoor": null,
        "capacity": "4",
        "access": null,
        "fee": null,
        "operator": null,
        "surveillance": null,
        "osm_url": "https://www.openstreetmap.org/node/10924620636"
      }
    },
    {
      "type": "Feature",
      "geometry": {
        "type": "Point",
        "coordinates": [
          10.1793842,
          59.7477856
        ]
      },
      "properties": {
        "id": "osm-node-10924622652",
        "osm_type": "node",
        "osm_id": 10924622652,
        "kommune": "Drammen",
        "kategori": "sykkelparkering_med_tak",
        "name": null,
        "bicycle_parking": "wall_loops",
        "covered": "yes",
        "indoor": null,
        "capacity": null,
        "access": null,
        "fee": null,
        "operator": null,
        "surveillance": null,
        "osm_url": "https://www.openstreetmap.org/node/10924622652"
      }
    },
    {
      "type": "Feature",
      "geometry": {
        "type": "Point",
        "coordinates": [
          10.1769551,
          59.7481356
        ]
      },
      "properties": {
        "id": "osm-node-10924689034",
        "osm_type": "node",
        "osm_id": 10924689034,
        "kommune": "Drammen",
        "kategori": "sykkelparkering",
        "name": null,
        "bicycle_parking": null,
        "covered": null,
        "indoor": null,
        "capacity": null,
        "access": "private",
        "fee": null,
        "operator": null,
        "surveillance": null,
        "osm_url": "https://www.openstreetmap.org/node/10924689034"
      }
    },
    {
      "type": "Feature",
      "geometry": {
        "type": "Point",
        "coordinates": [
          10.1885689,
          59.7475086
        ]
      },
      "properties": {
        "id": "osm-node-10924720388",
        "osm_type": "node",
        "osm_id": 10924720388,
        "kommune": "Drammen",
        "kategori": "sykkelparkering",
        "name": null,
        "bicycle_parking": null,
        "covered": null,
        "indoor": null,
        "capacity": null,
        "access": "private",
        "fee": null,
        "operator": null,
        "surveillance": null,
        "osm_url": "https://www.openstreetmap.org/node/10924720388"
      }
    },
    {
      "type": "Feature",
      "geometry": {
        "type": "Point",
        "coordinates": [
          10.198481,
          59.7450515
        ]
      },
      "properties": {
        "id": "osm-node-10924826022",
        "osm_type": "node",
        "osm_id": 10924826022,
        "kommune": "Drammen",
        "kategori": "sykkelparkering_med_tak",
        "name": null,
        "bicycle_parking": "wall_loops",
        "covered": "yes",
        "indoor": null,
        "capacity": "8",
        "access": null,
        "fee": null,
        "operator": null,
        "surveillance": null,
        "osm_url": "https://www.openstreetmap.org/node/10924826022"
      }
    },
    {
      "type": "Feature",
      "geometry": {
        "type": "Point",
        "coordinates": [
          10.267876,
          59.7014173
        ]
      },
      "properties": {
        "id": "osm-node-10937079015",
        "osm_type": "node",
        "osm_id": 10937079015,
        "kommune": "Drammen",
        "kategori": "sykkelparkering",
        "name": null,
        "bicycle_parking": "wall_loops",
        "covered": "no",
        "indoor": null,
        "capacity": "7",
        "access": null,
        "fee": null,
        "operator": null,
        "surveillance": null,
        "osm_url": "https://www.openstreetmap.org/node/10937079015"
      }
    },
    {
      "type": "Feature",
      "geometry": {
        "type": "Point",
        "coordinates": [
          10.2025723,
          59.7441777
        ]
      },
      "properties": {
        "id": "osm-node-10963173731",
        "osm_type": "node",
        "osm_id": 10963173731,
        "kommune": "Drammen",
        "kategori": "sykkelparkering_med_tak",
        "name": null,
        "bicycle_parking": "wall_loops",
        "covered": "yes",
        "indoor": null,
        "capacity": null,
        "access": "private",
        "fee": null,
        "operator": null,
        "surveillance": null,
        "osm_url": "https://www.openstreetmap.org/node/10963173731"
      }
    },
    {
      "type": "Feature",
      "geometry": {
        "type": "Point",
        "coordinates": [
          10.2026168,
          59.7440279
        ]
      },
      "properties": {
        "id": "osm-node-10963173732",
        "osm_type": "node",
        "osm_id": 10963173732,
        "kommune": "Drammen",
        "kategori": "sykkelparkering_med_tak",
        "name": null,
        "bicycle_parking": "two-tier",
        "covered": "yes",
        "indoor": null,
        "capacity": null,
        "access": "private",
        "fee": null,
        "operator": "BDO",
        "surveillance": null,
        "osm_url": "https://www.openstreetmap.org/node/10963173732"
      }
    },
    {
      "type": "Feature",
      "geometry": {
        "type": "Point",
        "coordinates": [
          10.2075815,
          59.7446196
        ]
      },
      "properties": {
        "id": "osm-node-11007732768",
        "osm_type": "node",
        "osm_id": 11007732768,
        "kommune": "Drammen",
        "kategori": "sykkelparkering_med_tak",
        "name": null,
        "bicycle_parking": null,
        "covered": "yes",
        "indoor": null,
        "capacity": null,
        "access": "private",
        "fee": null,
        "operator": null,
        "surveillance": null,
        "osm_url": "https://www.openstreetmap.org/node/11007732768"
      }
    },
    {
      "type": "Feature",
      "geometry": {
        "type": "Point",
        "coordinates": [
          10.206667,
          59.745186
        ]
      },
      "properties": {
        "id": "osm-node-11010116360",
        "osm_type": "node",
        "osm_id": 11010116360,
        "kommune": "Drammen",
        "kategori": "sykkelparkering",
        "name": null,
        "bicycle_parking": "wall_loops",
        "covered": "no",
        "indoor": null,
        "capacity": "10",
        "access": null,
        "fee": null,
        "operator": null,
        "surveillance": null,
        "osm_url": "https://www.openstreetmap.org/node/11010116360"
      }
    },
    {
      "type": "Feature",
      "geometry": {
        "type": "Point",
        "coordinates": [
          10.0278493,
          59.7478882
        ]
      },
      "properties": {
        "id": "osm-node-11066768202",
        "osm_type": "node",
        "osm_id": 11066768202,
        "kommune": "Drammen",
        "kategori": "sykkelparkering",
        "name": null,
        "bicycle_parking": "wall_loops",
        "covered": "no",
        "indoor": null,
        "capacity": null,
        "access": null,
        "fee": null,
        "operator": null,
        "surveillance": null,
        "osm_url": "https://www.openstreetmap.org/node/11066768202"
      }
    },
    {
      "type": "Feature",
      "geometry": {
        "type": "Point",
        "coordinates": [
          9.9720888,
          59.7582516
        ]
      },
      "properties": {
        "id": "osm-node-11066769745",
        "osm_type": "node",
        "osm_id": 11066769745,
        "kommune": "Drammen",
        "kategori": "sykkelparkering",
        "name": null,
        "bicycle_parking": "wall_loops",
        "covered": "no",
        "indoor": null,
        "capacity": null,
        "access": null,
        "fee": null,
        "operator": null,
        "surveillance": null,
        "osm_url": "https://www.openstreetmap.org/node/11066769745"
      }
    },
    {
      "type": "Feature",
      "geometry": {
        "type": "Point",
        "coordinates": [
          10.2510216,
          59.6956543
        ]
      },
      "properties": {
        "id": "osm-node-11078578522",
        "osm_type": "node",
        "osm_id": 11078578522,
        "kommune": "Drammen",
        "kategori": "sykkelparkering_med_tak",
        "name": null,
        "bicycle_parking": "wall_loops",
        "covered": "yes",
        "indoor": null,
        "capacity": null,
        "access": null,
        "fee": null,
        "operator": null,
        "surveillance": null,
        "osm_url": "https://www.openstreetmap.org/node/11078578522"
      }
    },
    {
      "type": "Feature",
      "geometry": {
        "type": "Point",
        "coordinates": [
          9.994926,
          59.7579752
        ]
      },
      "properties": {
        "id": "osm-node-11118957517",
        "osm_type": "node",
        "osm_id": 11118957517,
        "kommune": "Drammen",
        "kategori": "sykkelparkering",
        "name": null,
        "bicycle_parking": "stands",
        "covered": "no",
        "indoor": null,
        "capacity": "20",
        "access": null,
        "fee": null,
        "operator": null,
        "surveillance": null,
        "osm_url": "https://www.openstreetmap.org/node/11118957517"
      }
    },
    {
      "type": "Feature",
      "geometry": {
        "type": "Point",
        "coordinates": [
          10.2518646,
          59.6855907
        ]
      },
      "properties": {
        "id": "osm-node-11159281190",
        "osm_type": "node",
        "osm_id": 11159281190,
        "kommune": "Drammen",
        "kategori": "sykkelparkering",
        "name": null,
        "bicycle_parking": "wall_loops",
        "covered": "no",
        "indoor": null,
        "capacity": "36",
        "access": null,
        "fee": null,
        "operator": "Drammen kommune",
        "surveillance": null,
        "osm_url": "https://www.openstreetmap.org/node/11159281190"
      }
    },
    {
      "type": "Feature",
      "geometry": {
        "type": "Point",
        "coordinates": [
          10.2254291,
          59.7421287
        ]
      },
      "properties": {
        "id": "osm-node-11160315138",
        "osm_type": "node",
        "osm_id": 11160315138,
        "kommune": "Drammen",
        "kategori": "sykkelparkering",
        "name": null,
        "bicycle_parking": "wall_loops",
        "covered": "no",
        "indoor": null,
        "capacity": "5",
        "access": null,
        "fee": null,
        "operator": null,
        "surveillance": null,
        "osm_url": "https://www.openstreetmap.org/node/11160315138"
      }
    },
    {
      "type": "Feature",
      "geometry": {
        "type": "Point",
        "coordinates": [
          10.225445,
          59.7421353
        ]
      },
      "properties": {
        "id": "osm-node-11160315139",
        "osm_type": "node",
        "osm_id": 11160315139,
        "kommune": "Drammen",
        "kategori": "sykkelparkering",
        "name": null,
        "bicycle_parking": "stands",
        "covered": "no",
        "indoor": null,
        "capacity": "2",
        "access": null,
        "fee": null,
        "operator": null,
        "surveillance": null,
        "osm_url": "https://www.openstreetmap.org/node/11160315139"
      }
    },
    {
      "type": "Feature",
      "geometry": {
        "type": "Point",
        "coordinates": [
          10.1935665,
          59.7488178
        ]
      },
      "properties": {
        "id": "osm-node-11169532192",
        "osm_type": "node",
        "osm_id": 11169532192,
        "kommune": "Drammen",
        "kategori": "sykkelparkering",
        "name": null,
        "bicycle_parking": "stands",
        "covered": "no",
        "indoor": null,
        "capacity": "8",
        "access": null,
        "fee": null,
        "operator": "Drammen kommune",
        "surveillance": null,
        "osm_url": "https://www.openstreetmap.org/node/11169532192"
      }
    },
    {
      "type": "Feature",
      "geometry": {
        "type": "Point",
        "coordinates": [
          10.2029011,
          59.7394046
        ]
      },
      "properties": {
        "id": "osm-node-11169675627",
        "osm_type": "node",
        "osm_id": 11169675627,
        "kommune": "Drammen",
        "kategori": "sykkelparkering",
        "name": null,
        "bicycle_parking": "stands",
        "covered": "no",
        "indoor": null,
        "capacity": "9",
        "access": "yes",
        "fee": null,
        "operator": null,
        "surveillance": null,
        "osm_url": "https://www.openstreetmap.org/node/11169675627"
      }
    },
    {
      "type": "Feature",
      "geometry": {
        "type": "Point",
        "coordinates": [
          10.1908531,
          59.7432769
        ]
      },
      "properties": {
        "id": "osm-node-11176633586",
        "osm_type": "node",
        "osm_id": 11176633586,
        "kommune": "Drammen",
        "kategori": "sykkelparkering_med_tak",
        "name": null,
        "bicycle_parking": null,
        "covered": "yes",
        "indoor": null,
        "capacity": null,
        "access": "private",
        "fee": null,
        "operator": null,
        "surveillance": null,
        "osm_url": "https://www.openstreetmap.org/node/11176633586"
      }
    },
    {
      "type": "Feature",
      "geometry": {
        "type": "Point",
        "coordinates": [
          10.1994661,
          59.7395448
        ]
      },
      "properties": {
        "id": "osm-node-11219718291",
        "osm_type": "node",
        "osm_id": 11219718291,
        "kommune": "Drammen",
        "kategori": "sykkelparkering",
        "name": null,
        "bicycle_parking": "wall_loops",
        "covered": "no",
        "indoor": null,
        "capacity": "6",
        "access": null,
        "fee": null,
        "operator": null,
        "surveillance": null,
        "osm_url": "https://www.openstreetmap.org/node/11219718291"
      }
    },
    {
      "type": "Feature",
      "geometry": {
        "type": "Point",
        "coordinates": [
          9.9994321,
          59.7592461
        ]
      },
      "properties": {
        "id": "osm-node-11222451865",
        "osm_type": "node",
        "osm_id": 11222451865,
        "kommune": "Drammen",
        "kategori": "sykkelparkering",
        "name": null,
        "bicycle_parking": "wall_loops",
        "covered": "no",
        "indoor": null,
        "capacity": "6",
        "access": null,
        "fee": null,
        "operator": "Drammen kommune",
        "surveillance": null,
        "osm_url": "https://www.openstreetmap.org/node/11222451865"
      }
    },
    {
      "type": "Feature",
      "geometry": {
        "type": "Point",
        "coordinates": [
          9.9995507,
          59.7596784
        ]
      },
      "properties": {
        "id": "osm-node-11222451870",
        "osm_type": "node",
        "osm_id": 11222451870,
        "kommune": "Drammen",
        "kategori": "sykkelparkering",
        "name": null,
        "bicycle_parking": "wall_loops",
        "covered": "no",
        "indoor": null,
        "capacity": null,
        "access": null,
        "fee": null,
        "operator": "Drammen kommune",
        "surveillance": null,
        "osm_url": "https://www.openstreetmap.org/node/11222451870"
      }
    },
    {
      "type": "Feature",
      "geometry": {
        "type": "Point",
        "coordinates": [
          10.2049311,
          59.744973
        ]
      },
      "properties": {
        "id": "osm-node-11226919030",
        "osm_type": "node",
        "osm_id": 11226919030,
        "kommune": "Drammen",
        "kategori": "sykkelparkering_med_tak",
        "name": null,
        "bicycle_parking": null,
        "covered": "yes",
        "indoor": null,
        "capacity": null,
        "access": "private",
        "fee": null,
        "operator": null,
        "surveillance": null,
        "osm_url": "https://www.openstreetmap.org/node/11226919030"
      }
    },
    {
      "type": "Feature",
      "geometry": {
        "type": "Point",
        "coordinates": [
          10.2057553,
          59.7448808
        ]
      },
      "properties": {
        "id": "osm-node-11226919031",
        "osm_type": "node",
        "osm_id": 11226919031,
        "kommune": "Drammen",
        "kategori": "sykkelparkering",
        "name": null,
        "bicycle_parking": null,
        "covered": "no",
        "indoor": null,
        "capacity": null,
        "access": null,
        "fee": null,
        "operator": null,
        "surveillance": null,
        "osm_url": "https://www.openstreetmap.org/node/11226919031"
      }
    },
    {
      "type": "Feature",
      "geometry": {
        "type": "Point",
        "coordinates": [
          10.0262754,
          59.7474192
        ]
      },
      "properties": {
        "id": "osm-node-11243123125",
        "osm_type": "node",
        "osm_id": 11243123125,
        "kommune": "Drammen",
        "kategori": "sykkelparkering_med_tak",
        "name": null,
        "bicycle_parking": "wall_loops",
        "covered": "yes",
        "indoor": null,
        "capacity": null,
        "access": null,
        "fee": null,
        "operator": null,
        "surveillance": null,
        "osm_url": "https://www.openstreetmap.org/node/11243123125"
      }
    },
    {
      "type": "Feature",
      "geometry": {
        "type": "Point",
        "coordinates": [
          9.9837931,
          59.7559022
        ]
      },
      "properties": {
        "id": "osm-node-11295443445",
        "osm_type": "node",
        "osm_id": 11295443445,
        "kommune": "Drammen",
        "kategori": "sykkelparkering",
        "name": null,
        "bicycle_parking": "stands",
        "covered": null,
        "indoor": null,
        "capacity": "4",
        "access": "yes",
        "fee": "no",
        "operator": "Kiwi Steinberg",
        "surveillance": null,
        "osm_url": "https://www.openstreetmap.org/node/11295443445"
      }
    },
    {
      "type": "Feature",
      "geometry": {
        "type": "Point",
        "coordinates": [
          10.2047804,
          59.7341977
        ]
      },
      "properties": {
        "id": "osm-node-11358405176",
        "osm_type": "node",
        "osm_id": 11358405176,
        "kommune": "Drammen",
        "kategori": "sykkelparkering",
        "name": null,
        "bicycle_parking": "wall_loops",
        "covered": "no",
        "indoor": null,
        "capacity": "9",
        "access": "yes",
        "fee": null,
        "operator": "Drammen kommune",
        "surveillance": null,
        "osm_url": "https://www.openstreetmap.org/node/11358405176"
      }
    },
    {
      "type": "Feature",
      "geometry": {
        "type": "Point",
        "coordinates": [
          10.2214608,
          59.731198
        ]
      },
      "properties": {
        "id": "osm-node-11371439994",
        "osm_type": "node",
        "osm_id": 11371439994,
        "kommune": "Drammen",
        "kategori": "sykkelparkering_med_tak",
        "name": null,
        "bicycle_parking": "stands",
        "covered": "yes",
        "indoor": null,
        "capacity": "8",
        "access": "yes",
        "fee": null,
        "operator": null,
        "surveillance": null,
        "osm_url": "https://www.openstreetmap.org/node/11371439994"
      }
    },
    {
      "type": "Feature",
      "geometry": {
        "type": "Point",
        "coordinates": [
          9.9980183,
          59.7558121
        ]
      },
      "properties": {
        "id": "osm-node-11617002633",
        "osm_type": "node",
        "osm_id": 11617002633,
        "kommune": "Drammen",
        "kategori": "sykkelparkering",
        "name": null,
        "bicycle_parking": "wall_loops",
        "covered": "no",
        "indoor": null,
        "capacity": "10",
        "access": null,
        "fee": null,
        "operator": null,
        "surveillance": null,
        "osm_url": "https://www.openstreetmap.org/node/11617002633"
      }
    },
    {
      "type": "Feature",
      "geometry": {
        "type": "Point",
        "coordinates": [
          10.2107457,
          59.7435213
        ]
      },
      "properties": {
        "id": "osm-node-11743050388",
        "osm_type": "node",
        "osm_id": 11743050388,
        "kommune": "Drammen",
        "kategori": "sykkelparkering",
        "name": null,
        "bicycle_parking": null,
        "covered": null,
        "indoor": null,
        "capacity": null,
        "access": null,
        "fee": null,
        "operator": null,
        "surveillance": null,
        "osm_url": "https://www.openstreetmap.org/node/11743050388"
      }
    },
    {
      "type": "Feature",
      "geometry": {
        "type": "Point",
        "coordinates": [
          10.2116448,
          59.7440557
        ]
      },
      "properties": {
        "id": "osm-node-11743050398",
        "osm_type": "node",
        "osm_id": 11743050398,
        "kommune": "Drammen",
        "kategori": "sykkelparkering",
        "name": null,
        "bicycle_parking": null,
        "covered": null,
        "indoor": null,
        "capacity": null,
        "access": null,
        "fee": null,
        "operator": null,
        "surveillance": null,
        "osm_url": "https://www.openstreetmap.org/node/11743050398"
      }
    },
    {
      "type": "Feature",
      "geometry": {
        "type": "Point",
        "coordinates": [
          10.2075556,
          59.7435565
        ]
      },
      "properties": {
        "id": "osm-node-11745038707",
        "osm_type": "node",
        "osm_id": 11745038707,
        "kommune": "Drammen",
        "kategori": "sykkelparkering",
        "name": null,
        "bicycle_parking": "stands",
        "covered": "no",
        "indoor": null,
        "capacity": "4",
        "access": null,
        "fee": null,
        "operator": "Drammen kommune",
        "surveillance": null,
        "osm_url": "https://www.openstreetmap.org/node/11745038707"
      }
    },
    {
      "type": "Feature",
      "geometry": {
        "type": "Point",
        "coordinates": [
          10.2071373,
          59.743625
        ]
      },
      "properties": {
        "id": "osm-node-11745038708",
        "osm_type": "node",
        "osm_id": 11745038708,
        "kommune": "Drammen",
        "kategori": "sykkelparkering",
        "name": null,
        "bicycle_parking": "stands",
        "covered": "no",
        "indoor": null,
        "capacity": "6",
        "access": null,
        "fee": null,
        "operator": "Drammen kommune",
        "surveillance": null,
        "osm_url": "https://www.openstreetmap.org/node/11745038708"
      }
    },
    {
      "type": "Feature",
      "geometry": {
        "type": "Point",
        "coordinates": [
          10.2070178,
          59.7436412
        ]
      },
      "properties": {
        "id": "osm-node-11745038709",
        "osm_type": "node",
        "osm_id": 11745038709,
        "kommune": "Drammen",
        "kategori": "sykkelparkering",
        "name": null,
        "bicycle_parking": "stands",
        "covered": "no",
        "indoor": null,
        "capacity": "2",
        "access": null,
        "fee": null,
        "operator": "Drammen kommune",
        "surveillance": null,
        "osm_url": "https://www.openstreetmap.org/node/11745038709"
      }
    },
    {
      "type": "Feature",
      "geometry": {
        "type": "Point",
        "coordinates": [
          10.2066436,
          59.74371
        ]
      },
      "properties": {
        "id": "osm-node-11745038710",
        "osm_type": "node",
        "osm_id": 11745038710,
        "kommune": "Drammen",
        "kategori": "sykkelparkering",
        "name": null,
        "bicycle_parking": "stands",
        "covered": "no",
        "indoor": null,
        "capacity": "6",
        "access": null,
        "fee": null,
        "operator": "Drammen kommune",
        "surveillance": null,
        "osm_url": "https://www.openstreetmap.org/node/11745038710"
      }
    },
    {
      "type": "Feature",
      "geometry": {
        "type": "Point",
        "coordinates": [
          10.2018586,
          59.7338029
        ]
      },
      "properties": {
        "id": "osm-node-11841192348",
        "osm_type": "node",
        "osm_id": 11841192348,
        "kommune": "Drammen",
        "kategori": "sykkelparkering_med_tak",
        "name": null,
        "bicycle_parking": null,
        "covered": "yes",
        "indoor": null,
        "capacity": null,
        "access": "private",
        "fee": null,
        "operator": "Drammen kommune",
        "surveillance": null,
        "osm_url": "https://www.openstreetmap.org/node/11841192348"
      }
    },
    {
      "type": "Feature",
      "geometry": {
        "type": "Point",
        "coordinates": [
          10.1997185,
          59.7408534
        ]
      },
      "properties": {
        "id": "osm-node-11893532070",
        "osm_type": "node",
        "osm_id": 11893532070,
        "kommune": "Drammen",
        "kategori": "sykkelparkering",
        "name": null,
        "bicycle_parking": "stands",
        "covered": "no",
        "indoor": null,
        "capacity": "10",
        "access": null,
        "fee": null,
        "operator": "Drammen kommune",
        "surveillance": null,
        "osm_url": "https://www.openstreetmap.org/node/11893532070"
      }
    },
    {
      "type": "Feature",
      "geometry": {
        "type": "Point",
        "coordinates": [
          10.1951812,
          59.7455099
        ]
      },
      "properties": {
        "id": "osm-node-11901162455",
        "osm_type": "node",
        "osm_id": 11901162455,
        "kommune": "Drammen",
        "kategori": "sykkelparkering_med_tak",
        "name": null,
        "bicycle_parking": "stands",
        "covered": "yes",
        "indoor": null,
        "capacity": "16",
        "access": null,
        "fee": null,
        "operator": "Drammen kommune",
        "surveillance": null,
        "osm_url": "https://www.openstreetmap.org/node/11901162455"
      }
    },
    {
      "type": "Feature",
      "geometry": {
        "type": "Point",
        "coordinates": [
          10.2222269,
          59.7329369
        ]
      },
      "properties": {
        "id": "osm-node-11904422241",
        "osm_type": "node",
        "osm_id": 11904422241,
        "kommune": "Drammen",
        "kategori": "sykkelparkering",
        "name": null,
        "bicycle_parking": "wall_loops",
        "covered": "no",
        "indoor": null,
        "capacity": "10",
        "access": null,
        "fee": null,
        "operator": null,
        "surveillance": null,
        "osm_url": "https://www.openstreetmap.org/node/11904422241"
      }
    },
    {
      "type": "Feature",
      "geometry": {
        "type": "Point",
        "coordinates": [
          10.2222924,
          59.7304561
        ]
      },
      "properties": {
        "id": "osm-node-11904452003",
        "osm_type": "node",
        "osm_id": 11904452003,
        "kommune": "Drammen",
        "kategori": "sykkelparkering_med_tak",
        "name": null,
        "bicycle_parking": "stands",
        "covered": "yes",
        "indoor": null,
        "capacity": "44",
        "access": "yes",
        "fee": null,
        "operator": null,
        "surveillance": null,
        "osm_url": "https://www.openstreetmap.org/node/11904452003"
      }
    },
    {
      "type": "Feature",
      "geometry": {
        "type": "Point",
        "coordinates": [
          10.2025911,
          59.7339581
        ]
      },
      "properties": {
        "id": "osm-node-11955680633",
        "osm_type": "node",
        "osm_id": 11955680633,
        "kommune": "Drammen",
        "kategori": "sykkelparkering",
        "name": null,
        "bicycle_parking": "stands",
        "covered": "no",
        "indoor": null,
        "capacity": "32",
        "access": null,
        "fee": null,
        "operator": "Drammen kommune",
        "surveillance": null,
        "osm_url": "https://www.openstreetmap.org/node/11955680633"
      }
    },
    {
      "type": "Feature",
      "geometry": {
        "type": "Point",
        "coordinates": [
          10.0150722,
          59.7472899
        ]
      },
      "properties": {
        "id": "osm-node-11987432631",
        "osm_type": "node",
        "osm_id": 11987432631,
        "kommune": "Drammen",
        "kategori": "sykkelparkering_med_tak",
        "name": null,
        "bicycle_parking": "wall_loops",
        "covered": "yes",
        "indoor": null,
        "capacity": null,
        "access": null,
        "fee": null,
        "operator": null,
        "surveillance": null,
        "osm_url": "https://www.openstreetmap.org/node/11987432631"
      }
    },
    {
      "type": "Feature",
      "geometry": {
        "type": "Point",
        "coordinates": [
          10.0149823,
          59.7471128
        ]
      },
      "properties": {
        "id": "osm-node-11987432635",
        "osm_type": "node",
        "osm_id": 11987432635,
        "kommune": "Drammen",
        "kategori": "sykkelparkering_med_tak",
        "name": null,
        "bicycle_parking": "wall_loops",
        "covered": "yes",
        "indoor": null,
        "capacity": null,
        "access": null,
        "fee": null,
        "operator": null,
        "surveillance": null,
        "osm_url": "https://www.openstreetmap.org/node/11987432635"
      }
    },
    {
      "type": "Feature",
      "geometry": {
        "type": "Point",
        "coordinates": [
          10.2009874,
          59.7416208
        ]
      },
      "properties": {
        "id": "osm-node-12087250012",
        "osm_type": "node",
        "osm_id": 12087250012,
        "kommune": "Drammen",
        "kategori": "sykkelparkering",
        "name": null,
        "bicycle_parking": "stands",
        "covered": "no",
        "indoor": null,
        "capacity": "122",
        "access": "yes",
        "fee": "no",
        "operator": "Bane NOR SF",
        "surveillance": null,
        "osm_url": "https://www.openstreetmap.org/node/12087250012"
      }
    },
    {
      "type": "Feature",
      "geometry": {
        "type": "Point",
        "coordinates": [
          10.1617913,
          59.7421978
        ]
      },
      "properties": {
        "id": "osm-node-12093450825",
        "osm_type": "node",
        "osm_id": 12093450825,
        "kommune": "Drammen",
        "kategori": "sykkelparkering",
        "name": null,
        "bicycle_parking": "wall_loops",
        "covered": "no",
        "indoor": null,
        "capacity": null,
        "access": null,
        "fee": null,
        "operator": null,
        "surveillance": null,
        "osm_url": "https://www.openstreetmap.org/node/12093450825"
      }
    },
    {
      "type": "Feature",
      "geometry": {
        "type": "Point",
        "coordinates": [
          10.1644199,
          59.7420256
        ]
      },
      "properties": {
        "id": "osm-node-12093867774",
        "osm_type": "node",
        "osm_id": 12093867774,
        "kommune": "Drammen",
        "kategori": "sykkelparkering",
        "name": null,
        "bicycle_parking": "stands",
        "covered": "no",
        "indoor": null,
        "capacity": "6",
        "access": null,
        "fee": null,
        "operator": null,
        "surveillance": null,
        "osm_url": "https://www.openstreetmap.org/node/12093867774"
      }
    },
    {
      "type": "Feature",
      "geometry": {
        "type": "Point",
        "coordinates": [
          10.1639311,
          59.7417527
        ]
      },
      "properties": {
        "id": "osm-node-12093896755",
        "osm_type": "node",
        "osm_id": 12093896755,
        "kommune": "Drammen",
        "kategori": "sykkelparkering",
        "name": null,
        "bicycle_parking": "stands",
        "covered": "no",
        "indoor": null,
        "capacity": "8",
        "access": null,
        "fee": null,
        "operator": null,
        "surveillance": null,
        "osm_url": "https://www.openstreetmap.org/node/12093896755"
      }
    },
    {
      "type": "Feature",
      "geometry": {
        "type": "Point",
        "coordinates": [
          10.1638185,
          59.7417881
        ]
      },
      "properties": {
        "id": "osm-node-12093898615",
        "osm_type": "node",
        "osm_id": 12093898615,
        "kommune": "Drammen",
        "kategori": "sykkelparkering",
        "name": null,
        "bicycle_parking": "stands",
        "covered": "no",
        "indoor": null,
        "capacity": "8",
        "access": null,
        "fee": null,
        "operator": null,
        "surveillance": null,
        "osm_url": "https://www.openstreetmap.org/node/12093898615"
      }
    },
    {
      "type": "Feature",
      "geometry": {
        "type": "Point",
        "coordinates": [
          10.1656765,
          59.7425729
        ]
      },
      "properties": {
        "id": "osm-node-12093902156",
        "osm_type": "node",
        "osm_id": 12093902156,
        "kommune": "Drammen",
        "kategori": "sykkelparkering",
        "name": null,
        "bicycle_parking": "stands",
        "covered": "no",
        "indoor": null,
        "capacity": "2",
        "access": null,
        "fee": null,
        "operator": null,
        "surveillance": null,
        "osm_url": "https://www.openstreetmap.org/node/12093902156"
      }
    },
    {
      "type": "Feature",
      "geometry": {
        "type": "Point",
        "coordinates": [
          10.2030707,
          59.7393311
        ]
      },
      "properties": {
        "id": "osm-node-12106153369",
        "osm_type": "node",
        "osm_id": 12106153369,
        "kommune": "Drammen",
        "kategori": "sykkelparkering",
        "name": null,
        "bicycle_parking": "stands",
        "covered": "no",
        "indoor": null,
        "capacity": "8",
        "access": "yes",
        "fee": null,
        "operator": null,
        "surveillance": null,
        "osm_url": "https://www.openstreetmap.org/node/12106153369"
      }
    },
    {
      "type": "Feature",
      "geometry": {
        "type": "Point",
        "coordinates": [
          10.2025958,
          59.7341373
        ]
      },
      "properties": {
        "id": "osm-node-12121631232",
        "osm_type": "node",
        "osm_id": 12121631232,
        "kommune": "Drammen",
        "kategori": "sykkelparkering",
        "name": null,
        "bicycle_parking": "stands",
        "covered": "no",
        "indoor": null,
        "capacity": null,
        "access": null,
        "fee": null,
        "operator": "Drammen kommune",
        "surveillance": null,
        "osm_url": "https://www.openstreetmap.org/node/12121631232"
      }
    },
    {
      "type": "Feature",
      "geometry": {
        "type": "Point",
        "coordinates": [
          10.1976161,
          59.7327704
        ]
      },
      "properties": {
        "id": "osm-node-12122632287",
        "osm_type": "node",
        "osm_id": 12122632287,
        "kommune": "Drammen",
        "kategori": "sykkelparkering",
        "name": null,
        "bicycle_parking": "wall_loops",
        "covered": "no",
        "indoor": null,
        "capacity": null,
        "access": null,
        "fee": null,
        "operator": "Danvik folkehøgskole",
        "surveillance": null,
        "osm_url": "https://www.openstreetmap.org/node/12122632287"
      }
    },
    {
      "type": "Feature",
      "geometry": {
        "type": "Point",
        "coordinates": [
          10.2295254,
          59.7452937
        ]
      },
      "properties": {
        "id": "osm-node-12132219676",
        "osm_type": "node",
        "osm_id": 12132219676,
        "kommune": "Drammen",
        "kategori": "sykkelparkering_med_tak",
        "name": null,
        "bicycle_parking": "wall_loops",
        "covered": "yes",
        "indoor": null,
        "capacity": "15",
        "access": null,
        "fee": null,
        "operator": null,
        "surveillance": null,
        "osm_url": "https://www.openstreetmap.org/node/12132219676"
      }
    },
    {
      "type": "Feature",
      "geometry": {
        "type": "Point",
        "coordinates": [
          10.2271551,
          59.7437903
        ]
      },
      "properties": {
        "id": "osm-node-12132294122",
        "osm_type": "node",
        "osm_id": 12132294122,
        "kommune": "Drammen",
        "kategori": "sykkelparkering",
        "name": null,
        "bicycle_parking": "stands",
        "covered": "no",
        "indoor": null,
        "capacity": "4",
        "access": null,
        "fee": null,
        "operator": "Drammen kommune",
        "surveillance": null,
        "osm_url": "https://www.openstreetmap.org/node/12132294122"
      }
    },
    {
      "type": "Feature",
      "geometry": {
        "type": "Point",
        "coordinates": [
          10.2059479,
          59.7435271
        ]
      },
      "properties": {
        "id": "osm-node-12142103090",
        "osm_type": "node",
        "osm_id": 12142103090,
        "kommune": "Drammen",
        "kategori": "sykkelparkering_med_tak",
        "name": null,
        "bicycle_parking": "wall_loops",
        "covered": "yes",
        "indoor": "yes",
        "capacity": null,
        "access": "private",
        "fee": null,
        "operator": "Werringgården",
        "surveillance": null,
        "osm_url": "https://www.openstreetmap.org/node/12142103090"
      }
    },
    {
      "type": "Feature",
      "geometry": {
        "type": "Point",
        "coordinates": [
          10.2640853,
          59.7184227
        ]
      },
      "properties": {
        "id": "osm-node-12150227366",
        "osm_type": "node",
        "osm_id": 12150227366,
        "kommune": "Drammen",
        "kategori": "sykkelparkering_med_tak",
        "name": null,
        "bicycle_parking": null,
        "covered": "yes",
        "indoor": "yes",
        "capacity": null,
        "access": "private",
        "fee": null,
        "operator": null,
        "surveillance": null,
        "osm_url": "https://www.openstreetmap.org/node/12150227366"
      }
    },
    {
      "type": "Feature",
      "geometry": {
        "type": "Point",
        "coordinates": [
          10.1710009,
          59.7410932
        ]
      },
      "properties": {
        "id": "osm-node-12173050666",
        "osm_type": "node",
        "osm_id": 12173050666,
        "kommune": "Drammen",
        "kategori": "sykkelparkering",
        "name": null,
        "bicycle_parking": null,
        "covered": "no",
        "indoor": null,
        "capacity": null,
        "access": null,
        "fee": null,
        "operator": null,
        "surveillance": null,
        "osm_url": "https://www.openstreetmap.org/node/12173050666"
      }
    },
    {
      "type": "Feature",
      "geometry": {
        "type": "Point",
        "coordinates": [
          10.17106,
          59.7402543
        ]
      },
      "properties": {
        "id": "osm-node-12173072826",
        "osm_type": "node",
        "osm_id": 12173072826,
        "kommune": "Drammen",
        "kategori": "sykkelparkering_med_tak",
        "name": null,
        "bicycle_parking": null,
        "covered": "yes",
        "indoor": null,
        "capacity": null,
        "access": null,
        "fee": null,
        "operator": null,
        "surveillance": null,
        "osm_url": "https://www.openstreetmap.org/node/12173072826"
      }
    },
    {
      "type": "Feature",
      "geometry": {
        "type": "Point",
        "coordinates": [
          10.2220107,
          59.7423332
        ]
      },
      "properties": {
        "id": "osm-node-12178672689",
        "osm_type": "node",
        "osm_id": 12178672689,
        "kommune": "Drammen",
        "kategori": "sykkelparkering_med_tak",
        "name": null,
        "bicycle_parking": "stands",
        "covered": "yes",
        "indoor": "yes",
        "capacity": "6",
        "access": "private",
        "fee": null,
        "operator": null,
        "surveillance": null,
        "osm_url": "https://www.openstreetmap.org/node/12178672689"
      }
    },
    {
      "type": "Feature",
      "geometry": {
        "type": "Point",
        "coordinates": [
          10.2216289,
          59.7423388
        ]
      },
      "properties": {
        "id": "osm-node-12178689138",
        "osm_type": "node",
        "osm_id": 12178689138,
        "kommune": "Drammen",
        "kategori": "sykkelparkering_med_tak",
        "name": null,
        "bicycle_parking": "stands",
        "covered": "yes",
        "indoor": null,
        "capacity": "8",
        "access": null,
        "fee": null,
        "operator": null,
        "surveillance": null,
        "osm_url": "https://www.openstreetmap.org/node/12178689138"
      }
    },
    {
      "type": "Feature",
      "geometry": {
        "type": "Point",
        "coordinates": [
          10.2126513,
          59.742102
        ]
      },
      "properties": {
        "id": "osm-node-12178696477",
        "osm_type": "node",
        "osm_id": 12178696477,
        "kommune": "Drammen",
        "kategori": "sykkelparkering",
        "name": null,
        "bicycle_parking": "wall_loops",
        "covered": "no",
        "indoor": null,
        "capacity": "4",
        "access": null,
        "fee": null,
        "operator": null,
        "surveillance": null,
        "osm_url": "https://www.openstreetmap.org/node/12178696477"
      }
    },
    {
      "type": "Feature",
      "geometry": {
        "type": "Point",
        "coordinates": [
          10.213121,
          59.7420791
        ]
      },
      "properties": {
        "id": "osm-node-12178696478",
        "osm_type": "node",
        "osm_id": 12178696478,
        "kommune": "Drammen",
        "kategori": "sykkelparkering_med_tak",
        "name": null,
        "bicycle_parking": null,
        "covered": "yes",
        "indoor": null,
        "capacity": null,
        "access": null,
        "fee": null,
        "operator": "Drammen kommune",
        "surveillance": null,
        "osm_url": "https://www.openstreetmap.org/node/12178696478"
      }
    },
    {
      "type": "Feature",
      "geometry": {
        "type": "Point",
        "coordinates": [
          10.2144244,
          59.7422503
        ]
      },
      "properties": {
        "id": "osm-node-12188039621",
        "osm_type": "node",
        "osm_id": 12188039621,
        "kommune": "Drammen",
        "kategori": "sykkelparkering_med_tak",
        "name": null,
        "bicycle_parking": "wall_loops",
        "covered": "yes",
        "indoor": null,
        "capacity": "8",
        "access": null,
        "fee": null,
        "operator": null,
        "surveillance": null,
        "osm_url": "https://www.openstreetmap.org/node/12188039621"
      }
    },
    {
      "type": "Feature",
      "geometry": {
        "type": "Point",
        "coordinates": [
          10.1983043,
          59.7455709
        ]
      },
      "properties": {
        "id": "osm-node-12188380514",
        "osm_type": "node",
        "osm_id": 12188380514,
        "kommune": "Drammen",
        "kategori": "sykkelparkering",
        "name": null,
        "bicycle_parking": "stands",
        "covered": "no",
        "indoor": null,
        "capacity": "12",
        "access": null,
        "fee": null,
        "operator": "Drammen kommune",
        "surveillance": null,
        "osm_url": "https://www.openstreetmap.org/node/12188380514"
      }
    },
    {
      "type": "Feature",
      "geometry": {
        "type": "Point",
        "coordinates": [
          10.2244774,
          59.7438677
        ]
      },
      "properties": {
        "id": "osm-node-12196934742",
        "osm_type": "node",
        "osm_id": 12196934742,
        "kommune": "Drammen",
        "kategori": "sykkelparkering",
        "name": null,
        "bicycle_parking": "wall_loops",
        "covered": "no",
        "indoor": null,
        "capacity": null,
        "access": null,
        "fee": null,
        "operator": null,
        "surveillance": null,
        "osm_url": "https://www.openstreetmap.org/node/12196934742"
      }
    },
    {
      "type": "Feature",
      "geometry": {
        "type": "Point",
        "coordinates": [
          10.2243152,
          59.74366
        ]
      },
      "properties": {
        "id": "osm-node-12196934743",
        "osm_type": "node",
        "osm_id": 12196934743,
        "kommune": "Drammen",
        "kategori": "sykkelparkering",
        "name": null,
        "bicycle_parking": "wall_loops",
        "covered": "no",
        "indoor": null,
        "capacity": null,
        "access": null,
        "fee": null,
        "operator": null,
        "surveillance": null,
        "osm_url": "https://www.openstreetmap.org/node/12196934743"
      }
    },
    {
      "type": "Feature",
      "geometry": {
        "type": "Point",
        "coordinates": [
          10.2278178,
          59.7445332
        ]
      },
      "properties": {
        "id": "osm-node-12196936502",
        "osm_type": "node",
        "osm_id": 12196936502,
        "kommune": "Drammen",
        "kategori": "sykkelparkering",
        "name": null,
        "bicycle_parking": "wall_loops",
        "covered": "no",
        "indoor": null,
        "capacity": null,
        "access": null,
        "fee": null,
        "operator": null,
        "surveillance": null,
        "osm_url": "https://www.openstreetmap.org/node/12196936502"
      }
    },
    {
      "type": "Feature",
      "geometry": {
        "type": "Point",
        "coordinates": [
          10.2241752,
          59.7434648
        ]
      },
      "properties": {
        "id": "osm-node-12196970711",
        "osm_type": "node",
        "osm_id": 12196970711,
        "kommune": "Drammen",
        "kategori": "sykkelparkering",
        "name": null,
        "bicycle_parking": "wall_loops",
        "covered": "no",
        "indoor": null,
        "capacity": null,
        "access": null,
        "fee": null,
        "operator": null,
        "surveillance": null,
        "osm_url": "https://www.openstreetmap.org/node/12196970711"
      }
    },
    {
      "type": "Feature",
      "geometry": {
        "type": "Point",
        "coordinates": [
          10.1486942,
          59.716087
        ]
      },
      "properties": {
        "id": "osm-node-12250318833",
        "osm_type": "node",
        "osm_id": 12250318833,
        "kommune": "Drammen",
        "kategori": "sykkelparkering",
        "name": null,
        "bicycle_parking": "wall_loops",
        "covered": "no",
        "indoor": null,
        "capacity": "4",
        "access": null,
        "fee": null,
        "operator": null,
        "surveillance": null,
        "osm_url": "https://www.openstreetmap.org/node/12250318833"
      }
    },
    {
      "type": "Feature",
      "geometry": {
        "type": "Point",
        "coordinates": [
          10.1502872,
          59.7160202
        ]
      },
      "properties": {
        "id": "osm-node-12250372036",
        "osm_type": "node",
        "osm_id": 12250372036,
        "kommune": "Drammen",
        "kategori": "sykkelparkering",
        "name": null,
        "bicycle_parking": "stands",
        "covered": "no",
        "indoor": null,
        "capacity": "6",
        "access": null,
        "fee": null,
        "operator": null,
        "surveillance": null,
        "osm_url": "https://www.openstreetmap.org/node/12250372036"
      }
    },
    {
      "type": "Feature",
      "geometry": {
        "type": "Point",
        "coordinates": [
          10.1507164,
          59.7159726
        ]
      },
      "properties": {
        "id": "osm-node-12250372037",
        "osm_type": "node",
        "osm_id": 12250372037,
        "kommune": "Drammen",
        "kategori": "sykkelparkering",
        "name": null,
        "bicycle_parking": "stands",
        "covered": "no",
        "indoor": null,
        "capacity": "6",
        "access": null,
        "fee": null,
        "operator": null,
        "surveillance": null,
        "osm_url": "https://www.openstreetmap.org/node/12250372037"
      }
    },
    {
      "type": "Feature",
      "geometry": {
        "type": "Point",
        "coordinates": [
          10.1510805,
          59.7160907
        ]
      },
      "properties": {
        "id": "osm-node-12250372038",
        "osm_type": "node",
        "osm_id": 12250372038,
        "kommune": "Drammen",
        "kategori": "sykkelparkering",
        "name": null,
        "bicycle_parking": "stands",
        "covered": "no",
        "indoor": null,
        "capacity": "8",
        "access": null,
        "fee": null,
        "operator": null,
        "surveillance": null,
        "osm_url": "https://www.openstreetmap.org/node/12250372038"
      }
    },
    {
      "type": "Feature",
      "geometry": {
        "type": "Point",
        "coordinates": [
          10.1544103,
          59.7537069
        ]
      },
      "properties": {
        "id": "osm-node-12278425183",
        "osm_type": "node",
        "osm_id": 12278425183,
        "kommune": "Drammen",
        "kategori": "sykkelparkering",
        "name": null,
        "bicycle_parking": "stands",
        "covered": "no",
        "indoor": null,
        "capacity": "13",
        "access": "yes",
        "fee": null,
        "operator": "Drammen kommune",
        "surveillance": null,
        "osm_url": "https://www.openstreetmap.org/node/12278425183"
      }
    },
    {
      "type": "Feature",
      "geometry": {
        "type": "Point",
        "coordinates": [
          10.1780452,
          59.748706
        ]
      },
      "properties": {
        "id": "osm-node-12278425374",
        "osm_type": "node",
        "osm_id": 12278425374,
        "kommune": "Drammen",
        "kategori": "sykkelparkering",
        "name": null,
        "bicycle_parking": "stands",
        "covered": "no",
        "indoor": null,
        "capacity": "10",
        "access": null,
        "fee": null,
        "operator": null,
        "surveillance": null,
        "osm_url": "https://www.openstreetmap.org/node/12278425374"
      }
    },
    {
      "type": "Feature",
      "geometry": {
        "type": "Point",
        "coordinates": [
          10.072579,
          59.7636235
        ]
      },
      "properties": {
        "id": "osm-node-12278607948",
        "osm_type": "node",
        "osm_id": 12278607948,
        "kommune": "Drammen",
        "kategori": "sykkelparkering",
        "name": null,
        "bicycle_parking": "stands",
        "covered": "no",
        "indoor": null,
        "capacity": null,
        "access": "yes",
        "fee": null,
        "operator": null,
        "surveillance": null,
        "osm_url": "https://www.openstreetmap.org/node/12278607948"
      }
    },
    {
      "type": "Feature",
      "geometry": {
        "type": "Point",
        "coordinates": [
          10.2246899,
          59.7431857
        ]
      },
      "properties": {
        "id": "osm-node-12293382848",
        "osm_type": "node",
        "osm_id": 12293382848,
        "kommune": "Drammen",
        "kategori": "sykkelparkering",
        "name": null,
        "bicycle_parking": null,
        "covered": null,
        "indoor": null,
        "capacity": null,
        "access": null,
        "fee": null,
        "operator": null,
        "surveillance": null,
        "osm_url": "https://www.openstreetmap.org/node/12293382848"
      }
    },
    {
      "type": "Feature",
      "geometry": {
        "type": "Point",
        "coordinates": [
          10.2250262,
          59.7428645
        ]
      },
      "properties": {
        "id": "osm-node-12293827144",
        "osm_type": "node",
        "osm_id": 12293827144,
        "kommune": "Drammen",
        "kategori": "sykkelparkering_med_tak",
        "name": null,
        "bicycle_parking": "wall_loops",
        "covered": "yes",
        "indoor": null,
        "capacity": null,
        "access": null,
        "fee": null,
        "operator": null,
        "surveillance": null,
        "osm_url": "https://www.openstreetmap.org/node/12293827144"
      }
    },
    {
      "type": "Feature",
      "geometry": {
        "type": "Point",
        "coordinates": [
          10.1425609,
          59.751302
        ]
      },
      "properties": {
        "id": "osm-node-12298770188",
        "osm_type": "node",
        "osm_id": 12298770188,
        "kommune": "Drammen",
        "kategori": "sykkelparkering_med_tak",
        "name": null,
        "bicycle_parking": "stands",
        "covered": "yes",
        "indoor": null,
        "capacity": "18",
        "access": null,
        "fee": null,
        "operator": "Drammen kommune",
        "surveillance": null,
        "osm_url": "https://www.openstreetmap.org/node/12298770188"
      }
    },
    {
      "type": "Feature",
      "geometry": {
        "type": "Point",
        "coordinates": [
          10.1432083,
          59.7512321
        ]
      },
      "properties": {
        "id": "osm-node-12298770189",
        "osm_type": "node",
        "osm_id": 12298770189,
        "kommune": "Drammen",
        "kategori": "sykkelparkering_med_tak",
        "name": null,
        "bicycle_parking": "stands",
        "covered": "yes",
        "indoor": null,
        "capacity": "8",
        "access": null,
        "fee": null,
        "operator": "Drammen kommune",
        "surveillance": null,
        "osm_url": "https://www.openstreetmap.org/node/12298770189"
      }
    },
    {
      "type": "Feature",
      "geometry": {
        "type": "Point",
        "coordinates": [
          10.1431227,
          59.7512341
        ]
      },
      "properties": {
        "id": "osm-node-12298770190",
        "osm_type": "node",
        "osm_id": 12298770190,
        "kommune": "Drammen",
        "kategori": "sykkelparkering",
        "name": null,
        "bicycle_parking": "stands",
        "covered": "no",
        "indoor": null,
        "capacity": "11",
        "access": null,
        "fee": null,
        "operator": "Drammen kommune",
        "surveillance": null,
        "osm_url": "https://www.openstreetmap.org/node/12298770190"
      }
    },
    {
      "type": "Feature",
      "geometry": {
        "type": "Point",
        "coordinates": [
          10.1442411,
          59.7514623
        ]
      },
      "properties": {
        "id": "osm-node-12298792210",
        "osm_type": "node",
        "osm_id": 12298792210,
        "kommune": "Drammen",
        "kategori": "sykkelparkering",
        "name": null,
        "bicycle_parking": "wall_loops",
        "covered": "no",
        "indoor": null,
        "capacity": null,
        "access": null,
        "fee": null,
        "operator": "Drammen kommune",
        "surveillance": null,
        "osm_url": "https://www.openstreetmap.org/node/12298792210"
      }
    },
    {
      "type": "Feature",
      "geometry": {
        "type": "Point",
        "coordinates": [
          10.1439585,
          59.7515108
        ]
      },
      "properties": {
        "id": "osm-node-12298792211",
        "osm_type": "node",
        "osm_id": 12298792211,
        "kommune": "Drammen",
        "kategori": "sykkelparkering",
        "name": null,
        "bicycle_parking": "wall_loops",
        "covered": "no",
        "indoor": null,
        "capacity": null,
        "access": null,
        "fee": null,
        "operator": "Drammen kommune",
        "surveillance": null,
        "osm_url": "https://www.openstreetmap.org/node/12298792211"
      }
    },
    {
      "type": "Feature",
      "geometry": {
        "type": "Point",
        "coordinates": [
          10.1422966,
          59.7513107
        ]
      },
      "properties": {
        "id": "osm-node-12298821806",
        "osm_type": "node",
        "osm_id": 12298821806,
        "kommune": "Drammen",
        "kategori": "sykkelparkering_med_tak",
        "name": null,
        "bicycle_parking": "stands",
        "covered": "yes",
        "indoor": null,
        "capacity": "36",
        "access": null,
        "fee": null,
        "operator": "Drammen kommune",
        "surveillance": null,
        "osm_url": "https://www.openstreetmap.org/node/12298821806"
      }
    },
    {
      "type": "Feature",
      "geometry": {
        "type": "Point",
        "coordinates": [
          10.129293,
          59.7513147
        ]
      },
      "properties": {
        "id": "osm-node-12462860873",
        "osm_type": "node",
        "osm_id": 12462860873,
        "kommune": "Drammen",
        "kategori": "sykkelparkering",
        "name": null,
        "bicycle_parking": "stands",
        "covered": "no",
        "indoor": null,
        "capacity": "5",
        "access": null,
        "fee": null,
        "operator": null,
        "surveillance": null,
        "osm_url": "https://www.openstreetmap.org/node/12462860873"
      }
    },
    {
      "type": "Feature",
      "geometry": {
        "type": "Point",
        "coordinates": [
          10.1299936,
          59.751329
        ]
      },
      "properties": {
        "id": "osm-node-12462897980",
        "osm_type": "node",
        "osm_id": 12462897980,
        "kommune": "Drammen",
        "kategori": "sykkelparkering",
        "name": null,
        "bicycle_parking": "wall_loops",
        "covered": "no",
        "indoor": null,
        "capacity": "3",
        "access": null,
        "fee": null,
        "operator": null,
        "surveillance": null,
        "osm_url": "https://www.openstreetmap.org/node/12462897980"
      }
    },
    {
      "type": "Feature",
      "geometry": {
        "type": "Point",
        "coordinates": [
          10.1295062,
          59.750853
        ]
      },
      "properties": {
        "id": "osm-node-12462911825",
        "osm_type": "node",
        "osm_id": 12462911825,
        "kommune": "Drammen",
        "kategori": "sykkelparkering",
        "name": null,
        "bicycle_parking": "stands",
        "covered": "no",
        "indoor": null,
        "capacity": "5",
        "access": null,
        "fee": null,
        "operator": null,
        "surveillance": null,
        "osm_url": "https://www.openstreetmap.org/node/12462911825"
      }
    },
    {
      "type": "Feature",
      "geometry": {
        "type": "Point",
        "coordinates": [
          10.1286877,
          59.7509711
        ]
      },
      "properties": {
        "id": "osm-node-12462953014",
        "osm_type": "node",
        "osm_id": 12462953014,
        "kommune": "Drammen",
        "kategori": "sykkelparkering",
        "name": null,
        "bicycle_parking": "stands",
        "covered": "no",
        "indoor": null,
        "capacity": "7",
        "access": null,
        "fee": null,
        "operator": null,
        "surveillance": null,
        "osm_url": "https://www.openstreetmap.org/node/12462953014"
      }
    },
    {
      "type": "Feature",
      "geometry": {
        "type": "Point",
        "coordinates": [
          10.1276273,
          59.7511871
        ]
      },
      "properties": {
        "id": "osm-node-12462953015",
        "osm_type": "node",
        "osm_id": 12462953015,
        "kommune": "Drammen",
        "kategori": "sykkelparkering",
        "name": null,
        "bicycle_parking": "stands",
        "covered": "no",
        "indoor": null,
        "capacity": "7",
        "access": null,
        "fee": null,
        "operator": null,
        "surveillance": null,
        "osm_url": "https://www.openstreetmap.org/node/12462953015"
      }
    },
    {
      "type": "Feature",
      "geometry": {
        "type": "Point",
        "coordinates": [
          10.1282801,
          59.7517466
        ]
      },
      "properties": {
        "id": "osm-node-12462958676",
        "osm_type": "node",
        "osm_id": 12462958676,
        "kommune": "Drammen",
        "kategori": "sykkelparkering",
        "name": null,
        "bicycle_parking": "wall_loops",
        "covered": "no",
        "indoor": null,
        "capacity": "7",
        "access": null,
        "fee": null,
        "operator": null,
        "surveillance": null,
        "osm_url": "https://www.openstreetmap.org/node/12462958676"
      }
    },
    {
      "type": "Feature",
      "geometry": {
        "type": "Point",
        "coordinates": [
          10.1930039,
          59.743877
        ]
      },
      "properties": {
        "id": "osm-node-12514166170",
        "osm_type": "node",
        "osm_id": 12514166170,
        "kommune": "Drammen",
        "kategori": "sykkelparkering",
        "name": null,
        "bicycle_parking": "wall_loops",
        "covered": "no",
        "indoor": null,
        "capacity": "6",
        "access": null,
        "fee": null,
        "operator": null,
        "surveillance": null,
        "osm_url": "https://www.openstreetmap.org/node/12514166170"
      }
    },
    {
      "type": "Feature",
      "geometry": {
        "type": "Point",
        "coordinates": [
          10.2232367,
          59.7184006
        ]
      },
      "properties": {
        "id": "osm-node-12578615939",
        "osm_type": "node",
        "osm_id": 12578615939,
        "kommune": "Drammen",
        "kategori": "sykkelparkering",
        "name": null,
        "bicycle_parking": null,
        "covered": "no",
        "indoor": null,
        "capacity": null,
        "access": null,
        "fee": null,
        "operator": null,
        "surveillance": null,
        "osm_url": "https://www.openstreetmap.org/node/12578615939"
      }
    },
    {
      "type": "Feature",
      "geometry": {
        "type": "Point",
        "coordinates": [
          10.1942016,
          59.7439682
        ]
      },
      "properties": {
        "id": "osm-node-12592985584",
        "osm_type": "node",
        "osm_id": 12592985584,
        "kommune": "Drammen",
        "kategori": "sykkelparkering_med_tak",
        "name": null,
        "bicycle_parking": "wall_loops",
        "covered": "yes",
        "indoor": null,
        "capacity": null,
        "access": null,
        "fee": null,
        "operator": null,
        "surveillance": null,
        "osm_url": "https://www.openstreetmap.org/node/12592985584"
      }
    },
    {
      "type": "Feature",
      "geometry": {
        "type": "Point",
        "coordinates": [
          10.4093257,
          59.6174109
        ]
      },
      "properties": {
        "id": "osm-node-12630155429",
        "osm_type": "node",
        "osm_id": 12630155429,
        "kommune": "Drammen",
        "kategori": "sykkelparkering",
        "name": null,
        "bicycle_parking": "wall_loops",
        "covered": "no",
        "indoor": null,
        "capacity": "5",
        "access": null,
        "fee": null,
        "operator": null,
        "surveillance": null,
        "osm_url": "https://www.openstreetmap.org/node/12630155429"
      }
    },
    {
      "type": "Feature",
      "geometry": {
        "type": "Point",
        "coordinates": [
          10.0097099,
          59.7509848
        ]
      },
      "properties": {
        "id": "osm-node-12718423942",
        "osm_type": "node",
        "osm_id": 12718423942,
        "kommune": "Drammen",
        "kategori": "sykkelparkering",
        "name": null,
        "bicycle_parking": "stands",
        "covered": "no",
        "indoor": null,
        "capacity": "2",
        "access": "yes",
        "fee": null,
        "operator": "Drammen kommune",
        "surveillance": null,
        "osm_url": "https://www.openstreetmap.org/node/12718423942"
      }
    },
    {
      "type": "Feature",
      "geometry": {
        "type": "Point",
        "coordinates": [
          10.0096954,
          59.7509565
        ]
      },
      "properties": {
        "id": "osm-node-12718423943",
        "osm_type": "node",
        "osm_id": 12718423943,
        "kommune": "Drammen",
        "kategori": "sykkelparkering",
        "name": null,
        "bicycle_parking": "stands",
        "covered": "no",
        "indoor": null,
        "capacity": "2",
        "access": "yes",
        "fee": null,
        "operator": "Drammen kommune",
        "surveillance": null,
        "osm_url": "https://www.openstreetmap.org/node/12718423943"
      }
    },
    {
      "type": "Feature",
      "geometry": {
        "type": "Point",
        "coordinates": [
          10.4051268,
          59.6059402
        ]
      },
      "properties": {
        "id": "osm-node-12735929292",
        "osm_type": "node",
        "osm_id": 12735929292,
        "kommune": "Drammen",
        "kategori": "sykkelparkering",
        "name": null,
        "bicycle_parking": "wall_loops",
        "covered": "no",
        "indoor": null,
        "capacity": null,
        "access": null,
        "fee": null,
        "operator": "Drammen kommune",
        "surveillance": null,
        "osm_url": "https://www.openstreetmap.org/node/12735929292"
      }
    },
    {
      "type": "Feature",
      "geometry": {
        "type": "Point",
        "coordinates": [
          10.2354058,
          59.7427925
        ]
      },
      "properties": {
        "id": "osm-node-12747612999",
        "osm_type": "node",
        "osm_id": 12747612999,
        "kommune": "Drammen",
        "kategori": "sykkelparkering",
        "name": null,
        "bicycle_parking": "stands",
        "covered": "no",
        "indoor": null,
        "capacity": "12",
        "access": "yes",
        "fee": null,
        "operator": "Vestre Viken HF",
        "surveillance": null,
        "osm_url": "https://www.openstreetmap.org/node/12747612999"
      }
    },
    {
      "type": "Feature",
      "geometry": {
        "type": "Point",
        "coordinates": [
          10.2354975,
          59.7434227
        ]
      },
      "properties": {
        "id": "osm-node-12747633287",
        "osm_type": "node",
        "osm_id": 12747633287,
        "kommune": "Drammen",
        "kategori": "sykkelparkering",
        "name": null,
        "bicycle_parking": "stands",
        "covered": "no",
        "indoor": null,
        "capacity": "50",
        "access": null,
        "fee": null,
        "operator": null,
        "surveillance": null,
        "osm_url": "https://www.openstreetmap.org/node/12747633287"
      }
    },
    {
      "type": "Feature",
      "geometry": {
        "type": "Point",
        "coordinates": [
          10.2352141,
          59.742895
        ]
      },
      "properties": {
        "id": "osm-node-12747659993",
        "osm_type": "node",
        "osm_id": 12747659993,
        "kommune": "Drammen",
        "kategori": "sykkelparkering",
        "name": null,
        "bicycle_parking": "stands",
        "covered": "no",
        "indoor": null,
        "capacity": "12",
        "access": "yes",
        "fee": null,
        "operator": "Vestre Viken HF",
        "surveillance": null,
        "osm_url": "https://www.openstreetmap.org/node/12747659993"
      }
    },
    {
      "type": "Feature",
      "geometry": {
        "type": "Point",
        "coordinates": [
          10.2350141,
          59.743002
        ]
      },
      "properties": {
        "id": "osm-node-12747663973",
        "osm_type": "node",
        "osm_id": 12747663973,
        "kommune": "Drammen",
        "kategori": "sykkelparkering",
        "name": null,
        "bicycle_parking": "stands",
        "covered": "no",
        "indoor": null,
        "capacity": "12",
        "access": "yes",
        "fee": null,
        "operator": "Vestre Viken HF",
        "surveillance": null,
        "osm_url": "https://www.openstreetmap.org/node/12747663973"
      }
    },
    {
      "type": "Feature",
      "geometry": {
        "type": "Point",
        "coordinates": [
          10.1852499,
          59.737816
        ]
      },
      "properties": {
        "id": "osm-node-12814837724",
        "osm_type": "node",
        "osm_id": 12814837724,
        "kommune": "Drammen",
        "kategori": "sykkelparkering",
        "name": null,
        "bicycle_parking": "wall_loops",
        "covered": "no",
        "indoor": null,
        "capacity": "5",
        "access": null,
        "fee": null,
        "operator": null,
        "surveillance": null,
        "osm_url": "https://www.openstreetmap.org/node/12814837724"
      }
    },
    {
      "type": "Feature",
      "geometry": {
        "type": "Point",
        "coordinates": [
          10.2478847,
          59.695421
        ]
      },
      "properties": {
        "id": "osm-node-12843836948",
        "osm_type": "node",
        "osm_id": 12843836948,
        "kommune": "Drammen",
        "kategori": "sykkelparkering_med_tak",
        "name": null,
        "bicycle_parking": "wall_loops",
        "covered": "yes",
        "indoor": null,
        "capacity": "12",
        "access": null,
        "fee": null,
        "operator": null,
        "surveillance": null,
        "osm_url": "https://www.openstreetmap.org/node/12843836948"
      }
    },
    {
      "type": "Feature",
      "geometry": {
        "type": "Point",
        "coordinates": [
          9.9998491,
          59.7708317
        ]
      },
      "properties": {
        "id": "osm-node-12851357895",
        "osm_type": "node",
        "osm_id": 12851357895,
        "kommune": "Drammen",
        "kategori": "sykkelparkering_med_tak",
        "name": null,
        "bicycle_parking": "stands",
        "covered": "yes",
        "indoor": null,
        "capacity": "3",
        "access": "yes",
        "fee": "no",
        "operator": "Drammen kommune",
        "surveillance": null,
        "osm_url": "https://www.openstreetmap.org/node/12851357895"
      }
    },
    {
      "type": "Feature",
      "geometry": {
        "type": "Point",
        "coordinates": [
          10.1490796,
          59.7452489
        ]
      },
      "properties": {
        "id": "osm-node-12905346101",
        "osm_type": "node",
        "osm_id": 12905346101,
        "kommune": "Drammen",
        "kategori": "sykkelparkering",
        "name": null,
        "bicycle_parking": "wall_loops",
        "covered": "no",
        "indoor": null,
        "capacity": null,
        "access": null,
        "fee": null,
        "operator": null,
        "surveillance": null,
        "osm_url": "https://www.openstreetmap.org/node/12905346101"
      }
    },
    {
      "type": "Feature",
      "geometry": {
        "type": "Point",
        "coordinates": [
          10.2233694,
          59.741237
        ]
      },
      "properties": {
        "id": "osm-node-12996017625",
        "osm_type": "node",
        "osm_id": 12996017625,
        "kommune": "Drammen",
        "kategori": "sykkelparkering",
        "name": null,
        "bicycle_parking": "wall_loops",
        "covered": "no",
        "indoor": null,
        "capacity": "3",
        "access": null,
        "fee": null,
        "operator": null,
        "surveillance": null,
        "osm_url": "https://www.openstreetmap.org/node/12996017625"
      }
    },
    {
      "type": "Feature",
      "geometry": {
        "type": "Point",
        "coordinates": [
          9.9935909,
          59.7582416
        ]
      },
      "properties": {
        "id": "osm-node-13028631210",
        "osm_type": "node",
        "osm_id": 13028631210,
        "kommune": "Drammen",
        "kategori": "sykkelparkering",
        "name": null,
        "bicycle_parking": null,
        "covered": "no",
        "indoor": null,
        "capacity": null,
        "access": null,
        "fee": null,
        "operator": null,
        "surveillance": null,
        "osm_url": "https://www.openstreetmap.org/node/13028631210"
      }
    },
    {
      "type": "Feature",
      "geometry": {
        "type": "Point",
        "coordinates": [
          10.0166853,
          59.7583352
        ]
      },
      "properties": {
        "id": "osm-node-13057606915",
        "osm_type": "node",
        "osm_id": 13057606915,
        "kommune": "Drammen",
        "kategori": "sykkelparkering",
        "name": null,
        "bicycle_parking": "wall_loops",
        "covered": "no",
        "indoor": null,
        "capacity": null,
        "access": null,
        "fee": null,
        "operator": null,
        "surveillance": null,
        "osm_url": "https://www.openstreetmap.org/node/13057606915"
      }
    },
    {
      "type": "Feature",
      "geometry": {
        "type": "Point",
        "coordinates": [
          10.2083198,
          59.7429084
        ]
      },
      "properties": {
        "id": "osm-node-13068699623",
        "osm_type": "node",
        "osm_id": 13068699623,
        "kommune": "Drammen",
        "kategori": "sykkelparkering",
        "name": null,
        "bicycle_parking": "stands",
        "covered": "no",
        "indoor": null,
        "capacity": "2",
        "access": null,
        "fee": null,
        "operator": null,
        "surveillance": null,
        "osm_url": "https://www.openstreetmap.org/node/13068699623"
      }
    },
    {
      "type": "Feature",
      "geometry": {
        "type": "Point",
        "coordinates": [
          10.2280661,
          59.7430411
        ]
      },
      "properties": {
        "id": "osm-node-13082226834",
        "osm_type": "node",
        "osm_id": 13082226834,
        "kommune": "Drammen",
        "kategori": "sykkelparkering",
        "name": null,
        "bicycle_parking": "wall_loops",
        "covered": "no",
        "indoor": null,
        "capacity": "4",
        "access": null,
        "fee": null,
        "operator": null,
        "surveillance": null,
        "osm_url": "https://www.openstreetmap.org/node/13082226834"
      }
    },
    {
      "type": "Feature",
      "geometry": {
        "type": "Point",
        "coordinates": [
          10.2345778,
          59.7430392
        ]
      },
      "properties": {
        "id": "osm-node-13084105721",
        "osm_type": "node",
        "osm_id": 13084105721,
        "kommune": "Drammen",
        "kategori": "sykkelparkering_med_tak",
        "name": null,
        "bicycle_parking": "two_tier",
        "covered": "yes",
        "indoor": null,
        "capacity": "88",
        "access": "yes",
        "fee": "no",
        "operator": "Vestre Viken HF",
        "surveillance": null,
        "osm_url": "https://www.openstreetmap.org/node/13084105721"
      }
    },
    {
      "type": "Feature",
      "geometry": {
        "type": "Point",
        "coordinates": [
          10.2345468,
          59.7430585
        ]
      },
      "properties": {
        "id": "osm-node-13084105722",
        "osm_type": "node",
        "osm_id": 13084105722,
        "kommune": "Drammen",
        "kategori": "sykkelhotell",
        "name": null,
        "bicycle_parking": "shed",
        "covered": "yes",
        "indoor": null,
        "capacity": null,
        "access": "private",
        "fee": "no",
        "operator": "Vestre Viken HF",
        "surveillance": null,
        "osm_url": "https://www.openstreetmap.org/node/13084105722"
      }
    },
    {
      "type": "Feature",
      "geometry": {
        "type": "Point",
        "coordinates": [
          10.2338488,
          59.7426898
        ]
      },
      "properties": {
        "id": "osm-node-13086359079",
        "osm_type": "node",
        "osm_id": 13086359079,
        "kommune": "Drammen",
        "kategori": "sykkelparkering_med_tak",
        "name": null,
        "bicycle_parking": "stands",
        "covered": "yes",
        "indoor": null,
        "capacity": "11",
        "access": "yes",
        "fee": "no",
        "operator": "Vestre Viken HF",
        "surveillance": null,
        "osm_url": "https://www.openstreetmap.org/node/13086359079"
      }
    },
    {
      "type": "Feature",
      "geometry": {
        "type": "Point",
        "coordinates": [
          10.2334625,
          59.7425405
        ]
      },
      "properties": {
        "id": "osm-node-13086373207",
        "osm_type": "node",
        "osm_id": 13086373207,
        "kommune": "Drammen",
        "kategori": "sykkelhotell",
        "name": null,
        "bicycle_parking": "shed",
        "covered": "yes",
        "indoor": null,
        "capacity": null,
        "access": "private",
        "fee": "no",
        "operator": "Vestre Viken HF",
        "surveillance": null,
        "osm_url": "https://www.openstreetmap.org/node/13086373207"
      }
    },
    {
      "type": "Feature",
      "geometry": {
        "type": "Point",
        "coordinates": [
          10.2338129,
          59.7427089
        ]
      },
      "properties": {
        "id": "osm-node-13090796794",
        "osm_type": "node",
        "osm_id": 13090796794,
        "kommune": "Drammen",
        "kategori": "sykkelhotell",
        "name": null,
        "bicycle_parking": "shed",
        "covered": "yes",
        "indoor": null,
        "capacity": null,
        "access": "private",
        "fee": "no",
        "operator": "Vestre Viken HF",
        "surveillance": null,
        "osm_url": "https://www.openstreetmap.org/node/13090796794"
      }
    },
    {
      "type": "Feature",
      "geometry": {
        "type": "Point",
        "coordinates": [
          10.2334915,
          59.7425228
        ]
      },
      "properties": {
        "id": "osm-node-13090796795",
        "osm_type": "node",
        "osm_id": 13090796795,
        "kommune": "Drammen",
        "kategori": "sykkelparkering_med_tak",
        "name": null,
        "bicycle_parking": "two_tier",
        "covered": "yes",
        "indoor": null,
        "capacity": "88",
        "access": "yes",
        "fee": "no",
        "operator": "Vestre Viken HF",
        "surveillance": null,
        "osm_url": "https://www.openstreetmap.org/node/13090796795"
      }
    },
    {
      "type": "Feature",
      "geometry": {
        "type": "Point",
        "coordinates": [
          10.2265978,
          59.7406773
        ]
      },
      "properties": {
        "id": "osm-node-13119185295",
        "osm_type": "node",
        "osm_id": 13119185295,
        "kommune": "Drammen",
        "kategori": "sykkelparkering",
        "name": null,
        "bicycle_parking": "stands",
        "covered": "no",
        "indoor": null,
        "capacity": "8",
        "access": null,
        "fee": null,
        "operator": null,
        "surveillance": null,
        "osm_url": "https://www.openstreetmap.org/node/13119185295"
      }
    },
    {
      "type": "Feature",
      "geometry": {
        "type": "Point",
        "coordinates": [
          10.2161789,
          59.7403426
        ]
      },
      "properties": {
        "id": "osm-node-13119303916",
        "osm_type": "node",
        "osm_id": 13119303916,
        "kommune": "Drammen",
        "kategori": "sykkelparkering",
        "name": null,
        "bicycle_parking": "stands",
        "covered": "no",
        "indoor": null,
        "capacity": null,
        "access": null,
        "fee": null,
        "operator": null,
        "surveillance": null,
        "osm_url": "https://www.openstreetmap.org/node/13119303916"
      }
    },
    {
      "type": "Feature",
      "geometry": {
        "type": "Point",
        "coordinates": [
          10.1908846,
          59.7435298
        ]
      },
      "properties": {
        "id": "osm-node-13121338077",
        "osm_type": "node",
        "osm_id": 13121338077,
        "kommune": "Drammen",
        "kategori": "sykkelparkering",
        "name": null,
        "bicycle_parking": "wall_loops",
        "covered": "no",
        "indoor": null,
        "capacity": "5",
        "access": "yes",
        "fee": null,
        "operator": null,
        "surveillance": null,
        "osm_url": "https://www.openstreetmap.org/node/13121338077"
      }
    },
    {
      "type": "Feature",
      "geometry": {
        "type": "Point",
        "coordinates": [
          10.0261569,
          59.7482155
        ]
      },
      "properties": {
        "id": "osm-node-13146033711",
        "osm_type": "node",
        "osm_id": 13146033711,
        "kommune": "Drammen",
        "kategori": "sykkelparkering",
        "name": null,
        "bicycle_parking": null,
        "covered": null,
        "indoor": null,
        "capacity": null,
        "access": null,
        "fee": null,
        "operator": null,
        "surveillance": null,
        "osm_url": "https://www.openstreetmap.org/node/13146033711"
      }
    },
    {
      "type": "Feature",
      "geometry": {
        "type": "Point",
        "coordinates": [
          10.2060534,
          59.7395078
        ]
      },
      "properties": {
        "id": "osm-node-13154693663",
        "osm_type": "node",
        "osm_id": 13154693663,
        "kommune": "Drammen",
        "kategori": "sykkelparkering",
        "name": null,
        "bicycle_parking": "stands",
        "covered": "no",
        "indoor": null,
        "capacity": "36",
        "access": "yes",
        "fee": null,
        "operator": "Bane NOR SF",
        "surveillance": null,
        "osm_url": "https://www.openstreetmap.org/node/13154693663"
      }
    },
    {
      "type": "Feature",
      "geometry": {
        "type": "Point",
        "coordinates": [
          10.0586334,
          59.7631742
        ]
      },
      "properties": {
        "id": "osm-node-13166398009",
        "osm_type": "node",
        "osm_id": 13166398009,
        "kommune": "Drammen",
        "kategori": "sykkelparkering",
        "name": null,
        "bicycle_parking": null,
        "covered": null,
        "indoor": null,
        "capacity": null,
        "access": null,
        "fee": null,
        "operator": null,
        "surveillance": null,
        "osm_url": "https://www.openstreetmap.org/node/13166398009"
      }
    },
    {
      "type": "Feature",
      "geometry": {
        "type": "Point",
        "coordinates": [
          10.1474491,
          59.7503984
        ]
      },
      "properties": {
        "id": "osm-node-13166995275",
        "osm_type": "node",
        "osm_id": 13166995275,
        "kommune": "Drammen",
        "kategori": "sykkelparkering",
        "name": null,
        "bicycle_parking": "stands",
        "covered": "no",
        "indoor": null,
        "capacity": "8",
        "access": "yes",
        "fee": null,
        "operator": "Drammen kommune",
        "surveillance": null,
        "osm_url": "https://www.openstreetmap.org/node/13166995275"
      }
    },
    {
      "type": "Feature",
      "geometry": {
        "type": "Point",
        "coordinates": [
          10.2109978,
          59.7422348
        ]
      },
      "properties": {
        "id": "osm-node-13175194733",
        "osm_type": "node",
        "osm_id": 13175194733,
        "kommune": "Drammen",
        "kategori": "sykkelparkering",
        "name": null,
        "bicycle_parking": "wall_loops",
        "covered": "no",
        "indoor": null,
        "capacity": "10",
        "access": null,
        "fee": null,
        "operator": null,
        "surveillance": null,
        "osm_url": "https://www.openstreetmap.org/node/13175194733"
      }
    },
    {
      "type": "Feature",
      "geometry": {
        "type": "Point",
        "coordinates": [
          10.2164835,
          59.740821
        ]
      },
      "properties": {
        "id": "osm-node-13175196424",
        "osm_type": "node",
        "osm_id": 13175196424,
        "kommune": "Drammen",
        "kategori": "sykkelparkering",
        "name": null,
        "bicycle_parking": null,
        "covered": "no",
        "indoor": null,
        "capacity": null,
        "access": null,
        "fee": null,
        "operator": null,
        "surveillance": null,
        "osm_url": "https://www.openstreetmap.org/node/13175196424"
      }
    },
    {
      "type": "Feature",
      "geometry": {
        "type": "Point",
        "coordinates": [
          10.2064484,
          59.7430799
        ]
      },
      "properties": {
        "id": "osm-node-13175207982",
        "osm_type": "node",
        "osm_id": 13175207982,
        "kommune": "Drammen",
        "kategori": "sykkelparkering",
        "name": null,
        "bicycle_parking": "stands",
        "covered": "no",
        "indoor": null,
        "capacity": "1",
        "access": null,
        "fee": null,
        "operator": null,
        "surveillance": null,
        "osm_url": "https://www.openstreetmap.org/node/13175207982"
      }
    },
    {
      "type": "Feature",
      "geometry": {
        "type": "Point",
        "coordinates": [
          10.2164922,
          59.7410917
        ]
      },
      "properties": {
        "id": "osm-node-13175214701",
        "osm_type": "node",
        "osm_id": 13175214701,
        "kommune": "Drammen",
        "kategori": "sykkelparkering",
        "name": null,
        "bicycle_parking": "wall_loops",
        "covered": "no",
        "indoor": null,
        "capacity": null,
        "access": null,
        "fee": null,
        "operator": null,
        "surveillance": null,
        "osm_url": "https://www.openstreetmap.org/node/13175214701"
      }
    },
    {
      "type": "Feature",
      "geometry": {
        "type": "Point",
        "coordinates": [
          10.2065346,
          59.74307
        ]
      },
      "properties": {
        "id": "osm-node-13175215522",
        "osm_type": "node",
        "osm_id": 13175215522,
        "kommune": "Drammen",
        "kategori": "sykkelparkering",
        "name": null,
        "bicycle_parking": "stands",
        "covered": "no",
        "indoor": null,
        "capacity": "1",
        "access": null,
        "fee": null,
        "operator": null,
        "surveillance": null,
        "osm_url": "https://www.openstreetmap.org/node/13175215522"
      }
    },
    {
      "type": "Feature",
      "geometry": {
        "type": "Point",
        "coordinates": [
          10.2062315,
          59.7431077
        ]
      },
      "properties": {
        "id": "osm-node-13175229674",
        "osm_type": "node",
        "osm_id": 13175229674,
        "kommune": "Drammen",
        "kategori": "sykkelparkering",
        "name": null,
        "bicycle_parking": "stands",
        "covered": "no",
        "indoor": null,
        "capacity": "1",
        "access": null,
        "fee": null,
        "operator": null,
        "surveillance": null,
        "osm_url": "https://www.openstreetmap.org/node/13175229674"
      }
    },
    {
      "type": "Feature",
      "geometry": {
        "type": "Point",
        "coordinates": [
          10.2063737,
          59.7430918
        ]
      },
      "properties": {
        "id": "osm-node-13175230568",
        "osm_type": "node",
        "osm_id": 13175230568,
        "kommune": "Drammen",
        "kategori": "sykkelparkering",
        "name": null,
        "bicycle_parking": "stands",
        "covered": "no",
        "indoor": null,
        "capacity": "1",
        "access": null,
        "fee": null,
        "operator": null,
        "surveillance": null,
        "osm_url": "https://www.openstreetmap.org/node/13175230568"
      }
    },
    {
      "type": "Feature",
      "geometry": {
        "type": "Point",
        "coordinates": [
          10.2045785,
          59.7443931
        ]
      },
      "properties": {
        "id": "osm-node-13175232641",
        "osm_type": "node",
        "osm_id": 13175232641,
        "kommune": "Drammen",
        "kategori": "sykkelparkering",
        "name": null,
        "bicycle_parking": "stands",
        "covered": "no",
        "indoor": null,
        "capacity": "4",
        "access": null,
        "fee": null,
        "operator": null,
        "surveillance": null,
        "osm_url": "https://www.openstreetmap.org/node/13175232641"
      }
    },
    {
      "type": "Feature",
      "geometry": {
        "type": "Point",
        "coordinates": [
          10.2059466,
          59.7431407
        ]
      },
      "properties": {
        "id": "osm-node-13175233025",
        "osm_type": "node",
        "osm_id": 13175233025,
        "kommune": "Drammen",
        "kategori": "sykkelparkering",
        "name": null,
        "bicycle_parking": "stands",
        "covered": "no",
        "indoor": null,
        "capacity": "1",
        "access": null,
        "fee": null,
        "operator": null,
        "surveillance": null,
        "osm_url": "https://www.openstreetmap.org/node/13175233025"
      }
    },
    {
      "type": "Feature",
      "geometry": {
        "type": "Point",
        "coordinates": [
          10.1968834,
          59.7420607
        ]
      },
      "properties": {
        "id": "osm-node-13255699957",
        "osm_type": "node",
        "osm_id": 13255699957,
        "kommune": "Drammen",
        "kategori": "sykkelparkering",
        "name": null,
        "bicycle_parking": null,
        "covered": "no",
        "indoor": null,
        "capacity": null,
        "access": null,
        "fee": null,
        "operator": null,
        "surveillance": null,
        "osm_url": "https://www.openstreetmap.org/node/13255699957"
      }
    },
    {
      "type": "Feature",
      "geometry": {
        "type": "Point",
        "coordinates": [
          10.1810398,
          59.7394792
        ]
      },
      "properties": {
        "id": "osm-node-13258941419",
        "osm_type": "node",
        "osm_id": 13258941419,
        "kommune": "Drammen",
        "kategori": "sykkelparkering",
        "name": null,
        "bicycle_parking": "wall_loops",
        "covered": "no",
        "indoor": null,
        "capacity": null,
        "access": "yes",
        "fee": null,
        "operator": null,
        "surveillance": null,
        "osm_url": "https://www.openstreetmap.org/node/13258941419"
      }
    },
    {
      "type": "Feature",
      "geometry": {
        "type": "Point",
        "coordinates": [
          10.1819397,
          59.7394672
        ]
      },
      "properties": {
        "id": "osm-node-13258987474",
        "osm_type": "node",
        "osm_id": 13258987474,
        "kommune": "Drammen",
        "kategori": "sykkelparkering",
        "name": null,
        "bicycle_parking": "stands",
        "covered": "no",
        "indoor": null,
        "capacity": "26",
        "access": null,
        "fee": null,
        "operator": null,
        "surveillance": null,
        "osm_url": "https://www.openstreetmap.org/node/13258987474"
      }
    },
    {
      "type": "Feature",
      "geometry": {
        "type": "Point",
        "coordinates": [
          9.9954899,
          59.7589671
        ]
      },
      "properties": {
        "id": "osm-node-13281588923",
        "osm_type": "node",
        "osm_id": 13281588923,
        "kommune": "Drammen",
        "kategori": "sykkelparkering",
        "name": null,
        "bicycle_parking": null,
        "covered": null,
        "indoor": null,
        "capacity": null,
        "access": null,
        "fee": null,
        "operator": null,
        "surveillance": null,
        "osm_url": "https://www.openstreetmap.org/node/13281588923"
      }
    },
    {
      "type": "Feature",
      "geometry": {
        "type": "Point",
        "coordinates": [
          10.2025541,
          59.7406895
        ]
      },
      "properties": {
        "id": "osm-node-13297192062",
        "osm_type": "node",
        "osm_id": 13297192062,
        "kommune": "Drammen",
        "kategori": "sykkelparkering",
        "name": null,
        "bicycle_parking": "stands",
        "covered": "no",
        "indoor": null,
        "capacity": "8",
        "access": null,
        "fee": null,
        "operator": null,
        "surveillance": null,
        "osm_url": "https://www.openstreetmap.org/node/13297192062"
      }
    },
    {
      "type": "Feature",
      "geometry": {
        "type": "Point",
        "coordinates": [
          10.2029619,
          59.7406065
        ]
      },
      "properties": {
        "id": "osm-node-13297208114",
        "osm_type": "node",
        "osm_id": 13297208114,
        "kommune": "Drammen",
        "kategori": "sykkelparkering",
        "name": null,
        "bicycle_parking": "stands",
        "covered": "no",
        "indoor": null,
        "capacity": "52",
        "access": null,
        "fee": null,
        "operator": null,
        "surveillance": null,
        "osm_url": "https://www.openstreetmap.org/node/13297208114"
      }
    },
    {
      "type": "Feature",
      "geometry": {
        "type": "Point",
        "coordinates": [
          10.2024093,
          59.7406873
        ]
      },
      "properties": {
        "id": "osm-node-13297209035",
        "osm_type": "node",
        "osm_id": 13297209035,
        "kommune": "Drammen",
        "kategori": "sykkelparkering_med_tak",
        "name": null,
        "bicycle_parking": "stands",
        "covered": "yes",
        "indoor": null,
        "capacity": "84",
        "access": null,
        "fee": null,
        "operator": "Bane NOR SF",
        "surveillance": null,
        "osm_url": "https://www.openstreetmap.org/node/13297209035"
      }
    },
    {
      "type": "Feature",
      "geometry": {
        "type": "Point",
        "coordinates": [
          10.2111617,
          59.742231
        ]
      },
      "properties": {
        "id": "osm-node-13317626222",
        "osm_type": "node",
        "osm_id": 13317626222,
        "kommune": "Drammen",
        "kategori": "sykkelparkering",
        "name": null,
        "bicycle_parking": "wall_loops",
        "covered": "no",
        "indoor": null,
        "capacity": "10",
        "access": null,
        "fee": null,
        "operator": null,
        "surveillance": null,
        "osm_url": "https://www.openstreetmap.org/node/13317626222"
      }
    },
    {
      "type": "Feature",
      "geometry": {
        "type": "Point",
        "coordinates": [
          10.2110811,
          59.7423232
        ]
      },
      "properties": {
        "id": "osm-node-13317630285",
        "osm_type": "node",
        "osm_id": 13317630285,
        "kommune": "Drammen",
        "kategori": "sykkelparkering",
        "name": null,
        "bicycle_parking": "wall_loops",
        "covered": "no",
        "indoor": null,
        "capacity": "15",
        "access": null,
        "fee": null,
        "operator": null,
        "surveillance": null,
        "osm_url": "https://www.openstreetmap.org/node/13317630285"
      }
    },
    {
      "type": "Feature",
      "geometry": {
        "type": "Point",
        "coordinates": [
          10.2088028,
          59.7368965
        ]
      },
      "properties": {
        "id": "osm-node-13357336874",
        "osm_type": "node",
        "osm_id": 13357336874,
        "kommune": "Drammen",
        "kategori": "sykkelparkering",
        "name": null,
        "bicycle_parking": "wall_loops",
        "covered": "no",
        "indoor": null,
        "capacity": null,
        "access": null,
        "fee": null,
        "operator": null,
        "surveillance": null,
        "osm_url": "https://www.openstreetmap.org/node/13357336874"
      }
    },
    {
      "type": "Feature",
      "geometry": {
        "type": "Point",
        "coordinates": [
          10.1501815,
          59.715736
        ]
      },
      "properties": {
        "id": "osm-node-13519669247",
        "osm_type": "node",
        "osm_id": 13519669247,
        "kommune": "Drammen",
        "kategori": "sykkelparkering",
        "name": null,
        "bicycle_parking": "stands",
        "covered": "no",
        "indoor": null,
        "capacity": "4",
        "access": null,
        "fee": null,
        "operator": null,
        "surveillance": null,
        "osm_url": "https://www.openstreetmap.org/node/13519669247"
      }
    },
    {
      "type": "Feature",
      "geometry": {
        "type": "Point",
        "coordinates": [
          10.1502142,
          59.7156592
        ]
      },
      "properties": {
        "id": "osm-node-13519669248",
        "osm_type": "node",
        "osm_id": 13519669248,
        "kommune": "Drammen",
        "kategori": "sykkelparkering",
        "name": null,
        "bicycle_parking": "stands",
        "covered": "no",
        "indoor": null,
        "capacity": "4",
        "access": null,
        "fee": null,
        "operator": null,
        "surveillance": null,
        "osm_url": "https://www.openstreetmap.org/node/13519669248"
      }
    },
    {
      "type": "Feature",
      "geometry": {
        "type": "Point",
        "coordinates": [
          10.1507599,
          59.7155308
        ]
      },
      "properties": {
        "id": "osm-node-13521983011",
        "osm_type": "node",
        "osm_id": 13521983011,
        "kommune": "Drammen",
        "kategori": "sykkelparkering_med_tak",
        "name": null,
        "bicycle_parking": "stands",
        "covered": "yes",
        "indoor": null,
        "capacity": null,
        "access": null,
        "fee": null,
        "operator": "Drammen kommune",
        "surveillance": null,
        "osm_url": "https://www.openstreetmap.org/node/13521983011"
      }
    },
    {
      "type": "Feature",
      "geometry": {
        "type": "Point",
        "coordinates": [
          10.1506216,
          59.7157471
        ]
      },
      "properties": {
        "id": "osm-node-13521983040",
        "osm_type": "node",
        "osm_id": 13521983040,
        "kommune": "Drammen",
        "kategori": "sykkelparkering",
        "name": null,
        "bicycle_parking": "stands",
        "covered": null,
        "indoor": null,
        "capacity": null,
        "access": null,
        "fee": null,
        "operator": null,
        "surveillance": null,
        "osm_url": "https://www.openstreetmap.org/node/13521983040"
      }
    },
    {
      "type": "Feature",
      "geometry": {
        "type": "Point",
        "coordinates": [
          10.202165,
          59.7412838
        ]
      },
      "properties": {
        "id": "osm-node-13606044274",
        "osm_type": "node",
        "osm_id": 13606044274,
        "kommune": "Drammen",
        "kategori": "sykkelparkering",
        "name": null,
        "bicycle_parking": "stands",
        "covered": "no",
        "indoor": null,
        "capacity": "48",
        "access": "yes",
        "fee": null,
        "operator": null,
        "surveillance": null,
        "osm_url": "https://www.openstreetmap.org/node/13606044274"
      }
    },
    {
      "type": "Feature",
      "geometry": {
        "type": "Point",
        "coordinates": [
          10.1620207,
          59.7473333
        ]
      },
      "properties": {
        "id": "osm-node-13790053333",
        "osm_type": "node",
        "osm_id": 13790053333,
        "kommune": "Drammen",
        "kategori": "sykkelparkering",
        "name": null,
        "bicycle_parking": "wall_loops",
        "covered": null,
        "indoor": null,
        "capacity": null,
        "access": null,
        "fee": null,
        "operator": null,
        "surveillance": null,
        "osm_url": "https://www.openstreetmap.org/node/13790053333"
      }
    },
    {
      "type": "Feature",
      "geometry": {
        "type": "Point",
        "coordinates": [
          10.2216175,
          59.7292263
        ]
      },
      "properties": {
        "id": "osm-node-13793408217",
        "osm_type": "node",
        "osm_id": 13793408217,
        "kommune": "Drammen",
        "kategori": "sykkelparkering",
        "name": null,
        "bicycle_parking": "stands",
        "covered": "no",
        "indoor": null,
        "capacity": null,
        "access": null,
        "fee": null,
        "operator": "Drammen kommune",
        "surveillance": null,
        "osm_url": "https://www.openstreetmap.org/node/13793408217"
      }
    },
    {
      "type": "Feature",
      "geometry": {
        "type": "Point",
        "coordinates": [
          10.22423,
          59.7286082
        ]
      },
      "properties": {
        "id": "osm-node-13811053216",
        "osm_type": "node",
        "osm_id": 13811053216,
        "kommune": "Drammen",
        "kategori": "sykkelparkering_med_tak",
        "name": null,
        "bicycle_parking": "wall_loops",
        "covered": "yes",
        "indoor": null,
        "capacity": null,
        "access": null,
        "fee": null,
        "operator": null,
        "surveillance": null,
        "osm_url": "https://www.openstreetmap.org/node/13811053216"
      }
    },
    {
      "type": "Feature",
      "geometry": {
        "type": "Point",
        "coordinates": [
          10.2335846,
          59.743595
        ]
      },
      "properties": {
        "id": "osm-node-13843632914",
        "osm_type": "node",
        "osm_id": 13843632914,
        "kommune": "Drammen",
        "kategori": "sykkelparkering",
        "name": null,
        "bicycle_parking": "stands",
        "covered": "no",
        "indoor": null,
        "capacity": null,
        "access": null,
        "fee": null,
        "operator": null,
        "surveillance": null,
        "osm_url": "https://www.openstreetmap.org/node/13843632914"
      }
    },
    {
      "type": "Feature",
      "geometry": {
        "type": "Point",
        "coordinates": [
          10.2513696,
          59.6964068
        ]
      },
      "properties": {
        "id": "osm-node-13873843125",
        "osm_type": "node",
        "osm_id": 13873843125,
        "kommune": "Drammen",
        "kategori": "sykkelhotell",
        "name": null,
        "bicycle_parking": "shed",
        "covered": "yes",
        "indoor": null,
        "capacity": null,
        "access": "private",
        "fee": null,
        "operator": null,
        "surveillance": null,
        "osm_url": "https://www.openstreetmap.org/node/13873843125"
      }
    },
    {
      "type": "Feature",
      "geometry": {
        "type": "Point",
        "coordinates": [
          10.2512961,
          59.6964463
        ]
      },
      "properties": {
        "id": "osm-node-13873848887",
        "osm_type": "node",
        "osm_id": 13873848887,
        "kommune": "Drammen",
        "kategori": "sykkelparkering",
        "name": null,
        "bicycle_parking": "stands",
        "covered": "no",
        "indoor": null,
        "capacity": "4",
        "access": null,
        "fee": null,
        "operator": null,
        "surveillance": null,
        "osm_url": "https://www.openstreetmap.org/node/13873848887"
      }
    },
    {
      "type": "Feature",
      "geometry": {
        "type": "Point",
        "coordinates": [
          10.2335304,
          59.7433898
        ]
      },
      "properties": {
        "id": "osm-node-13904137976",
        "osm_type": "node",
        "osm_id": 13904137976,
        "kommune": "Drammen",
        "kategori": "sykkelparkering_med_tak",
        "name": null,
        "bicycle_parking": "stands",
        "covered": "yes",
        "indoor": null,
        "capacity": "16",
        "access": null,
        "fee": null,
        "operator": null,
        "surveillance": null,
        "osm_url": "https://www.openstreetmap.org/node/13904137976"
      }
    },
    {
      "type": "Feature",
      "geometry": {
        "type": "Point",
        "coordinates": [
          10.2334606,
          59.7434168
        ]
      },
      "properties": {
        "id": "osm-node-13904188720",
        "osm_type": "node",
        "osm_id": 13904188720,
        "kommune": "Drammen",
        "kategori": "sykkelparkering",
        "name": null,
        "bicycle_parking": "stands",
        "covered": "no",
        "indoor": null,
        "capacity": "10",
        "access": null,
        "fee": null,
        "operator": null,
        "surveillance": null,
        "osm_url": "https://www.openstreetmap.org/node/13904188720"
      }
    },
    {
      "type": "Feature",
      "geometry": {
        "type": "Point",
        "coordinates": [
          10.2018747,
          59.7406079
        ]
      },
      "properties": {
        "id": "osm-node-13928984522",
        "osm_type": "node",
        "osm_id": 13928984522,
        "kommune": "Drammen",
        "kategori": "sykkelskap",
        "name": null,
        "bicycle_parking": "lockers",
        "covered": null,
        "indoor": null,
        "capacity": null,
        "access": "private",
        "fee": null,
        "operator": null,
        "surveillance": null,
        "osm_url": "https://www.openstreetmap.org/node/13928984522"
      }
    },
    {
      "type": "Feature",
      "geometry": {
        "type": "Point",
        "coordinates": [
          10.1466962,
          59.7287704
        ]
      },
      "properties": {
        "id": "osm-node-13950495462",
        "osm_type": "node",
        "osm_id": 13950495462,
        "kommune": "Drammen",
        "kategori": "sykkelparkering",
        "name": null,
        "bicycle_parking": "wall_loops",
        "covered": "no",
        "indoor": null,
        "capacity": null,
        "access": null,
        "fee": null,
        "operator": null,
        "surveillance": null,
        "osm_url": "https://www.openstreetmap.org/node/13950495462"
      }
    },
    {
      "type": "Feature",
      "geometry": {
        "type": "Point",
        "coordinates": [
          10.1250765,
          59.7517383
        ]
      },
      "properties": {
        "id": "osm-node-14005163118",
        "osm_type": "node",
        "osm_id": 14005163118,
        "kommune": "Drammen",
        "kategori": "sykkelparkering",
        "name": null,
        "bicycle_parking": "stands",
        "covered": "no",
        "indoor": null,
        "capacity": "6",
        "access": null,
        "fee": null,
        "operator": null,
        "surveillance": null,
        "osm_url": "https://www.openstreetmap.org/node/14005163118"
      }
    },
    {
      "type": "Feature",
      "geometry": {
        "type": "Point",
        "coordinates": [
          10.1649311,
          59.7490588
        ]
      },
      "properties": {
        "id": "osm-node-14007023680",
        "osm_type": "node",
        "osm_id": 14007023680,
        "kommune": "Drammen",
        "kategori": "sykkelparkering",
        "name": null,
        "bicycle_parking": "wall_loops",
        "covered": "no",
        "indoor": null,
        "capacity": "12",
        "access": null,
        "fee": null,
        "operator": null,
        "surveillance": null,
        "osm_url": "https://www.openstreetmap.org/node/14007023680"
      }
    },
    {
      "type": "Feature",
      "geometry": {
        "type": "Point",
        "coordinates": [
          10.0781409,
          59.7674737
        ]
      },
      "properties": {
        "id": "osm-node-14008337072",
        "osm_type": "node",
        "osm_id": 14008337072,
        "kommune": "Drammen",
        "kategori": "sykkelparkering",
        "name": null,
        "bicycle_parking": "stands",
        "covered": "no",
        "indoor": null,
        "capacity": "16",
        "access": null,
        "fee": null,
        "operator": null,
        "surveillance": null,
        "osm_url": "https://www.openstreetmap.org/node/14008337072"
      }
    },
    {
      "type": "Feature",
      "geometry": {
        "type": "Point",
        "coordinates": [
          10.0786237,
          59.767336
        ]
      },
      "properties": {
        "id": "osm-node-14008340271",
        "osm_type": "node",
        "osm_id": 14008340271,
        "kommune": "Drammen",
        "kategori": "sykkelparkering",
        "name": null,
        "bicycle_parking": "stands",
        "covered": "no",
        "indoor": null,
        "capacity": "18",
        "access": null,
        "fee": null,
        "operator": null,
        "surveillance": null,
        "osm_url": "https://www.openstreetmap.org/node/14008340271"
      }
    },
    {
      "type": "Feature",
      "geometry": {
        "type": "Point",
        "coordinates": [
          9.9982744,
          59.7554698
        ]
      },
      "properties": {
        "id": "osm-node-14017948542",
        "osm_type": "node",
        "osm_id": 14017948542,
        "kommune": "Drammen",
        "kategori": "sykkelparkering",
        "name": null,
        "bicycle_parking": "wall_loops",
        "covered": "no",
        "indoor": null,
        "capacity": "10",
        "access": null,
        "fee": null,
        "operator": null,
        "surveillance": null,
        "osm_url": "https://www.openstreetmap.org/node/14017948542"
      }
    },
    {
      "type": "Feature",
      "geometry": {
        "type": "Point",
        "coordinates": [
          10.2234507,
          59.7305877
        ]
      },
      "properties": {
        "id": "osm-node-14020103656",
        "osm_type": "node",
        "osm_id": 14020103656,
        "kommune": "Drammen",
        "kategori": "sykkelparkering",
        "name": null,
        "bicycle_parking": "wall_loops",
        "covered": "no",
        "indoor": null,
        "capacity": null,
        "access": null,
        "fee": null,
        "operator": null,
        "surveillance": null,
        "osm_url": "https://www.openstreetmap.org/node/14020103656"
      }
    },
    {
      "type": "Feature",
      "geometry": {
        "type": "Point",
        "coordinates": [
          10.147971,
          59.742063
        ]
      },
      "properties": {
        "id": "osm-node-14061676136",
        "osm_type": "node",
        "osm_id": 14061676136,
        "kommune": "Drammen",
        "kategori": "sykkelparkering",
        "name": null,
        "bicycle_parking": "wall_loops",
        "covered": "no",
        "indoor": null,
        "capacity": "6",
        "access": null,
        "fee": null,
        "operator": null,
        "surveillance": null,
        "osm_url": "https://www.openstreetmap.org/node/14061676136"
      }
    },
    {
      "type": "Feature",
      "geometry": {
        "type": "Point",
        "coordinates": [
          10.1904505,
          59.7496427
        ]
      },
      "properties": {
        "id": "osm-node-14063722852",
        "osm_type": "node",
        "osm_id": 14063722852,
        "kommune": "Drammen",
        "kategori": "sykkelparkering",
        "name": null,
        "bicycle_parking": "stands",
        "covered": "no",
        "indoor": null,
        "capacity": "20",
        "access": null,
        "fee": null,
        "operator": null,
        "surveillance": null,
        "osm_url": "https://www.openstreetmap.org/node/14063722852"
      }
    },
    {
      "type": "Feature",
      "geometry": {
        "type": "Point",
        "coordinates": [
          10.2157832,
          59.74618
        ]
      },
      "properties": {
        "id": "osm-node-14063912731",
        "osm_type": "node",
        "osm_id": 14063912731,
        "kommune": "Drammen",
        "kategori": "sykkelparkering",
        "name": null,
        "bicycle_parking": "wall_loops",
        "covered": "no",
        "indoor": null,
        "capacity": "4",
        "access": "customers",
        "fee": null,
        "operator": "Drammen kommune",
        "surveillance": null,
        "osm_url": "https://www.openstreetmap.org/node/14063912731"
      }
    },
    {
      "type": "Feature",
      "geometry": {
        "type": "Point",
        "coordinates": [
          10.2122781,
          59.7452626
        ]
      },
      "properties": {
        "id": "osm-node-14063932635",
        "osm_type": "node",
        "osm_id": 14063932635,
        "kommune": "Drammen",
        "kategori": "sykkelparkering",
        "name": null,
        "bicycle_parking": "wall_loops",
        "covered": "no",
        "indoor": null,
        "capacity": null,
        "access": "customers",
        "fee": null,
        "operator": null,
        "surveillance": null,
        "osm_url": "https://www.openstreetmap.org/node/14063932635"
      }
    },
    {
      "type": "Feature",
      "geometry": {
        "type": "Point",
        "coordinates": [
          10.1605165,
          59.7439085
        ]
      },
      "properties": {
        "id": "osm-way-303057120",
        "osm_type": "way",
        "osm_id": 303057120,
        "kommune": "Drammen",
        "kategori": "sykkelhotell",
        "name": "Sykkelhotell Gulskogen stasjon",
        "bicycle_parking": "shed",
        "covered": "yes",
        "indoor": null,
        "capacity": "120",
        "access": "customers",
        "fee": "yes",
        "operator": "Bane NOR SF",
        "surveillance": null,
        "osm_url": "https://www.openstreetmap.org/way/303057120"
      }
    },
    {
      "type": "Feature",
      "geometry": {
        "type": "Point",
        "coordinates": [
          10.0775811,
          59.7618067
        ]
      },
      "properties": {
        "id": "osm-way-375862119",
        "osm_type": "way",
        "osm_id": 375862119,
        "kommune": "Drammen",
        "kategori": "sykkelparkering",
        "name": null,
        "bicycle_parking": "wall_loops",
        "covered": "no",
        "indoor": null,
        "capacity": null,
        "access": null,
        "fee": null,
        "operator": "Drammen kommune",
        "surveillance": null,
        "osm_url": "https://www.openstreetmap.org/way/375862119"
      }
    },
    {
      "type": "Feature",
      "geometry": {
        "type": "Point",
        "coordinates": [
          10.0230012,
          59.7519466
        ]
      },
      "properties": {
        "id": "osm-way-485593414",
        "osm_type": "way",
        "osm_id": 485593414,
        "kommune": "Drammen",
        "kategori": "sykkelparkering_med_tak",
        "name": null,
        "bicycle_parking": "rack",
        "covered": "yes",
        "indoor": null,
        "capacity": "12",
        "access": "yes",
        "fee": "no",
        "operator": null,
        "surveillance": null,
        "osm_url": "https://www.openstreetmap.org/way/485593414"
      }
    },
    {
      "type": "Feature",
      "geometry": {
        "type": "Point",
        "coordinates": [
          10.1999653,
          59.7368866
        ]
      },
      "properties": {
        "id": "osm-way-493517440",
        "osm_type": "way",
        "osm_id": 493517440,
        "kommune": "Drammen",
        "kategori": "sykkelparkering",
        "name": null,
        "bicycle_parking": "wall_loops",
        "covered": "no",
        "indoor": null,
        "capacity": "180",
        "access": null,
        "fee": null,
        "operator": null,
        "surveillance": null,
        "osm_url": "https://www.openstreetmap.org/way/493517440"
      }
    },
    {
      "type": "Feature",
      "geometry": {
        "type": "Point",
        "coordinates": [
          10.2321099,
          59.743554
        ]
      },
      "properties": {
        "id": "osm-way-762262077",
        "osm_type": "way",
        "osm_id": 762262077,
        "kommune": "Drammen",
        "kategori": "sykkelhotell",
        "name": "Sykkelhotell Brakerøya stasjon",
        "bicycle_parking": "shed",
        "covered": "yes",
        "indoor": null,
        "capacity": "40",
        "access": "customers",
        "fee": "yes",
        "operator": "Bane NOR SF",
        "surveillance": "camera",
        "osm_url": "https://www.openstreetmap.org/way/762262077"
      }
    },
    {
      "type": "Feature",
      "geometry": {
        "type": "Point",
        "coordinates": [
          10.1887725,
          59.7483433
        ]
      },
      "properties": {
        "id": "osm-way-840891238",
        "osm_type": "way",
        "osm_id": 840891238,
        "kommune": "Drammen",
        "kategori": "sykkelhotell",
        "name": null,
        "bicycle_parking": "shed",
        "covered": "yes",
        "indoor": null,
        "capacity": null,
        "access": "private",
        "fee": "no",
        "operator": "Viken fylkeskommune",
        "surveillance": null,
        "osm_url": "https://www.openstreetmap.org/way/840891238"
      }
    },
    {
      "type": "Feature",
      "geometry": {
        "type": "Point",
        "coordinates": [
          10.2579257,
          59.7128704
        ]
      },
      "properties": {
        "id": "osm-way-855599210",
        "osm_type": "way",
        "osm_id": 855599210,
        "kommune": "Drammen",
        "kategori": "sykkelparkering_med_tak",
        "name": null,
        "bicycle_parking": "stands",
        "covered": "yes",
        "indoor": null,
        "capacity": "5",
        "access": "yes",
        "fee": "no",
        "operator": null,
        "surveillance": null,
        "osm_url": "https://www.openstreetmap.org/way/855599210"
      }
    },
    {
      "type": "Feature",
      "geometry": {
        "type": "Point",
        "coordinates": [
          10.2581474,
          59.7130533
        ]
      },
      "properties": {
        "id": "osm-way-855599211",
        "osm_type": "way",
        "osm_id": 855599211,
        "kommune": "Drammen",
        "kategori": "sykkelparkering",
        "name": null,
        "bicycle_parking": "wall_loops",
        "covered": "no",
        "indoor": null,
        "capacity": "9",
        "access": "yes",
        "fee": "no",
        "operator": "Drammen kommune",
        "surveillance": null,
        "osm_url": "https://www.openstreetmap.org/way/855599211"
      }
    },
    {
      "type": "Feature",
      "geometry": {
        "type": "Point",
        "coordinates": [
          10.200093,
          59.7372715
        ]
      },
      "properties": {
        "id": "osm-way-858988710",
        "osm_type": "way",
        "osm_id": 858988710,
        "kommune": "Drammen",
        "kategori": "sykkelhotell",
        "name": null,
        "bicycle_parking": "shed",
        "covered": "yes",
        "indoor": null,
        "capacity": "40",
        "access": "permissive",
        "fee": null,
        "operator": "Viken fylkeskommune",
        "surveillance": null,
        "osm_url": "https://www.openstreetmap.org/way/858988710"
      }
    },
    {
      "type": "Feature",
      "geometry": {
        "type": "Point",
        "coordinates": [
          10.2247315,
          59.7412925
        ]
      },
      "properties": {
        "id": "osm-way-860958942",
        "osm_type": "way",
        "osm_id": 860958942,
        "kommune": "Drammen",
        "kategori": "sykkelparkering",
        "name": null,
        "bicycle_parking": null,
        "covered": "no",
        "indoor": null,
        "capacity": null,
        "access": null,
        "fee": null,
        "operator": null,
        "surveillance": null,
        "osm_url": "https://www.openstreetmap.org/way/860958942"
      }
    },
    {
      "type": "Feature",
      "geometry": {
        "type": "Point",
        "coordinates": [
          10.2588999,
          59.7132293
        ]
      },
      "properties": {
        "id": "osm-way-862190827",
        "osm_type": "way",
        "osm_id": 862190827,
        "kommune": "Drammen",
        "kategori": "sykkelparkering",
        "name": null,
        "bicycle_parking": "wall_loops",
        "covered": "no",
        "indoor": null,
        "capacity": "24",
        "access": "yes",
        "fee": "no",
        "operator": "Drammen kommune",
        "surveillance": null,
        "osm_url": "https://www.openstreetmap.org/way/862190827"
      }
    },
    {
      "type": "Feature",
      "geometry": {
        "type": "Point",
        "coordinates": [
          10.2592858,
          59.7133916
        ]
      },
      "properties": {
        "id": "osm-way-862190828",
        "osm_type": "way",
        "osm_id": 862190828,
        "kommune": "Drammen",
        "kategori": "sykkelparkering",
        "name": null,
        "bicycle_parking": "rack",
        "covered": "no",
        "indoor": null,
        "capacity": "12",
        "access": "yes",
        "fee": "no",
        "operator": "Drammen kommune",
        "surveillance": null,
        "osm_url": "https://www.openstreetmap.org/way/862190828"
      }
    },
    {
      "type": "Feature",
      "geometry": {
        "type": "Point",
        "coordinates": [
          10.2593694,
          59.7137002
        ]
      },
      "properties": {
        "id": "osm-way-862190829",
        "osm_type": "way",
        "osm_id": 862190829,
        "kommune": "Drammen",
        "kategori": "sykkelparkering",
        "name": null,
        "bicycle_parking": "rack",
        "covered": "no",
        "indoor": null,
        "capacity": "12",
        "access": "yes",
        "fee": "no",
        "operator": "Drammen kommune",
        "surveillance": null,
        "osm_url": "https://www.openstreetmap.org/way/862190829"
      }
    },
    {
      "type": "Feature",
      "geometry": {
        "type": "Point",
        "coordinates": [
          10.1986994,
          59.7455483
        ]
      },
      "properties": {
        "id": "osm-way-880971358",
        "osm_type": "way",
        "osm_id": 880971358,
        "kommune": "Drammen",
        "kategori": "sykkelparkering",
        "name": null,
        "bicycle_parking": "rack",
        "covered": "no",
        "indoor": null,
        "capacity": "8",
        "access": "yes",
        "fee": "no",
        "operator": null,
        "surveillance": null,
        "osm_url": "https://www.openstreetmap.org/way/880971358"
      }
    },
    {
      "type": "Feature",
      "geometry": {
        "type": "Point",
        "coordinates": [
          10.1918684,
          59.7441941
        ]
      },
      "properties": {
        "id": "osm-way-884433693",
        "osm_type": "way",
        "osm_id": 884433693,
        "kommune": "Drammen",
        "kategori": "sykkelparkering",
        "name": null,
        "bicycle_parking": "stands",
        "covered": "no",
        "indoor": null,
        "capacity": "14",
        "access": "yes",
        "fee": "no",
        "operator": null,
        "surveillance": null,
        "osm_url": "https://www.openstreetmap.org/way/884433693"
      }
    },
    {
      "type": "Feature",
      "geometry": {
        "type": "Point",
        "coordinates": [
          10.1934167,
          59.7434486
        ]
      },
      "properties": {
        "id": "osm-way-884433697",
        "osm_type": "way",
        "osm_id": 884433697,
        "kommune": "Drammen",
        "kategori": "sykkelparkering",
        "name": null,
        "bicycle_parking": "stands",
        "covered": "no",
        "indoor": null,
        "capacity": "98",
        "access": "yes",
        "fee": "no",
        "operator": null,
        "surveillance": null,
        "osm_url": "https://www.openstreetmap.org/way/884433697"
      }
    },
    {
      "type": "Feature",
      "geometry": {
        "type": "Point",
        "coordinates": [
          10.232366,
          59.7437807
        ]
      },
      "properties": {
        "id": "osm-way-884835354",
        "osm_type": "way",
        "osm_id": 884835354,
        "kommune": "Drammen",
        "kategori": "sykkelparkering_med_tak",
        "name": null,
        "bicycle_parking": "wall_loops",
        "covered": "yes",
        "indoor": null,
        "capacity": "27",
        "access": "yes",
        "fee": "no",
        "operator": "Bane NOR SF",
        "surveillance": null,
        "osm_url": "https://www.openstreetmap.org/way/884835354"
      }
    },
    {
      "type": "Feature",
      "geometry": {
        "type": "Point",
        "coordinates": [
          10.1365785,
          59.7276968
        ]
      },
      "properties": {
        "id": "osm-way-891705040",
        "osm_type": "way",
        "osm_id": 891705040,
        "kommune": "Drammen",
        "kategori": "sykkelparkering_med_tak",
        "name": null,
        "bicycle_parking": "wall_loops",
        "covered": "yes",
        "indoor": null,
        "capacity": "12",
        "access": "yes",
        "fee": "no",
        "operator": "Drammen kommune",
        "surveillance": null,
        "osm_url": "https://www.openstreetmap.org/way/891705040"
      }
    },
    {
      "type": "Feature",
      "geometry": {
        "type": "Point",
        "coordinates": [
          10.2253405,
          59.749005
        ]
      },
      "properties": {
        "id": "osm-way-899432652",
        "osm_type": "way",
        "osm_id": 899432652,
        "kommune": "Drammen",
        "kategori": "sykkelparkering",
        "name": null,
        "bicycle_parking": "stands",
        "covered": "no",
        "indoor": null,
        "capacity": null,
        "access": "yes",
        "fee": "no",
        "operator": "Drammen kommune|",
        "surveillance": null,
        "osm_url": "https://www.openstreetmap.org/way/899432652"
      }
    },
    {
      "type": "Feature",
      "geometry": {
        "type": "Point",
        "coordinates": [
          10.225225,
          59.7485628
        ]
      },
      "properties": {
        "id": "osm-way-899432653",
        "osm_type": "way",
        "osm_id": 899432653,
        "kommune": "Drammen",
        "kategori": "sykkelparkering",
        "name": null,
        "bicycle_parking": "stands",
        "covered": "no",
        "indoor": null,
        "capacity": null,
        "access": "yes",
        "fee": "no",
        "operator": "Drammen kommune",
        "surveillance": null,
        "osm_url": "https://www.openstreetmap.org/way/899432653"
      }
    },
    {
      "type": "Feature",
      "geometry": {
        "type": "Point",
        "coordinates": [
          10.2034555,
          59.7399775
        ]
      },
      "properties": {
        "id": "osm-way-899440323",
        "osm_type": "way",
        "osm_id": 899440323,
        "kommune": "Drammen",
        "kategori": "sykkelparkering",
        "name": null,
        "bicycle_parking": "stands",
        "covered": "no",
        "indoor": null,
        "capacity": "22",
        "access": "yes",
        "fee": "no",
        "operator": "Drammen kommune",
        "surveillance": null,
        "osm_url": "https://www.openstreetmap.org/way/899440323"
      }
    },
    {
      "type": "Feature",
      "geometry": {
        "type": "Point",
        "coordinates": [
          10.2037638,
          59.7398712
        ]
      },
      "properties": {
        "id": "osm-way-899440324",
        "osm_type": "way",
        "osm_id": 899440324,
        "kommune": "Drammen",
        "kategori": "sykkelparkering",
        "name": null,
        "bicycle_parking": "stands",
        "covered": "no",
        "indoor": null,
        "capacity": "54",
        "access": "yes",
        "fee": "no",
        "operator": "Drammen kommune",
        "surveillance": null,
        "osm_url": "https://www.openstreetmap.org/way/899440324"
      }
    },
    {
      "type": "Feature",
      "geometry": {
        "type": "Point",
        "coordinates": [
          10.1941698,
          59.7436125
        ]
      },
      "properties": {
        "id": "osm-way-907263766",
        "osm_type": "way",
        "osm_id": 907263766,
        "kommune": "Drammen",
        "kategori": "sykkelparkering",
        "name": null,
        "bicycle_parking": "stands",
        "covered": "no",
        "indoor": null,
        "capacity": "6",
        "access": "yes",
        "fee": "no",
        "operator": null,
        "surveillance": null,
        "osm_url": "https://www.openstreetmap.org/way/907263766"
      }
    },
    {
      "type": "Feature",
      "geometry": {
        "type": "Point",
        "coordinates": [
          10.1200587,
          59.7568186
        ]
      },
      "properties": {
        "id": "osm-way-913116589",
        "osm_type": "way",
        "osm_id": 913116589,
        "kommune": "Drammen",
        "kategori": "sykkelparkering_med_tak",
        "name": null,
        "bicycle_parking": "stands",
        "covered": "yes",
        "indoor": null,
        "capacity": "10",
        "access": "yes",
        "fee": "no",
        "operator": null,
        "surveillance": null,
        "osm_url": "https://www.openstreetmap.org/way/913116589"
      }
    },
    {
      "type": "Feature",
      "geometry": {
        "type": "Point",
        "coordinates": [
          10.1229532,
          59.7561319
        ]
      },
      "properties": {
        "id": "osm-way-913116591",
        "osm_type": "way",
        "osm_id": 913116591,
        "kommune": "Drammen",
        "kategori": "sykkelparkering_med_tak",
        "name": null,
        "bicycle_parking": "stands",
        "covered": "yes",
        "indoor": null,
        "capacity": "10",
        "access": "yes",
        "fee": "no",
        "operator": null,
        "surveillance": null,
        "osm_url": "https://www.openstreetmap.org/way/913116591"
      }
    },
    {
      "type": "Feature",
      "geometry": {
        "type": "Point",
        "coordinates": [
          10.0125942,
          59.7505992
        ]
      },
      "properties": {
        "id": "osm-way-913832255",
        "osm_type": "way",
        "osm_id": 913832255,
        "kommune": "Drammen",
        "kategori": "sykkelhotell",
        "name": "Sykkelhotell Mjøndalen stasjon",
        "bicycle_parking": "shed",
        "covered": "yes",
        "indoor": null,
        "capacity": "40",
        "access": "customers",
        "fee": "yes",
        "operator": "Bane NOR SF",
        "surveillance": "yes",
        "osm_url": "https://www.openstreetmap.org/way/913832255"
      }
    },
    {
      "type": "Feature",
      "geometry": {
        "type": "Point",
        "coordinates": [
          10.0118588,
          59.7507961
        ]
      },
      "properties": {
        "id": "osm-way-913836188",
        "osm_type": "way",
        "osm_id": 913836188,
        "kommune": "Drammen",
        "kategori": "sykkelparkering_med_tak",
        "name": null,
        "bicycle_parking": "stands",
        "covered": "yes",
        "indoor": null,
        "capacity": "24",
        "access": "yes",
        "fee": "no",
        "operator": "Bane NOR SF",
        "surveillance": null,
        "osm_url": "https://www.openstreetmap.org/way/913836188"
      }
    },
    {
      "type": "Feature",
      "geometry": {
        "type": "Point",
        "coordinates": [
          10.0115811,
          59.7507837
        ]
      },
      "properties": {
        "id": "osm-way-913836190",
        "osm_type": "way",
        "osm_id": 913836190,
        "kommune": "Drammen",
        "kategori": "sykkelparkering_med_tak",
        "name": null,
        "bicycle_parking": "wall_loops",
        "covered": "yes",
        "indoor": null,
        "capacity": "10",
        "access": "yes",
        "fee": "no",
        "operator": "Bane NOR SF",
        "surveillance": null,
        "osm_url": "https://www.openstreetmap.org/way/913836190"
      }
    },
    {
      "type": "Feature",
      "geometry": {
        "type": "Point",
        "coordinates": [
          10.2148575,
          59.7286558
        ]
      },
      "properties": {
        "id": "osm-way-916929320",
        "osm_type": "way",
        "osm_id": 916929320,
        "kommune": "Drammen",
        "kategori": "sykkelparkering",
        "name": null,
        "bicycle_parking": "wall_loops",
        "covered": "no",
        "indoor": null,
        "capacity": null,
        "access": "yes",
        "fee": "no",
        "operator": "Drammen kommune",
        "surveillance": null,
        "osm_url": "https://www.openstreetmap.org/way/916929320"
      }
    },
    {
      "type": "Feature",
      "geometry": {
        "type": "Point",
        "coordinates": [
          10.2160587,
          59.7308168
        ]
      },
      "properties": {
        "id": "osm-way-917060701",
        "osm_type": "way",
        "osm_id": 917060701,
        "kommune": "Drammen",
        "kategori": "sykkelparkering",
        "name": null,
        "bicycle_parking": "rack",
        "covered": "no",
        "indoor": null,
        "capacity": null,
        "access": "yes",
        "fee": "no",
        "operator": "Drammen kommune",
        "surveillance": null,
        "osm_url": "https://www.openstreetmap.org/way/917060701"
      }
    },
    {
      "type": "Feature",
      "geometry": {
        "type": "Point",
        "coordinates": [
          10.1936198,
          59.7353724
        ]
      },
      "properties": {
        "id": "osm-way-918729752",
        "osm_type": "way",
        "osm_id": 918729752,
        "kommune": "Drammen",
        "kategori": "sykkelparkering",
        "name": null,
        "bicycle_parking": "wall_loops",
        "covered": "no",
        "indoor": null,
        "capacity": null,
        "access": "yes",
        "fee": "no",
        "operator": "Drammen kommune",
        "surveillance": null,
        "osm_url": "https://www.openstreetmap.org/way/918729752"
      }
    },
    {
      "type": "Feature",
      "geometry": {
        "type": "Point",
        "coordinates": [
          10.1900232,
          59.7466913
        ]
      },
      "properties": {
        "id": "osm-way-927088018",
        "osm_type": "way",
        "osm_id": 927088018,
        "kommune": "Drammen",
        "kategori": "sykkelparkering",
        "name": null,
        "bicycle_parking": "stands",
        "covered": "no",
        "indoor": null,
        "capacity": "18",
        "access": "yes",
        "fee": "no",
        "operator": null,
        "surveillance": null,
        "osm_url": "https://www.openstreetmap.org/way/927088018"
      }
    },
    {
      "type": "Feature",
      "geometry": {
        "type": "Point",
        "coordinates": [
          10.1774608,
          59.7483512
        ]
      },
      "properties": {
        "id": "osm-way-927229505",
        "osm_type": "way",
        "osm_id": 927229505,
        "kommune": "Drammen",
        "kategori": "sykkelparkering",
        "name": null,
        "bicycle_parking": "stands",
        "covered": "no",
        "indoor": null,
        "capacity": "18",
        "access": "yes",
        "fee": "no",
        "operator": null,
        "surveillance": null,
        "osm_url": "https://www.openstreetmap.org/way/927229505"
      }
    },
    {
      "type": "Feature",
      "geometry": {
        "type": "Point",
        "coordinates": [
          10.1772234,
          59.7485148
        ]
      },
      "properties": {
        "id": "osm-way-927229508",
        "osm_type": "way",
        "osm_id": 927229508,
        "kommune": "Drammen",
        "kategori": "sykkelparkering",
        "name": null,
        "bicycle_parking": null,
        "covered": "no",
        "indoor": null,
        "capacity": null,
        "access": "yes",
        "fee": "no",
        "operator": null,
        "surveillance": null,
        "osm_url": "https://www.openstreetmap.org/way/927229508"
      }
    },
    {
      "type": "Feature",
      "geometry": {
        "type": "Point",
        "coordinates": [
          10.1766157,
          59.7486745
        ]
      },
      "properties": {
        "id": "osm-way-927629961",
        "osm_type": "way",
        "osm_id": 927629961,
        "kommune": "Drammen",
        "kategori": "sykkelparkering",
        "name": null,
        "bicycle_parking": "stands",
        "covered": "no",
        "indoor": null,
        "capacity": null,
        "access": "yes",
        "fee": "no",
        "operator": null,
        "surveillance": null,
        "osm_url": "https://www.openstreetmap.org/way/927629961"
      }
    },
    {
      "type": "Feature",
      "geometry": {
        "type": "Point",
        "coordinates": [
          10.1966208,
          59.7470909
        ]
      },
      "properties": {
        "id": "osm-way-942829449",
        "osm_type": "way",
        "osm_id": 942829449,
        "kommune": "Drammen",
        "kategori": "sykkelparkering_med_tak",
        "name": null,
        "bicycle_parking": "wall_loops",
        "covered": "yes",
        "indoor": null,
        "capacity": "12",
        "access": "yes",
        "fee": "no",
        "operator": "Drammen kommune",
        "surveillance": null,
        "osm_url": "https://www.openstreetmap.org/way/942829449"
      }
    },
    {
      "type": "Feature",
      "geometry": {
        "type": "Point",
        "coordinates": [
          10.1813782,
          59.7409144
        ]
      },
      "properties": {
        "id": "osm-way-950037284",
        "osm_type": "way",
        "osm_id": 950037284,
        "kommune": "Drammen",
        "kategori": "sykkelparkering",
        "name": null,
        "bicycle_parking": "stands",
        "covered": "no",
        "indoor": null,
        "capacity": null,
        "access": "yes",
        "fee": "no",
        "operator": null,
        "surveillance": null,
        "osm_url": "https://www.openstreetmap.org/way/950037284"
      }
    },
    {
      "type": "Feature",
      "geometry": {
        "type": "Point",
        "coordinates": [
          10.2035209,
          59.7351237
        ]
      },
      "properties": {
        "id": "osm-way-960701218",
        "osm_type": "way",
        "osm_id": 960701218,
        "kommune": "Drammen",
        "kategori": "sykkelparkering",
        "name": null,
        "bicycle_parking": "stands",
        "covered": "no",
        "indoor": null,
        "capacity": "22",
        "access": "yes",
        "fee": "no",
        "operator": "Drammen kommune",
        "surveillance": null,
        "osm_url": "https://www.openstreetmap.org/way/960701218"
      }
    },
    {
      "type": "Feature",
      "geometry": {
        "type": "Point",
        "coordinates": [
          10.2032736,
          59.7349205
        ]
      },
      "properties": {
        "id": "osm-way-960701219",
        "osm_type": "way",
        "osm_id": 960701219,
        "kommune": "Drammen",
        "kategori": "sykkelparkering",
        "name": null,
        "bicycle_parking": "stands",
        "covered": "no",
        "indoor": null,
        "capacity": "52",
        "access": "yes",
        "fee": "no",
        "operator": "Drammen kommune",
        "surveillance": null,
        "osm_url": "https://www.openstreetmap.org/way/960701219"
      }
    },
    {
      "type": "Feature",
      "geometry": {
        "type": "Point",
        "coordinates": [
          10.2028127,
          59.7347851
        ]
      },
      "properties": {
        "id": "osm-way-960701220",
        "osm_type": "way",
        "osm_id": 960701220,
        "kommune": "Drammen",
        "kategori": "sykkelparkering",
        "name": null,
        "bicycle_parking": "stands",
        "covered": "no",
        "indoor": null,
        "capacity": "22",
        "access": null,
        "fee": null,
        "operator": null,
        "surveillance": null,
        "osm_url": "https://www.openstreetmap.org/way/960701220"
      }
    },
    {
      "type": "Feature",
      "geometry": {
        "type": "Point",
        "coordinates": [
          10.2055194,
          59.7343324
        ]
      },
      "properties": {
        "id": "osm-way-964725283",
        "osm_type": "way",
        "osm_id": 964725283,
        "kommune": "Drammen",
        "kategori": "sykkelparkering",
        "name": null,
        "bicycle_parking": "stands",
        "covered": "no",
        "indoor": null,
        "capacity": "46",
        "access": "yes",
        "fee": null,
        "operator": null,
        "surveillance": null,
        "osm_url": "https://www.openstreetmap.org/way/964725283"
      }
    },
    {
      "type": "Feature",
      "geometry": {
        "type": "Point",
        "coordinates": [
          10.2227891,
          59.7286603
        ]
      },
      "properties": {
        "id": "osm-way-970054319",
        "osm_type": "way",
        "osm_id": 970054319,
        "kommune": "Drammen",
        "kategori": "sykkelparkering",
        "name": null,
        "bicycle_parking": "wall_loops",
        "covered": "no",
        "indoor": null,
        "capacity": "20",
        "access": "yes",
        "fee": "no",
        "operator": "Drammen kommune",
        "surveillance": null,
        "osm_url": "https://www.openstreetmap.org/way/970054319"
      }
    },
    {
      "type": "Feature",
      "geometry": {
        "type": "Point",
        "coordinates": [
          10.151303,
          59.722508
        ]
      },
      "properties": {
        "id": "osm-way-978841734",
        "osm_type": "way",
        "osm_id": 978841734,
        "kommune": "Drammen",
        "kategori": "sykkelparkering_med_tak",
        "name": null,
        "bicycle_parking": "wall_loops",
        "covered": "yes",
        "indoor": null,
        "capacity": "9",
        "access": "yes",
        "fee": "no",
        "operator": null,
        "surveillance": null,
        "osm_url": "https://www.openstreetmap.org/way/978841734"
      }
    },
    {
      "type": "Feature",
      "geometry": {
        "type": "Point",
        "coordinates": [
          10.1454119,
          59.7515304
        ]
      },
      "properties": {
        "id": "osm-way-980707948",
        "osm_type": "way",
        "osm_id": 980707948,
        "kommune": "Drammen",
        "kategori": "sykkelparkering",
        "name": null,
        "bicycle_parking": "wall_loops",
        "covered": "no",
        "indoor": null,
        "capacity": null,
        "access": "yes",
        "fee": null,
        "operator": "Drammen kommune",
        "surveillance": null,
        "osm_url": "https://www.openstreetmap.org/way/980707948"
      }
    },
    {
      "type": "Feature",
      "geometry": {
        "type": "Point",
        "coordinates": [
          10.1979247,
          59.742292
        ]
      },
      "properties": {
        "id": "osm-way-991466388",
        "osm_type": "way",
        "osm_id": 991466388,
        "kommune": "Drammen",
        "kategori": "sykkelhotell",
        "name": null,
        "bicycle_parking": "shed",
        "covered": "yes",
        "indoor": null,
        "capacity": null,
        "access": "private",
        "fee": null,
        "operator": null,
        "surveillance": null,
        "osm_url": "https://www.openstreetmap.org/way/991466388"
      }
    },
    {
      "type": "Feature",
      "geometry": {
        "type": "Point",
        "coordinates": [
          10.2037737,
          59.7432528
        ]
      },
      "properties": {
        "id": "osm-way-997104648",
        "osm_type": "way",
        "osm_id": 997104648,
        "kommune": "Drammen",
        "kategori": "sykkelskap",
        "name": null,
        "bicycle_parking": "lockers",
        "covered": "yes",
        "indoor": null,
        "capacity": "10",
        "access": "customers",
        "fee": null,
        "operator": "Drammen kommune",
        "surveillance": null,
        "osm_url": "https://www.openstreetmap.org/way/997104648"
      }
    },
    {
      "type": "Feature",
      "geometry": {
        "type": "Point",
        "coordinates": [
          10.1515482,
          59.7154378
        ]
      },
      "properties": {
        "id": "osm-way-1000052006",
        "osm_type": "way",
        "osm_id": 1000052006,
        "kommune": "Drammen",
        "kategori": "sykkelparkering",
        "name": null,
        "bicycle_parking": "stands",
        "covered": "no",
        "indoor": null,
        "capacity": null,
        "access": "yes",
        "fee": "no",
        "operator": "Drammen kommune",
        "surveillance": null,
        "osm_url": "https://www.openstreetmap.org/way/1000052006"
      }
    },
    {
      "type": "Feature",
      "geometry": {
        "type": "Point",
        "coordinates": [
          10.0588073,
          59.7597832
        ]
      },
      "properties": {
        "id": "osm-way-1074503999",
        "osm_type": "way",
        "osm_id": 1074503999,
        "kommune": "Drammen",
        "kategori": "sykkelparkering",
        "name": null,
        "bicycle_parking": null,
        "covered": null,
        "indoor": null,
        "capacity": null,
        "access": null,
        "fee": null,
        "operator": null,
        "surveillance": null,
        "osm_url": "https://www.openstreetmap.org/way/1074503999"
      }
    },
    {
      "type": "Feature",
      "geometry": {
        "type": "Point",
        "coordinates": [
          10.2216124,
          59.729348
        ]
      },
      "properties": {
        "id": "osm-way-1117543239",
        "osm_type": "way",
        "osm_id": 1117543239,
        "kommune": "Drammen",
        "kategori": "sykkelparkering_med_tak",
        "name": null,
        "bicycle_parking": "stands",
        "covered": "yes",
        "indoor": null,
        "capacity": "24",
        "access": "private",
        "fee": null,
        "operator": null,
        "surveillance": null,
        "osm_url": "https://www.openstreetmap.org/way/1117543239"
      }
    },
    {
      "type": "Feature",
      "geometry": {
        "type": "Point",
        "coordinates": [
          10.1999055,
          59.7408255
        ]
      },
      "properties": {
        "id": "osm-way-1264143628",
        "osm_type": "way",
        "osm_id": 1264143628,
        "kommune": "Drammen",
        "kategori": "sykkelskap",
        "name": null,
        "bicycle_parking": "lockers",
        "covered": "yes",
        "indoor": null,
        "capacity": "5",
        "access": "customers",
        "fee": null,
        "operator": "Drammen kommune",
        "surveillance": null,
        "osm_url": "https://www.openstreetmap.org/way/1264143628"
      }
    },
    {
      "type": "Feature",
      "geometry": {
        "type": "Point",
        "coordinates": [
          10.2004985,
          59.7369178
        ]
      },
      "properties": {
        "id": "osm-way-1275817883",
        "osm_type": "way",
        "osm_id": 1275817883,
        "kommune": "Drammen",
        "kategori": "sykkelskap",
        "name": null,
        "bicycle_parking": "lockers",
        "covered": "yes",
        "indoor": null,
        "capacity": "10",
        "access": "customers",
        "fee": null,
        "operator": "Drammen kommune",
        "surveillance": null,
        "osm_url": "https://www.openstreetmap.org/way/1275817883"
      }
    },
    {
      "type": "Feature",
      "geometry": {
        "type": "Point",
        "coordinates": [
          10.2042753,
          59.7448024
        ]
      },
      "properties": {
        "id": "osm-way-1278597940",
        "osm_type": "way",
        "osm_id": 1278597940,
        "kommune": "Drammen",
        "kategori": "sykkelskap",
        "name": null,
        "bicycle_parking": "lockers",
        "covered": "yes",
        "indoor": null,
        "capacity": "10",
        "access": "customers",
        "fee": null,
        "operator": "Drammen kommune",
        "surveillance": null,
        "osm_url": "https://www.openstreetmap.org/way/1278597940"
      }
    },
    {
      "type": "Feature",
      "geometry": {
        "type": "Point",
        "coordinates": [
          9.9949514,
          59.7579774
        ]
      },
      "properties": {
        "id": "osm-way-1411664863",
        "osm_type": "way",
        "osm_id": 1411664863,
        "kommune": "Drammen",
        "kategori": "sykkelparkering",
        "name": null,
        "bicycle_parking": "rack",
        "covered": "no",
        "indoor": null,
        "capacity": "20",
        "access": null,
        "fee": "no",
        "operator": null,
        "surveillance": null,
        "osm_url": "https://www.openstreetmap.org/way/1411664863"
      }
    },
    {
      "type": "Feature",
      "geometry": {
        "type": "Point",
        "coordinates": [
          10.3835507,
          59.5488964
        ]
      },
      "properties": {
        "id": "osm-way-1420529728",
        "osm_type": "way",
        "osm_id": 1420529728,
        "kommune": "Drammen",
        "kategori": "sykkelhotell",
        "name": null,
        "bicycle_parking": "shed",
        "covered": null,
        "indoor": null,
        "capacity": null,
        "access": null,
        "fee": null,
        "operator": null,
        "surveillance": null,
        "osm_url": "https://www.openstreetmap.org/way/1420529728"
      }
    },
    {
      "type": "Feature",
      "geometry": {
        "type": "Point",
        "coordinates": [
          10.1987574,
          59.7363914
        ]
      },
      "properties": {
        "id": "osm-way-1429766007",
        "osm_type": "way",
        "osm_id": 1429766007,
        "kommune": "Drammen",
        "kategori": "sykkelparkering",
        "name": null,
        "bicycle_parking": "wall_loops",
        "covered": "no",
        "indoor": null,
        "capacity": "100",
        "access": "yes",
        "fee": "no",
        "operator": "Drammen kommune",
        "surveillance": null,
        "osm_url": "https://www.openstreetmap.org/way/1429766007"
      }
    }
  ]
}
