<?xml version="1.0"?>
<gpx creator="Footpath Route Planner - https://footpathapp.com" version="1.1" xmlns="http://www.topografix.com/GPX/1/1" xmlns:xsi="http://www.w3.org/2001/XMLSchema-instance" xsi:schemaLocation="http://www.topografix.com/GPX/1/1 http://www.topografix.com/GPX/1/1/gpx.xsd http://www.garmin.com/xmlschemas/GpxExtensions/v3 http://www.garmin.com/xmlschemas/GpxExtensionsv3.xsd http://www.garmin.com/xmlschemas/TrackPointExtension/v1 http://www.garmin.com/xmlschemas/TrackPointExtensionv1.xsd">
  <metadata>
    <name>Tinn Sandviken Camping til Sandven</name>
    <link href="https://footpathapp.com/routes/663d8cd0-1407-467f-a44a-af27671ea8fd"></link>
  </metadata>
  <trk>
    <name>Tinn Sandviken Camping til Sandven</name>
    <trkseg>
      <trkpt lat="59.99469" lon="8.82549">
        <ele>205.7</ele>
        <time>1970-01-01T00:00:00.000Z</time>
      </trkpt>
      <trkpt lat="59.99471" lon="8.82543">
        <ele>205.75075494096004</ele>
        <time>1970-01-01T00:00:00.000Z</time>
      </trkpt>
      <trkpt lat="59.99478" lon="8.82527">
        <ele>205.90035037424846</ele>
        <time>1970-01-01T00:00:00.000Z</time>
      </trkpt>
      <trkpt lat="59.99453011060136" lon="8.824654870312049">
        <ele>206.4</ele>
        <time>1970-01-01T00:00:00.000Z</time>
      </trkpt>
      <trkpt lat="59.99435999697129" lon="8.82423612661981">
        <ele>206.8</ele>
        <time>1970-01-01T00:00:00.000Z</time>
      </trkpt>
      <trkpt lat="59.99418988201594" lon="8.823817387233394">
        <ele>207.2</ele>
        <time>1970-01-01T00:00:00.000Z</time>
      </trkpt>
      <trkpt lat="59.99402033279174" lon="8.823400047929209">
        <ele>207.6</ele>
        <time>1970-01-01T00:00:00.000Z</time>
      </trkpt>
      <trkpt lat="59.994" lon="8.82335">
        <ele>207.62390447702137</ele>
        <time>1970-01-01T00:00:00.000Z</time>
      </trkpt>
      <trkpt lat="59.993844967512054" lon="8.822990095779796">
        <ele>207.8</ele>
        <time>1970-01-01T00:00:00.000Z</time>
      </trkpt>
      <trkpt lat="59.993668888608035" lon="8.822581339654066">
        <ele>207.9</ele>
        <time>1970-01-01T00:00:00.000Z</time>
      </trkpt>
      <trkpt lat="59.99349339537714" lon="8.822173950377415">
        <ele>207.9</ele>
        <time>1970-01-01T00:00:00.000Z</time>
      </trkpt>
      <trkpt lat="59.99344" lon="8.82205">
        <ele>207.78336796585535</ele>
        <time>1970-01-01T00:00:00.000Z</time>
      </trkpt>
      <trkpt lat="59.99325" lon="8.82167">
        <ele>207.40027581576845</ele>
        <time>1970-01-01T00:00:00.000Z</time>
      </trkpt>
      <trkpt lat="59.99311" lon="8.82143">
        <ele>206.997570993139</ele>
        <time>1970-01-01T00:00:00.000Z</time>
      </trkpt>
      <trkpt lat="59.99294" lon="8.82119">
        <ele>206.54295763552904</ele>
        <time>1970-01-01T00:00:00.000Z</time>
      </trkpt>
      <trkpt lat="59.992884327613936" lon="8.82112122794602">
        <ele>206.4</ele>
        <time>1970-01-01T00:00:00.000Z</time>
      </trkpt>
      <trkpt lat="59.99277" lon="8.82098">
        <ele>205.90190204014462</ele>
        <time>1970-01-01T00:00:00.000Z</time>
      </trkpt>
      <trkpt lat="59.99264914886445" lon="8.820857859804292">
        <ele>205.4</ele>
        <time>1970-01-01T00:00:00.000Z</time>
      </trkpt>
      <trkpt lat="59.992408362227586" lon="8.82061450781313">
        <ele>204.3</ele>
        <time>1970-01-01T00:00:00.000Z</time>
      </trkpt>
      <trkpt lat="59.9921683777675" lon="8.820371970519181">
        <ele>203.1</ele>
        <time>1970-01-01T00:00:00.000Z</time>
      </trkpt>
      <trkpt lat="59.9919275902369" lon="8.820128625599338">
        <ele>201.9</ele>
        <time>1970-01-01T00:00:00.000Z</time>
      </trkpt>
      <trkpt lat="59.99183" lon="8.82003">
        <ele>201.37311581307085</ele>
        <time>1970-01-01T00:00:00.000Z</time>
      </trkpt>
      <trkpt lat="59.99168957708829" lon="8.819874793406525">
        <ele>200.6</ele>
        <time>1970-01-01T00:00:00.000Z</time>
      </trkpt>
      <trkpt lat="59.99145424158163" lon="8.819614685253608">
        <ele>199.4</ele>
        <time>1970-01-01T00:00:00.000Z</time>
      </trkpt>
      <trkpt lat="59.99126" lon="8.8194">
        <ele>198.495108505697</ele>
        <time>1970-01-01T00:00:00.000Z</time>
      </trkpt>
      <trkpt lat="59.99122052704768" lon="8.819345906970367">
        <ele>198.3</ele>
        <time>1970-01-01T00:00:00.000Z</time>
      </trkpt>
      <trkpt lat="59.99099" lon="8.81903">
        <ele>197.20084607630582</ele>
        <time>1970-01-01T00:00:00.000Z</time>
      </trkpt>
      <trkpt lat="59.9908" lon="8.81867">
        <ele>196.55702164530544</ele>
        <time>1970-01-01T00:00:00.000Z</time>
      </trkpt>
      <trkpt lat="59.99062213291761" lon="8.818271167016677">
        <ele>195.9</ele>
        <time>1970-01-01T00:00:00.000Z</time>
      </trkpt>
      <trkpt lat="59.99044257434907" lon="8.817868548281798">
        <ele>195.4</ele>
        <time>1970-01-01T00:00:00.000Z</time>
      </trkpt>
      <trkpt lat="59.99026301455522" lon="8.8174659339161">
        <ele>195</ele>
        <time>1970-01-01T00:00:00.000Z</time>
      </trkpt>
      <trkpt lat="59.99008405207488" lon="8.817064665945598">
        <ele>194.7</ele>
        <time>1970-01-01T00:00:00.000Z</time>
      </trkpt>
      <trkpt lat="59.98990448983455" lon="8.81666206030355">
        <ele>194.5</ele>
        <time>1970-01-01T00:00:00.000Z</time>
      </trkpt>
      <trkpt lat="59.98972492636901" lon="8.816259459030533">
        <ele>194.3</ele>
        <time>1970-01-01T00:00:00.000Z</time>
      </trkpt>
      <trkpt lat="59.98954596022925" lon="8.815858204108924">
        <ele>194.3</ele>
        <time>1970-01-01T00:00:00.000Z</time>
      </trkpt>
      <trkpt lat="59.98952" lon="8.8158">
        <ele>194.29233714303797</ele>
        <time>1970-01-01T00:00:00.000Z</time>
      </trkpt>
      <trkpt lat="59.98919" lon="8.81513">
        <ele>194.2001021431977</ele>
        <time>1970-01-01T00:00:00.000Z</time>
      </trkpt>
      <trkpt lat="59.98905" lon="8.8149">
        <ele>194.26060853491717</ele>
        <time>1970-01-01T00:00:00.000Z</time>
      </trkpt>
      <trkpt lat="59.98895336824029" lon="8.81476471526475">
        <ele>194.3</ele>
        <time>1970-01-01T00:00:00.000Z</time>
      </trkpt>
      <trkpt lat="59.9889" lon="8.81469">
        <ele>194.3241483590535</ele>
        <time>1970-01-01T00:00:00.000Z</time>
      </trkpt>
      <trkpt lat="59.9887218863184" lon="8.814488524097019">
        <ele>194.4</ele>
        <time>1970-01-01T00:00:00.000Z</time>
      </trkpt>
      <trkpt lat="59.98848706735461" lon="8.814222909027102">
        <ele>194.5</ele>
        <time>1970-01-01T00:00:00.000Z</time>
      </trkpt>
      <trkpt lat="59.98829" lon="8.814">
        <ele>194.58420360373245</ele>
        <time>1970-01-01T00:00:00.000Z</time>
      </trkpt>
      <trkpt lat="59.98825573204535" lon="8.81394982145105">
        <ele>194.6</ele>
        <time>1970-01-01T00:00:00.000Z</time>
      </trkpt>
      <trkpt lat="59.98801" lon="8.81359">
        <ele>194.7998168610237</ele>
        <time>1970-01-01T00:00:00.000Z</time>
      </trkpt>
      <trkpt lat="59.98753" lon="8.8127">
        <ele>194.99989897414576</ele>
        <time>1970-01-01T00:00:00.000Z</time>
      </trkpt>
      <trkpt lat="59.98708" lon="8.81175">
        <ele>195.20011278220903</ele>
        <time>1970-01-01T00:00:00.000Z</time>
      </trkpt>
      <trkpt lat="59.98690001391077" lon="8.811339403866137">
        <ele>195.3</ele>
        <time>1970-01-01T00:00:00.000Z</time>
      </trkpt>
      <trkpt lat="59.98676" lon="8.81102">
        <ele>195.37873933768543</ele>
        <time>1970-01-01T00:00:00.000Z</time>
      </trkpt>
      <trkpt lat="59.98672484000521" lon="8.810929394271215">
        <ele>195.4</ele>
        <time>1970-01-01T00:00:00.000Z</time>
      </trkpt>
      <trkpt lat="59.98656001460987" lon="8.810504651322429">
        <ele>195.5</ele>
        <time>1970-01-01T00:00:00.000Z</time>
      </trkpt>
      <trkpt lat="59.9865" lon="8.81035">
        <ele>195.5725788929742</ele>
        <time>1970-01-01T00:00:00.000Z</time>
      </trkpt>
      <trkpt lat="59.98640679110828" lon="8.810061273693853">
        <ele>195.7</ele>
        <time>1970-01-01T00:00:00.000Z</time>
      </trkpt>
      <trkpt lat="59.98626048928506" lon="8.809608092547423">
        <ele>195.8</ele>
        <time>1970-01-01T00:00:00.000Z</time>
      </trkpt>
      <trkpt lat="59.9861146735898" lon="8.809156425991162">
        <ele>195.9</ele>
        <time>1970-01-01T00:00:00.000Z</time>
      </trkpt>
      <trkpt lat="59.98609" lon="8.80908">
        <ele>195.91686457169834</ele>
        <time>1970-01-01T00:00:00.000Z</time>
      </trkpt>
      <trkpt lat="59.985973981582916" lon="8.808696242819911">
        <ele>196</ele>
        <time>1970-01-01T00:00:00.000Z</time>
      </trkpt>
      <trkpt lat="59.98583" lon="8.80822">
        <ele>196.0998437853278</ele>
        <time>1970-01-01T00:00:00.000Z</time>
      </trkpt>
      <trkpt lat="59.98567" lon="8.80743">
        <ele>196.1</ele>
        <time>1970-01-01T00:00:00.000Z</time>
      </trkpt>
      <trkpt lat="59.98565019590671" lon="8.807226296356871">
        <ele>196.1</ele>
        <time>1970-01-01T00:00:00.000Z</time>
      </trkpt>
      <trkpt lat="59.9856" lon="8.80671">
        <ele>196.0024844313657</ele>
        <time>1970-01-01T00:00:00.000Z</time>
      </trkpt>
      <trkpt lat="59.9856" lon="8.80643">
        <ele>195.96329515354887</ele>
        <time>1970-01-01T00:00:00.000Z</time>
      </trkpt>
      <trkpt lat="59.98561" lon="8.80597">
        <ele>195.9</ele>
        <time>1970-01-01T00:00:00.000Z</time>
      </trkpt>
      <trkpt lat="59.98568" lon="8.80508">
        <ele>195.9</ele>
        <time>1970-01-01T00:00:00.000Z</time>
      </trkpt>
      <trkpt lat="59.98573537295413" lon="8.804565914958117">
        <ele>195.9</ele>
        <time>1970-01-01T00:00:00.000Z</time>
      </trkpt>
      <trkpt lat="59.98579216439685" lon="8.804038639547779">
        <ele>196.1</ele>
        <time>1970-01-01T00:00:00.000Z</time>
      </trkpt>
      <trkpt lat="59.98584895373786" lon="8.80351136232805">
        <ele>196.2</ele>
        <time>1970-01-01T00:00:00.000Z</time>
      </trkpt>
      <trkpt lat="59.985905551689775" lon="8.802985840898756">
        <ele>196.4</ele>
        <time>1970-01-01T00:00:00.000Z</time>
      </trkpt>
      <trkpt lat="59.98596233683428" lon="8.802458560066446">
        <ele>196.6</ele>
        <time>1970-01-01T00:00:00.000Z</time>
      </trkpt>
      <trkpt lat="59.986019119876985" lon="8.801931277424915">
        <ele>196.9</ele>
        <time>1970-01-01T00:00:00.000Z</time>
      </trkpt>
      <trkpt lat="59.98607571155159" lon="8.80140575059206">
        <ele>197.1</ele>
        <time>1970-01-01T00:00:00.000Z</time>
      </trkpt>
      <trkpt lat="59.98613249039772" lon="8.800878464338286">
        <ele>197.2</ele>
        <time>1970-01-01T00:00:00.000Z</time>
      </trkpt>
      <trkpt lat="59.986189267142045" lon="8.80035117627546">
        <ele>197.3</ele>
        <time>1970-01-01T00:00:00.000Z</time>
      </trkpt>
      <trkpt lat="59.98624" lon="8.79988">
        <ele>197.3</ele>
        <time>1970-01-01T00:00:00.000Z</time>
      </trkpt>
      <trkpt lat="59.986247181368206" lon="8.799824425632286">
        <ele>197.3</ele>
        <time>1970-01-01T00:00:00.000Z</time>
      </trkpt>
      <trkpt lat="59.98631443748696" lon="8.799303941574292">
        <ele>197.2</ele>
        <time>1970-01-01T00:00:00.000Z</time>
      </trkpt>
      <trkpt lat="59.98638191648438" lon="8.798781714641065">
        <ele>197</ele>
        <time>1970-01-01T00:00:00.000Z</time>
      </trkpt>
      <trkpt lat="59.98644939342013" lon="8.798259485578466">
        <ele>196.7</ele>
        <time>1970-01-01T00:00:00.000Z</time>
      </trkpt>
      <trkpt lat="59.98647" lon="8.7981">
        <ele>196.57743420605777</ele>
        <time>1970-01-01T00:00:00.000Z</time>
      </trkpt>
      <trkpt lat="59.98652410297161" lon="8.79774317949919">
        <ele>196.3</ele>
        <time>1970-01-01T00:00:00.000Z</time>
      </trkpt>
      <trkpt lat="59.98660236691377" lon="8.797226999007528">
        <ele>196</ele>
        <time>1970-01-01T00:00:00.000Z</time>
      </trkpt>
      <trkpt lat="59.98668062884175" lon="8.796710816074729">
        <ele>195.6</ele>
        <time>1970-01-01T00:00:00.000Z</time>
      </trkpt>
      <trkpt lat="59.98675862789249" lon="8.796196351322804">
        <ele>195.3</ele>
        <time>1970-01-01T00:00:00.000Z</time>
      </trkpt>
      <trkpt lat="59.98683688579876" lon="8.795680163515998">
        <ele>195</ele>
        <time>1970-01-01T00:00:00.000Z</time>
      </trkpt>
      <trkpt lat="59.98691514169078" lon="8.795163973268185">
        <ele>194.9</ele>
        <time>1970-01-01T00:00:00.000Z</time>
      </trkpt>
      <trkpt lat="59.98694" lon="8.795">
        <ele>194.9</ele>
        <time>1970-01-01T00:00:00.000Z</time>
      </trkpt>
      <trkpt lat="59.98698394506037" lon="8.79464445103229">
        <ele>194.9</ele>
        <time>1970-01-01T00:00:00.000Z</time>
      </trkpt>
      <trkpt lat="59.98705" lon="8.79411">
        <ele>195.00206606851685</ele>
        <time>1970-01-01T00:00:00.000Z</time>
      </trkpt>
      <trkpt lat="59.98709735100843" lon="8.79359031417319">
        <ele>195.1</ele>
        <time>1970-01-01T00:00:00.000Z</time>
      </trkpt>
      <trkpt lat="59.98714553769734" lon="8.79306143207074">
        <ele>195.4</ele>
        <time>1970-01-01T00:00:00.000Z</time>
      </trkpt>
      <trkpt lat="59.98719388342064" lon="8.79253077958409">
        <ele>195.6</ele>
        <time>1970-01-01T00:00:00.000Z</time>
      </trkpt>
      <trkpt lat="59.98724222701524" lon="8.792000125547188">
        <ele>195.9</ele>
        <time>1970-01-01T00:00:00.000Z</time>
      </trkpt>
      <trkpt lat="59.987290407346464" lon="8.791471238814623">
        <ele>196.2</ele>
        <time>1970-01-01T00:00:00.000Z</time>
      </trkpt>
      <trkpt lat="59.98733874669077" lon="8.790940581682559">
        <ele>196.4</ele>
        <time>1970-01-01T00:00:00.000Z</time>
      </trkpt>
      <trkpt lat="59.987387083906334" lon="8.79040992300042">
        <ele>196.6</ele>
        <time>1970-01-01T00:00:00.000Z</time>
      </trkpt>
      <trkpt lat="59.98743525787976" lon="8.789881031638286">
        <ele>196.8</ele>
        <time>1970-01-01T00:00:00.000Z</time>
      </trkpt>
      <trkpt lat="59.987483590844974" lon="8.78935036986135">
        <ele>197</ele>
        <time>1970-01-01T00:00:00.000Z</time>
      </trkpt>
      <trkpt lat="59.98749" lon="8.78928">
        <ele>197.01326075252</ele>
        <time>1970-01-01T00:00:00.000Z</time>
      </trkpt>
      <trkpt lat="59.98752536360658" lon="8.78881751121861">
        <ele>197.1</ele>
        <time>1970-01-01T00:00:00.000Z</time>
      </trkpt>
      <trkpt lat="59.987565995727884" lon="8.788286092946104">
        <ele>197.2</ele>
        <time>1970-01-01T00:00:00.000Z</time>
      </trkpt>
      <trkpt lat="59.987606761597036" lon="8.7877528960436">
        <ele>197.3</ele>
        <time>1970-01-01T00:00:00.000Z</time>
      </trkpt>
      <trkpt lat="59.987647525317044" lon="8.787219697827613">
        <ele>197.4</ele>
        <time>1970-01-01T00:00:00.000Z</time>
      </trkpt>
      <trkpt lat="59.9876881510196" lon="8.786688275632152">
        <ele>197.4</ele>
        <time>1970-01-01T00:00:00.000Z</time>
      </trkpt>
      <trkpt lat="59.98772891044849" lon="8.78615507479377">
        <ele>197.3</ele>
        <time>1970-01-01T00:00:00.000Z</time>
      </trkpt>
      <trkpt lat="59.98774" lon="8.78601">
        <ele>197.27279175949255</ele>
        <time>1970-01-01T00:00:00.000Z</time>
      </trkpt>
      <trkpt lat="59.987786135176584" lon="8.785628354233493">
        <ele>197.2</ele>
        <time>1970-01-01T00:00:00.000Z</time>
      </trkpt>
      <trkpt lat="59.987849301794604" lon="8.785105802130317">
        <ele>197.1</ele>
        <time>1970-01-01T00:00:00.000Z</time>
      </trkpt>
      <trkpt lat="59.98791267759769" lon="8.78458150035658">
        <ele>196.8</ele>
        <time>1970-01-01T00:00:00.000Z</time>
      </trkpt>
      <trkpt lat="59.987976051322775" lon="8.784057196574883">
        <ele>196.6</ele>
        <time>1970-01-01T00:00:00.000Z</time>
      </trkpt>
      <trkpt lat="59.98803921173447" lon="8.783534638474581">
        <ele>196.3</ele>
        <time>1970-01-01T00:00:00.000Z</time>
      </trkpt>
      <trkpt lat="59.98810258131038" lon="8.783010330683817">
        <ele>196.1</ele>
        <time>1970-01-01T00:00:00.000Z</time>
      </trkpt>
      <trkpt lat="59.988165948808295" lon="8.782486020885253">
        <ele>195.9</ele>
        <time>1970-01-01T00:00:00.000Z</time>
      </trkpt>
      <trkpt lat="59.98822910301349" lon="8.781963456788299">
        <ele>195.8</ele>
        <time>1970-01-01T00:00:00.000Z</time>
      </trkpt>
      <trkpt lat="59.98829246636217" lon="8.781439142980984">
        <ele>195.7</ele>
        <time>1970-01-01T00:00:00.000Z</time>
      </trkpt>
      <trkpt lat="59.98835582763273" lon="8.780914827166027">
        <ele>195.7</ele>
        <time>1970-01-01T00:00:00.000Z</time>
      </trkpt>
      <trkpt lat="59.98847" lon="8.77997">
        <ele>195.7</ele>
        <time>1970-01-01T00:00:00.000Z</time>
      </trkpt>
      <trkpt lat="59.98855235533484" lon="8.779346986666306">
        <ele>195.8</ele>
        <time>1970-01-01T00:00:00.000Z</time>
      </trkpt>
      <trkpt lat="59.988621289456255" lon="8.77882548458427">
        <ele>195.8</ele>
        <time>1970-01-01T00:00:00.000Z</time>
      </trkpt>
      <trkpt lat="59.98868999175167" lon="8.778305718680887">
        <ele>195.8</ele>
        <time>1970-01-01T00:00:00.000Z</time>
      </trkpt>
      <trkpt lat="59.9887" lon="8.77823">
        <ele>195.81451924901384</ele>
        <time>1970-01-01T00:00:00.000Z</time>
      </trkpt>
      <trkpt lat="59.98878283928463" lon="8.777799681758491">
        <ele>195.9</ele>
        <time>1970-01-01T00:00:00.000Z</time>
      </trkpt>
      <trkpt lat="59.98887974737803" lon="8.777296269500491">
        <ele>195.9</ele>
        <time>1970-01-01T00:00:00.000Z</time>
      </trkpt>
      <trkpt lat="59.98897633053831" lon="8.776794532349891">
        <ele>196</ele>
        <time>1970-01-01T00:00:00.000Z</time>
      </trkpt>
      <trkpt lat="59.98907323480668" lon="8.776291114205382">
        <ele>196.1</ele>
        <time>1970-01-01T00:00:00.000Z</time>
      </trkpt>
      <trkpt lat="59.98917013715932" lon="8.775787693112752">
        <ele>196.3</ele>
        <time>1970-01-01T00:00:00.000Z</time>
      </trkpt>
      <trkpt lat="59.98926671459793" lon="8.77528594715706">
        <ele>196.4</ele>
        <time>1970-01-01T00:00:00.000Z</time>
      </trkpt>
      <trkpt lat="59.989363613125455" lon="8.7747825201781">
        <ele>196.5</ele>
        <time>1970-01-01T00:00:00.000Z</time>
      </trkpt>
      <trkpt lat="59.9894605097372" lon="8.774279090251108">
        <ele>196.5</ele>
        <time>1970-01-01T00:00:00.000Z</time>
      </trkpt>
      <trkpt lat="59.98952" lon="8.77397">
        <ele>196.56160192623275</ele>
        <time>1970-01-01T00:00:00.000Z</time>
      </trkpt>
      <trkpt lat="59.9895538488785" lon="8.773774971334696">
        <ele>196.6</ele>
        <time>1970-01-01T00:00:00.000Z</time>
      </trkpt>
      <trkpt lat="59.98964229488888" lon="8.773265358119703">
        <ele>196.7</ele>
        <time>1970-01-01T00:00:00.000Z</time>
      </trkpt>
      <trkpt lat="59.98973" lon="8.77276">
        <ele>196.89832901302802</ele>
        <time>1970-01-01T00:00:00.000Z</time>
      </trkpt>
      <trkpt lat="59.989799709134175" lon="8.77223608783721">
        <ele>197.1</ele>
        <time>1970-01-01T00:00:00.000Z</time>
      </trkpt>
      <trkpt lat="59.98986906790654" lon="8.771714791216695">
        <ele>197.4</ele>
        <time>1970-01-01T00:00:00.000Z</time>
      </trkpt>
      <trkpt lat="59.989938424624725" lon="8.771193492411074">
        <ele>197.9</ele>
        <time>1970-01-01T00:00:00.000Z</time>
      </trkpt>
      <trkpt lat="59.99004" lon="8.77043">
        <ele>198.80114642760455</ele>
        <time>1970-01-01T00:00:00.000Z</time>
      </trkpt>
      <trkpt lat="59.9901" lon="8.76982">
        <ele>199.85341358875988</ele>
        <time>1970-01-01T00:00:00.000Z</time>
      </trkpt>
      <trkpt lat="59.99010850263824" lon="8.769615941860716">
        <ele>200.2</ele>
        <time>1970-01-01T00:00:00.000Z</time>
      </trkpt>
      <trkpt lat="59.99012" lon="8.76934">
        <ele>200.66352808399336</ele>
        <time>1970-01-01T00:00:00.000Z</time>
      </trkpt>
      <trkpt lat="59.99011526277448" lon="8.769079436878286">
        <ele>201.1</ele>
        <time>1970-01-01T00:00:00.000Z</time>
      </trkpt>
      <trkpt lat="59.99011" lon="8.76879">
        <ele>201.69060546648993</ele>
        <time>1970-01-01T00:00:00.000Z</time>
      </trkpt>
      <trkpt lat="59.9900885992636" lon="8.768543889104944">
        <ele>202.2</ele>
        <time>1970-01-01T00:00:00.000Z</time>
      </trkpt>
      <trkpt lat="59.99007" lon="8.76833">
        <ele>202.60245742401315</ele>
        <time>1970-01-01T00:00:00.000Z</time>
      </trkpt>
      <trkpt lat="59.99003218358589" lon="8.768016661075999">
        <ele>203.2</ele>
        <time>1970-01-01T00:00:00.000Z</time>
      </trkpt>
      <trkpt lat="59.99" lon="8.76775">
        <ele>203.76125187469336</ele>
        <time>1970-01-01T00:00:00.000Z</time>
      </trkpt>
      <trkpt lat="59.989987517745334" lon="8.767487869307473">
        <ele>204.3</ele>
        <time>1970-01-01T00:00:00.000Z</time>
      </trkpt>
      <trkpt lat="59.98998" lon="8.76733">
        <ele>204.588114604254</ele>
        <time>1970-01-01T00:00:00.000Z</time>
      </trkpt>
      <trkpt lat="59.99002" lon="8.76694">
        <ele>205.31141229501907</ele>
        <time>1970-01-01T00:00:00.000Z</time>
      </trkpt>
      <trkpt lat="59.99009" lon="8.76653">
        <ele>206.09850435421873</ele>
        <time>1970-01-01T00:00:00.000Z</time>
      </trkpt>
      <trkpt lat="59.990213023422506" lon="8.765953736756355">
        <ele>207</ele>
        <time>1970-01-01T00:00:00.000Z</time>
      </trkpt>
      <trkpt lat="59.99028" lon="8.76564">
        <ele>207.50589566039997</ele>
        <time>1970-01-01T00:00:00.000Z</time>
      </trkpt>
      <trkpt lat="59.990324945252446" lon="8.765463216987557">
        <ele>207.8</ele>
        <time>1970-01-01T00:00:00.000Z</time>
      </trkpt>
      <trkpt lat="59.99043" lon="8.76505">
        <ele>208.315582733467</ele>
        <time>1970-01-01T00:00:00.000Z</time>
      </trkpt>
      <trkpt lat="59.990449500585484" lon="8.764984884520304">
        <ele>208.4</ele>
        <time>1970-01-01T00:00:00.000Z</time>
      </trkpt>
      <trkpt lat="59.99058763906274" lon="8.764523613456348">
        <ele>209</ele>
        <time>1970-01-01T00:00:00.000Z</time>
      </trkpt>
      <trkpt lat="59.990726237925124" lon="8.764060795809462">
        <ele>209.5</ele>
        <time>1970-01-01T00:00:00.000Z</time>
      </trkpt>
      <trkpt lat="59.99086483516844" lon="8.763597974285766">
        <ele>209.9</ele>
        <time>1970-01-01T00:00:00.000Z</time>
      </trkpt>
      <trkpt lat="59.99099" lon="8.76318">
        <ele>210.26244541705745</ele>
        <time>1970-01-01T00:00:00.000Z</time>
      </trkpt>
      <trkpt lat="59.99100191445998" lon="8.763135497198881">
        <ele>210.3</ele>
        <time>1970-01-01T00:00:00.000Z</time>
      </trkpt>
      <trkpt lat="59.991129240809656" lon="8.762659903284142">
        <ele>210.6</ele>
        <time>1970-01-01T00:00:00.000Z</time>
      </trkpt>
      <trkpt lat="59.991256565449596" lon="8.762184305709528">
        <ele>210.8</ele>
        <time>1970-01-01T00:00:00.000Z</time>
      </trkpt>
      <trkpt lat="59.99133" lon="8.76191">
        <ele>210.9157371125923</ele>
        <time>1970-01-01T00:00:00.000Z</time>
      </trkpt>
      <trkpt lat="59.99137855832106" lon="8.7617053416309">
        <ele>211</ele>
        <time>1970-01-01T00:00:00.000Z</time>
      </trkpt>
      <trkpt lat="59.99149419686108" lon="8.761217953005902">
        <ele>211.3</ele>
        <time>1970-01-01T00:00:00.000Z</time>
      </trkpt>
      <trkpt lat="59.99160983360553" lon="8.760730560974507">
        <ele>211.5</ele>
        <time>1970-01-01T00:00:00.000Z</time>
      </trkpt>
      <trkpt lat="59.99172508310751" lon="8.760244790193846">
        <ele>211.8</ele>
        <time>1970-01-01T00:00:00.000Z</time>
      </trkpt>
      <trkpt lat="59.991840716266694" lon="8.759757391361052">
        <ele>212</ele>
        <time>1970-01-01T00:00:00.000Z</time>
      </trkpt>
      <trkpt lat="59.99195634763024" lon="8.759269989121899">
        <ele>212.3</ele>
        <time>1970-01-01T00:00:00.000Z</time>
      </trkpt>
      <trkpt lat="59.99207159176921" lon="8.758784208167548">
        <ele>212.7</ele>
        <time>1970-01-01T00:00:00.000Z</time>
      </trkpt>
      <trkpt lat="59.992187219547375" lon="8.758296799127073">
        <ele>213.1</ele>
        <time>1970-01-01T00:00:00.000Z</time>
      </trkpt>
      <trkpt lat="59.99226" lon="8.75799">
        <ele>213.35177816146964</ele>
        <time>1970-01-01T00:00:00.000Z</time>
      </trkpt>
      <trkpt lat="59.992309151134336" lon="8.757815925644808">
        <ele>213.5</ele>
        <time>1970-01-01T00:00:00.000Z</time>
      </trkpt>
      <trkpt lat="59.992441792076455" lon="8.757346155971845">
        <ele>214</ele>
        <time>1970-01-01T00:00:00.000Z</time>
      </trkpt>
      <trkpt lat="59.9925" lon="8.75714">
        <ele>214.22015497765278</ele>
        <time>1970-01-01T00:00:00.000Z</time>
      </trkpt>
      <trkpt lat="59.992580137662124" lon="8.756885280199262">
        <ele>214.5</ele>
        <time>1970-01-01T00:00:00.000Z</time>
      </trkpt>
      <trkpt lat="59.99272379752303" lon="8.756428646322352">
        <ele>215.1</ele>
        <time>1970-01-01T00:00:00.000Z</time>
      </trkpt>
      <trkpt lat="59.99278" lon="8.75625">
        <ele>215.32426741958201</ele>
        <time>1970-01-01T00:00:00.000Z</time>
      </trkpt>
      <trkpt lat="59.99297" lon="8.75574">
        <ele>216.0000372052744</ele>
        <time>1970-01-01T00:00:00.000Z</time>
      </trkpt>
      <trkpt lat="59.99314" lon="8.75537">
        <ele>216.58757315032693</ele>
        <time>1970-01-01T00:00:00.000Z</time>
      </trkpt>
      <trkpt lat="59.99323686351292" lon="8.755185960158094">
        <ele>216.9</ele>
        <time>1970-01-01T00:00:00.000Z</time>
      </trkpt>
      <trkpt lat="59.99334" lon="8.75499">
        <ele>217.16366450210558</ele>
        <time>1970-01-01T00:00:00.000Z</time>
      </trkpt>
      <trkpt lat="59.99344048512639" lon="8.754832992358645">
        <ele>217.4</ele>
        <time>1970-01-01T00:00:00.000Z</time>
      </trkpt>
      <trkpt lat="59.9935" lon="8.75474">
        <ele>217.54044406730262</ele>
        <time>1970-01-01T00:00:00.000Z</time>
      </trkpt>
      <trkpt lat="59.99366034306503" lon="8.754523885992414">
        <ele>217.9</ele>
        <time>1970-01-01T00:00:00.000Z</time>
      </trkpt>
      <trkpt lat="59.99373" lon="8.75443">
        <ele>218.03125198613495</ele>
        <time>1970-01-01T00:00:00.000Z</time>
      </trkpt>
      <trkpt lat="59.99399" lon="8.75413">
        <ele>218.50020513688486</ele>
        <time>1970-01-01T00:00:00.000Z</time>
      </trkpt>
      <trkpt lat="59.99437371240235" lon="8.753767850633002">
        <ele>219</ele>
        <time>1970-01-01T00:00:00.000Z</time>
      </trkpt>
      <trkpt lat="59.99461769698896" lon="8.75353757210658">
        <ele>219.3</ele>
        <time>1970-01-01T00:00:00.000Z</time>
      </trkpt>
      <trkpt lat="59.99486168117477" lon="8.753307290183965">
        <ele>219.6</ele>
        <time>1970-01-01T00:00:00.000Z</time>
      </trkpt>
      <trkpt lat="59.99488" lon="8.75329">
        <ele>219.62259995870306</ele>
        <time>1970-01-01T00:00:00.000Z</time>
      </trkpt>
      <trkpt lat="59.99510670330323" lon="8.753085801335459">
        <ele>219.9</ele>
        <time>1970-01-01T00:00:00.000Z</time>
      </trkpt>
      <trkpt lat="59.995352695889466" lon="8.752864224731457">
        <ele>220.4</ele>
        <time>1970-01-01T00:00:00.000Z</time>
      </trkpt>
      <trkpt lat="59.99559868810461" lon="8.752642644832608">
        <ele>221</ele>
        <time>1970-01-01T00:00:00.000Z</time>
      </trkpt>
      <trkpt lat="59.99584385997645" lon="8.752421800254952">
        <ele>221.6</ele>
        <time>1970-01-01T00:00:00.000Z</time>
      </trkpt>
      <trkpt lat="59.99619" lon="8.75211">
        <ele>222.88352387127955</ele>
        <time>1970-01-01T00:00:00.000Z</time>
      </trkpt>
      <trkpt lat="59.99632" lon="8.75195">
        <ele>223.39961671448464</ele>
        <time>1970-01-01T00:00:00.000Z</time>
      </trkpt>
      <trkpt lat="59.99646" lon="8.75165">
        <ele>224.365643717702</ele>
        <time>1970-01-01T00:00:00.000Z</time>
      </trkpt>
      <trkpt lat="59.996497915947955" lon="8.75152993301211">
        <ele>224.7</ele>
        <time>1970-01-01T00:00:00.000Z</time>
      </trkpt>
      <trkpt lat="59.99652" lon="8.75146">
        <ele>224.91557759501285</ele>
        <time>1970-01-01T00:00:00.000Z</time>
      </trkpt>
      <trkpt lat="59.99655" lon="8.75127">
        <ele>225.43489571281384</ele>
        <time>1970-01-01T00:00:00.000Z</time>
      </trkpt>
      <trkpt lat="59.99657" lon="8.75092">
        <ele>226.35307464982677</ele>
        <time>1970-01-01T00:00:00.000Z</time>
      </trkpt>
      <trkpt lat="59.99655" lon="8.75052">
        <ele>227.40093832607104</ele>
        <time>1970-01-01T00:00:00.000Z</time>
      </trkpt>
      <trkpt lat="59.99647" lon="8.75006">
        <ele>228.82621832276575</ele>
        <time>1970-01-01T00:00:00.000Z</time>
      </trkpt>
      <trkpt lat="59.99645184787245" lon="8.749973777176539">
        <ele>229.1</ele>
        <time>1970-01-01T00:00:00.000Z</time>
      </trkpt>
      <trkpt lat="59.99643" lon="8.74987">
        <ele>229.4547854353546</ele>
        <time>1970-01-01T00:00:00.000Z</time>
      </trkpt>
      <trkpt lat="59.9963185342779" lon="8.749505877651256">
        <ele>230.8</ele>
        <time>1970-01-01T00:00:00.000Z</time>
      </trkpt>
      <trkpt lat="59.99628" lon="8.74938">
        <ele>231.2827455033677</ele>
        <time>1970-01-01T00:00:00.000Z</time>
      </trkpt>
      <trkpt lat="59.99614" lon="8.74905">
        <ele>232.69822790281953</ele>
        <time>1970-01-01T00:00:00.000Z</time>
      </trkpt>
      <trkpt lat="59.995775177609" lon="8.748313833978802">
        <ele>236</ele>
        <time>1970-01-01T00:00:00.000Z</time>
      </trkpt>
      <trkpt lat="59.99558" lon="8.74792">
        <ele>237.641712899849</ele>
        <time>1970-01-01T00:00:00.000Z</time>
      </trkpt>
      <trkpt lat="59.9953913992113" lon="8.747558001269581">
        <ele>239.1</ele>
        <time>1970-01-01T00:00:00.000Z</time>
      </trkpt>
      <trkpt lat="59.99519675382541" lon="8.747184406912226">
        <ele>240.3</ele>
        <time>1970-01-01T00:00:00.000Z</time>
      </trkpt>
      <trkpt lat="59.99496" lon="8.74673">
        <ele>241.5531852097629</ele>
        <time>1970-01-01T00:00:00.000Z</time>
      </trkpt>
      <trkpt lat="59.99487" lon="8.74658">
        <ele>242.00039086369605</ele>
        <time>1970-01-01T00:00:00.000Z</time>
      </trkpt>
      <trkpt lat="59.99472" lon="8.74639">
        <ele>242.44022995739408</ele>
        <time>1970-01-01T00:00:00.000Z</time>
      </trkpt>
      <trkpt lat="59.99455399364828" lon="8.746223993343495">
        <ele>242.9</ele>
        <time>1970-01-01T00:00:00.000Z</time>
      </trkpt>
      <trkpt lat="59.9945" lon="8.74617">
        <ele>243.01187830611673</ele>
        <time>1970-01-01T00:00:00.000Z</time>
      </trkpt>
      <trkpt lat="59.99430177887778" lon="8.746034845337254">
        <ele>243.4</ele>
        <time>1970-01-01T00:00:00.000Z</time>
      </trkpt>
      <trkpt lat="59.99404727037512" lon="8.745861314320818">
        <ele>243.6</ele>
        <time>1970-01-01T00:00:00.000Z</time>
      </trkpt>
      <trkpt lat="59.99379191044473" lon="8.74568720561606">
        <ele>243.7</ele>
        <time>1970-01-01T00:00:00.000Z</time>
      </trkpt>
      <trkpt lat="59.9935365502852" lon="8.74551309959868">
        <ele>243.7</ele>
        <time>1970-01-01T00:00:00.000Z</time>
      </trkpt>
      <trkpt lat="59.9934" lon="8.74542">
        <ele>243.59269517919384</ele>
        <time>1970-01-01T00:00:00.000Z</time>
      </trkpt>
      <trkpt lat="59.99328391861245" lon="8.74532930892644">
        <ele>243.5</ele>
        <time>1970-01-01T00:00:00.000Z</time>
      </trkpt>
      <trkpt lat="59.99303262244077" lon="8.745132980749103">
        <ele>243.3</ele>
        <time>1970-01-01T00:00:00.000Z</time>
      </trkpt>
      <trkpt lat="59.99278132597776" lon="8.744936655553794">
        <ele>243</ele>
        <time>1970-01-01T00:00:00.000Z</time>
      </trkpt>
      <trkpt lat="59.9925300292234" lon="8.744740333340438">
        <ele>242.6</ele>
        <time>1970-01-01T00:00:00.000Z</time>
      </trkpt>
      <trkpt lat="59.99244" lon="8.74467">
        <ele>242.44689815469874</ele>
        <time>1970-01-01T00:00:00.000Z</time>
      </trkpt>
      <trkpt lat="59.99224" lon="8.74449">
        <ele>242.09941392365758</ele>
        <time>1970-01-01T00:00:00.000Z</time>
      </trkpt>
      <trkpt lat="59.99214" lon="8.74439">
        <ele>241.89522929823713</ele>
        <time>1970-01-01T00:00:00.000Z</time>
      </trkpt>
      <trkpt lat="59.99184" lon="8.74402">
        <ele>241.2515330181878</ele>
        <time>1970-01-01T00:00:00.000Z</time>
      </trkpt>
      <trkpt lat="59.991818532554746" lon="8.743983378583184">
        <ele>241.2</ele>
        <time>1970-01-01T00:00:00.000Z</time>
      </trkpt>
      <trkpt lat="59.9915" lon="8.74344">
        <ele>240.30080877956755</ele>
        <time>1970-01-01T00:00:00.000Z</time>
      </trkpt>
      <trkpt lat="59.99122218654781" lon="8.742893334030693">
        <ele>239</ele>
        <time>1970-01-01T00:00:00.000Z</time>
      </trkpt>
      <trkpt lat="59.99119" lon="8.74283">
        <ele>238.84885346626731</ele>
        <time>1970-01-01T00:00:00.000Z</time>
      </trkpt>
      <trkpt lat="59.991038749853765" lon="8.742500348454065">
        <ele>238.1</ele>
        <time>1970-01-01T00:00:00.000Z</time>
      </trkpt>
      <trkpt lat="59.99085636274619" lon="8.742102839908434">
        <ele>237.2</ele>
        <time>1970-01-01T00:00:00.000Z</time>
      </trkpt>
      <trkpt lat="59.9908" lon="8.74198">
        <ele>236.89097319781857</ele>
        <time>1970-01-01T00:00:00.000Z</time>
      </trkpt>
      <trkpt lat="59.990678329469986" lon="8.741697594370322">
        <ele>236.2</ele>
        <time>1970-01-01T00:00:00.000Z</time>
      </trkpt>
      <trkpt lat="59.99050282961605" lon="8.741290253317278">
        <ele>235.2</ele>
        <time>1970-01-01T00:00:00.000Z</time>
      </trkpt>
      <trkpt lat="59.99032674154554" lon="8.740881554261794">
        <ele>234.4</ele>
        <time>1970-01-01T00:00:00.000Z</time>
      </trkpt>
      <trkpt lat="59.99015065221244" lon="8.740472859555732">
        <ele>233.6</ele>
        <time>1970-01-01T00:00:00.000Z</time>
      </trkpt>
      <trkpt lat="59.98999" lon="8.7401">
        <ele>233.14231070416707</ele>
        <time>1970-01-01T00:00:00.000Z</time>
      </trkpt>
      <trkpt lat="59.989975623457894" lon="8.740064735820651">
        <ele>233.1</ele>
        <time>1970-01-01T00:00:00.000Z</time>
      </trkpt>
      <trkpt lat="59.98980516204529" lon="8.739646615597579">
        <ele>232.8</ele>
        <time>1970-01-01T00:00:00.000Z</time>
      </trkpt>
      <trkpt lat="59.989634699311196" lon="8.739228499681916">
        <ele>232.8</ele>
        <time>1970-01-01T00:00:00.000Z</time>
      </trkpt>
      <trkpt lat="59.98946" lon="8.7388">
        <ele>232.80845360443735</ele>
        <time>1970-01-01T00:00:00.000Z</time>
      </trkpt>
      <trkpt lat="59.989313389736914" lon="8.738365393896176">
        <ele>233.1</ele>
        <time>1970-01-01T00:00:00.000Z</time>
      </trkpt>
      <trkpt lat="59.9891625269098" lon="8.737918190085152">
        <ele>233.4</ele>
        <time>1970-01-01T00:00:00.000Z</time>
      </trkpt>
      <trkpt lat="59.98901216545459" lon="8.737472481010373">
        <ele>233.7</ele>
        <time>1970-01-01T00:00:00.000Z</time>
      </trkpt>
      <trkpt lat="59.9889" lon="8.73714">
        <ele>233.77434790713806</ele>
        <time>1970-01-01T00:00:00.000Z</time>
      </trkpt>
      <trkpt lat="59.98885796862201" lon="8.73703007043715">
        <ele>233.8</ele>
        <time>1970-01-01T00:00:00.000Z</time>
      </trkpt>
      <trkpt lat="59.98864" lon="8.73646">
        <ele>233.89988603758016</ele>
        <time>1970-01-01T00:00:00.000Z</time>
      </trkpt>
      <trkpt lat="59.98832393477813" lon="8.735820750209399">
        <ele>233.2</ele>
        <time>1970-01-01T00:00:00.000Z</time>
      </trkpt>
      <trkpt lat="59.98813426328303" lon="8.735437143743669">
        <ele>232.3</ele>
        <time>1970-01-01T00:00:00.000Z</time>
      </trkpt>
      <trkpt lat="59.98794522291943" lon="8.735054820341102">
        <ele>231.2</ele>
        <time>1970-01-01T00:00:00.000Z</time>
      </trkpt>
      <trkpt lat="59.98775" lon="8.73466">
        <ele>229.77575209387325</ele>
        <time>1970-01-01T00:00:00.000Z</time>
      </trkpt>
      <trkpt lat="59.98759" lon="8.73439">
        <ele>228.70187501455268</ele>
        <time>1970-01-01T00:00:00.000Z</time>
      </trkpt>
      <trkpt lat="59.98751" lon="8.73495">
        <ele>227.06885147870923</ele>
        <time>1970-01-01T00:00:00.000Z</time>
      </trkpt>
      <trkpt lat="59.987495782434955" lon="8.735003080167003">
        <ele>226.9</ele>
        <time>1970-01-01T00:00:00.000Z</time>
      </trkpt>
      <trkpt lat="59.98736841771679" lon="8.735478580798603">
        <ele>225.4</ele>
        <time>1970-01-01T00:00:00.000Z</time>
      </trkpt>
      <trkpt lat="59.987241051289466" lon="8.735954077770478">
        <ele>224</ele>
        <time>1970-01-01T00:00:00.000Z</time>
      </trkpt>
      <trkpt lat="59.98721" lon="8.73607">
        <ele>223.65754843870744</ele>
        <time>1970-01-01T00:00:00.000Z</time>
      </trkpt>
      <trkpt lat="59.987090897480684" lon="8.736398951580787">
        <ele>222.6</ele>
        <time>1970-01-01T00:00:00.000Z</time>
      </trkpt>
      <trkpt lat="59.987" lon="8.73665">
        <ele>221.91050411067923</ele>
        <time>1970-01-01T00:00:00.000Z</time>
      </trkpt>
      <trkpt lat="59.98692988313578" lon="8.736831667934478">
        <ele>221.4</ele>
        <time>1970-01-01T00:00:00.000Z</time>
      </trkpt>
      <trkpt lat="59.98678" lon="8.73722">
        <ele>220.45926107241573</ele>
        <time>1970-01-01T00:00:00.000Z</time>
      </trkpt>
      <trkpt lat="59.98674" lon="8.73739">
        <ele>220.09928336117812</ele>
        <time>1970-01-01T00:00:00.000Z</time>
      </trkpt>
      <trkpt lat="59.98676" lon="8.73763">
        <ele>219.7831902347314</ele>
        <time>1970-01-01T00:00:00.000Z</time>
      </trkpt>
      <trkpt lat="59.98682" lon="8.73788">
        <ele>219.42295259753212</ele>
        <time>1970-01-01T00:00:00.000Z</time>
      </trkpt>
      <trkpt lat="59.98711" lon="8.73829">
        <ele>218.50043938497535</ele>
        <time>1970-01-01T00:00:00.000Z</time>
      </trkpt>
      <trkpt lat="59.987081918614464" lon="8.73907222775769">
        <ele>217.7</ele>
        <time>1970-01-01T00:00:00.000Z</time>
      </trkpt>
      <trkpt lat="59.98706260220843" lon="8.739610224977119">
        <ele>217.1</ele>
        <time>1970-01-01T00:00:00.000Z</time>
      </trkpt>
      <trkpt lat="59.987043283614355" lon="8.740148221568528">
        <ele>216.6</ele>
        <time>1970-01-01T00:00:00.000Z</time>
      </trkpt>
      <trkpt lat="59.98702396283229" lon="8.74068621753185">
        <ele>216</ele>
        <time>1970-01-01T00:00:00.000Z</time>
      </trkpt>
      <trkpt lat="59.98700470427573" lon="8.741222419550274">
        <ele>215.4</ele>
        <time>1970-01-01T00:00:00.000Z</time>
      </trkpt>
      <trkpt lat="59.98698537912494" lon="8.741760414259305">
        <ele>214.8</ele>
        <time>1970-01-01T00:00:00.000Z</time>
      </trkpt>
      <trkpt lat="59.98696605178615" lon="8.742298408340037">
        <ele>214.2</ele>
        <time>1970-01-01T00:00:00.000Z</time>
      </trkpt>
      <trkpt lat="59.98694678669476" lon="8.742834608481939">
        <ele>213.6</ele>
        <time>1970-01-01T00:00:00.000Z</time>
      </trkpt>
      <trkpt lat="59.98692745498729" lon="8.743372601307962">
        <ele>213</ele>
        <time>1970-01-01T00:00:00.000Z</time>
      </trkpt>
      <trkpt lat="59.98690812109181" lon="8.743910593505477">
        <ele>212.4</ele>
        <time>1970-01-01T00:00:00.000Z</time>
      </trkpt>
      <trkpt lat="59.98688884946559" lon="8.744446791770232">
        <ele>211.8</ele>
        <time>1970-01-01T00:00:00.000Z</time>
      </trkpt>
      <trkpt lat="59.986869511201455" lon="8.744984782712619">
        <ele>211.2</ele>
        <time>1970-01-01T00:00:00.000Z</time>
      </trkpt>
      <trkpt lat="59.98685017074933" lon="8.745522773026288">
        <ele>210.6</ele>
        <time>1970-01-01T00:00:00.000Z</time>
      </trkpt>
      <trkpt lat="59.986830892588344" lon="8.746058969413268">
        <ele>210</ele>
        <time>1970-01-01T00:00:00.000Z</time>
      </trkpt>
      <trkpt lat="59.98681" lon="8.74664">
        <ele>209.39999717076506</ele>
        <time>1970-01-01T00:00:00.000Z</time>
      </trkpt>
      <trkpt lat="59.98669" lon="8.74748">
        <ele>208.3859715042172</ele>
        <time>1970-01-01T00:00:00.000Z</time>
      </trkpt>
      <trkpt lat="59.98666509889482" lon="8.747632284308501">
        <ele>208.2</ele>
        <time>1970-01-01T00:00:00.000Z</time>
      </trkpt>
      <trkpt lat="59.986581266176195" lon="8.74814495912076">
        <ele>207.5</ele>
        <time>1970-01-01T00:00:00.000Z</time>
      </trkpt>
      <trkpt lat="59.98649743147066" lon="8.748657631335895">
        <ele>206.8</ele>
        <time>1970-01-01T00:00:00.000Z</time>
      </trkpt>
      <trkpt lat="59.98641387423719" lon="8.749168592059455">
        <ele>206.2</ele>
        <time>1970-01-01T00:00:00.000Z</time>
      </trkpt>
      <trkpt lat="59.98633003556453" lon="8.749681259088879">
        <ele>205.5</ele>
        <time>1970-01-01T00:00:00.000Z</time>
      </trkpt>
      <trkpt lat="59.98624619490499" lon="8.750193923521062">
        <ele>204.9</ele>
        <time>1970-01-01T00:00:00.000Z</time>
      </trkpt>
      <trkpt lat="59.986162631737415" lon="8.750704876487493">
        <ele>204.3</ele>
        <time>1970-01-01T00:00:00.000Z</time>
      </trkpt>
      <trkpt lat="59.98607878711086" lon="8.75121753573373">
        <ele>203.7</ele>
        <time>1970-01-01T00:00:00.000Z</time>
      </trkpt>
      <trkpt lat="59.9859949404975" lon="8.751730192382604">
        <ele>203</ele>
        <time>1970-01-01T00:00:00.000Z</time>
      </trkpt>
      <trkpt lat="59.98591137139598" lon="8.752241137591554">
        <ele>202.4</ele>
        <time>1970-01-01T00:00:00.000Z</time>
      </trkpt>
      <trkpt lat="59.98582752081566" lon="8.752753789054244">
        <ele>201.8</ele>
        <time>1970-01-01T00:00:00.000Z</time>
      </trkpt>
      <trkpt lat="59.98574366824862" lon="8.753266437919454">
        <ele>201.3</ele>
        <time>1970-01-01T00:00:00.000Z</time>
      </trkpt>
      <trkpt lat="59.98573" lon="8.75335">
        <ele>201.20187225006464</ele>
        <time>1970-01-01T00:00:00.000Z</time>
      </trkpt>
      <trkpt lat="59.985664610048524" lon="8.753780223281897">
        <ele>200.7</ele>
        <time>1970-01-01T00:00:00.000Z</time>
      </trkpt>
      <trkpt lat="59.98558617153245" lon="8.754296283231348">
        <ele>200.2</ele>
        <time>1970-01-01T00:00:00.000Z</time>
      </trkpt>
      <trkpt lat="59.985507731003096" lon="8.754812340734837">
        <ele>199.8</ele>
        <time>1970-01-01T00:00:00.000Z</time>
      </trkpt>
      <trkpt lat="59.98542954993895" lon="8.755326675612858">
        <ele>199.4</ele>
        <time>1970-01-01T00:00:00.000Z</time>
      </trkpt>
      <trkpt lat="59.98535" lon="8.75585">
        <ele>199.19988311007324</ele>
        <time>1970-01-01T00:00:00.000Z</time>
      </trkpt>
      <trkpt lat="59.98521" lon="8.75649">
        <ele>199.00012332920187</ele>
        <time>1970-01-01T00:00:00.000Z</time>
      </trkpt>
      <trkpt lat="59.98514" lon="8.75624">
        <ele>198.9766345598648</ele>
        <time>1970-01-01T00:00:00.000Z</time>
      </trkpt>
      <trkpt lat="59.98516" lon="8.75575">
        <ele>198.93647948835462</ele>
        <time>1970-01-01T00:00:00.000Z</time>
      </trkpt>
      <trkpt lat="59.98516" lon="8.7556">
        <ele>198.9242278407701</ele>
        <time>1970-01-01T00:00:00.000Z</time>
      </trkpt>
      <trkpt lat="59.98511" lon="8.75532">
        <ele>198.8999125807821</ele>
        <time>1970-01-01T00:00:00.000Z</time>
      </trkpt>
      <trkpt lat="59.98506" lon="8.75514">
        <ele>198.8734029083504</ele>
        <time>1970-01-01T00:00:00.000Z</time>
      </trkpt>
      <trkpt lat="59.98496" lon="8.75502">
        <ele>198.84338203132546</ele>
        <time>1970-01-01T00:00:00.000Z</time>
      </trkpt>
      <trkpt lat="59.98491" lon="8.75497">
        <ele>198.82899184571076</ele>
        <time>1970-01-01T00:00:00.000Z</time>
      </trkpt>
      <trkpt lat="59.9848" lon="8.75492">
        <ele>198.7999084413393</ele>
        <time>1970-01-01T00:00:00.000Z</time>
      </trkpt>
      <trkpt lat="59.98472" lon="8.75493">
        <ele>198.75736438551246</ele>
        <time>1970-01-01T00:00:00.000Z</time>
      </trkpt>
      <trkpt lat="59.98457" lon="8.75499">
        <ele>198.6761716397519</ele>
        <time>1970-01-01T00:00:00.000Z</time>
      </trkpt>
      <trkpt lat="59.98444" lon="8.75511">
        <ele>198.6001715329471</ele>
        <time>1970-01-01T00:00:00.000Z</time>
      </trkpt>
      <trkpt lat="59.98431" lon="8.75529">
        <ele>198.39973477168772</ele>
        <time>1970-01-01T00:00:00.000Z</time>
      </trkpt>
      <trkpt lat="59.98419" lon="8.75549">
        <ele>198.20147381547557</ele>
        <time>1970-01-01T00:00:00.000Z</time>
      </trkpt>
      <trkpt lat="59.98399" lon="8.75598">
        <ele>197.80001855495019</ele>
        <time>1970-01-01T00:00:00.000Z</time>
      </trkpt>
      <trkpt lat="59.98389" lon="8.75645">
        <ele>197.34056552693608</ele>
        <time>1970-01-01T00:00:00.000Z</time>
      </trkpt>
      <trkpt lat="59.983877156073966" lon="8.756604131288189">
        <ele>197.2</ele>
        <time>1970-01-01T00:00:00.000Z</time>
      </trkpt>
      <trkpt lat="59.98383297045107" lon="8.75713435575497">
        <ele>196.7</ele>
        <time>1970-01-01T00:00:00.000Z</time>
      </trkpt>
      <trkpt lat="59.98383" lon="8.75717">
        <ele>196.66649958299263</ele>
        <time>1970-01-01T00:00:00.000Z</time>
      </trkpt>
      <trkpt lat="59.9837546839049" lon="8.757650140519806">
        <ele>196.2</ele>
        <time>1970-01-01T00:00:00.000Z</time>
      </trkpt>
      <trkpt lat="59.98375" lon="8.75768">
        <ele>196.17098876651843</ele>
        <time>1970-01-01T00:00:00.000Z</time>
      </trkpt>
      <trkpt lat="59.98372" lon="8.75806">
        <ele>195.81433775275252</ele>
        <time>1970-01-01T00:00:00.000Z</time>
      </trkpt>
      <trkpt lat="59.98370227999426" lon="8.758178134361673">
        <ele>195.7</ele>
        <time>1970-01-01T00:00:00.000Z</time>
      </trkpt>
      <trkpt lat="59.98366" lon="8.75846">
        <ele>195.4217827004777</ele>
        <time>1970-01-01T00:00:00.000Z</time>
      </trkpt>
      <trkpt lat="59.98359" lon="8.75877">
        <ele>195.10021137089453</ele>
        <time>1970-01-01T00:00:00.000Z</time>
      </trkpt>
      <trkpt lat="59.98343" lon="8.75923">
        <ele>194.5864972139971</ele>
        <time>1970-01-01T00:00:00.000Z</time>
      </trkpt>
      <trkpt lat="59.98328" lon="8.7595">
        <ele>194.21652954420532</ele>
        <time>1970-01-01T00:00:00.000Z</time>
      </trkpt>
      <trkpt lat="59.98327255002529" lon="8.7595101590952">
        <ele>194.2</ele>
        <time>1970-01-01T00:00:00.000Z</time>
      </trkpt>
      <trkpt lat="59.98317" lon="8.75965">
        <ele>194.06196422752834</ele>
        <time>1970-01-01T00:00:00.000Z</time>
      </trkpt>
      <trkpt lat="59.98303973314623" lon="8.759780267206798">
        <ele>193.9</ele>
        <time>1970-01-01T00:00:00.000Z</time>
      </trkpt>
      <trkpt lat="59.98296" lon="8.75986">
        <ele>193.78911157426475</ele>
        <time>1970-01-01T00:00:00.000Z</time>
      </trkpt>
      <trkpt lat="59.98285" lon="8.76013">
        <ele>193.5724492872301</ele>
        <time>1970-01-01T00:00:00.000Z</time>
      </trkpt>
      <trkpt lat="59.98279" lon="8.76038">
        <ele>193.39993618318334</ele>
        <time>1970-01-01T00:00:00.000Z</time>
      </trkpt>
      <trkpt lat="59.98278" lon="8.76098">
        <ele>193.10441051604386</ele>
        <time>1970-01-01T00:00:00.000Z</time>
      </trkpt>
      <trkpt lat="59.98279192981039" lon="8.761190755375496">
        <ele>193</ele>
        <time>1970-01-01T00:00:00.000Z</time>
      </trkpt>
      <trkpt lat="59.98281" lon="8.76151">
        <ele>192.86662868703982</ele>
        <time>1970-01-01T00:00:00.000Z</time>
      </trkpt>
      <trkpt lat="59.98285" lon="8.76169">
        <ele>192.78486606136403</ele>
        <time>1970-01-01T00:00:00.000Z</time>
      </trkpt>
      <trkpt lat="59.98301" lon="8.762">
        <ele>192.59998132494684</ele>
        <time>1970-01-01T00:00:00.000Z</time>
      </trkpt>
      <trkpt lat="59.98312" lon="8.76204">
        <ele>192.5505491515669</ele>
        <time>1970-01-01T00:00:00.000Z</time>
      </trkpt>
      <trkpt lat="59.98322" lon="8.76202">
        <ele>192.50611565827828</ele>
        <time>1970-01-01T00:00:00.000Z</time>
      </trkpt>
      <trkpt lat="59.98345" lon="8.76188">
        <ele>192.3998056243178</ele>
        <time>1970-01-01T00:00:00.000Z</time>
      </trkpt>
      <trkpt lat="59.98349" lon="8.76187">
        <ele>192.3809321445211</ele>
        <time>1970-01-01T00:00:00.000Z</time>
      </trkpt>
      <trkpt lat="59.98373" lon="8.76202">
        <ele>192.2632025836788</ele>
        <time>1970-01-01T00:00:00.000Z</time>
      </trkpt>
      <trkpt lat="59.98382" lon="8.76222">
        <ele>192.20019701724115</ele>
        <time>1970-01-01T00:00:00.000Z</time>
      </trkpt>
      <trkpt lat="59.98386" lon="8.76226">
        <ele>192.18518349027858</ele>
        <time>1970-01-01T00:00:00.000Z</time>
      </trkpt>
      <trkpt lat="59.98409" lon="8.76234">
        <ele>192.10711094261814</ele>
        <time>1970-01-01T00:00:00.000Z</time>
      </trkpt>
      <trkpt lat="59.98417" lon="8.76235">
        <ele>192.08030498665897</ele>
        <time>1970-01-01T00:00:00.000Z</time>
      </trkpt>
      <trkpt lat="59.98441" lon="8.76232">
        <ele>192.00005162655094</ele>
        <time>1970-01-01T00:00:00.000Z</time>
      </trkpt>
      <trkpt lat="59.9845" lon="8.76226">
        <ele>192.01456247569715</ele>
        <time>1970-01-01T00:00:00.000Z</time>
      </trkpt>
      <trkpt lat="59.98455" lon="8.76222">
        <ele>192.02279964867714</ele>
        <time>1970-01-01T00:00:00.000Z</time>
      </trkpt>
      <trkpt lat="59.98498" lon="8.76169">
        <ele>192.10026547515795</ele>
        <time>1970-01-01T00:00:00.000Z</time>
      </trkpt>
      <trkpt lat="59.98508" lon="8.7616">
        <ele>192.16916051376447</ele>
        <time>1970-01-01T00:00:00.000Z</time>
      </trkpt>
      <trkpt lat="59.98533" lon="8.76164">
        <ele>192.3267179350968</ele>
        <time>1970-01-01T00:00:00.000Z</time>
      </trkpt>
      <trkpt lat="59.98544" lon="8.76172">
        <ele>192.40039364328834</ele>
        <time>1970-01-01T00:00:00.000Z</time>
      </trkpt>
      <trkpt lat="59.98547" lon="8.76178">
        <ele>192.44185800979895</ele>
        <time>1970-01-01T00:00:00.000Z</time>
      </trkpt>
      <trkpt lat="59.98546" lon="8.76167">
        <ele>192.4965033317859</ele>
        <time>1970-01-01T00:00:00.000Z</time>
      </trkpt>
      <trkpt lat="59.9856" lon="8.76121">
        <ele>192.75968213288778</ele>
        <time>1970-01-01T00:00:00.000Z</time>
      </trkpt>
      <trkpt lat="59.98565" lon="8.76094">
        <ele>192.9006783345451</ele>
        <time>1970-01-01T00:00:00.000Z</time>
      </trkpt>
      <trkpt lat="59.98575" lon="8.76032">
        <ele>193.43747461214403</ele>
        <time>1970-01-01T00:00:00.000Z</time>
      </trkpt>
      <trkpt lat="59.98573" lon="8.75976">
        <ele>193.90011642778381</ele>
        <time>1970-01-01T00:00:00.000Z</time>
      </trkpt>
      <trkpt lat="59.985514215642155" lon="8.759155800752957">
        <ele>194.6</ele>
        <time>1970-01-01T00:00:00.000Z</time>
      </trkpt>
      <trkpt lat="59.98543" lon="8.75892">
        <ele>194.86859350417382</ele>
        <time>1970-01-01T00:00:00.000Z</time>
      </trkpt>
      <trkpt lat="59.98538593276458" lon="8.758686441870655">
        <ele>195.1</ele>
        <time>1970-01-01T00:00:00.000Z</time>
      </trkpt>
      <trkpt lat="59.98533" lon="8.75839">
        <ele>195.45363295284855</ele>
        <time>1970-01-01T00:00:00.000Z</time>
      </trkpt>
      <trkpt lat="59.98537" lon="8.75836">
        <ele>195.54896101921398</ele>
        <time>1970-01-01T00:00:00.000Z</time>
      </trkpt>
      <trkpt lat="59.985350828548896" lon="8.758230221097618">
        <ele>195.7</ele>
        <time>1970-01-01T00:00:00.000Z</time>
      </trkpt>
      <trkpt lat="59.98527441428275" lon="8.757712953692213">
        <ele>196.3</ele>
        <time>1970-01-01T00:00:00.000Z</time>
      </trkpt>
      <trkpt lat="59.98524" lon="8.75748">
        <ele>196.5978306117833</ele>
        <time>1970-01-01T00:00:00.000Z</time>
      </trkpt>
      <trkpt lat="59.98516" lon="8.75713">
        <ele>197.06966102194338</ele>
        <time>1970-01-01T00:00:00.000Z</time>
      </trkpt>
      <trkpt lat="59.98511" lon="8.75688">
        <ele>197.39979096708436</ele>
        <time>1970-01-01T00:00:00.000Z</time>
      </trkpt>
      <trkpt lat="59.98513" lon="8.75682">
        <ele>197.47001682902294</ele>
        <time>1970-01-01T00:00:00.000Z</time>
      </trkpt>
      <trkpt lat="59.98523" lon="8.7566">
        <ele>197.75936868728374</ele>
        <time>1970-01-01T00:00:00.000Z</time>
      </trkpt>
      <trkpt lat="59.98524" lon="8.75642">
        <ele>197.9356563716237</ele>
        <time>1970-01-01T00:00:00.000Z</time>
      </trkpt>
      <trkpt lat="59.98527428804926" lon="8.756265704201885">
        <ele>198.1</ele>
        <time>1970-01-01T00:00:00.000Z</time>
      </trkpt>
      <trkpt lat="59.9853" lon="8.75615">
        <ele>198.2408442308697</ele>
        <time>1970-01-01T00:00:00.000Z</time>
      </trkpt>
      <trkpt lat="59.98536669181416" lon="8.755759381095489">
        <ele>198.7</ele>
        <time>1970-01-01T00:00:00.000Z</time>
      </trkpt>
      <trkpt lat="59.98544" lon="8.75533">
        <ele>199.20640494383886</ele>
        <time>1970-01-01T00:00:00.000Z</time>
      </trkpt>
      <trkpt lat="59.98545222911202" lon="8.755249788439041">
        <ele>199.3</ele>
        <time>1970-01-01T00:00:00.000Z</time>
      </trkpt>
      <trkpt lat="59.98553088602763" lon="8.754733863444702">
        <ele>199.9</ele>
        <time>1970-01-01T00:00:00.000Z</time>
      </trkpt>
      <trkpt lat="59.985609540931016" lon="8.75421793599829">
        <ele>200.4</ele>
        <time>1970-01-01T00:00:00.000Z</time>
      </trkpt>
      <trkpt lat="59.98568793164917" lon="8.753703725870244">
        <ele>201</ele>
        <time>1970-01-01T00:00:00.000Z</time>
      </trkpt>
      <trkpt lat="59.98576658253474" lon="8.753187793527985">
        <ele>201.5</ele>
        <time>1970-01-01T00:00:00.000Z</time>
      </trkpt>
      <trkpt lat="59.98584523140799" lon="8.75267185873378">
        <ele>202</ele>
        <time>1970-01-01T00:00:00.000Z</time>
      </trkpt>
      <trkpt lat="59.9859236161161" lon="8.752157641282565">
        <ele>202.6</ele>
        <time>1970-01-01T00:00:00.000Z</time>
      </trkpt>
      <trkpt lat="59.98600226097146" lon="8.751641701592773">
        <ele>203.1</ele>
        <time>1970-01-01T00:00:00.000Z</time>
      </trkpt>
      <trkpt lat="59.98608090381446" lon="8.751125759451167">
        <ele>203.7</ele>
        <time>1970-01-01T00:00:00.000Z</time>
      </trkpt>
      <trkpt lat="59.98615954464511" lon="8.750609814857787">
        <ele>204.3</ele>
        <time>1970-01-01T00:00:00.000Z</time>
      </trkpt>
      <trkpt lat="59.98619" lon="8.75041">
        <ele>204.57200155532493</ele>
        <time>1970-01-01T00:00:00.000Z</time>
      </trkpt>
      <trkpt lat="59.98624250953162" lon="8.750098530105303">
        <ele>205</ele>
        <time>1970-01-01T00:00:00.000Z</time>
      </trkpt>
      <trkpt lat="59.986328675554994" lon="8.749587409003546">
        <ele>205.6</ele>
        <time>1970-01-01T00:00:00.000Z</time>
      </trkpt>
      <trkpt lat="59.986414839603455" lon="8.749076285240546">
        <ele>206.3</ele>
        <time>1970-01-01T00:00:00.000Z</time>
      </trkpt>
      <trkpt lat="59.98650071447335" lon="8.74856686257551">
        <ele>206.9</ele>
        <time>1970-01-01T00:00:00.000Z</time>
      </trkpt>
      <trkpt lat="59.98658687457852" lon="8.748055733499003">
        <ele>207.6</ele>
        <time>1970-01-01T00:00:00.000Z</time>
      </trkpt>
      <trkpt lat="59.98667303270873" lon="8.74754460176137">
        <ele>208.3</ele>
        <time>1970-01-01T00:00:00.000Z</time>
      </trkpt>
      <trkpt lat="59.98678" lon="8.74691">
        <ele>209.10088508110508</ele>
        <time>1970-01-01T00:00:00.000Z</time>
      </trkpt>
      <trkpt lat="59.98684" lon="8.74601">
        <ele>210.0591466082999</ele>
        <time>1970-01-01T00:00:00.000Z</time>
      </trkpt>
      <trkpt lat="59.98684110488016" lon="8.745971354210338">
        <ele>210.1</ele>
        <time>1970-01-01T00:00:00.000Z</time>
      </trkpt>
      <trkpt lat="59.986856448032405" lon="8.745434650179867">
        <ele>210.7</ele>
        <time>1970-01-01T00:00:00.000Z</time>
      </trkpt>
      <trkpt lat="59.98687184031106" lon="8.744896150652567">
        <ele>211.3</ele>
        <time>1970-01-01T00:00:00.000Z</time>
      </trkpt>
      <trkpt lat="59.98688723039761" lon="8.744357650624432">
        <ele>211.8</ele>
        <time>1970-01-01T00:00:00.000Z</time>
      </trkpt>
      <trkpt lat="59.98690256700269" lon="8.743820945098124">
        <ele>212.4</ele>
        <time>1970-01-01T00:00:00.000Z</time>
      </trkpt>
      <trkpt lat="59.98691795271231" lon="8.743282444070195">
        <ele>213</ele>
        <time>1970-01-01T00:00:00.000Z</time>
      </trkpt>
      <trkpt lat="59.98693333622979" lon="8.74274394254164">
        <ele>213.6</ele>
        <time>1970-01-01T00:00:00.000Z</time>
      </trkpt>
      <trkpt lat="59.98694866628768" lon="8.742207235520128">
        <ele>214.2</ele>
        <time>1970-01-01T00:00:00.000Z</time>
      </trkpt>
      <trkpt lat="59.98696404542821" lon="8.741668732992206">
        <ele>214.9</ele>
        <time>1970-01-01T00:00:00.000Z</time>
      </trkpt>
      <trkpt lat="59.98697942237659" lon="8.74113022996387">
        <ele>215.4</ele>
        <time>1970-01-01T00:00:00.000Z</time>
      </trkpt>
      <trkpt lat="59.98698" lon="8.74111">
        <ele>215.4226155974169</ele>
        <time>1970-01-01T00:00:00.000Z</time>
      </trkpt>
      <trkpt lat="59.987007490759744" lon="8.740595608430299">
        <ele>216</ele>
        <time>1970-01-01T00:00:00.000Z</time>
      </trkpt>
      <trkpt lat="59.987036151720005" lon="8.740059279964033">
        <ele>216.6</ele>
        <time>1970-01-01T00:00:00.000Z</time>
      </trkpt>
      <trkpt lat="59.98706481050579" lon="8.739522950568917">
        <ele>217.1</ele>
        <time>1970-01-01T00:00:00.000Z</time>
      </trkpt>
      <trkpt lat="59.98712" lon="8.73849">
        <ele>218.19959546481513</ele>
        <time>1970-01-01T00:00:00.000Z</time>
      </trkpt>
      <trkpt lat="59.9871" lon="8.73834">
        <ele>218.36098958018215</ele>
        <time>1970-01-01T00:00:00.000Z</time>
      </trkpt>
      <trkpt lat="59.98707" lon="8.73826">
        <ele>218.46493618258862</ele>
        <time>1970-01-01T00:00:00.000Z</time>
      </trkpt>
      <trkpt lat="59.98693860104447" lon="8.73807327475432">
        <ele>218.8</ele>
        <time>1970-01-01T00:00:00.000Z</time>
      </trkpt>
      <trkpt lat="59.98688" lon="8.73799">
        <ele>219.00338390428007</ele>
        <time>1970-01-01T00:00:00.000Z</time>
      </trkpt>
      <trkpt lat="59.98678" lon="8.73792">
        <ele>219.3031069040768</ele>
        <time>1970-01-01T00:00:00.000Z</time>
      </trkpt>
      <trkpt lat="59.98675" lon="8.73777">
        <ele>219.53169206977498</ele>
        <time>1970-01-01T00:00:00.000Z</time>
      </trkpt>
      <trkpt lat="59.98673" lon="8.73737">
        <ele>220.1007191579568</ele>
        <time>1970-01-01T00:00:00.000Z</time>
      </trkpt>
      <trkpt lat="59.98681" lon="8.7371">
        <ele>220.73051317662416</ele>
        <time>1970-01-01T00:00:00.000Z</time>
      </trkpt>
      <trkpt lat="59.98693275043596" lon="8.736805399370956">
        <ele>221.5</ele>
        <time>1970-01-01T00:00:00.000Z</time>
      </trkpt>
      <trkpt lat="59.98696" lon="8.73674">
        <ele>221.67416637274735</ele>
        <time>1970-01-01T00:00:00.000Z</time>
      </trkpt>
      <trkpt lat="59.987094219985224" lon="8.736375690214478">
        <ele>222.6</ele>
        <time>1970-01-01T00:00:00.000Z</time>
      </trkpt>
      <trkpt lat="59.98717" lon="8.73617">
        <ele>223.21570628983085</ele>
        <time>1970-01-01T00:00:00.000Z</time>
      </trkpt>
      <trkpt lat="59.98721" lon="8.73607">
        <ele>223.5243107053017</ele>
        <time>1970-01-01T00:00:00.000Z</time>
      </trkpt>
      <trkpt lat="59.987245648371356" lon="8.735931369193224">
        <ele>223.9</ele>
        <time>1970-01-01T00:00:00.000Z</time>
      </trkpt>
      <trkpt lat="59.98736900153111" lon="8.735451661846856">
        <ele>225.4</ele>
        <time>1970-01-01T00:00:00.000Z</time>
      </trkpt>
      <trkpt lat="59.98739" lon="8.73537">
        <ele>225.65620184887487</ele>
        <time>1970-01-01T00:00:00.000Z</time>
      </trkpt>
      <trkpt lat="59.9875005919658" lon="8.734982928398301">
        <ele>226.9</ele>
        <time>1970-01-01T00:00:00.000Z</time>
      </trkpt>
      <trkpt lat="59.98751" lon="8.73495">
        <ele>227.01004263174988</ele>
        <time>1970-01-01T00:00:00.000Z</time>
      </trkpt>
      <trkpt lat="59.98759" lon="8.73439">
        <ele>228.70004120470702</ele>
        <time>1970-01-01T00:00:00.000Z</time>
      </trkpt>
      <trkpt lat="59.98775" lon="8.73466">
        <ele>229.7506574086633</ele>
        <time>1970-01-01T00:00:00.000Z</time>
      </trkpt>
      <trkpt lat="59.98778" lon="8.73468">
        <ele>229.9093409488472</ele>
        <time>1970-01-01T00:00:00.000Z</time>
      </trkpt>
      <trkpt lat="59.9879653780105" lon="8.73503648885404">
        <ele>231.2</ele>
        <time>1970-01-01T00:00:00.000Z</time>
      </trkpt>
      <trkpt lat="59.98815982260683" lon="8.735410419368666">
        <ele>232.4</ele>
        <time>1970-01-01T00:00:00.000Z</time>
      </trkpt>
      <trkpt lat="59.98835426614621" lon="8.735784354277177">
        <ele>233.3</ele>
        <time>1970-01-01T00:00:00.000Z</time>
      </trkpt>
      <trkpt lat="59.98843" lon="8.73593">
        <ele>233.49539716133714</ele>
        <time>1970-01-01T00:00:00.000Z</time>
      </trkpt>
      <trkpt lat="59.988530077145036" lon="8.736189289056332">
        <ele>233.8</ele>
        <time>1970-01-01T00:00:00.000Z</time>
      </trkpt>
      <trkpt lat="59.98865" lon="8.7365">
        <ele>233.98445800524863</ele>
        <time>1970-01-01T00:00:00.000Z</time>
      </trkpt>
      <trkpt lat="59.98876" lon="8.73661">
        <ele>234.0999799012835</ele>
        <time>1970-01-01T00:00:00.000Z</time>
      </trkpt>
      <trkpt lat="59.98885" lon="8.73694">
        <ele>233.9849092243443</ele>
        <time>1970-01-01T00:00:00.000Z</time>
      </trkpt>
      <trkpt lat="59.989019882928325" lon="8.73743944544081">
        <ele>233.8</ele>
        <time>1970-01-01T00:00:00.000Z</time>
      </trkpt>
      <trkpt lat="59.98917109363632" lon="8.737884004669871">
        <ele>233.5</ele>
        <time>1970-01-01T00:00:00.000Z</time>
      </trkpt>
      <trkpt lat="59.98932280856426" lon="8.738330054801969">
        <ele>233.2</ele>
        <time>1970-01-01T00:00:00.000Z</time>
      </trkpt>
      <trkpt lat="59.98935" lon="8.73841">
        <ele>233.14623153760405</ele>
        <time>1970-01-01T00:00:00.000Z</time>
      </trkpt>
      <trkpt lat="59.98948317109271" lon="8.738763731955622">
        <ele>232.9</ele>
        <time>1970-01-01T00:00:00.000Z</time>
      </trkpt>
      <trkpt lat="59.98967" lon="8.73926">
        <ele>232.70040347854373</ele>
        <time>1970-01-01T00:00:00.000Z</time>
      </trkpt>
      <trkpt lat="59.98998532498455" lon="8.74003020806781">
        <ele>233.2</ele>
        <time>1970-01-01T00:00:00.000Z</time>
      </trkpt>
      <trkpt lat="59.990155644984846" lon="8.74044623980174">
        <ele>233.7</ele>
        <time>1970-01-01T00:00:00.000Z</time>
      </trkpt>
      <trkpt lat="59.99028" lon="8.74075">
        <ele>234.2093877717576</ele>
        <time>1970-01-01T00:00:00.000Z</time>
      </trkpt>
      <trkpt lat="59.99032819962622" lon="8.740860856625389">
        <ele>234.4</ele>
        <time>1970-01-01T00:00:00.000Z</time>
      </trkpt>
      <trkpt lat="59.99050520603729" lon="8.741267966738846">
        <ele>235.2</ele>
        <time>1970-01-01T00:00:00.000Z</time>
      </trkpt>
      <trkpt lat="59.990681621180464" lon="8.741673724151992">
        <ele>236.1</ele>
        <time>1970-01-01T00:00:00.000Z</time>
      </trkpt>
      <trkpt lat="59.99078" lon="8.7419">
        <ele>236.65579938942568</ele>
        <time>1970-01-01T00:00:00.000Z</time>
      </trkpt>
      <trkpt lat="59.990861275936126" lon="8.742076095507551">
        <ele>237.1</ele>
        <time>1970-01-01T00:00:00.000Z</time>
      </trkpt>
      <trkpt lat="59.99104424631741" lon="8.742472531058356">
        <ele>238.1</ele>
        <time>1970-01-01T00:00:00.000Z</time>
      </trkpt>
      <trkpt lat="59.99114" lon="8.74268">
        <ele>238.57257355598253</ele>
        <time>1970-01-01T00:00:00.000Z</time>
      </trkpt>
      <trkpt lat="59.991231915837524" lon="8.74285726368303">
        <ele>239</ele>
        <time>1970-01-01T00:00:00.000Z</time>
      </trkpt>
      <trkpt lat="59.99156" lon="8.74349">
        <ele>240.39961189396956</ele>
        <time>1970-01-01T00:00:00.000Z</time>
      </trkpt>
      <trkpt lat="59.99183407656232" lon="8.74393374040731">
        <ele>241.2</ele>
        <time>1970-01-01T00:00:00.000Z</time>
      </trkpt>
      <trkpt lat="59.99198" lon="8.74417">
        <ele>241.54797293322966</ele>
        <time>1970-01-01T00:00:00.000Z</time>
      </trkpt>
      <trkpt lat="59.992052608723554" lon="8.744246331414484">
        <ele>241.7</ele>
        <time>1970-01-01T00:00:00.000Z</time>
      </trkpt>
      <trkpt lat="59.99237" lon="8.74458">
        <ele>242.3995265498726</ele>
        <time>1970-01-01T00:00:00.000Z</time>
      </trkpt>
      <trkpt lat="59.99278979084132" lon="8.744903583098129">
        <ele>243.1</ele>
        <time>1970-01-01T00:00:00.000Z</time>
      </trkpt>
      <trkpt lat="59.993041529094796" lon="8.745097632162484">
        <ele>243.3</ele>
        <time>1970-01-01T00:00:00.000Z</time>
      </trkpt>
      <trkpt lat="59.993292427937575" lon="8.745291037334512">
        <ele>243.5</ele>
        <time>1970-01-01T00:00:00.000Z</time>
      </trkpt>
      <trkpt lat="59.99333" lon="8.74532">
        <ele>243.51492507739542</ele>
        <time>1970-01-01T00:00:00.000Z</time>
      </trkpt>
      <trkpt lat="59.99354574267657" lon="8.745476667126322">
        <ele>243.6</ele>
        <time>1970-01-01T00:00:00.000Z</time>
      </trkpt>
      <trkpt lat="59.993799333826814" lon="8.745660821685327">
        <ele>243.7</ele>
        <time>1970-01-01T00:00:00.000Z</time>
      </trkpt>
      <trkpt lat="59.99405207941816" lon="8.745844365204498">
        <ele>243.5</ele>
        <time>1970-01-01T00:00:00.000Z</time>
      </trkpt>
      <trkpt lat="59.99417" lon="8.74593">
        <ele>243.3604989316214</ele>
        <time>1970-01-01T00:00:00.000Z</time>
      </trkpt>
      <trkpt lat="59.9943072972821" lon="8.746019057037206">
        <ele>243.2</ele>
        <time>1970-01-01T00:00:00.000Z</time>
      </trkpt>
      <trkpt lat="59.99454" lon="8.74617">
        <ele>242.7345546646468</ele>
        <time>1970-01-01T00:00:00.000Z</time>
      </trkpt>
      <trkpt lat="59.99474" lon="8.74639">
        <ele>242.3002669511325</ele>
        <time>1970-01-01T00:00:00.000Z</time>
      </trkpt>
      <trkpt lat="59.9948" lon="8.7465">
        <ele>242.05775669224653</ele>
        <time>1970-01-01T00:00:00.000Z</time>
      </trkpt>
      <trkpt lat="59.9948" lon="8.74657">
        <ele>241.95340174394238</ele>
        <time>1970-01-01T00:00:00.000Z</time>
      </trkpt>
      <trkpt lat="59.99497" lon="8.74682">
        <ele>241.3243269693753</ele>
        <time>1970-01-01T00:00:00.000Z</time>
      </trkpt>
      <trkpt lat="59.995173671837364" lon="8.747198243012983">
        <ele>240.2</ele>
        <time>1970-01-01T00:00:00.000Z</time>
      </trkpt>
      <trkpt lat="59.99537070416386" lon="8.747564162001204">
        <ele>239.1</ele>
        <time>1970-01-01T00:00:00.000Z</time>
      </trkpt>
      <trkpt lat="59.99546" lon="8.74773">
        <ele>238.46762700879873</ele>
        <time>1970-01-01T00:00:00.000Z</time>
      </trkpt>
      <trkpt lat="59.99549" lon="8.74778">
        <ele>238.2649746690244</ele>
        <time>1970-01-01T00:00:00.000Z</time>
      </trkpt>
      <trkpt lat="59.99553" lon="8.74778">
        <ele>238.05741051922612</ele>
        <time>1970-01-01T00:00:00.000Z</time>
      </trkpt>
      <trkpt lat="59.99558229244874" lon="8.74786964413224">
        <ele>237.7</ele>
        <time>1970-01-01T00:00:00.000Z</time>
      </trkpt>
      <trkpt lat="59.9956" lon="8.7479">
        <ele>237.57032674288283</ele>
        <time>1970-01-01T00:00:00.000Z</time>
      </trkpt>
      <trkpt lat="59.99576373567275" lon="8.748268404604254">
        <ele>236.2</ele>
        <time>1970-01-01T00:00:00.000Z</time>
      </trkpt>
      <trkpt lat="59.9958" lon="8.74835">
        <ele>235.895482554251</ele>
        <time>1970-01-01T00:00:00.000Z</time>
      </trkpt>
      <trkpt lat="59.99594931696993" lon="8.748657416996997">
        <ele>234.7</ele>
        <time>1970-01-01T00:00:00.000Z</time>
      </trkpt>
      <trkpt lat="59.99597" lon="8.7487">
        <ele>234.51420954617768</ele>
        <time>1970-01-01T00:00:00.000Z</time>
      </trkpt>
      <trkpt lat="59.99608" lon="8.74888">
        <ele>233.62464753280744</ele>
        <time>1970-01-01T00:00:00.000Z</time>
      </trkpt>
      <trkpt lat="59.99629" lon="8.74933">
        <ele>231.69816530657818</ele>
        <time>1970-01-01T00:00:00.000Z</time>
      </trkpt>
      <trkpt lat="59.99632" lon="8.74949">
        <ele>231.12704036676928</ele>
        <time>1970-01-01T00:00:00.000Z</time>
      </trkpt>
      <trkpt lat="59.99637" lon="8.74964">
        <ele>230.524519527742</ele>
        <time>1970-01-01T00:00:00.000Z</time>
      </trkpt>
      <trkpt lat="59.9964385443919" lon="8.749914176288188">
        <ele>229.5</ele>
        <time>1970-01-01T00:00:00.000Z</time>
      </trkpt>
      <trkpt lat="59.99649" lon="8.75012">
        <ele>228.81175675726124</ele>
        <time>1970-01-01T00:00:00.000Z</time>
      </trkpt>
      <trkpt lat="59.99657" lon="8.7506">
        <ele>227.2986647607553</ele>
        <time>1970-01-01T00:00:00.000Z</time>
      </trkpt>
      <trkpt lat="59.9966" lon="8.75107">
        <ele>226.0468226635378</ele>
        <time>1970-01-01T00:00:00.000Z</time>
      </trkpt>
      <trkpt lat="59.99656" lon="8.75142">
        <ele>225.09849658013212</ele>
        <time>1970-01-01T00:00:00.000Z</time>
      </trkpt>
      <trkpt lat="59.99644" lon="8.75183">
        <ele>224.01449930993448</ele>
        <time>1970-01-01T00:00:00.000Z</time>
      </trkpt>
      <trkpt lat="59.9963" lon="8.75205">
        <ele>223.2020317970119</ele>
        <time>1970-01-01T00:00:00.000Z</time>
      </trkpt>
      <trkpt lat="59.99621" lon="8.75217">
        <ele>222.86439563674406</ele>
        <time>1970-01-01T00:00:00.000Z</time>
      </trkpt>
      <trkpt lat="59.99605" lon="8.75233">
        <ele>222.30708658708448</ele>
        <time>1970-01-01T00:00:00.000Z</time>
      </trkpt>
      <trkpt lat="59.99593001470886" lon="8.752433489638474">
        <ele>221.9</ele>
        <time>1970-01-01T00:00:00.000Z</time>
      </trkpt>
      <trkpt lat="59.995683104967554" lon="8.752646451493234">
        <ele>221.2</ele>
        <time>1970-01-01T00:00:00.000Z</time>
      </trkpt>
      <trkpt lat="59.995435369096654" lon="8.752860122400484">
        <ele>220.6</ele>
        <time>1970-01-01T00:00:00.000Z</time>
      </trkpt>
      <trkpt lat="59.99525" lon="8.75302">
        <ele>220.30069918372573</ele>
        <time>1970-01-01T00:00:00.000Z</time>
      </trkpt>
      <trkpt lat="59.9951884303053" lon="8.753077346164803">
        <ele>220.2</ele>
        <time>1970-01-01T00:00:00.000Z</time>
      </trkpt>
      <trkpt lat="59.99494467649706" lon="8.75330437673791">
        <ele>219.8</ele>
        <time>1970-01-01T00:00:00.000Z</time>
      </trkpt>
      <trkpt lat="59.994700107067175" lon="8.753532163248668">
        <ele>219.4</ele>
        <time>1970-01-01T00:00:00.000Z</time>
      </trkpt>
      <trkpt lat="59.99445553724513" lon="8.753759946391964">
        <ele>219.1</ele>
        <time>1970-01-01T00:00:00.000Z</time>
      </trkpt>
      <trkpt lat="59.99423" lon="8.75397">
        <ele>218.7298951364148</ele>
        <time>1970-01-01T00:00:00.000Z</time>
      </trkpt>
      <trkpt lat="59.99421220262393" lon="8.753988665792434">
        <ele>218.7</ele>
        <time>1970-01-01T00:00:00.000Z</time>
      </trkpt>
      <trkpt lat="59.99382" lon="8.7544">
        <ele>217.99910796366498</ele>
        <time>1970-01-01T00:00:00.000Z</time>
      </trkpt>
      <trkpt lat="59.993522254917515" lon="8.754824288386674">
        <ele>217.2</ele>
        <time>1970-01-01T00:00:00.000Z</time>
      </trkpt>
      <trkpt lat="59.99342" lon="8.75497">
        <ele>216.92075966599754</ele>
        <time>1970-01-01T00:00:00.000Z</time>
      </trkpt>
      <trkpt lat="59.99331146349526" lon="8.755159940244496">
        <ele>216.6</ele>
        <time>1970-01-01T00:00:00.000Z</time>
      </trkpt>
      <trkpt lat="59.99314" lon="8.75546">
        <ele>216.05630132627178</ele>
        <time>1970-01-01T00:00:00.000Z</time>
      </trkpt>
      <trkpt lat="59.99301" lon="8.75574">
        <ele>215.60037475148857</ele>
        <time>1970-01-01T00:00:00.000Z</time>
      </trkpt>
      <trkpt lat="59.99277629478232" lon="8.756363215205324">
        <ele>214.8</ele>
        <time>1970-01-01T00:00:00.000Z</time>
      </trkpt>
      <trkpt lat="59.99274" lon="8.75646">
        <ele>214.68787966080944</ele>
        <time>1970-01-01T00:00:00.000Z</time>
      </trkpt>
      <trkpt lat="59.992630141171446" lon="8.756816214414531">
        <ele>214.3</ele>
        <time>1970-01-01T00:00:00.000Z</time>
      </trkpt>
      <trkpt lat="59.99248899723489" lon="8.757273861947965">
        <ele>213.8</ele>
        <time>1970-01-01T00:00:00.000Z</time>
      </trkpt>
      <trkpt lat="59.99241" lon="8.75753">
        <ele>213.57687111739583</ele>
        <time>1970-01-01T00:00:00.000Z</time>
      </trkpt>
      <trkpt lat="59.99235666001203" lon="8.757743368981906">
        <ele>213.4</ele>
        <time>1970-01-01T00:00:00.000Z</time>
      </trkpt>
      <trkpt lat="59.992236028560264" lon="8.758225907597039">
        <ele>213</ele>
        <time>1970-01-01T00:00:00.000Z</time>
      </trkpt>
      <trkpt lat="59.992115797462155" lon="8.758706834249447">
        <ele>212.6</ele>
        <time>1970-01-01T00:00:00.000Z</time>
      </trkpt>
      <trkpt lat="59.99199516249633" lon="8.759189365839804">
        <ele>212.3</ele>
        <time>1970-01-01T00:00:00.000Z</time>
      </trkpt>
      <trkpt lat="59.99189" lon="8.75961">
        <ele>212.03848114473166</ele>
        <time>1970-01-01T00:00:00.000Z</time>
      </trkpt>
      <trkpt lat="59.99187347580198" lon="8.759670799118139">
        <ele>212</ele>
        <time>1970-01-01T00:00:00.000Z</time>
      </trkpt>
      <trkpt lat="59.991745081185044" lon="8.76014320857582">
        <ele>211.8</ele>
        <time>1970-01-01T00:00:00.000Z</time>
      </trkpt>
      <trkpt lat="59.991616255459334" lon="8.76061719431385">
        <ele>211.5</ele>
        <time>1970-01-01T00:00:00.000Z</time>
      </trkpt>
      <trkpt lat="59.99148742803545" lon="8.761091176361337">
        <ele>211.3</ele>
        <time>1970-01-01T00:00:00.000Z</time>
      </trkpt>
      <trkpt lat="59.99136" lon="8.76156">
        <ele>211.10151347254944</ele>
        <time>1970-01-01T00:00:00.000Z</time>
      </trkpt>
      <trkpt lat="59.99148" lon="8.76156">
        <ele>211.01255236345224</ele>
        <time>1970-01-01T00:00:00.000Z</time>
      </trkpt>
      <trkpt lat="59.9915" lon="8.76161">
        <ele>210.9888154434267</ele>
        <time>1970-01-01T00:00:00.000Z</time>
      </trkpt>
      <trkpt lat="59.99149" lon="8.76173">
        <ele>210.94371261271874</ele>
        <time>1970-01-01T00:00:00.000Z</time>
      </trkpt>
      <trkpt lat="59.99146074964534" lon="8.761832376325467">
        <ele>210.9</ele>
        <time>1970-01-01T00:00:00.000Z</time>
      </trkpt>
      <trkpt lat="59.99145" lon="8.76187">
        <ele>210.88393543532206</ele>
        <time>1970-01-01T00:00:00.000Z</time>
      </trkpt>
      <trkpt lat="59.99139" lon="8.76183">
        <ele>210.83705025677034</ele>
        <time>1970-01-01T00:00:00.000Z</time>
      </trkpt>
      <trkpt lat="59.99130251358426" lon="8.762155651209454">
        <ele>210.7</ele>
        <time>1970-01-01T00:00:00.000Z</time>
      </trkpt>
      <trkpt lat="59.99117526716115" lon="8.762629292933214">
        <ele>210.5</ele>
        <time>1970-01-01T00:00:00.000Z</time>
      </trkpt>
      <trkpt lat="59.991047593460486" lon="8.763104515082125">
        <ele>210.2</ele>
        <time>1970-01-01T00:00:00.000Z</time>
      </trkpt>
      <trkpt lat="59.99103" lon="8.76317">
        <ele>210.15866025678838</ele>
        <time>1970-01-01T00:00:00.000Z</time>
      </trkpt>
      <trkpt lat="59.990905808325934" lon="8.763563276736901">
        <ele>209.9</ele>
        <time>1970-01-01T00:00:00.000Z</time>
      </trkpt>
      <trkpt lat="59.99079" lon="8.76393">
        <ele>209.5773275700298</ele>
        <time>1970-01-01T00:00:00.000Z</time>
      </trkpt>
      <trkpt lat="59.99076402031843" lon="8.764020025367154">
        <ele>209.5</ele>
        <time>1970-01-01T00:00:00.000Z</time>
      </trkpt>
      <trkpt lat="59.990629182198674" lon="8.764487263721366">
        <ele>209</ele>
        <time>1970-01-01T00:00:00.000Z</time>
      </trkpt>
      <trkpt lat="59.99049434242874" lon="8.764954498267933">
        <ele>208.5</ele>
        <time>1970-01-01T00:00:00.000Z</time>
      </trkpt>
      <trkpt lat="59.99036" lon="8.76542">
        <ele>207.80025791614446</ele>
        <time>1970-01-01T00:00:00.000Z</time>
      </trkpt>
      <trkpt lat="59.99028" lon="8.76576">
        <ele>207.2411866999943</ele>
        <time>1970-01-01T00:00:00.000Z</time>
      </trkpt>
      <trkpt lat="59.99015" lon="8.76641">
        <ele>206.19940793617883</ele>
        <time>1970-01-01T00:00:00.000Z</time>
      </trkpt>
      <trkpt lat="59.99006447273101" lon="8.766923166555541">
        <ele>205.2</ele>
        <time>1970-01-01T00:00:00.000Z</time>
      </trkpt>
      <trkpt lat="59.99003" lon="8.76713">
        <ele>204.79584120924608</ele>
        <time>1970-01-01T00:00:00.000Z</time>
      </trkpt>
      <trkpt lat="59.99001360326444" lon="8.767449738033651">
        <ele>204.2</ele>
        <time>1970-01-01T00:00:00.000Z</time>
      </trkpt>
      <trkpt lat="59.99001" lon="8.76752">
        <ele>204.06906468455793</ele>
        <time>1970-01-01T00:00:00.000Z</time>
      </trkpt>
      <trkpt lat="59.99006126790384" lon="8.767977455522809">
        <ele>203.2</ele>
        <time>1970-01-01T00:00:00.000Z</time>
      </trkpt>
      <trkpt lat="59.99012025799255" lon="8.768503834117032">
        <ele>202.1</ele>
        <time>1970-01-01T00:00:00.000Z</time>
      </trkpt>
      <trkpt lat="59.99014" lon="8.76868">
        <ele>201.76420624253592</ele>
        <time>1970-01-01T00:00:00.000Z</time>
      </trkpt>
      <trkpt lat="59.990148699477096" lon="8.76903667560014">
        <ele>201.1</ele>
        <time>1970-01-01T00:00:00.000Z</time>
      </trkpt>
      <trkpt lat="59.99015" lon="8.76909">
        <ele>201.0010295987283</ele>
        <time>1970-01-01T00:00:00.000Z</time>
      </trkpt>
      <trkpt lat="59.9901" lon="8.76948">
        <ele>200.25467114582133</ele>
        <time>1970-01-01T00:00:00.000Z</time>
      </trkpt>
      <trkpt lat="59.99009660592783" lon="8.76956315794235">
        <ele>200.1</ele>
        <time>1970-01-01T00:00:00.000Z</time>
      </trkpt>
      <trkpt lat="59.99008" lon="8.76997">
        <ele>199.4189575507839</ele>
        <time>1970-01-01T00:00:00.000Z</time>
      </trkpt>
      <trkpt lat="59.99006755931262" lon="8.770098857137038">
        <ele>199.2</ele>
        <time>1970-01-01T00:00:00.000Z</time>
      </trkpt>
      <trkpt lat="59.99001659243144" lon="8.770626743158992">
        <ele>198.5</ele>
        <time>1970-01-01T00:00:00.000Z</time>
      </trkpt>
      <trkpt lat="59.98994" lon="8.77142">
        <ele>197.59965504792135</ele>
        <time>1970-01-01T00:00:00.000Z</time>
      </trkpt>
      <trkpt lat="59.98982526572058" lon="8.77219535943481">
        <ele>197.1</ele>
        <time>1970-01-01T00:00:00.000Z</time>
      </trkpt>
      <trkpt lat="59.98974872086703" lon="8.772712619596906">
        <ele>196.9</ele>
        <time>1970-01-01T00:00:00.000Z</time>
      </trkpt>
      <trkpt lat="59.98967217399101" lon="8.77322987736613">
        <ele>196.7</ele>
        <time>1970-01-01T00:00:00.000Z</time>
      </trkpt>
      <trkpt lat="59.98961" lon="8.77365">
        <ele>196.6185068802586</ele>
        <time>1970-01-01T00:00:00.000Z</time>
      </trkpt>
      <trkpt lat="59.98959215741371" lon="8.773742882337162">
        <ele>196.6</ele>
        <time>1970-01-01T00:00:00.000Z</time>
      </trkpt>
      <trkpt lat="59.98949542327849" lon="8.7742464391575">
        <ele>196.5</ele>
        <time>1970-01-01T00:00:00.000Z</time>
      </trkpt>
      <trkpt lat="59.98939868722652" lon="8.774749993033991">
        <ele>196.4</ele>
        <time>1970-01-01T00:00:00.000Z</time>
      </trkpt>
      <trkpt lat="59.98930227172089" lon="8.775251865468388">
        <ele>196.3</ele>
        <time>1970-01-01T00:00:00.000Z</time>
      </trkpt>
      <trkpt lat="59.98920553184187" lon="8.775755413466905">
        <ele>196.2</ele>
        <time>1970-01-01T00:00:00.000Z</time>
      </trkpt>
      <trkpt lat="59.98910879004616" lon="8.776258958521487">
        <ele>196.1</ele>
        <time>1970-01-01T00:00:00.000Z</time>
      </trkpt>
      <trkpt lat="59.98901236881599" lon="8.776760822163292">
        <ele>195.9</ele>
        <time>1970-01-01T00:00:00.000Z</time>
      </trkpt>
      <trkpt lat="59.98891562319335" lon="8.777264361339725">
        <ele>195.9</ele>
        <time>1970-01-01T00:00:00.000Z</time>
      </trkpt>
      <trkpt lat="59.98883" lon="8.77771">
        <ele>195.8114982236033</ele>
        <time>1970-01-01T00:00:00.000Z</time>
      </trkpt>
      <trkpt lat="59.98882054844638" lon="8.777769073791882">
        <ele>195.8</ele>
        <time>1970-01-01T00:00:00.000Z</time>
      </trkpt>
      <trkpt lat="59.988738621221295" lon="8.778281124337338">
        <ele>195.7</ele>
        <time>1970-01-01T00:00:00.000Z</time>
      </trkpt>
      <trkpt lat="59.98867" lon="8.77871">
        <ele>195.7</ele>
        <time>1970-01-01T00:00:00.000Z</time>
      </trkpt>
      <trkpt lat="59.988675527197806" lon="8.778798434770113">
        <ele>195.7</ele>
        <time>1970-01-01T00:00:00.000Z</time>
      </trkpt>
      <trkpt lat="59.98868" lon="8.77887">
        <ele>195.7</ele>
        <time>1970-01-01T00:00:00.000Z</time>
      </trkpt>
      <trkpt lat="59.98862" lon="8.77889">
        <ele>195.7</ele>
        <time>1970-01-01T00:00:00.000Z</time>
      </trkpt>
      <trkpt lat="59.98855735379014" lon="8.779212180816259">
        <ele>195.7</ele>
        <time>1970-01-01T00:00:00.000Z</time>
      </trkpt>
      <trkpt lat="59.98855" lon="8.77925">
        <ele>195.69245239044542</ele>
        <time>1970-01-01T00:00:00.000Z</time>
      </trkpt>
      <trkpt lat="59.9885" lon="8.77962">
        <ele>195.62116123494093</ele>
        <time>1970-01-01T00:00:00.000Z</time>
      </trkpt>
      <trkpt lat="59.98851562714356" lon="8.779729389901862">
        <ele>195.6</ele>
        <time>1970-01-01T00:00:00.000Z</time>
      </trkpt>
      <trkpt lat="59.98852" lon="8.77976">
        <ele>195.6</ele>
        <time>1970-01-01T00:00:00.000Z</time>
      </trkpt>
      <trkpt lat="59.98849" lon="8.78016">
        <ele>195.6</ele>
        <time>1970-01-01T00:00:00.000Z</time>
      </trkpt>
      <trkpt lat="59.98847583831364" lon="8.780259134705236">
        <ele>195.6</ele>
        <time>1970-01-01T00:00:00.000Z</time>
      </trkpt>
      <trkpt lat="59.98840174426471" lon="8.780777798364001">
        <ele>195.6</ele>
        <time>1970-01-01T00:00:00.000Z</time>
      </trkpt>
      <trkpt lat="59.98834" lon="8.78121">
        <ele>195.6</ele>
        <time>1970-01-01T00:00:00.000Z</time>
      </trkpt>
      <trkpt lat="59.98833053376361" lon="8.781296062901658">
        <ele>195.6</ele>
        <time>1970-01-01T00:00:00.000Z</time>
      </trkpt>
      <trkpt lat="59.98827258714712" lon="8.781822876153548">
        <ele>195.6</ele>
        <time>1970-01-01T00:00:00.000Z</time>
      </trkpt>
      <trkpt lat="59.988214638432716" lon="8.782349687560615">
        <ele>195.8</ele>
        <time>1970-01-01T00:00:00.000Z</time>
      </trkpt>
      <trkpt lat="59.98815688079322" lon="8.782874741093993">
        <ele>195.9</ele>
        <time>1970-01-01T00:00:00.000Z</time>
      </trkpt>
      <trkpt lat="59.98812" lon="8.78321">
        <ele>196.02727933842115</ele>
        <time>1970-01-01T00:00:00.000Z</time>
      </trkpt>
      <trkpt lat="59.98808999094767" lon="8.783396724969908">
        <ele>196.1</ele>
        <time>1970-01-01T00:00:00.000Z</time>
      </trkpt>
      <trkpt lat="59.98803" lon="8.78377">
        <ele>196.35504140229364</ele>
        <time>1970-01-01T00:00:00.000Z</time>
      </trkpt>
      <trkpt lat="59.98794" lon="8.7839">
        <ele>196.4994413364738</ele>
        <time>1970-01-01T00:00:00.000Z</time>
      </trkpt>
      <trkpt lat="59.98792" lon="8.78426">
        <ele>196.68041093132723</ele>
        <time>1970-01-01T00:00:00.000Z</time>
      </trkpt>
      <trkpt lat="59.98784550760533" lon="8.784882555581678">
        <ele>197</ele>
        <time>1970-01-01T00:00:00.000Z</time>
      </trkpt>
      <trkpt lat="59.98778273475919" lon="8.785407146149593">
        <ele>197.2</ele>
        <time>1970-01-01T00:00:00.000Z</time>
      </trkpt>
      <trkpt lat="59.98778" lon="8.78543">
        <ele>197.20437109080473</ele>
        <time>1970-01-01T00:00:00.000Z</time>
      </trkpt>
      <trkpt lat="59.98779" lon="8.78567">
        <ele>197.24916898584138</ele>
        <time>1970-01-01T00:00:00.000Z</time>
      </trkpt>
      <trkpt lat="59.98776647948422" lon="8.785939188635798">
        <ele>197.3</ele>
        <time>1970-01-01T00:00:00.000Z</time>
      </trkpt>
      <trkpt lat="59.98772005114253" lon="8.786470534244138">
        <ele>197.4</ele>
        <time>1970-01-01T00:00:00.000Z</time>
      </trkpt>
      <trkpt lat="59.9877" lon="8.7867">
        <ele>197.4</ele>
        <time>1970-01-01T00:00:00.000Z</time>
      </trkpt>
      <trkpt lat="59.987678746558906" lon="8.78700349048548">
        <ele>197.4</ele>
        <time>1970-01-01T00:00:00.000Z</time>
      </trkpt>
      <trkpt lat="59.98764146084942" lon="8.787535890275146">
        <ele>197.3</ele>
        <time>1970-01-01T00:00:00.000Z</time>
      </trkpt>
      <trkpt lat="59.98760404828512" lon="8.788070069460469">
        <ele>197.2</ele>
        <time>1970-01-01T00:00:00.000Z</time>
      </trkpt>
      <trkpt lat="59.98756663356375" lon="8.788604247438068">
        <ele>197.1</ele>
        <time>1970-01-01T00:00:00.000Z</time>
      </trkpt>
      <trkpt lat="59.987529216685346" lon="8.789138424207879">
        <ele>196.9</ele>
        <time>1970-01-01T00:00:00.000Z</time>
      </trkpt>
      <trkpt lat="59.98752" lon="8.78927">
        <ele>196.87528607786516</ele>
        <time>1970-01-01T00:00:00.000Z</time>
      </trkpt>
      <trkpt lat="59.987482181320075" lon="8.789667605724462">
        <ele>196.8</ele>
        <time>1970-01-01T00:00:00.000Z</time>
      </trkpt>
      <trkpt lat="59.98743177816004" lon="8.790197497116617">
        <ele>196.6</ele>
        <time>1970-01-01T00:00:00.000Z</time>
      </trkpt>
      <trkpt lat="59.98738137287744" lon="8.790727386894776">
        <ele>196.4</ele>
        <time>1970-01-01T00:00:00.000Z</time>
      </trkpt>
      <trkpt lat="59.987331133500476" lon="8.791255508767689">
        <ele>196.2</ele>
        <time>1970-01-01T00:00:00.000Z</time>
      </trkpt>
      <trkpt lat="59.987280723979865" lon="8.79178539532307">
        <ele>196</ele>
        <time>1970-01-01T00:00:00.000Z</time>
      </trkpt>
      <trkpt lat="59.9872303123367" lon="8.79231528026428">
        <ele>195.7</ele>
        <time>1970-01-01T00:00:00.000Z</time>
      </trkpt>
      <trkpt lat="59.987180066620446" lon="8.792843397316185">
        <ele>195.5</ele>
        <time>1970-01-01T00:00:00.000Z</time>
      </trkpt>
      <trkpt lat="59.98709" lon="8.79379">
        <ele>195.00006241806582</ele>
        <time>1970-01-01T00:00:00.000Z</time>
      </trkpt>
      <trkpt lat="59.987018615682054" lon="8.794426980124475">
        <ele>194.9</ele>
        <time>1970-01-01T00:00:00.000Z</time>
      </trkpt>
      <trkpt lat="59.98696" lon="8.79495">
        <ele>194.9</ele>
        <time>1970-01-01T00:00:00.000Z</time>
      </trkpt>
      <trkpt lat="59.9868850489791" lon="8.795471678584596">
        <ele>195</ele>
        <time>1970-01-01T00:00:00.000Z</time>
      </trkpt>
      <trkpt lat="59.98681081273862" lon="8.795988365668109">
        <ele>195.2</ele>
        <time>1970-01-01T00:00:00.000Z</time>
      </trkpt>
      <trkpt lat="59.98673632618814" lon="8.796506778472578">
        <ele>195.5</ele>
        <time>1970-01-01T00:00:00.000Z</time>
      </trkpt>
      <trkpt lat="59.98671" lon="8.79669">
        <ele>195.60602868057777</ele>
        <time>1970-01-01T00:00:00.000Z</time>
      </trkpt>
      <trkpt lat="59.98665698400752" lon="8.797022248212675">
        <ele>195.8</ele>
        <time>1970-01-01T00:00:00.000Z</time>
      </trkpt>
      <trkpt lat="59.986575260076044" lon="8.797534395119056">
        <ele>196.2</ele>
        <time>1970-01-01T00:00:00.000Z</time>
      </trkpt>
      <trkpt lat="59.98649326082763" lon="8.798048252349455">
        <ele>196.6</ele>
        <time>1970-01-01T00:00:00.000Z</time>
      </trkpt>
      <trkpt lat="59.98641" lon="8.79857">
        <ele>196.9030823438478</ele>
        <time>1970-01-01T00:00:00.000Z</time>
      </trkpt>
      <trkpt lat="59.98635" lon="8.79899">
        <ele>197.0655881367245</ele>
        <time>1970-01-01T00:00:00.000Z</time>
      </trkpt>
      <trkpt lat="59.98633878341169" lon="8.799079734874438">
        <ele>197.1</ele>
        <time>1970-01-01T00:00:00.000Z</time>
      </trkpt>
      <trkpt lat="59.986273373930615" lon="8.799603012454103">
        <ele>197.3</ele>
        <time>1970-01-01T00:00:00.000Z</time>
      </trkpt>
      <trkpt lat="59.98625" lon="8.79979">
        <ele>197.3</ele>
        <time>1970-01-01T00:00:00.000Z</time>
      </trkpt>
      <trkpt lat="59.986214218711" lon="8.800129168749638">
        <ele>197.3</ele>
        <time>1970-01-01T00:00:00.000Z</time>
      </trkpt>
      <trkpt lat="59.98615872571715" lon="8.800655165843422">
        <ele>197.3</ele>
        <time>1970-01-01T00:00:00.000Z</time>
      </trkpt>
      <trkpt lat="59.98610304502598" lon="8.80118292035213">
        <ele>197.2</ele>
        <time>1970-01-01T00:00:00.000Z</time>
      </trkpt>
      <trkpt lat="59.98604736222927" lon="8.80171067308514">
        <ele>196.9</ele>
        <time>1970-01-01T00:00:00.000Z</time>
      </trkpt>
      <trkpt lat="59.98602" lon="8.80197">
        <ele>196.80139515514614</ele>
        <time>1970-01-01T00:00:00.000Z</time>
      </trkpt>
      <trkpt lat="59.98599927988898" lon="8.80223936671954">
        <ele>196.7</ele>
        <time>1970-01-01T00:00:00.000Z</time>
      </trkpt>
      <trkpt lat="59.98597" lon="8.80262">
        <ele>196.55719920858164</ele>
        <time>1970-01-01T00:00:00.000Z</time>
      </trkpt>
      <trkpt lat="59.985953518745085" lon="8.802770695854553">
        <ele>196.5</ele>
        <time>1970-01-01T00:00:00.000Z</time>
      </trkpt>
      <trkpt lat="59.98589588983271" lon="8.803297610547501">
        <ele>196.2</ele>
        <time>1970-01-01T00:00:00.000Z</time>
      </trkpt>
      <trkpt lat="59.98583845092836" lon="8.803822767032422">
        <ele>196</ele>
        <time>1970-01-01T00:00:00.000Z</time>
      </trkpt>
      <trkpt lat="59.98578081782531" lon="8.804349678061659">
        <ele>195.8</ele>
        <time>1970-01-01T00:00:00.000Z</time>
      </trkpt>
      <trkpt lat="59.98576" lon="8.80454">
        <ele>195.76387959657606</ele>
        <time>1970-01-01T00:00:00.000Z</time>
      </trkpt>
      <trkpt lat="59.98571389150089" lon="8.804871981485766">
        <ele>195.7</ele>
        <time>1970-01-01T00:00:00.000Z</time>
      </trkpt>
      <trkpt lat="59.98571" lon="8.8049">
        <ele>195.7</ele>
        <time>1970-01-01T00:00:00.000Z</time>
      </trkpt>
      <trkpt lat="59.985667436847024" lon="8.805401312544152">
        <ele>195.7</ele>
        <time>1970-01-01T00:00:00.000Z</time>
      </trkpt>
      <trkpt lat="59.98562" lon="8.80596">
        <ele>195.70003359703182</ele>
        <time>1970-01-01T00:00:00.000Z</time>
      </trkpt>
      <trkpt lat="59.98562" lon="8.80663">
        <ele>195.76384617186505</ele>
        <time>1970-01-01T00:00:00.000Z</time>
      </trkpt>
      <trkpt lat="59.9856539530981" lon="8.807003479336077">
        <ele>195.8</ele>
        <time>1970-01-01T00:00:00.000Z</time>
      </trkpt>
      <trkpt lat="59.98568" lon="8.80729">
        <ele>195.8</ele>
        <time>1970-01-01T00:00:00.000Z</time>
      </trkpt>
      <trkpt lat="59.98578" lon="8.80787">
        <ele>195.8</ele>
        <time>1970-01-01T00:00:00.000Z</time>
      </trkpt>
      <trkpt lat="59.98589" lon="8.80833">
        <ele>195.8</ele>
        <time>1970-01-01T00:00:00.000Z</time>
      </trkpt>
      <trkpt lat="59.98594137682004" lon="8.808503615179498">
        <ele>195.8</ele>
        <time>1970-01-01T00:00:00.000Z</time>
      </trkpt>
      <trkpt lat="59.986078746963294" lon="8.808967829826656">
        <ele>195.8</ele>
        <time>1970-01-01T00:00:00.000Z</time>
      </trkpt>
      <trkpt lat="59.98618" lon="8.80931">
        <ele>195.72629105769013</ele>
        <time>1970-01-01T00:00:00.000Z</time>
      </trkpt>
      <trkpt lat="59.986220215065025" lon="8.809426812433596">
        <ele>195.7</ele>
        <time>1970-01-01T00:00:00.000Z</time>
      </trkpt>
      <trkpt lat="59.986372665259324" lon="8.80986963880411">
        <ele>195.6</ele>
        <time>1970-01-01T00:00:00.000Z</time>
      </trkpt>
      <trkpt lat="59.9866" lon="8.81053">
        <ele>195.40005552318857</ele>
        <time>1970-01-01T00:00:00.000Z</time>
      </trkpt>
      <trkpt lat="59.9868647091785" lon="8.811151753519873">
        <ele>195.2</ele>
        <time>1970-01-01T00:00:00.000Z</time>
      </trkpt>
      <trkpt lat="59.98703" lon="8.81154">
        <ele>195.2</ele>
        <time>1970-01-01T00:00:00.000Z</time>
      </trkpt>
      <trkpt lat="59.987041100778406" lon="8.811556651084516">
        <ele>195.2</ele>
        <time>1970-01-01T00:00:00.000Z</time>
      </trkpt>
      <trkpt lat="59.98717" lon="8.81175">
        <ele>195.14027094609935</ele>
        <time>1970-01-01T00:00:00.000Z</time>
      </trkpt>
      <trkpt lat="59.98712" lon="8.81185">
        <ele>195.11405692169754</ele>
        <time>1970-01-01T00:00:00.000Z</time>
      </trkpt>
      <trkpt lat="59.987146368753315" lon="8.811904494732216">
        <ele>195.1</ele>
        <time>1970-01-01T00:00:00.000Z</time>
      </trkpt>
      <trkpt lat="59.98733395365128" lon="8.81229216911555">
        <ele>195</ele>
        <time>1970-01-01T00:00:00.000Z</time>
      </trkpt>
      <trkpt lat="59.98742" lon="8.81247">
        <ele>195</ele>
        <time>1970-01-01T00:00:00.000Z</time>
      </trkpt>
      <trkpt lat="59.98753" lon="8.8127">
        <ele>195</ele>
        <time>1970-01-01T00:00:00.000Z</time>
      </trkpt>
      <trkpt lat="59.98765" lon="8.81291">
        <ele>194.9697032117633</ele>
        <time>1970-01-01T00:00:00.000Z</time>
      </trkpt>
      <trkpt lat="59.98792372479027" lon="8.813395996729922">
        <ele>194.9</ele>
        <time>1970-01-01T00:00:00.000Z</time>
      </trkpt>
      <trkpt lat="59.98812478087741" lon="8.813752977752015">
        <ele>194.8</ele>
        <time>1970-01-01T00:00:00.000Z</time>
      </trkpt>
      <trkpt lat="59.98814" lon="8.81378">
        <ele>194.79245562196263</ele>
        <time>1970-01-01T00:00:00.000Z</time>
      </trkpt>
      <trkpt lat="59.98834795724192" lon="8.814055401189636">
        <ele>194.7</ele>
        <time>1970-01-01T00:00:00.000Z</time>
      </trkpt>
      <trkpt lat="59.98851" lon="8.81427">
        <ele>194.55591460447798</ele>
        <time>1970-01-01T00:00:00.000Z</time>
      </trkpt>
      <trkpt lat="59.988576349212465" lon="8.814341728124012">
        <ele>194.5</ele>
        <time>1970-01-01T00:00:00.000Z</time>
      </trkpt>
      <trkpt lat="59.98881288119038" lon="8.81459743836356">
        <ele>194.3</ele>
        <time>1970-01-01T00:00:00.000Z</time>
      </trkpt>
      <trkpt lat="59.98888" lon="8.81467">
        <ele>194.2434366798125</ele>
        <time>1970-01-01T00:00:00.000Z</time>
      </trkpt>
      <trkpt lat="59.98892" lon="8.81467">
        <ele>194.213784658418</ele>
        <time>1970-01-01T00:00:00.000Z</time>
      </trkpt>
      <trkpt lat="59.98898" lon="8.81475">
        <ele>194.16032322200186</ele>
        <time>1970-01-01T00:00:00.000Z</time>
      </trkpt>
      <trkpt lat="59.989037531168535" lon="8.814865062272021">
        <ele>194.1</ele>
        <time>1970-01-01T00:00:00.000Z</time>
      </trkpt>
      <trkpt lat="59.98905" lon="8.81489">
        <ele>194.080389042048</ele>
        <time>1970-01-01T00:00:00.000Z</time>
      </trkpt>
      <trkpt lat="59.98924368855321" lon="8.815212813252375">
        <ele>193.8</ele>
        <time>1970-01-01T00:00:00.000Z</time>
      </trkpt>
      <trkpt lat="59.98932" lon="8.81534">
        <ele>193.7044919935619</ele>
        <time>1970-01-01T00:00:00.000Z</time>
      </trkpt>
      <trkpt lat="59.98946" lon="8.81566">
        <ele>193.50007101773141</ele>
        <time>1970-01-01T00:00:00.000Z</time>
      </trkpt>
      <trkpt lat="59.98912" lon="8.81588">
        <ele>193.17917589181712</ele>
        <time>1970-01-01T00:00:00.000Z</time>
      </trkpt>
      <trkpt lat="59.98893" lon="8.81605">
        <ele>192.9922621099926</ele>
        <time>1970-01-01T00:00:00.000Z</time>
      </trkpt>
      <trkpt lat="59.98889" lon="8.8161">
        <ele>192.94990230854725</ele>
        <time>1970-01-01T00:00:00.000Z</time>
      </trkpt>
      <trkpt lat="59.98887" lon="8.81614">
        <ele>192.92450042069936</ele>
        <time>1970-01-01T00:00:00.000Z</time>
      </trkpt>
      <trkpt lat="59.98886" lon="8.81619">
        <ele>192.9003155920703</ele>
        <time>1970-01-01T00:00:00.000Z</time>
      </trkpt>
      <trkpt lat="59.98886" lon="8.81625">
        <ele>192.88383384845844</ele>
        <time>1970-01-01T00:00:00.000Z</time>
      </trkpt>
      <trkpt lat="59.98898522199338" lon="8.816876101785816">
        <ele>192.7</ele>
        <time>1970-01-01T00:00:00.000Z</time>
      </trkpt>
      <trkpt lat="59.98908539183151" lon="8.817376958509866">
        <ele>192.6</ele>
        <time>1970-01-01T00:00:00.000Z</time>
      </trkpt>
      <trkpt lat="59.98909" lon="8.8174">
        <ele>192.6</ele>
        <time>1970-01-01T00:00:00.000Z</time>
      </trkpt>
      <trkpt lat="59.98911" lon="8.81744">
        <ele>192.6</ele>
        <time>1970-01-01T00:00:00.000Z</time>
      </trkpt>
      <trkpt lat="59.98914" lon="8.81744">
        <ele>192.6</ele>
        <time>1970-01-01T00:00:00.000Z</time>
      </trkpt>
      <trkpt lat="59.98921965111705" lon="8.817802854680787">
        <ele>192.6</ele>
        <time>1970-01-01T00:00:00.000Z</time>
      </trkpt>
      <trkpt lat="59.98923" lon="8.81785">
        <ele>192.60954474240683</ele>
        <time>1970-01-01T00:00:00.000Z</time>
      </trkpt>
      <trkpt lat="59.98927" lon="8.81828">
        <ele>192.69062744038527</ele>
        <time>1970-01-01T00:00:00.000Z</time>
      </trkpt>
      <trkpt lat="59.989276944768555" lon="8.81832861313841">
        <ele>192.7</ele>
        <time>1970-01-01T00:00:00.000Z</time>
      </trkpt>
      <trkpt lat="59.9893" lon="8.81849">
        <ele>192.73786837467776</ele>
        <time>1970-01-01T00:00:00.000Z</time>
      </trkpt>
      <trkpt lat="59.98932" lon="8.81861">
        <ele>192.7664064666233</ele>
        <time>1970-01-01T00:00:00.000Z</time>
      </trkpt>
      <trkpt lat="59.9894" lon="8.81918">
        <ele>192.89997745098057</ele>
        <time>1970-01-01T00:00:00.000Z</time>
      </trkpt>
      <trkpt lat="59.98943" lon="8.8193">
        <ele>192.95363700597986</ele>
        <time>1970-01-01T00:00:00.000Z</time>
      </trkpt>
      <trkpt lat="59.98949" lon="8.81943">
        <ele>193.02441327337806</ele>
        <time>1970-01-01T00:00:00.000Z</time>
      </trkpt>
      <trkpt lat="59.98958" lon="8.81953">
        <ele>193.10678081607054</ele>
        <time>1970-01-01T00:00:00.000Z</time>
      </trkpt>
      <trkpt lat="59.98964" lon="8.81956">
        <ele>193.15625680876516</ele>
        <time>1970-01-01T00:00:00.000Z</time>
      </trkpt>
      <trkpt lat="59.98982" lon="8.81956">
        <ele>193.30020803303043</ele>
        <time>1970-01-01T00:00:00.000Z</time>
      </trkpt>
      <trkpt lat="59.98984" lon="8.81963">
        <ele>193.32700159373508</ele>
        <time>1970-01-01T00:00:00.000Z</time>
      </trkpt>
      <trkpt lat="59.98986" lon="8.82045">
        <ele>193.59985914405723</ele>
        <time>1970-01-01T00:00:00.000Z</time>
      </trkpt>
      <trkpt lat="59.98985" lon="8.82058">
        <ele>193.62665936199934</ele>
        <time>1970-01-01T00:00:00.000Z</time>
      </trkpt>
      <trkpt lat="59.99006" lon="8.82059">
        <ele>193.71206188004442</ele>
        <time>1970-01-01T00:00:00.000Z</time>
      </trkpt>
      <trkpt lat="59.99015" lon="8.82067">
        <ele>193.75210570352988</ele>
        <time>1970-01-01T00:00:00.000Z</time>
      </trkpt>
      <trkpt lat="59.99022" lon="8.82071">
        <ele>193.78170462609893</ele>
        <time>1970-01-01T00:00:00.000Z</time>
      </trkpt>
      <trkpt lat="59.99025329294721" lon="8.82077053243294">
        <ele>193.8</ele>
        <time>1970-01-01T00:00:00.000Z</time>
      </trkpt>
      <trkpt lat="59.99033" lon="8.82091">
        <ele>193.8</ele>
        <time>1970-01-01T00:00:00.000Z</time>
      </trkpt>
      <trkpt lat="59.99041" lon="8.82098">
        <ele>193.8</ele>
        <time>1970-01-01T00:00:00.000Z</time>
      </trkpt>
      <trkpt lat="59.99053" lon="8.82122">
        <ele>193.8000329168747</ele>
        <time>1970-01-01T00:00:00.000Z</time>
      </trkpt>
      <trkpt lat="59.99058" lon="8.82122">
        <ele>193.81522350160657</ele>
        <time>1970-01-01T00:00:00.000Z</time>
      </trkpt>
      <trkpt lat="59.99051" lon="8.82176">
        <ele>193.89998733311236</ele>
        <time>1970-01-01T00:00:00.000Z</time>
      </trkpt>
      <trkpt lat="59.99061" lon="8.82203">
        <ele>193.9433408599132</ele>
        <time>1970-01-01T00:00:00.000Z</time>
      </trkpt>
      <trkpt lat="59.99072" lon="8.82217">
        <ele>193.9769817972995</ele>
        <time>1970-01-01T00:00:00.000Z</time>
      </trkpt>
      <trkpt lat="59.99073307157646" lon="8.822346465403045">
        <ele>194</ele>
        <time>1970-01-01T00:00:00.000Z</time>
      </trkpt>
      <trkpt lat="59.99074" lon="8.82244">
        <ele>194.035056605835</ele>
        <time>1970-01-01T00:00:00.000Z</time>
      </trkpt>
      <trkpt lat="59.99086" lon="8.82271">
        <ele>194.16897401602833</ele>
        <time>1970-01-01T00:00:00.000Z</time>
      </trkpt>
      <trkpt lat="59.99088021424982" lon="8.82278327630561">
        <ele>194.2</ele>
        <time>1970-01-01T00:00:00.000Z</time>
      </trkpt>
      <trkpt lat="59.99094" lon="8.823">
        <ele>194.2917629451457</ele>
        <time>1970-01-01T00:00:00.000Z</time>
      </trkpt>
      <trkpt lat="59.991039976148535" lon="8.823212766830933">
        <ele>194.4</ele>
        <time>1970-01-01T00:00:00.000Z</time>
      </trkpt>
      <trkpt lat="59.991224094998174" lon="8.823604609400904">
        <ele>194.6</ele>
        <time>1970-01-01T00:00:00.000Z</time>
      </trkpt>
      <trkpt lat="59.99133" lon="8.82383">
        <ele>194.77198539325383</ele>
        <time>1970-01-01T00:00:00.000Z</time>
      </trkpt>
      <trkpt lat="59.99140258641837" lon="8.824008673715678">
        <ele>194.9</ele>
        <time>1970-01-01T00:00:00.000Z</time>
      </trkpt>
      <trkpt lat="59.99146" lon="8.82415">
        <ele>195.00525555366235</ele>
        <time>1970-01-01T00:00:00.000Z</time>
      </trkpt>
      <trkpt lat="59.99164" lon="8.82473">
        <ele>195.39985233626456</ele>
        <time>1970-01-01T00:00:00.000Z</time>
      </trkpt>
      <trkpt lat="59.99184" lon="8.82474">
        <ele>195.6659301779059</ele>
        <time>1970-01-01T00:00:00.000Z</time>
      </trkpt>
      <trkpt lat="59.99201592020796" lon="8.824730741045627">
        <ele>195.9</ele>
        <time>1970-01-01T00:00:00.000Z</time>
      </trkpt>
      <trkpt lat="59.99203" lon="8.82473">
        <ele>195.91880449601942</ele>
        <time>1970-01-01T00:00:00.000Z</time>
      </trkpt>
      <trkpt lat="59.9923" lon="8.8247">
        <ele>196.2798386712711</ele>
        <time>1970-01-01T00:00:00.000Z</time>
      </trkpt>
      <trkpt lat="59.99254" lon="8.8247">
        <ele>196.60027790260733</ele>
        <time>1970-01-01T00:00:00.000Z</time>
      </trkpt>
      <trkpt lat="59.99273" lon="8.82485">
        <ele>196.88779898176944</ele>
        <time>1970-01-01T00:00:00.000Z</time>
      </trkpt>
      <trkpt lat="59.99279376680791" lon="8.824945649855385">
        <ele>197</ele>
        <time>1970-01-01T00:00:00.000Z</time>
      </trkpt>
      <trkpt lat="59.99289" lon="8.82509">
        <ele>197.1783583441011</ele>
        <time>1970-01-01T00:00:00.000Z</time>
      </trkpt>
      <trkpt lat="59.99302" lon="8.82516">
        <ele>197.37796249491404</ele>
        <time>1970-01-01T00:00:00.000Z</time>
      </trkpt>
      <trkpt lat="59.99303279619646" lon="8.825175122725446">
        <ele>197.4</ele>
        <time>1970-01-01T00:00:00.000Z</time>
      </trkpt>
      <trkpt lat="59.99313" lon="8.82529">
        <ele>197.5674036940832</ele>
        <time>1970-01-01T00:00:00.000Z</time>
      </trkpt>
      <trkpt lat="59.99324" lon="8.82551">
        <ele>197.79806605172098</ele>
        <time>1970-01-01T00:00:00.000Z</time>
      </trkpt>
      <trkpt lat="59.99347690492273" lon="8.82576983054524">
        <ele>198.2</ele>
        <time>1970-01-01T00:00:00.000Z</time>
      </trkpt>
      <trkpt lat="59.99355" lon="8.82585">
        <ele>198.32360221913748</ele>
        <time>1970-01-01T00:00:00.000Z</time>
      </trkpt>
      <trkpt lat="59.99370391378889" lon="8.826060347699205">
        <ele>198.6</ele>
        <time>1970-01-01T00:00:00.000Z</time>
      </trkpt>
      <trkpt lat="59.99385" lon="8.82626">
        <ele>198.9243234100617</ele>
        <time>1970-01-01T00:00:00.000Z</time>
      </trkpt>
      <trkpt lat="59.99399" lon="8.82637">
        <ele>199.20003051048</ele>
        <time>1970-01-01T00:00:00.000Z</time>
      </trkpt>
      <trkpt lat="59.99418" lon="8.82633">
        <ele>199.61541269810627</ele>
        <time>1970-01-01T00:00:00.000Z</time>
      </trkpt>
      <trkpt lat="59.99428" lon="8.82616">
        <ele>199.9011396971884</ele>
        <time>1970-01-01T00:00:00.000Z</time>
      </trkpt>
      <trkpt lat="59.99433" lon="8.82587">
        <ele>200.38530657852223</ele>
        <time>1970-01-01T00:00:00.000Z</time>
      </trkpt>
      <trkpt lat="59.99429" lon="8.82557">
        <ele>200.87535805705366</ele>
        <time>1970-01-01T00:00:00.000Z</time>
      </trkpt>
      <trkpt lat="59.99424" lon="8.82539">
        <ele>201.2004558699158</ele>
        <time>1970-01-01T00:00:00.000Z</time>
      </trkpt>
      <trkpt lat="59.99443" lon="8.8253">
        <ele>202.00132200004825</ele>
        <time>1970-01-01T00:00:00.000Z</time>
      </trkpt>
      <trkpt lat="59.99464" lon="8.82564">
        <ele>203.6496882545436</ele>
        <time>1970-01-01T00:00:00.000Z</time>
      </trkpt>
      <trkpt lat="59.99469" lon="8.82549">
        <ele>204.19963932685278</ele>
        <time>1970-01-01T00:00:00.000Z</time>
      </trkpt>
    </trkseg>
  </trk>
</gpx>