<?xml version="1.0" encoding="UTF-8"?>
<gpx xmlns="http://www.topografix.com/GPX/1/1" creator="FootpathAndroid/2.4.2/1599" version="1.1" xmlns:xsi="http://www.w3.org/2001/XMLSchema-instance" xsi:xchemaLocation="http://www.topografix.com/GPX/1/1 http://www.topografix.com/GPX/1/1/gpx.xsd">
	<metadata>
		<name>Follsjø rundt - August 2026</name>
		<link href="https://footpathapp.com">
			<text>Footpath</text>
		</link>
		<time>2026-09-15T09:15:56Z</time>
	</metadata>
	<bounds minlat="0" maxlat="0" minlon="0" maxlon="0"/>
	<trk>
		<name>Follsjø rundt - August 2026</name>
		<trkseg>
			<trkpt lat="59.68766" lon="9.26866">
				<ele>224.3000030517578</ele>
				<time>2000-01-01T00:00:00Z</time>
			</trkpt>
			<trkpt lat="59.68773" lon="9.26874">
				<ele>224.23452758789062</ele>
				<time>2000-01-01T00:00:00Z</time>
			</trkpt>
			<trkpt lat="59.68807" lon="9.26895">
				<ele>223.94598388671875</ele>
				<time>2000-01-01T00:00:00Z</time>
			</trkpt>
			<trkpt lat="59.68825" lon="9.26899">
				<ele>223.79815673828125</ele>
				<time>2000-01-01T00:00:00Z</time>
			</trkpt>
			<trkpt lat="59.68837" lon="9.269">
				<ele>223.56460571289062</ele>
				<time>2000-01-01T00:00:00Z</time>
			</trkpt>
			<trkpt lat="59.68843" lon="9.26899">
				<ele>223.44752502441406</ele>
				<time>2000-01-01T00:00:00Z</time>
			</trkpt>
			<trkpt lat="59.68855460488702" lon="9.268938438998868">
				<ele>223.1999969482422</ele>
				<time>2000-01-01T00:00:00Z</time>
			</trkpt>
			<trkpt lat="59.68872" lon="9.26887">
				<ele>223.2273712158203</ele>
				<time>2000-01-01T00:00:00Z</time>
			</trkpt>
			<trkpt lat="59.68895" lon="9.2687">
				<ele>223.26715087890625</ele>
				<time>2000-01-01T00:00:00Z</time>
			</trkpt>
			<trkpt lat="59.689132804670606" lon="9.268526568310223">
				<ele>223.3000030517578</ele>
				<time>2000-01-01T00:00:00Z</time>
			</trkpt>
			<trkpt lat="59.68934" lon="9.26833">
				<ele>223.97003173828125</ele>
				<time>2000-01-01T00:00:00Z</time>
			</trkpt>
			<trkpt lat="59.68940973030944" lon="9.268257099184515">
				<ele>224.1999969482422</ele>
				<time>2000-01-01T00:00:00Z</time>
			</trkpt>
			<trkpt lat="59.68956" lon="9.2681">
				<ele>224.66802978515625</ele>
				<time>2000-01-01T00:00:00Z</time>
			</trkpt>
			<trkpt lat="59.689928749475115" lon="9.267598608938233">
				<ele>225.89999389648438</ele>
				<time>2000-01-01T00:00:00Z</time>
			</trkpt>
			<trkpt lat="59.69018319122266" lon="9.26725273130486">
				<ele>228.3000030517578</ele>
				<time>2000-01-01T00:00:00Z</time>
			</trkpt>
			<trkpt lat="59.69069207246251" lon="9.266560959628645">
				<ele>231.0</ele>
				<time>2000-01-01T00:00:00Z</time>
			</trkpt>
			<trkpt lat="59.6909465117178" lon="9.266215065907698">
				<ele>233.3000030517578</ele>
				<time>2000-01-01T00:00:00Z</time>
			</trkpt>
			<trkpt lat="59.69109" lon="9.26602">
				<ele>233.63836669921875</ele>
				<time>2000-01-01T00:00:00Z</time>
			</trkpt>
			<trkpt lat="59.69144998781292" lon="9.265508016457051">
				<ele>234.5</ele>
				<time>2000-01-01T00:00:00Z</time>
			</trkpt>
			<trkpt lat="59.69154" lon="9.26538">
				<ele>234.39227294921875</ele>
				<time>2000-01-01T00:00:00Z</time>
			</trkpt>
			<trkpt lat="59.69171104663823" lon="9.265183293733497">
				<ele>234.1999969482422</ele>
				<time>2000-01-01T00:00:00Z</time>
			</trkpt>
			<trkpt lat="59.69194" lon="9.26492">
				<ele>233.51368713378906</ele>
				<time>2000-01-01T00:00:00Z</time>
			</trkpt>
			<trkpt lat="59.692249882954464" lon="9.26458744212184">
				<ele>232.60000610351562</ele>
				<time>2000-01-01T00:00:00Z</time>
			</trkpt>
			<trkpt lat="59.69235" lon="9.26448">
				<ele>231.7144317626953</ele>
				<time>2000-01-01T00:00:00Z</time>
			</trkpt>
			<trkpt lat="59.69252906419722" lon="9.264328483911756">
				<ele>230.1999969482422</ele>
				<time>2000-01-01T00:00:00Z</time>
			</trkpt>
			<trkpt lat="59.69261" lon="9.26426">
				<ele>229.8577423095703</ele>
				<time>2000-01-01T00:00:00Z</time>
			</trkpt>
			<trkpt lat="59.69287" lon="9.2641">
				<ele>228.79896545410156</ele>
				<time>2000-01-01T00:00:00Z</time>
			</trkpt>
			<trkpt lat="59.69312265219229" lon="9.264008125469458">
				<ele>227.8000030517578</ele>
				<time>2000-01-01T00:00:00Z</time>
			</trkpt>
			<trkpt lat="59.69342" lon="9.2639">
				<ele>225.64456176757812</ele>
				<time>2000-01-01T00:00:00Z</time>
			</trkpt>
			<trkpt lat="59.69364" lon="9.26385">
				<ele>225.14669799804688</ele>
				<time>2000-01-01T00:00:00Z</time>
			</trkpt>
			<trkpt lat="59.69378" lon="9.26378">
				<ele>224.842529296875</ele>
				<time>2000-01-01T00:00:00Z</time>
			</trkpt>
			<trkpt lat="59.69398" lon="9.26365">
				<ele>224.39913940429688</ele>
				<time>2000-01-01T00:00:00Z</time>
			</trkpt>
			<trkpt lat="59.69402201496882" lon="9.263607984187088">
				<ele>224.3000030517578</ele>
				<time>2000-01-01T00:00:00Z</time>
			</trkpt>
			<trkpt lat="59.69417" lon="9.26346">
				<ele>224.19256591796875</ele>
				<time>2000-01-01T00:00:00Z</time>
			</trkpt>
			<trkpt lat="59.69429" lon="9.26332">
				<ele>224.10231018066406</ele>
				<time>2000-01-01T00:00:00Z</time>
			</trkpt>
			<trkpt lat="59.69454" lon="9.26295">
				<ele>224.3499298095703</ele>
				<time>2000-01-01T00:00:00Z</time>
			</trkpt>
			<trkpt lat="59.69475580870422" lon="9.262512698957716">
				<ele>224.60000610351562</ele>
				<time>2000-01-01T00:00:00Z</time>
			</trkpt>
			<trkpt lat="59.69492" lon="9.26218">
				<ele>225.28492736816406</ele>
				<time>2000-01-01T00:00:00Z</time>
			</trkpt>
			<trkpt lat="59.694977284887486" lon="9.262087990843282">
				<ele>225.5</ele>
				<time>2000-01-01T00:00:00Z</time>
			</trkpt>
			<trkpt lat="59.69525" lon="9.26165">
				<ele>226.41009521484375</ele>
				<time>2000-01-01T00:00:00Z</time>
			</trkpt>
			<trkpt lat="59.69546695413873" lon="9.261344656838212">
				<ele>227.10000610351562</ele>
				<time>2000-01-01T00:00:00Z</time>
			</trkpt>
			<trkpt lat="59.69552" lon="9.26127">
				<ele>227.16326904296875</ele>
				<time>2000-01-01T00:00:00Z</time>
			</trkpt>
			<trkpt lat="59.69563" lon="9.26115">
				<ele>227.28533935546875</ele>
				<time>2000-01-01T00:00:00Z</time>
			</trkpt>
			<trkpt lat="59.69586" lon="9.26096">
				<ele>227.52760314941406</ele>
				<time>2000-01-01T00:00:00Z</time>
			</trkpt>
			<trkpt lat="59.69605" lon="9.26084">
				<ele>227.7214813232422</ele>
				<time>2000-01-01T00:00:00Z</time>
			</trkpt>
			<trkpt lat="59.696329098449965" lon="9.260712079274592">
				<ele>228.0</ele>
				<time>2000-01-01T00:00:00Z</time>
			</trkpt>
			<trkpt lat="59.69653" lon="9.26062">
				<ele>228.26730346679688</ele>
				<time>2000-01-01T00:00:00Z</time>
			</trkpt>
			<trkpt lat="59.696630772033494" lon="9.260584429741767">
				<ele>228.39999389648438</ele>
				<time>2000-01-01T00:00:00Z</time>
			</trkpt>
			<trkpt lat="59.69721" lon="9.26038">
				<ele>228.97201538085938</ele>
				<time>2000-01-01T00:00:00Z</time>
			</trkpt>
			<trkpt lat="59.697237547670404" lon="9.26036345970862">
				<ele>229.0</ele>
				<time>2000-01-01T00:00:00Z</time>
			</trkpt>
			<trkpt lat="59.697828200599595" lon="9.26000907890144">
				<ele>230.0</ele>
				<time>2000-01-01T00:00:00Z</time>
			</trkpt>
			<trkpt lat="59.69801" lon="9.2599">
				<ele>230.98495483398438</ele>
				<time>2000-01-01T00:00:00Z</time>
			</trkpt>
			<trkpt lat="59.698125010870825" lon="9.259842494123209">
				<ele>231.60000610351562</ele>
				<time>2000-01-01T00:00:00Z</time>
			</trkpt>
			<trkpt lat="59.69829" lon="9.25976">
				<ele>232.06874084472656</ele>
				<time>2000-01-01T00:00:00Z</time>
			</trkpt>
			<trkpt lat="59.698715937774075" lon="9.259491473974112">
				<ele>233.3000030517578</ele>
				<time>2000-01-01T00:00:00Z</time>
			</trkpt>
			<trkpt lat="59.69875" lon="9.25947">
				<ele>233.47377014160156</ele>
				<time>2000-01-01T00:00:00Z</time>
			</trkpt>
			<trkpt lat="59.699014531412445" lon="9.259337733985255">
				<ele>234.8000030517578</ele>
				<time>2000-01-01T00:00:00Z</time>
			</trkpt>
			<trkpt lat="59.69915" lon="9.25927">
				<ele>235.00375366210938</ele>
				<time>2000-01-01T00:00:00Z</time>
			</trkpt>
			<trkpt lat="59.69952" lon="9.25917">
				<ele>235.54833984375</ele>
				<time>2000-01-01T00:00:00Z</time>
			</trkpt>
			<trkpt lat="59.699620704828725" lon="9.259118617503134">
				<ele>235.6999969482422</ele>
				<time>2000-01-01T00:00:00Z</time>
			</trkpt>
			<trkpt lat="59.69991952559675" lon="9.258966160258574">
				<ele>235.8000030517578</ele>
				<time>2000-01-01T00:00:00Z</time>
			</trkpt>
			<trkpt lat="59.70001" lon="9.25892">
				<ele>235.64862060546875</ele>
				<time>2000-01-01T00:00:00Z</time>
			</trkpt>
			<trkpt lat="59.70015" lon="9.25887">
				<ele>235.41810607910156</ele>
				<time>2000-01-01T00:00:00Z</time>
			</trkpt>
			<trkpt lat="59.700529273039024" lon="9.258789403336982">
				<ele>234.8000030517578</ele>
				<time>2000-01-01T00:00:00Z</time>
			</trkpt>
			<trkpt lat="59.70083607684042" lon="9.25872420858524">
				<ele>233.0</ele>
				<time>2000-01-01T00:00:00Z</time>
			</trkpt>
			<trkpt lat="59.70095" lon="9.2587">
				<ele>232.591552734375</ele>
				<time>2000-01-01T00:00:00Z</time>
			</trkpt>
			<trkpt lat="59.70145205756041" lon="9.258655959850914">
				<ele>230.8000030517578</ele>
				<time>2000-01-01T00:00:00Z</time>
			</trkpt>
			<trkpt lat="59.70152" lon="9.25865">
				<ele>230.42530822753906</ele>
				<time>2000-01-01T00:00:00Z</time>
			</trkpt>
			<trkpt lat="59.70175" lon="9.25859">
				<ele>229.14723205566406</ele>
				<time>2000-01-01T00:00:00Z</time>
			</trkpt>
			<trkpt lat="59.70207" lon="9.25855">
				<ele>228.69546508789062</ele>
				<time>2000-01-01T00:00:00Z</time>
			</trkpt>
			<trkpt lat="59.70237243869538" lon="9.258470899681603">
				<ele>228.3000030517578</ele>
				<time>2000-01-01T00:00:00Z</time>
			</trkpt>
			<trkpt lat="59.70267834934192" lon="9.258390893233521">
				<ele>229.0</ele>
				<time>2000-01-01T00:00:00Z</time>
			</trkpt>
			<trkpt lat="59.70272" lon="9.25838">
				<ele>229.1565704345703</ele>
				<time>2000-01-01T00:00:00Z</time>
			</trkpt>
			<trkpt lat="59.70313" lon="9.25815">
				<ele>230.74464416503906</ele>
				<time>2000-01-01T00:00:00Z</time>
			</trkpt>
			<trkpt lat="59.70325998337252" lon="9.25800557388752">
				<ele>231.3000030517578</ele>
				<time>2000-01-01T00:00:00Z</time>
			</trkpt>
			<trkpt lat="59.70331" lon="9.25795">
				<ele>232.02471923828125</ele>
				<time>2000-01-01T00:00:00Z</time>
			</trkpt>
			<trkpt lat="59.70352205400424" lon="9.257682968761165">
				<ele>235.1999969482422</ele>
				<time>2000-01-01T00:00:00Z</time>
			</trkpt>
			<trkpt lat="59.70358" lon="9.25761">
				<ele>235.73394775390625</ele>
				<time>2000-01-01T00:00:00Z</time>
			</trkpt>
			<trkpt lat="59.70384" lon="9.25731">
				<ele>238.0738983154297</ele>
				<time>2000-01-01T00:00:00Z</time>
			</trkpt>
			<trkpt lat="59.70404" lon="9.25711">
				<ele>239.8162384033203</ele>
				<time>2000-01-01T00:00:00Z</time>
			</trkpt>
			<trkpt lat="59.70406227872408" lon="9.257094404748823">
				<ele>240.0</ele>
				<time>2000-01-01T00:00:00Z</time>
			</trkpt>
			<trkpt lat="59.70414" lon="9.25704">
				<ele>240.74795532226562</ele>
				<time>2000-01-01T00:00:00Z</time>
			</trkpt>
			<trkpt lat="59.70425" lon="9.257">
				<ele>241.76278686523438</ele>
				<time>2000-01-01T00:00:00Z</time>
			</trkpt>
			<trkpt lat="59.70441" lon="9.25697">
				<ele>243.22116088867188</ele>
				<time>2000-01-01T00:00:00Z</time>
			</trkpt>
			<trkpt lat="59.70455" lon="9.25699">
				<ele>244.49484252929688</ele>
				<time>2000-01-01T00:00:00Z</time>
			</trkpt>
			<trkpt lat="59.70479" lon="9.25712">
				<ele>246.75253295898438</ele>
				<time>2000-01-01T00:00:00Z</time>
			</trkpt>
			<trkpt lat="59.70495841542292" lon="9.25725441107077">
				<ele>248.39999389648438</ele>
				<time>2000-01-01T00:00:00Z</time>
			</trkpt>
			<trkpt lat="59.70524465826043" lon="9.257482816515898">
				<ele>252.1999969482422</ele>
				<time>2000-01-01T00:00:00Z</time>
			</trkpt>
			<trkpt lat="59.70578" lon="9.25791">
				<ele>254.4442901611328</ele>
				<time>2000-01-01T00:00:00Z</time>
			</trkpt>
			<trkpt lat="59.705819100393605" lon="9.257927106624052">
				<ele>254.60000610351562</ele>
				<time>2000-01-01T00:00:00Z</time>
			</trkpt>
			<trkpt lat="59.70594" lon="9.25798">
				<ele>255.442626953125</ele>
				<time>2000-01-01T00:00:00Z</time>
			</trkpt>
			<trkpt lat="59.706116984113464" lon="9.258085084732864">
				<ele>256.70001220703125</ele>
				<time>2000-01-01T00:00:00Z</time>
			</trkpt>
			<trkpt lat="59.70626" lon="9.25817">
				<ele>257.183837890625</ele>
				<time>2000-01-01T00:00:00Z</time>
			</trkpt>
			<trkpt lat="59.70671557536559" lon="9.258380914639568">
				<ele>258.70001220703125</ele>
				<time>2000-01-01T00:00:00Z</time>
			</trkpt>
			<trkpt lat="59.7068" lon="9.25842">
				<ele>259.3462219238281</ele>
				<time>2000-01-01T00:00:00Z</time>
			</trkpt>
			<trkpt lat="59.70701235412259" lon="9.258547412868293">
				<ele>261.0</ele>
				<time>2000-01-01T00:00:00Z</time>
			</trkpt>
			<trkpt lat="59.70715" lon="9.25863">
				<ele>261.58258056640625</ele>
				<time>2000-01-01T00:00:00Z</time>
			</trkpt>
			<trkpt lat="59.707591504853966" lon="9.258968173973525">
				<ele>263.5</ele>
				<time>2000-01-01T00:00:00Z</time>
			</trkpt>
			<trkpt lat="59.70762" lon="9.25899">
				<ele>263.64849853515625</ele>
				<time>2000-01-01T00:00:00Z</time>
			</trkpt>
			<trkpt lat="59.70816" lon="9.25945">
				<ele>266.5139465332031</ele>
				<time>2000-01-01T00:00:00Z</time>
			</trkpt>
			<trkpt lat="59.7083" lon="9.25955">
				<ele>268.29833984375</ele>
				<time>2000-01-01T00:00:00Z</time>
			</trkpt>
			<trkpt lat="59.708453281203205" lon="9.2596306743433">
				<ele>270.20001220703125</ele>
				<time>2000-01-01T00:00:00Z</time>
			</trkpt>
			<trkpt lat="59.70849" lon="9.25965">
				<ele>270.47088623046875</ele>
				<time>2000-01-01T00:00:00Z</time>
			</trkpt>
			<trkpt lat="59.70883" lon="9.25978">
				<ele>272.939697265625</ele>
				<time>2000-01-01T00:00:00Z</time>
			</trkpt>
			<trkpt lat="59.70907" lon="9.25981">
				<ele>274.7430114746094</ele>
				<time>2000-01-01T00:00:00Z</time>
			</trkpt>
			<trkpt lat="59.70936836228132" lon="9.259731857377467">
				<ele>280.3999938964844</ele>
				<time>2000-01-01T00:00:00Z</time>
			</trkpt>
			<trkpt lat="59.70949" lon="9.2597">
				<ele>281.7519226074219</ele>
				<time>2000-01-01T00:00:00Z</time>
			</trkpt>
			<trkpt lat="59.7098" lon="9.25955">
				<ele>285.2680358886719</ele>
				<time>2000-01-01T00:00:00Z</time>
			</trkpt>
			<trkpt lat="59.70996830395867" lon="9.259452559998413">
				<ele>287.20001220703125</ele>
				<time>2000-01-01T00:00:00Z</time>
			</trkpt>
			<trkpt lat="59.71018" lon="9.25933">
				<ele>292.4889831542969</ele>
				<time>2000-01-01T00:00:00Z</time>
			</trkpt>
			<trkpt lat="59.71026638029767" lon="9.259296407554448">
				<ele>294.6000061035156</ele>
				<time>2000-01-01T00:00:00Z</time>
			</trkpt>
			<trkpt lat="59.71036" lon="9.25926">
				<ele>295.6821594238281</ele>
				<time>2000-01-01T00:00:00Z</time>
			</trkpt>
			<trkpt lat="59.71053" lon="9.25927">
				<ele>297.6112976074219</ele>
				<time>2000-01-01T00:00:00Z</time>
			</trkpt>
			<trkpt lat="59.71081" lon="9.25935">
				<ele>300.8201599121094</ele>
				<time>2000-01-01T00:00:00Z</time>
			</trkpt>
			<trkpt lat="59.7108764723755" lon="9.25938481921351">
				<ele>301.6000061035156</ele>
				<time>2000-01-01T00:00:00Z</time>
			</trkpt>
			<trkpt lat="59.71102" lon="9.25946">
				<ele>304.48663330078125</ele>
				<time>2000-01-01T00:00:00Z</time>
			</trkpt>
			<trkpt lat="59.71117037306579" lon="9.259569022057521">
				<ele>307.6000061035156</ele>
				<time>2000-01-01T00:00:00Z</time>
			</trkpt>
			<trkpt lat="59.71142" lon="9.25975">
				<ele>309.4089050292969</ele>
				<time>2000-01-01T00:00:00Z</time>
			</trkpt>
			<trkpt lat="59.71173810533178" lon="9.260045709132205">
				<ele>311.79998779296875</ele>
				<time>2000-01-01T00:00:00Z</time>
			</trkpt>
			<trkpt lat="59.71201748875528" lon="9.260305412716516">
				<ele>314.5</ele>
				<time>2000-01-01T00:00:00Z</time>
			</trkpt>
			<trkpt lat="59.71213" lon="9.26041">
				<ele>314.7818908691406</ele>
				<time>2000-01-01T00:00:00Z</time>
			</trkpt>
			<trkpt lat="59.712584653134165" lon="9.260787265388663">
				<ele>315.8999938964844</ele>
				<time>2000-01-01T00:00:00Z</time>
			</trkpt>
			<trkpt lat="59.7126" lon="9.2608">
				<ele>315.9700927734375</ele>
				<time>2000-01-01T00:00:00Z</time>
			</trkpt>
			<trkpt lat="59.71279" lon="9.26092">
				<ele>316.8102111816406</ele>
				<time>2000-01-01T00:00:00Z</time>
			</trkpt>
			<trkpt lat="59.7128795241768" lon="9.2609663096032">
				<ele>317.20001220703125</ele>
				<time>2000-01-01T00:00:00Z</time>
			</trkpt>
			<trkpt lat="59.71337" lon="9.26122">
				<ele>318.43206787109375</ele>
				<time>2000-01-01T00:00:00Z</time>
			</trkpt>
			<trkpt lat="59.7134731080758" lon="9.261297331559565">
				<ele>318.70001220703125</ele>
				<time>2000-01-01T00:00:00Z</time>
			</trkpt>
			<trkpt lat="59.71361" lon="9.2614">
				<ele>319.42730712890625</ele>
				<time>2000-01-01T00:00:00Z</time>
			</trkpt>
			<trkpt lat="59.71376" lon="9.26156">
				<ele>320.273681640625</ele>
				<time>2000-01-01T00:00:00Z</time>
			</trkpt>
			<trkpt lat="59.7139" lon="9.26176">
				<ele>321.1311340332031</ele>
				<time>2000-01-01T00:00:00Z</time>
			</trkpt>
			<trkpt lat="59.71408" lon="9.26217">
				<ele>322.493408203125</ele>
				<time>2000-01-01T00:00:00Z</time>
			</trkpt>
			<trkpt lat="59.71415949455863" lon="9.262450602324224">
				<ele>323.29998779296875</ele>
				<time>2000-01-01T00:00:00Z</time>
			</trkpt>
			<trkpt lat="59.71431063614622" lon="9.262984019400166">
				<ele>327.20001220703125</ele>
				<time>2000-01-01T00:00:00Z</time>
			</trkpt>
			<trkpt lat="59.71442" lon="9.26337">
				<ele>328.3577575683594</ele>
				<time>2000-01-01T00:00:00Z</time>
			</trkpt>
			<trkpt lat="59.71457" lon="9.26376">
				<ele>329.6403503417969</ele>
				<time>2000-01-01T00:00:00Z</time>
			</trkpt>
			<trkpt lat="59.71463" lon="9.26387">
				<ele>330.0640563964844</ele>
				<time>2000-01-01T00:00:00Z</time>
			</trkpt>
			<trkpt lat="59.71468229523231" lon="9.263945829627232">
				<ele>330.3999938964844</ele>
				<time>2000-01-01T00:00:00Z</time>
			</trkpt>
			<trkpt lat="59.71483" lon="9.26416">
				<ele>332.1790466308594</ele>
				<time>2000-01-01T00:00:00Z</time>
			</trkpt>
			<trkpt lat="59.71492432416315" lon="9.26432440006182">
				<ele>333.3999938964844</ele>
				<time>2000-01-01T00:00:00Z</time>
			</trkpt>
			<trkpt lat="59.71518" lon="9.26477">
				<ele>334.8892517089844</ele>
				<time>2000-01-01T00:00:00Z</time>
			</trkpt>
			<trkpt lat="59.71536732075248" lon="9.26517391379515">
				<ele>336.1000061035156</ele>
				<time>2000-01-01T00:00:00Z</time>
			</trkpt>
			<trkpt lat="59.7155" lon="9.26546">
				<ele>337.6245422363281</ele>
				<time>2000-01-01T00:00:00Z</time>
			</trkpt>
			<trkpt lat="59.71556994661451" lon="9.265634869336628">
				<ele>338.5</ele>
				<time>2000-01-01T00:00:00Z</time>
			</trkpt>
			<trkpt lat="59.71568" lon="9.26591">
				<ele>339.1600341796875</ele>
				<time>2000-01-01T00:00:00Z</time>
			</trkpt>
			<trkpt lat="59.71584" lon="9.26624">
				<ele>340.0204162597656</ele>
				<time>2000-01-01T00:00:00Z</time>
			</trkpt>
			<trkpt lat="59.716006275619534" lon="9.266491663814444">
				<ele>340.79998779296875</ele>
				<time>2000-01-01T00:00:00Z</time>
			</trkpt>
			<trkpt lat="59.71621" lon="9.2668">
				<ele>341.63055419921875</ele>
				<time>2000-01-01T00:00:00Z</time>
			</trkpt>
			<trkpt lat="59.716516496450865" lon="9.267177651245195">
				<ele>342.79998779296875</ele>
				<time>2000-01-01T00:00:00Z</time>
			</trkpt>
			<trkpt lat="59.71677" lon="9.26749">
				<ele>344.4443054199219</ele>
				<time>2000-01-01T00:00:00Z</time>
			</trkpt>
			<trkpt lat="59.71677717297633" lon="9.26750412533265">
				<ele>344.5</ele>
				<time>2000-01-01T00:00:00Z</time>
			</trkpt>
			<trkpt lat="59.71708" lon="9.2681">
				<ele>345.53692626953125</ele>
				<time>2000-01-01T00:00:00Z</time>
			</trkpt>
			<trkpt lat="59.71719937257798" lon="9.268394452743694">
				<ele>346.0</ele>
				<time>2000-01-01T00:00:00Z</time>
			</trkpt>
			<trkpt lat="59.71723" lon="9.26847">
				<ele>346.2217712402344</ele>
				<time>2000-01-01T00:00:00Z</time>
			</trkpt>
			<trkpt lat="59.71727" lon="9.26866">
				<ele>346.6928405761719</ele>
				<time>2000-01-01T00:00:00Z</time>
			</trkpt>
			<trkpt lat="59.71735295444162" lon="9.268921659946125">
				<ele>347.3999938964844</ele>
				<time>2000-01-01T00:00:00Z</time>
			</trkpt>
			<trkpt lat="59.71766" lon="9.26989">
				<ele>349.0824279785156</ele>
				<time>2000-01-01T00:00:00Z</time>
			</trkpt>
			<trkpt lat="59.71768444677809" lon="9.269953562952498">
				<ele>349.20001220703125</ele>
				<time>2000-01-01T00:00:00Z</time>
			</trkpt>
			<trkpt lat="59.71776" lon="9.27015">
				<ele>350.0882568359375</ele>
				<time>2000-01-01T00:00:00Z</time>
			</trkpt>
			<trkpt lat="59.71788622359527" lon="9.270415449420796">
				<ele>351.3999938964844</ele>
				<time>2000-01-01T00:00:00Z</time>
			</trkpt>
			<trkpt lat="59.71830978959688" lon="9.271305502461274">
				<ele>354.1000061035156</ele>
				<time>2000-01-01T00:00:00Z</time>
			</trkpt>
			<trkpt lat="59.718521571128825" lon="9.271750539090634">
				<ele>357.3999938964844</ele>
				<time>2000-01-01T00:00:00Z</time>
			</trkpt>
			<trkpt lat="59.71894512809906" lon="9.272640625936438">
				<ele>361.20001220703125</ele>
				<time>2000-01-01T00:00:00Z</time>
			</trkpt>
			<trkpt lat="59.71904" lon="9.27284">
				<ele>362.9471435546875</ele>
				<time>2000-01-01T00:00:00Z</time>
			</trkpt>
			<trkpt lat="59.71916443833639" lon="9.27307066820956">
				<ele>365.1000061035156</ele>
				<time>2000-01-01T00:00:00Z</time>
			</trkpt>
			<trkpt lat="59.719615334762544" lon="9.27390629269007">
				<ele>369.1000061035156</ele>
				<time>2000-01-01T00:00:00Z</time>
			</trkpt>
			<trkpt lat="59.71979" lon="9.27423">
				<ele>372.2765197753906</ele>
				<time>2000-01-01T00:00:00Z</time>
			</trkpt>
			<trkpt lat="59.71984645058287" lon="9.274310404313114">
				<ele>373.20001220703125</ele>
				<time>2000-01-01T00:00:00Z</time>
			</trkpt>
			<trkpt lat="59.72012" lon="9.2747">
				<ele>375.5466003417969</ele>
				<time>2000-01-01T00:00:00Z</time>
			</trkpt>
			<trkpt lat="59.7202" lon="9.27485">
				<ele>376.3136901855469</ele>
				<time>2000-01-01T00:00:00Z</time>
			</trkpt>
			<trkpt lat="59.72035311538848" lon="9.274997647621701">
				<ele>377.5</ele>
				<time>2000-01-01T00:00:00Z</time>
			</trkpt>
			<trkpt lat="59.72048" lon="9.27512">
				<ele>379.46612548828125</ele>
				<time>2000-01-01T00:00:00Z</time>
			</trkpt>
			<trkpt lat="59.72063560069766" lon="9.275242842698427">
				<ele>381.79998779296875</ele>
				<time>2000-01-01T00:00:00Z</time>
			</trkpt>
			<trkpt lat="59.72067" lon="9.27527">
				<ele>382.0679626464844</ele>
				<time>2000-01-01T00:00:00Z</time>
			</trkpt>
			<trkpt lat="59.72092" lon="9.27541">
				<ele>383.94818115234375</ele>
				<time>2000-01-01T00:00:00Z</time>
			</trkpt>
			<trkpt lat="59.72114" lon="9.27543">
				<ele>385.5422058105469</ele>
				<time>2000-01-01T00:00:00Z</time>
			</trkpt>
			<trkpt lat="59.72129" lon="9.27542">
				<ele>386.6285095214844</ele>
				<time>2000-01-01T00:00:00Z</time>
			</trkpt>
			<trkpt lat="59.72154816701351" lon="9.275448685346598">
				<ele>388.5</ele>
				<time>2000-01-01T00:00:00Z</time>
			</trkpt>
			<trkpt lat="59.72174" lon="9.27547">
				<ele>390.4302978515625</ele>
				<time>2000-01-01T00:00:00Z</time>
			</trkpt>
			<trkpt lat="59.72196" lon="9.27544">
				<ele>392.645751953125</ele>
				<time>2000-01-01T00:00:00Z</time>
			</trkpt>
			<trkpt lat="59.72195" lon="9.27536">
				<ele>393.06329345703125</ele>
				<time>2000-01-01T00:00:00Z</time>
			</trkpt>
			<trkpt lat="59.72206" lon="9.27534">
				<ele>394.17303466796875</ele>
				<time>2000-01-01T00:00:00Z</time>
			</trkpt>
			<trkpt lat="59.72211204304164" lon="9.275326989072928">
				<ele>394.70001220703125</ele>
				<time>2000-01-01T00:00:00Z</time>
			</trkpt>
			<trkpt lat="59.72226" lon="9.27529">
				<ele>396.7782287597656</ele>
				<time>2000-01-01T00:00:00Z</time>
			</trkpt>
			<trkpt lat="59.72232" lon="9.27526">
				<ele>397.6405029296875</ele>
				<time>2000-01-01T00:00:00Z</time>
			</trkpt>
			<trkpt lat="59.72241576049381" lon="9.275223073827885">
				<ele>399.0</ele>
				<time>2000-01-01T00:00:00Z</time>
			</trkpt>
			<trkpt lat="59.72302154835091" lon="9.274989523310373">
				<ele>403.29998779296875</ele>
				<time>2000-01-01T00:00:00Z</time>
			</trkpt>
			<trkpt lat="59.72315" lon="9.27494">
				<ele>405.03875732421875</ele>
				<time>2000-01-01T00:00:00Z</time>
			</trkpt>
			<trkpt lat="59.723326163396365" lon="9.274893641209784">
				<ele>407.3999938964844</ele>
				<time>2000-01-01T00:00:00Z</time>
			</trkpt>
			<trkpt lat="59.72334" lon="9.27489">
				<ele>407.48822021484375</ele>
				<time>2000-01-01T00:00:00Z</time>
			</trkpt>
			<trkpt lat="59.72353" lon="9.27488">
				<ele>408.6893615722656</ele>
				<time>2000-01-01T00:00:00Z</time>
			</trkpt>
			<trkpt lat="59.72376" lon="9.27493">
				<ele>410.15155029296875</ele>
				<time>2000-01-01T00:00:00Z</time>
			</trkpt>
			<trkpt lat="59.723938179041646" lon="9.275000847550462">
				<ele>411.29998779296875</ele>
				<time>2000-01-01T00:00:00Z</time>
			</trkpt>
			<trkpt lat="59.72424072410467" lon="9.275121132818985">
				<ele>414.6000061035156</ele>
				<time>2000-01-01T00:00:00Z</time>
			</trkpt>
			<trkpt lat="59.72459" lon="9.27526">
				<ele>416.1585388183594</ele>
				<time>2000-01-01T00:00:00Z</time>
			</trkpt>
			<trkpt lat="59.72472" lon="9.27529">
				<ele>416.73114013671875</ele>
				<time>2000-01-01T00:00:00Z</time>
			</trkpt>
			<trkpt lat="59.72485000143334" lon="9.275294482834449">
				<ele>417.29998779296875</ele>
				<time>2000-01-01T00:00:00Z</time>
			</trkpt>
			<trkpt lat="59.72501" lon="9.2753">
				<ele>417.97418212890625</ele>
				<time>2000-01-01T00:00:00Z</time>
			</trkpt>
			<trkpt lat="59.72546" lon="9.27525">
				<ele>419.873046875</ele>
				<time>2000-01-01T00:00:00Z</time>
			</trkpt>
			<trkpt lat="59.72563" lon="9.27524">
				<ele>421.1200256347656</ele>
				<time>2000-01-01T00:00:00Z</time>
			</trkpt>
			<trkpt lat="59.725773486105304" lon="9.275279857263191">
				<ele>422.20001220703125</ele>
				<time>2000-01-01T00:00:00Z</time>
			</trkpt>
			<trkpt lat="59.72581" lon="9.27529">
				<ele>422.3314514160156</ele>
				<time>2000-01-01T00:00:00Z</time>
			</trkpt>
			<trkpt lat="59.72624" lon="9.27542">
				<ele>423.8820495605469</ele>
				<time>2000-01-01T00:00:00Z</time>
			</trkpt>
			<trkpt lat="59.72632" lon="9.27546">
				<ele>424.1761474609375</ele>
				<time>2000-01-01T00:00:00Z</time>
			</trkpt>
			<trkpt lat="59.72635" lon="9.2755">
				<ele>424.3050231933594</ele>
				<time>2000-01-01T00:00:00Z</time>
			</trkpt>
			<trkpt lat="59.72637024127144" lon="9.275465642628067">
				<ele>424.3999938964844</ele>
				<time>2000-01-01T00:00:00Z</time>
			</trkpt>
			<trkpt lat="59.7266047130322" lon="9.27506775884882">
				<ele>426.20001220703125</ele>
				<time>2000-01-01T00:00:00Z</time>
			</trkpt>
			<trkpt lat="59.72668" lon="9.27494">
				<ele>426.3284606933594</ele>
				<time>2000-01-01T00:00:00Z</time>
			</trkpt>
			<trkpt lat="59.72704354283639" lon="9.274207913737808">
				<ele>427.0</ele>
				<time>2000-01-01T00:00:00Z</time>
			</trkpt>
			<trkpt lat="59.72741" lon="9.27347">
				<ele>425.984619140625</ele>
				<time>2000-01-01T00:00:00Z</time>
			</trkpt>
			<trkpt lat="59.72747278995437" lon="9.273328721943724">
				<ele>425.79998779296875</ele>
				<time>2000-01-01T00:00:00Z</time>
			</trkpt>
			<trkpt lat="59.72753" lon="9.2732">
				<ele>425.0149841308594</ele>
				<time>2000-01-01T00:00:00Z</time>
			</trkpt>
			<trkpt lat="59.72762" lon="9.27281">
				<ele>423.05291748046875</ele>
				<time>2000-01-01T00:00:00Z</time>
			</trkpt>
			<trkpt lat="59.72765" lon="9.27256">
				<ele>421.8773193359375</ele>
				<time>2000-01-01T00:00:00Z</time>
			</trkpt>
			<trkpt lat="59.7276793040332" lon="9.272197964191287">
				<ele>420.20001220703125</ele>
				<time>2000-01-01T00:00:00Z</time>
			</trkpt>
			<trkpt lat="59.7277774335733" lon="9.270989358886846">
				<ele>416.79998779296875</ele>
				<time>2000-01-01T00:00:00Z</time>
			</trkpt>
			<trkpt lat="59.72782649454656" lon="9.270385049072576">
				<ele>414.5</ele>
				<time>2000-01-01T00:00:00Z</time>
			</trkpt>
			<trkpt lat="59.72792460816821" lon="9.269176424125222">
				<ele>413.3999938964844</ele>
				<time>2000-01-01T00:00:00Z</time>
			</trkpt>
			<trkpt lat="59.72793" lon="9.26911">
				<ele>413.3999938964844</ele>
				<time>2000-01-01T00:00:00Z</time>
			</trkpt>
			<trkpt lat="59.72800579243548" lon="9.26858633675025">
				<ele>413.3999938964844</ele>
				<time>2000-01-01T00:00:00Z</time>
			</trkpt>
			<trkpt lat="59.72804" lon="9.26835">
				<ele>413.4803466796875</ele>
				<time>2000-01-01T00:00:00Z</time>
			</trkpt>
			<trkpt lat="59.72814" lon="9.26794">
				<ele>413.629150390625</ele>
				<time>2000-01-01T00:00:00Z</time>
			</trkpt>
			<trkpt lat="59.72827220717323" lon="9.26748768235862">
				<ele>413.79998779296875</ele>
				<time>2000-01-01T00:00:00Z</time>
			</trkpt>
			<trkpt lat="59.72842699579027" lon="9.266958164720018">
				<ele>413.6000061035156</ele>
				<time>2000-01-01T00:00:00Z</time>
			</trkpt>
			<trkpt lat="59.72852" lon="9.26664">
				<ele>413.299560546875</ele>
				<time>2000-01-01T00:00:00Z</time>
			</trkpt>
			<trkpt lat="59.72868295429045" lon="9.265846926825658">
				<ele>412.6000061035156</ele>
				<time>2000-01-01T00:00:00Z</time>
			</trkpt>
			<trkpt lat="59.728799431077874" lon="9.265280099138618">
				<ele>410.6000061035156</ele>
				<time>2000-01-01T00:00:00Z</time>
			</trkpt>
			<trkpt lat="59.72882" lon="9.26518">
				<ele>410.34393310546875</ele>
				<time>2000-01-01T00:00:00Z</time>
			</trkpt>
			<trkpt lat="59.72893" lon="9.26475">
				<ele>409.2016906738281</ele>
				<time>2000-01-01T00:00:00Z</time>
			</trkpt>
			<trkpt lat="59.729116238341724" lon="9.264234848817225">
				<ele>407.70001220703125</ele>
				<time>2000-01-01T00:00:00Z</time>
			</trkpt>
			<trkpt lat="59.72929607712246" lon="9.263737440568798">
				<ele>404.20001220703125</ele>
				<time>2000-01-01T00:00:00Z</time>
			</trkpt>
			<trkpt lat="59.7294" lon="9.26345">
				<ele>403.15985107421875</ele>
				<time>2000-01-01T00:00:00Z</time>
			</trkpt>
			<trkpt lat="59.72952" lon="9.26308">
				<ele>401.8660583496094</ele>
				<time>2000-01-01T00:00:00Z</time>
			</trkpt>
			<trkpt lat="59.72961538988476" lon="9.262693267289269">
				<ele>400.6000061035156</ele>
				<time>2000-01-01T00:00:00Z</time>
			</trkpt>
			<trkpt lat="59.72975106533392" lon="9.262143485515175">
				<ele>396.8999938964844</ele>
				<time>2000-01-01T00:00:00Z</time>
			</trkpt>
			<trkpt lat="59.73002240934216" lon="9.261043908583767">
				<ele>393.5</ele>
				<time>2000-01-01T00:00:00Z</time>
			</trkpt>
			<trkpt lat="59.73009" lon="9.26077">
				<ele>392.15484619140625</ele>
				<time>2000-01-01T00:00:00Z</time>
			</trkpt>
			<trkpt lat="59.73014572513353" lon="9.26048341294592">
				<ele>390.79998779296875</ele>
				<time>2000-01-01T00:00:00Z</time>
			</trkpt>
			<trkpt lat="59.73016" lon="9.26041">
				<ele>390.69073486328125</ele>
				<time>2000-01-01T00:00:00Z</time>
			</trkpt>
			<trkpt lat="59.73021" lon="9.26001">
				<ele>390.11846923828125</ele>
				<time>2000-01-01T00:00:00Z</time>
			</trkpt>
			<trkpt lat="59.73022" lon="9.25961">
				<ele>389.5623779296875</ele>
				<time>2000-01-01T00:00:00Z</time>
			</trkpt>
			<trkpt lat="59.73021" lon="9.25928">
				<ele>389.10333251953125</ele>
				<time>2000-01-01T00:00:00Z</time>
			</trkpt>
			<trkpt lat="59.73015" lon="9.25883">
				<ele>388.910888671875</ele>
				<time>2000-01-01T00:00:00Z</time>
			</trkpt>
			<trkpt lat="59.730002509615986" lon="9.258127299111448">
				<ele>388.6000061035156</ele>
				<time>2000-01-01T00:00:00Z</time>
			</trkpt>
			<trkpt lat="59.729883912376884" lon="9.25756218408832">
				<ele>390.0</ele>
				<time>2000-01-01T00:00:00Z</time>
			</trkpt>
			<trkpt lat="59.72981" lon="9.25721">
				<ele>390.8101806640625</ele>
				<time>2000-01-01T00:00:00Z</time>
			</trkpt>
			<trkpt lat="59.72977" lon="9.25683">
				<ele>391.6346130371094</ele>
				<time>2000-01-01T00:00:00Z</time>
			</trkpt>
			<trkpt lat="59.72977" lon="9.25643">
				<ele>392.48406982421875</ele>
				<time>2000-01-01T00:00:00Z</time>
			</trkpt>
			<trkpt lat="59.72983" lon="9.25601">
				<ele>393.4111633300781</ele>
				<time>2000-01-01T00:00:00Z</time>
			</trkpt>
			<trkpt lat="59.729870426417456" lon="9.25579425100152">
				<ele>393.8999938964844</ele>
				<time>2000-01-01T00:00:00Z</time>
			</trkpt>
			<trkpt lat="59.73008559390899" lon="9.254646802803718">
				<ele>396.1000061035156</ele>
				<time>2000-01-01T00:00:00Z</time>
			</trkpt>
			<trkpt lat="59.73019" lon="9.25409">
				<ele>397.4587097167969</ele>
				<time>2000-01-01T00:00:00Z</time>
			</trkpt>
			<trkpt lat="59.730194327656136" lon="9.254074121534446">
				<ele>397.5</ele>
				<time>2000-01-01T00:00:00Z</time>
			</trkpt>
			<trkpt lat="59.73034" lon="9.25354">
				<ele>397.9464416503906</ele>
				<time>2000-01-01T00:00:00Z</time>
			</trkpt>
			<trkpt lat="59.73052332237301" lon="9.253041586014335">
				<ele>398.3999938964844</ele>
				<time>2000-01-01T00:00:00Z</time>
			</trkpt>
			<trkpt lat="59.73066" lon="9.25267">
				<ele>398.3248596191406</ele>
				<time>2000-01-01T00:00:00Z</time>
			</trkpt>
			<trkpt lat="59.73069805854265" lon="9.25253790633612">
				<ele>398.29998779296875</ele>
				<time>2000-01-01T00:00:00Z</time>
			</trkpt>
			<trkpt lat="59.73083" lon="9.25208">
				<ele>398.1276550292969</ele>
				<time>2000-01-01T00:00:00Z</time>
			</trkpt>
			<trkpt lat="59.73096" lon="9.25144">
				<ele>397.9022216796875</ele>
				<time>2000-01-01T00:00:00Z</time>
			</trkpt>
			<trkpt lat="59.73103" lon="9.25085">
				<ele>397.2147521972656</ele>
				<time>2000-01-01T00:00:00Z</time>
			</trkpt>
			<trkpt lat="59.73107" lon="9.25012">
				<ele>396.78753662109375</ele>
				<time>2000-01-01T00:00:00Z</time>
			</trkpt>
			<trkpt lat="59.73106" lon="9.2496">
				<ele>396.47998046875</ele>
				<time>2000-01-01T00:00:00Z</time>
			</trkpt>
			<trkpt lat="59.73103" lon="9.24925">
				<ele>396.0740051269531</ele>
				<time>2000-01-01T00:00:00Z</time>
			</trkpt>
			<trkpt lat="59.73100254428513" lon="9.249016633719844">
				<ele>395.79998779296875</ele>
				<time>2000-01-01T00:00:00Z</time>
			</trkpt>
			<trkpt lat="59.73097" lon="9.24874">
				<ele>395.6375732421875</ele>
				<time>2000-01-01T00:00:00Z</time>
			</trkpt>
			<trkpt lat="59.73087" lon="9.24824">
				<ele>395.33001708984375</ele>
				<time>2000-01-01T00:00:00Z</time>
			</trkpt>
			<trkpt lat="59.73078" lon="9.24789">
				<ele>395.1053771972656</ele>
				<time>2000-01-01T00:00:00Z</time>
			</trkpt>
			<trkpt lat="59.73063" lon="9.24742">
				<ele>394.86175537109375</ele>
				<time>2000-01-01T00:00:00Z</time>
			</trkpt>
			<trkpt lat="59.73024969362609" lon="9.246374195404126">
				<ele>394.29998779296875</ele>
				<time>2000-01-01T00:00:00Z</time>
			</trkpt>
			<trkpt lat="59.73006917469007" lon="9.24587774353864">
				<ele>393.79998779296875</ele>
				<time>2000-01-01T00:00:00Z</time>
			</trkpt>
			<trkpt lat="59.72991" lon="9.24544">
				<ele>393.7118225097656</ele>
				<time>2000-01-01T00:00:00Z</time>
			</trkpt>
			<trkpt lat="59.72983" lon="9.24516">
				<ele>393.65924072265625</ele>
				<time>2000-01-01T00:00:00Z</time>
			</trkpt>
			<trkpt lat="59.72977004368136" lon="9.244817393052188">
				<ele>393.6000061035156</ele>
				<time>2000-01-01T00:00:00Z</time>
			</trkpt>
			<trkpt lat="59.72976" lon="9.24476">
				<ele>393.590087890625</ele>
				<time>2000-01-01T00:00:00Z</time>
			</trkpt>
			<trkpt lat="59.72972" lon="9.2444">
				<ele>393.52984619140625</ele>
				<time>2000-01-01T00:00:00Z</time>
			</trkpt>
			<trkpt lat="59.72971999845697" lon="9.244217263371475">
				<ele>393.5</ele>
				<time>2000-01-01T00:00:00Z</time>
			</trkpt>
			<trkpt lat="59.72972" lon="9.24381">
				<ele>393.5</ele>
				<time>2000-01-01T00:00:00Z</time>
			</trkpt>
			<trkpt lat="59.72976" lon="9.24323">
				<ele>393.5</ele>
				<time>2000-01-01T00:00:00Z</time>
			</trkpt>
			<trkpt lat="59.72978745120601" lon="9.24300489655945">
				<ele>393.5</ele>
				<time>2000-01-01T00:00:00Z</time>
			</trkpt>
			<trkpt lat="59.72981" lon="9.24282">
				<ele>393.53106689453125</ele>
				<time>2000-01-01T00:00:00Z</time>
			</trkpt>
			<trkpt lat="59.72986" lon="9.24256">
				<ele>393.5765380859375</ele>
				<time>2000-01-01T00:00:00Z</time>
			</trkpt>
			<trkpt lat="59.72989788255572" lon="9.24243760676351">
				<ele>393.6000061035156</ele>
				<time>2000-01-01T00:00:00Z</time>
			</trkpt>
			<trkpt lat="59.72999" lon="9.24214">
				<ele>393.5619812011719</ele>
				<time>2000-01-01T00:00:00Z</time>
			</trkpt>
			<trkpt lat="59.73016" lon="9.24174">
				<ele>393.5049743652344</ele>
				<time>2000-01-01T00:00:00Z</time>
			</trkpt>
			<trkpt lat="59.73026" lon="9.24157">
				<ele>393.4765319824219</ele>
				<time>2000-01-01T00:00:00Z</time>
			</trkpt>
			<trkpt lat="59.73052" lon="9.2412">
				<ele>393.4073791503906</ele>
				<time>2000-01-01T00:00:00Z</time>
			</trkpt>
			<trkpt lat="59.73054909557539" lon="9.24116418211192">
				<ele>393.3999938964844</ele>
				<time>2000-01-01T00:00:00Z</time>
			</trkpt>
			<trkpt lat="59.73107384916598" lon="9.24051986965649">
				<ele>391.29998779296875</ele>
				<time>2000-01-01T00:00:00Z</time>
			</trkpt>
			<trkpt lat="59.73159859960222" lon="9.239875536978756">
				<ele>388.8999938964844</ele>
				<time>2000-01-01T00:00:00Z</time>
			</trkpt>
			<trkpt lat="59.73186096972773" lon="9.23955336785703">
				<ele>386.0</ele>
				<time>2000-01-01T00:00:00Z</time>
			</trkpt>
			<trkpt lat="59.73188" lon="9.23953">
				<ele>385.8803405761719</ele>
				<time>2000-01-01T00:00:00Z</time>
			</trkpt>
			<trkpt lat="59.73201" lon="9.23934">
				<ele>385.01690673828125</ele>
				<time>2000-01-01T00:00:00Z</time>
			</trkpt>
			<trkpt lat="59.73213" lon="9.23912">
				<ele>384.1432189941406</ele>
				<time>2000-01-01T00:00:00Z</time>
			</trkpt>
			<trkpt lat="59.73229174773028" lon="9.238691367754459">
				<ele>382.70001220703125</ele>
				<time>2000-01-01T00:00:00Z</time>
			</trkpt>
			<trkpt lat="59.73233" lon="9.23859">
				<ele>382.0381164550781</ele>
				<time>2000-01-01T00:00:00Z</time>
			</trkpt>
			<trkpt lat="59.7324562186777" lon="9.238174004135454">
				<ele>379.5</ele>
				<time>2000-01-01T00:00:00Z</time>
			</trkpt>
			<trkpt lat="59.73277456199988" lon="9.237125111638697">
				<ele>376.70001220703125</ele>
				<time>2000-01-01T00:00:00Z</time>
			</trkpt>
			<trkpt lat="59.73293373052629" lon="9.236600657900716">
				<ele>374.29998779296875</ele>
				<time>2000-01-01T00:00:00Z</time>
			</trkpt>
			<trkpt lat="59.73294" lon="9.23658">
				<ele>374.25469970703125</ele>
				<time>2000-01-01T00:00:00Z</time>
			</trkpt>
			<trkpt lat="59.7333" lon="9.23566">
				<ele>372.0668029785156</ele>
				<time>2000-01-01T00:00:00Z</time>
			</trkpt>
			<trkpt lat="59.73331184904602" lon="9.235633324880958">
				<ele>372.0</ele>
				<time>2000-01-01T00:00:00Z</time>
			</trkpt>
			<trkpt lat="59.73351593109148" lon="9.23517415240571">
				<ele>369.8999938964844</ele>
				<time>2000-01-01T00:00:00Z</time>
			</trkpt>
			<trkpt lat="59.73362" lon="9.23494">
				<ele>369.33905029296875</ele>
				<time>2000-01-01T00:00:00Z</time>
			</trkpt>
			<trkpt lat="59.733935777208266" lon="9.23427695720576">
				<ele>367.70001220703125</ele>
				<time>2000-01-01T00:00:00Z</time>
			</trkpt>
			<trkpt lat="59.73414776420933" lon="9.23383209768136">
				<ele>365.3999938964844</ele>
				<time>2000-01-01T00:00:00Z</time>
			</trkpt>
			<trkpt lat="59.73457173370067" lon="9.232942361709334">
				<ele>363.0</ele>
				<time>2000-01-01T00:00:00Z</time>
			</trkpt>
			<trkpt lat="59.73478371303207" lon="9.23249749189075">
				<ele>360.3999938964844</ele>
				<time>2000-01-01T00:00:00Z</time>
			</trkpt>
			<trkpt lat="59.735207673501385" lon="9.231607722071399">
				<ele>357.79998779296875</ele>
				<time>2000-01-01T00:00:00Z</time>
			</trkpt>
			<trkpt lat="59.73534" lon="9.23133">
				<ele>356.0521240234375</ele>
				<time>2000-01-01T00:00:00Z</time>
			</trkpt>
			<trkpt lat="59.73541387579708" lon="9.23115269478514">
				<ele>355.0</ele>
				<time>2000-01-01T00:00:00Z</time>
			</trkpt>
			<trkpt lat="59.73554" lon="9.23085">
				<ele>354.06982421875</ele>
				<time>2000-01-01T00:00:00Z</time>
			</trkpt>
			<trkpt lat="59.73564" lon="9.23054">
				<ele>353.1981506347656</ele>
				<time>2000-01-01T00:00:00Z</time>
			</trkpt>
			<trkpt lat="59.73548" lon="9.23031">
				<ele>352.2696838378906</ele>
				<time>2000-01-01T00:00:00Z</time>
			</trkpt>
			<trkpt lat="59.73545570649023" lon="9.230256997119847">
				<ele>352.1000061035156</ele>
				<time>2000-01-01T00:00:00Z</time>
			</trkpt>
			<trkpt lat="59.73537" lon="9.23007">
				<ele>350.7375793457031</ele>
				<time>2000-01-01T00:00:00Z</time>
			</trkpt>
			<trkpt lat="59.73533099253959" lon="9.22971895346751">
				<ele>348.79998779296875</ele>
				<time>2000-01-01T00:00:00Z</time>
			</trkpt>
			<trkpt lat="59.73528" lon="9.22926">
				<ele>347.26470947265625</ele>
				<time>2000-01-01T00:00:00Z</time>
			</trkpt>
			<trkpt lat="59.7352" lon="9.22898">
				<ele>346.2132568359375</ele>
				<time>2000-01-01T00:00:00Z</time>
			</trkpt>
			<trkpt lat="59.73494" lon="9.22857">
				<ele>344.06060791015625</ele>
				<time>2000-01-01T00:00:00Z</time>
			</trkpt>
			<trkpt lat="59.734778047594574" lon="9.228356331311879">
				<ele>342.79998779296875</ele>
				<time>2000-01-01T00:00:00Z</time>
			</trkpt>
			<trkpt lat="59.73426417919771" lon="9.227678292368608">
				<ele>338.20001220703125</ele>
				<time>2000-01-01T00:00:00Z</time>
			</trkpt>
			<trkpt lat="59.73422" lon="9.22762">
				<ele>337.59820556640625</ele>
				<time>2000-01-01T00:00:00Z</time>
			</trkpt>
			<trkpt lat="59.73413" lon="9.22754">
				<ele>336.47955322265625</ele>
				<time>2000-01-01T00:00:00Z</time>
			</trkpt>
			<trkpt lat="59.73402" lon="9.22749">
				<ele>335.1995544433594</ele>
				<time>2000-01-01T00:00:00Z</time>
			</trkpt>
			<trkpt lat="59.73397609041428" lon="9.227483347405695">
				<ele>334.70001220703125</ele>
				<time>2000-01-01T00:00:00Z</time>
			</trkpt>
			<trkpt lat="59.73369" lon="9.22744">
				<ele>332.80926513671875</ele>
				<time>2000-01-01T00:00:00Z</time>
			</trkpt>
			<trkpt lat="59.73348" lon="9.22746">
				<ele>331.423828125</ele>
				<time>2000-01-01T00:00:00Z</time>
			</trkpt>
			<trkpt lat="59.733057403454026" lon="9.227600865367052">
				<ele>328.6000061035156</ele>
				<time>2000-01-01T00:00:00Z</time>
			</trkpt>
			<trkpt lat="59.73294" lon="9.22764">
				<ele>327.7511901855469</ele>
				<time>2000-01-01T00:00:00Z</time>
			</trkpt>
			<trkpt lat="59.73275" lon="9.22776">
				<ele>326.3295593261719</ele>
				<time>2000-01-01T00:00:00Z</time>
			</trkpt>
			<trkpt lat="59.73261" lon="9.22788">
				<ele>325.2422180175781</ele>
				<time>2000-01-01T00:00:00Z</time>
			</trkpt>
			<trkpt lat="59.73248053372752" lon="9.228014644280657">
				<ele>324.20001220703125</ele>
				<time>2000-01-01T00:00:00Z</time>
			</trkpt>
			<trkpt lat="59.73236" lon="9.22814">
				<ele>323.3399658203125</ele>
				<time>2000-01-01T00:00:00Z</time>
			</trkpt>
			<trkpt lat="59.73221" lon="9.22826">
				<ele>322.3178405761719</ele>
				<time>2000-01-01T00:00:00Z</time>
			</trkpt>
			<trkpt lat="59.73189796330454" lon="9.228394346850198">
				<ele>320.29998779296875</ele>
				<time>2000-01-01T00:00:00Z</time>
			</trkpt>
			<trkpt lat="59.73159641985223" lon="9.228524180168911">
				<ele>316.3999938964844</ele>
				<time>2000-01-01T00:00:00Z</time>
			</trkpt>
			<trkpt lat="59.73149" lon="9.22857">
				<ele>315.72943115234375</ele>
				<time>2000-01-01T00:00:00Z</time>
			</trkpt>
			<trkpt lat="59.73141" lon="9.22857">
				<ele>315.2368469238281</ele>
				<time>2000-01-01T00:00:00Z</time>
			</trkpt>
			<trkpt lat="59.73131" lon="9.22853">
				<ele>314.6086730957031</ele>
				<time>2000-01-01T00:00:00Z</time>
			</trkpt>
			<trkpt lat="59.73118" lon="9.22841">
				<ele>313.7257995605469</ele>
				<time>2000-01-01T00:00:00Z</time>
			</trkpt>
			<trkpt lat="59.73112" lon="9.22838">
				<ele>313.34478759765625</ele>
				<time>2000-01-01T00:00:00Z</time>
			</trkpt>
			<trkpt lat="59.73104" lon="9.22837">
				<ele>312.8511962890625</ele>
				<time>2000-01-01T00:00:00Z</time>
			</trkpt>
			<trkpt lat="59.73099922365027" lon="9.228372398579404">
				<ele>312.6000061035156</ele>
				<time>2000-01-01T00:00:00Z</time>
			</trkpt>
			<trkpt lat="59.73087" lon="9.22838">
				<ele>311.81793212890625</ele>
				<time>2000-01-01T00:00:00Z</time>
			</trkpt>
			<trkpt lat="59.73075" lon="9.22835">
				<ele>311.08624267578125</ele>
				<time>2000-01-01T00:00:00Z</time>
			</trkpt>
			<trkpt lat="59.73067" lon="9.22828">
				<ele>310.5572814941406</ele>
				<time>2000-01-01T00:00:00Z</time>
			</trkpt>
			<trkpt lat="59.73045" lon="9.22791">
				<ele>308.8124694824219</ele>
				<time>2000-01-01T00:00:00Z</time>
			</trkpt>
			<trkpt lat="59.73018783926098" lon="9.227622263735139">
				<ele>307.0</ele>
				<time>2000-01-01T00:00:00Z</time>
			</trkpt>
			<trkpt lat="59.73004" lon="9.22746">
				<ele>306.0691223144531</ele>
				<time>2000-01-01T00:00:00Z</time>
			</trkpt>
			<trkpt lat="59.72994" lon="9.22728">
				<ele>305.3251647949219</ele>
				<time>2000-01-01T00:00:00Z</time>
			</trkpt>
			<trkpt lat="59.72985" lon="9.22706">
				<ele>304.9863586425781</ele>
				<time>2000-01-01T00:00:00Z</time>
			</trkpt>
			<trkpt lat="59.72977" lon="9.22693">
				<ele>304.75177001953125</ele>
				<time>2000-01-01T00:00:00Z</time>
			</trkpt>
			<trkpt lat="59.72968" lon="9.22686">
				<ele>304.5324401855469</ele>
				<time>2000-01-01T00:00:00Z</time>
			</trkpt>
			<trkpt lat="59.72948" lon="9.22688">
				<ele>304.07818603515625</ele>
				<time>2000-01-01T00:00:00Z</time>
			</trkpt>
			<trkpt lat="59.72940158228798" lon="9.22687128692134">
				<ele>303.8999938964844</ele>
				<time>2000-01-01T00:00:00Z</time>
			</trkpt>
			<trkpt lat="59.72939" lon="9.22687">
				<ele>303.8548889160156</ele>
				<time>2000-01-01T00:00:00Z</time>
			</trkpt>
			<trkpt lat="59.72910314072521" lon="9.22671760603439">
				<ele>302.70001220703125</ele>
				<time>2000-01-01T00:00:00Z</time>
			</trkpt>
			<trkpt lat="59.72907" lon="9.2267">
				<ele>302.6166076660156</ele>
				<time>2000-01-01T00:00:00Z</time>
			</trkpt>
			<trkpt lat="59.72896" lon="9.22666">
				<ele>302.34478759765625</ele>
				<time>2000-01-01T00:00:00Z</time>
			</trkpt>
			<trkpt lat="59.7287" lon="9.22671">
				<ele>301.7098693847656</ele>
				<time>2000-01-01T00:00:00Z</time>
			</trkpt>
			<trkpt lat="59.72863" lon="9.22671">
				<ele>301.53973388671875</ele>
				<time>2000-01-01T00:00:00Z</time>
			</trkpt>
			<trkpt lat="59.728492789132474" lon="9.226657226772982">
				<ele>301.20001220703125</ele>
				<time>2000-01-01T00:00:00Z</time>
			</trkpt>
			<trkpt lat="59.72837" lon="9.22661">
				<ele>300.51092529296875</ele>
				<time>2000-01-01T00:00:00Z</time>
			</trkpt>
			<trkpt lat="59.72829" lon="9.22651">
				<ele>299.98992919921875</ele>
				<time>2000-01-01T00:00:00Z</time>
			</trkpt>
			<trkpt lat="59.72824390529053" lon="9.22635914646692">
				<ele>299.5</ele>
				<time>2000-01-01T00:00:00Z</time>
			</trkpt>
			<trkpt lat="59.72818" lon="9.22615">
				<ele>299.0804748535156</ele>
				<time>2000-01-01T00:00:00Z</time>
			</trkpt>
			<trkpt lat="59.72805" lon="9.22584">
				<ele>298.38873291015625</ele>
				<time>2000-01-01T00:00:00Z</time>
			</trkpt>
			<trkpt lat="59.72794" lon="9.22566">
				<ele>297.9035339355469</ele>
				<time>2000-01-01T00:00:00Z</time>
			</trkpt>
			<trkpt lat="59.72781" lon="9.2255">
				<ele>297.3658142089844</ele>
				<time>2000-01-01T00:00:00Z</time>
			</trkpt>
			<trkpt lat="59.7276" lon="9.22538">
				<ele>295.87847900390625</ele>
				<time>2000-01-01T00:00:00Z</time>
			</trkpt>
			<trkpt lat="59.727516458751715" lon="9.225348916272484">
				<ele>295.29998779296875</ele>
				<time>2000-01-01T00:00:00Z</time>
			</trkpt>
			<trkpt lat="59.72717" lon="9.22522">
				<ele>294.1575927734375</ele>
				<time>2000-01-01T00:00:00Z</time>
			</trkpt>
			<trkpt lat="59.72705" lon="9.22516">
				<ele>293.75653076171875</ele>
				<time>2000-01-01T00:00:00Z</time>
			</trkpt>
			<trkpt lat="59.72696" lon="9.22507">
				<ele>293.4299011230469</ele>
				<time>2000-01-01T00:00:00Z</time>
			</trkpt>
			<trkpt lat="59.72692819727883" lon="9.22502160747835">
				<ele>293.29998779296875</ele>
				<time>2000-01-01T00:00:00Z</time>
			</trkpt>
			<trkpt lat="59.72673" lon="9.22472">
				<ele>291.7618713378906</ele>
				<time>2000-01-01T00:00:00Z</time>
			</trkpt>
			<trkpt lat="59.7266775244038" lon="9.224667524464088">
				<ele>291.3999938964844</ele>
				<time>2000-01-01T00:00:00Z</time>
			</trkpt>
			<trkpt lat="59.72664" lon="9.22463">
				<ele>291.27740478515625</ele>
				<time>2000-01-01T00:00:00Z</time>
			</trkpt>
			<trkpt lat="59.72657" lon="9.22459">
				<ele>291.0649719238281</ele>
				<time>2000-01-01T00:00:00Z</time>
			</trkpt>
			<trkpt lat="59.72652" lon="9.22459">
				<ele>290.9190979003906</ele>
				<time>2000-01-01T00:00:00Z</time>
			</trkpt>
			<trkpt lat="59.72632" lon="9.22462">
				<ele>290.3340759277344</ele>
				<time>2000-01-01T00:00:00Z</time>
			</trkpt>
			<trkpt lat="59.72625" lon="9.22459">
				<ele>290.1252136230469</ele>
				<time>2000-01-01T00:00:00Z</time>
			</trkpt>
			<trkpt lat="59.72610131137082" lon="9.22438855266198">
				<ele>289.6000061035156</ele>
				<time>2000-01-01T00:00:00Z</time>
			</trkpt>
			<trkpt lat="59.72594" lon="9.22417">
				<ele>288.46044921875</ele>
				<time>2000-01-01T00:00:00Z</time>
			</trkpt>
			<trkpt lat="59.72583138031864" lon="9.22410663852259">
				<ele>287.79998779296875</ele>
				<time>2000-01-01T00:00:00Z</time>
			</trkpt>
			<trkpt lat="59.72582" lon="9.2241">
				<ele>287.7673034667969</ele>
				<time>2000-01-01T00:00:00Z</time>
			</trkpt>
			<trkpt lat="59.72561" lon="9.224">
				<ele>287.1723937988281</ele>
				<time>2000-01-01T00:00:00Z</time>
			</trkpt>
			<trkpt lat="59.725236846299325" lon="9.223779935007382">
				<ele>286.1000061035156</ele>
				<time>2000-01-01T00:00:00Z</time>
			</trkpt>
			<trkpt lat="59.72522" lon="9.22377">
				<ele>285.9861145019531</ele>
				<time>2000-01-01T00:00:00Z</time>
			</trkpt>
			<trkpt lat="59.72496360661181" lon="9.223497065283684">
				<ele>284.1000061035156</ele>
				<time>2000-01-01T00:00:00Z</time>
			</trkpt>
			<trkpt lat="59.72491" lon="9.22344">
				<ele>283.8732604980469</ele>
				<time>2000-01-01T00:00:00Z</time>
			</trkpt>
			<trkpt lat="59.72485" lon="9.2234">
				<ele>283.6373596191406</ele>
				<time>2000-01-01T00:00:00Z</time>
			</trkpt>
			<trkpt lat="59.72473" lon="9.22336">
				<ele>283.183837890625</ele>
				<time>2000-01-01T00:00:00Z</time>
			</trkpt>
			<trkpt lat="59.72462" lon="9.2233">
				<ele>282.7586669921875</ele>
				<time>2000-01-01T00:00:00Z</time>
			</trkpt>
			<trkpt lat="59.72443" lon="9.22308">
				<ele>281.9386901855469</ele>
				<time>2000-01-01T00:00:00Z</time>
			</trkpt>
			<trkpt lat="59.72439995360601" lon="9.223036434709181">
				<ele>281.79998779296875</ele>
				<time>2000-01-01T00:00:00Z</time>
			</trkpt>
			<trkpt lat="59.72423" lon="9.22279">
				<ele>279.8896789550781</ele>
				<time>2000-01-01T00:00:00Z</time>
			</trkpt>
			<trkpt lat="59.72415415835964" lon="9.22266675972532">
				<ele>279.0</ele>
				<time>2000-01-01T00:00:00Z</time>
			</trkpt>
			<trkpt lat="59.72399" lon="9.2224">
				<ele>277.89959716796875</ele>
				<time>2000-01-01T00:00:00Z</time>
			</trkpt>
			<trkpt lat="59.72381" lon="9.22219">
				<ele>276.81671142578125</ele>
				<time>2000-01-01T00:00:00Z</time>
			</trkpt>
			<trkpt lat="59.72363492078482" lon="9.222014923010398">
				<ele>275.79998779296875</ele>
				<time>2000-01-01T00:00:00Z</time>
			</trkpt>
			<trkpt lat="59.7234" lon="9.22178">
				<ele>272.8157958984375</ele>
				<time>2000-01-01T00:00:00Z</time>
			</trkpt>
			<trkpt lat="59.723357958620355" lon="9.221745602645703">
				<ele>272.29998779296875</ele>
				<time>2000-01-01T00:00:00Z</time>
			</trkpt>
			<trkpt lat="59.72329" lon="9.22169">
				<ele>271.87115478515625</ele>
				<time>2000-01-01T00:00:00Z</time>
			</trkpt>
			<trkpt lat="59.72315" lon="9.22163">
				<ele>271.0356140136719</ele>
				<time>2000-01-01T00:00:00Z</time>
			</trkpt>
			<trkpt lat="59.72293" lon="9.2216">
				<ele>269.7492370605469</ele>
				<time>2000-01-01T00:00:00Z</time>
			</trkpt>
			<trkpt lat="59.72287" lon="9.2216">
				<ele>269.3992004394531</ele>
				<time>2000-01-01T00:00:00Z</time>
			</trkpt>
			<trkpt lat="59.72278" lon="9.22162">
				<ele>268.87091064453125</ele>
				<time>2000-01-01T00:00:00Z</time>
			</trkpt>
			<trkpt lat="59.72275428644956" lon="9.221647855960803">
				<ele>268.70001220703125</ele>
				<time>2000-01-01T00:00:00Z</time>
			</trkpt>
			<trkpt lat="59.72266" lon="9.22175">
				<ele>268.0906982421875</ele>
				<time>2000-01-01T00:00:00Z</time>
			</trkpt>
			<trkpt lat="59.7224" lon="9.22211">
				<ele>266.2923889160156</ele>
				<time>2000-01-01T00:00:00Z</time>
			</trkpt>
			<trkpt lat="59.72223" lon="9.2223">
				<ele>265.18157958984375</ele>
				<time>2000-01-01T00:00:00Z</time>
			</trkpt>
			<trkpt lat="59.7221" lon="9.22239">
				<ele>264.17755126953125</ele>
				<time>2000-01-01T00:00:00Z</time>
			</trkpt>
			<trkpt lat="59.72205" lon="9.22241">
				<ele>263.8055725097656</ele>
				<time>2000-01-01T00:00:00Z</time>
			</trkpt>
			<trkpt lat="59.72191" lon="9.22241">
				<ele>262.78472900390625</ele>
				<time>2000-01-01T00:00:00Z</time>
			</trkpt>
			<trkpt lat="59.7218" lon="9.22239">
				<ele>261.979248046875</ele>
				<time>2000-01-01T00:00:00Z</time>
			</trkpt>
			<trkpt lat="59.72168" lon="9.22233">
				<ele>261.0768127441406</ele>
				<time>2000-01-01T00:00:00Z</time>
			</trkpt>
			<trkpt lat="59.72163505449" lon="9.22227943636438">
				<ele>260.70001220703125</ele>
				<time>2000-01-01T00:00:00Z</time>
			</trkpt>
			<trkpt lat="59.7216" lon="9.22224">
				<ele>260.55633544921875</ele>
				<time>2000-01-01T00:00:00Z</time>
			</trkpt>
			<trkpt lat="59.72134" lon="9.22182">
				<ele>259.36090087890625</ele>
				<time>2000-01-01T00:00:00Z</time>
			</trkpt>
			<trkpt lat="59.72127" lon="9.22174">
				<ele>259.0729064941406</ele>
				<time>2000-01-01T00:00:00Z</time>
			</trkpt>
			<trkpt lat="59.72118" lon="9.22169">
				<ele>258.7397155761719</ele>
				<time>2000-01-01T00:00:00Z</time>
			</trkpt>
			<trkpt lat="59.72111284247412" lon="9.221683284250654">
				<ele>258.5</ele>
				<time>2000-01-01T00:00:00Z</time>
			</trkpt>
			<trkpt lat="59.72108" lon="9.22168">
				<ele>258.4413757324219</ele>
				<time>2000-01-01T00:00:00Z</time>
			</trkpt>
			<trkpt lat="59.72101" lon="9.22171">
				<ele>258.313720703125</ele>
				<time>2000-01-01T00:00:00Z</time>
			</trkpt>
			<trkpt lat="59.72096" lon="9.22175">
				<ele>258.2176208496094</ele>
				<time>2000-01-01T00:00:00Z</time>
			</trkpt>
			<trkpt lat="59.72081" lon="9.22194">
				<ele>257.900390625</ele>
				<time>2000-01-01T00:00:00Z</time>
			</trkpt>
			<trkpt lat="59.72076" lon="9.22198">
				<ele>257.8042907714844</ele>
				<time>2000-01-01T00:00:00Z</time>
			</trkpt>
			<trkpt lat="59.7207" lon="9.222">
				<ele>257.6958312988281</ele>
				<time>2000-01-01T00:00:00Z</time>
			</trkpt>
			<trkpt lat="59.720534074422844" lon="9.22200790121519">
				<ele>257.3999938964844</ele>
				<time>2000-01-01T00:00:00Z</time>
			</trkpt>
			<trkpt lat="59.72049" lon="9.22201">
				<ele>257.31427001953125</ele>
				<time>2000-01-01T00:00:00Z</time>
			</trkpt>
			<trkpt lat="59.72022699710247" lon="9.222065368942857">
				<ele>256.79998779296875</ele>
				<time>2000-01-01T00:00:00Z</time>
			</trkpt>
			<trkpt lat="59.72011" lon="9.22209">
				<ele>256.70465087890625</ele>
				<time>2000-01-01T00:00:00Z</time>
			</trkpt>
			<trkpt lat="59.719611960025674" lon="9.222164705948618">
				<ele>256.29998779296875</ele>
				<time>2000-01-01T00:00:00Z</time>
			</trkpt>
			<trkpt lat="59.71951" lon="9.22218">
				<ele>256.1674499511719</ele>
				<time>2000-01-01T00:00:00Z</time>
			</trkpt>
			<trkpt lat="59.71939" lon="9.22215">
				<ele>256.0106506347656</ele>
				<time>2000-01-01T00:00:00Z</time>
			</trkpt>
			<trkpt lat="59.71932" lon="9.22209">
				<ele>255.9117889404297</ele>
				<time>2000-01-01T00:00:00Z</time>
			</trkpt>
			<trkpt lat="59.71931244093564" lon="9.22207992164645">
				<ele>255.89999389648438</ele>
				<time>2000-01-01T00:00:00Z</time>
			</trkpt>
			<trkpt lat="59.71923" lon="9.22197">
				<ele>255.80340576171875</ele>
				<time>2000-01-01T00:00:00Z</time>
			</trkpt>
			<trkpt lat="59.71908" lon="9.22165">
				<ele>255.58921813964844</ele>
				<time>2000-01-01T00:00:00Z</time>
			</trkpt>
			<trkpt lat="59.71902" lon="9.22159">
				<ele>255.52389526367188</ele>
				<time>2000-01-01T00:00:00Z</time>
			</trkpt>
			<trkpt lat="59.7189" lon="9.22153">
				<ele>255.403564453125</ele>
				<time>2000-01-01T00:00:00Z</time>
			</trkpt>
			<trkpt lat="59.7188" lon="9.22151">
				<ele>255.30584716796875</ele>
				<time>2000-01-01T00:00:00Z</time>
			</trkpt>
			<trkpt lat="59.71863" lon="9.2215">
				<ele>254.98098754882812</ele>
				<time>2000-01-01T00:00:00Z</time>
			</trkpt>
			<trkpt lat="59.71849" lon="9.22158">
				<ele>254.69825744628906</ele>
				<time>2000-01-01T00:00:00Z</time>
			</trkpt>
			<trkpt lat="59.71839" lon="9.22167">
				<ele>254.53810119628906</ele>
				<time>2000-01-01T00:00:00Z</time>
			</trkpt>
			<trkpt lat="59.71831" lon="9.22176">
				<ele>254.40396118164062</ele>
				<time>2000-01-01T00:00:00Z</time>
			</trkpt>
			<trkpt lat="59.71801" lon="9.22215">
				<ele>253.88082885742188</ele>
				<time>2000-01-01T00:00:00Z</time>
			</trkpt>
			<trkpt lat="59.71796756811622" lon="9.222220719766954">
				<ele>253.8000030517578</ele>
				<time>2000-01-01T00:00:00Z</time>
			</trkpt>
			<trkpt lat="59.71795" lon="9.22225">
				<ele>253.7504119873047</ele>
				<time>2000-01-01T00:00:00Z</time>
			</trkpt>
			<trkpt lat="59.71784" lon="9.22252">
				<ele>253.37225341796875</ele>
				<time>2000-01-01T00:00:00Z</time>
			</trkpt>
			<trkpt lat="59.71758" lon="9.22328">
				<ele>252.37167358398438</ele>
				<time>2000-01-01T00:00:00Z</time>
			</trkpt>
			<trkpt lat="59.71754" lon="9.22336">
				<ele>252.24893188476562</ele>
				<time>2000-01-01T00:00:00Z</time>
			</trkpt>
			<trkpt lat="59.71746" lon="9.22344">
				<ele>252.0553436279297</ele>
				<time>2000-01-01T00:00:00Z</time>
			</trkpt>
			<trkpt lat="59.71735" lon="9.2235">
				<ele>251.80886840820312</ele>
				<time>2000-01-01T00:00:00Z</time>
			</trkpt>
			<trkpt lat="59.71703890976117" lon="9.223562217830487">
				<ele>250.10000610351562</ele>
				<time>2000-01-01T00:00:00Z</time>
			</trkpt>
			<trkpt lat="59.71685" lon="9.2236">
				<ele>249.54620361328125</ele>
				<time>2000-01-01T00:00:00Z</time>
			</trkpt>
			<trkpt lat="59.71671" lon="9.22362">
				<ele>249.1367950439453</ele>
				<time>2000-01-01T00:00:00Z</time>
			</trkpt>
			<trkpt lat="59.71654" lon="9.2236">
				<ele>248.64007568359375</ele>
				<time>2000-01-01T00:00:00Z</time>
			</trkpt>
			<trkpt lat="59.71642360835886" lon="9.223613693124072">
				<ele>248.3000030517578</ele>
				<time>2000-01-01T00:00:00Z</time>
			</trkpt>
			<trkpt lat="59.71637" lon="9.22362">
				<ele>247.9693145751953</ele>
				<time>2000-01-01T00:00:00Z</time>
			</trkpt>
			<trkpt lat="59.71626" lon="9.22367">
				<ele>247.27439880371094</ele>
				<time>2000-01-01T00:00:00Z</time>
			</trkpt>
			<trkpt lat="59.71618" lon="9.22376">
				<ele>246.70803833007812</ele>
				<time>2000-01-01T00:00:00Z</time>
			</trkpt>
			<trkpt lat="59.716132934535025" lon="9.223726381824912">
				<ele>246.39999389648438</ele>
				<time>2000-01-01T00:00:00Z</time>
			</trkpt>
			<trkpt lat="59.71611" lon="9.22371">
				<ele>246.3407440185547</ele>
				<time>2000-01-01T00:00:00Z</time>
			</trkpt>
			<trkpt lat="59.71605" lon="9.22371">
				<ele>246.1949005126953</ele>
				<time>2000-01-01T00:00:00Z</time>
			</trkpt>
			<trkpt lat="59.71563" lon="9.2239">
				<ele>245.14781188964844</ele>
				<time>2000-01-01T00:00:00Z</time>
			</trkpt>
			<trkpt lat="59.71556" lon="9.22383">
				<ele>244.95726013183594</ele>
				<time>2000-01-01T00:00:00Z</time>
			</trkpt>
			<trkpt lat="59.71554196331373" lon="9.223799938872178">
				<ele>244.89999389648438</ele>
				<time>2000-01-01T00:00:00Z</time>
			</trkpt>
			<trkpt lat="59.71553" lon="9.22378">
				<ele>244.849365234375</ele>
				<time>2000-01-01T00:00:00Z</time>
			</trkpt>
			<trkpt lat="59.71552" lon="9.22362">
				<ele>244.58584594726562</ele>
				<time>2000-01-01T00:00:00Z</time>
			</trkpt>
			<trkpt lat="59.71552" lon="9.22355">
				<ele>244.471435546875</ele>
				<time>2000-01-01T00:00:00Z</time>
			</trkpt>
			<trkpt lat="59.71555" lon="9.22358">
				<ele>244.36256408691406</ele>
				<time>2000-01-01T00:00:00Z</time>
			</trkpt>
			<trkpt lat="59.71556" lon="9.22347">
				<ele>244.17987060546875</ele>
				<time>2000-01-01T00:00:00Z</time>
			</trkpt>
			<trkpt lat="59.71548732123897" lon="9.223377499854744">
				<ele>243.89999389648438</ele>
				<time>2000-01-01T00:00:00Z</time>
			</trkpt>
			<trkpt lat="59.71545" lon="9.22333">
				<ele>243.87603759765625</ele>
				<time>2000-01-01T00:00:00Z</time>
			</trkpt>
			<trkpt lat="59.71533" lon="9.22309">
				<ele>243.7839813232422</ele>
				<time>2000-01-01T00:00:00Z</time>
			</trkpt>
			<trkpt lat="59.71523" lon="9.22295">
				<ele>243.71786499023438</ele>
				<time>2000-01-01T00:00:00Z</time>
			</trkpt>
			<trkpt lat="59.71503" lon="9.22278">
				<ele>243.60032653808594</ele>
				<time>2000-01-01T00:00:00Z</time>
			</trkpt>
			<trkpt lat="59.71484" lon="9.22259">
				<ele>243.4853973388672</ele>
				<time>2000-01-01T00:00:00Z</time>
			</trkpt>
			<trkpt lat="59.71472" lon="9.22244">
				<ele>243.4087677001953</ele>
				<time>2000-01-01T00:00:00Z</time>
			</trkpt>
			<trkpt lat="59.71470703643656" lon="9.22242056224732">
				<ele>243.39999389648438</ele>
				<time>2000-01-01T00:00:00Z</time>
			</trkpt>
			<trkpt lat="59.71438" lon="9.22193">
				<ele>243.26708984375</ele>
				<time>2000-01-01T00:00:00Z</time>
			</trkpt>
			<trkpt lat="59.71422" lon="9.22172">
				<ele>243.2049102783203</ele>
				<time>2000-01-01T00:00:00Z</time>
			</trkpt>
			<trkpt lat="59.71420565183113" lon="9.22171021812478">
				<ele>243.1999969482422</ele>
				<time>2000-01-01T00:00:00Z</time>
			</trkpt>
			<trkpt lat="59.714" lon="9.22157">
				<ele>242.88284301757812</ele>
				<time>2000-01-01T00:00:00Z</time>
			</trkpt>
			<trkpt lat="59.71388" lon="9.22143">
				<ele>242.67979431152344</ele>
				<time>2000-01-01T00:00:00Z</time>
			</trkpt>
			<trkpt lat="59.7137" lon="9.22132">
				<ele>242.4051055908203</ele>
				<time>2000-01-01T00:00:00Z</time>
			</trkpt>
			<trkpt lat="59.71364836574581" lon="9.221220299200052">
				<ele>242.3000030517578</ele>
				<time>2000-01-01T00:00:00Z</time>
			</trkpt>
			<trkpt lat="59.71342730768575" lon="9.220793421900852">
				<ele>240.39999389648438</ele>
				<time>2000-01-01T00:00:00Z</time>
			</trkpt>
			<trkpt lat="59.71341" lon="9.22076">
				<ele>240.2982177734375</ele>
				<time>2000-01-01T00:00:00Z</time>
			</trkpt>
			<trkpt lat="59.71325" lon="9.22053">
				<ele>239.46559143066406</ele>
				<time>2000-01-01T00:00:00Z</time>
			</trkpt>
			<trkpt lat="59.71322" lon="9.22046">
				<ele>239.27044677734375</ele>
				<time>2000-01-01T00:00:00Z</time>
			</trkpt>
			<trkpt lat="59.71322" lon="9.22029">
				<ele>238.90921020507812</ele>
				<time>2000-01-01T00:00:00Z</time>
			</trkpt>
			<trkpt lat="59.71333037174856" lon="9.219816046150289">
				<ele>237.8000030517578</ele>
				<time>2000-01-01T00:00:00Z</time>
			</trkpt>
			<trkpt lat="59.71339" lon="9.21956">
				<ele>236.8550567626953</ele>
				<time>2000-01-01T00:00:00Z</time>
			</trkpt>
			<trkpt lat="59.71346" lon="9.21931">
				<ele>235.89695739746094</ele>
				<time>2000-01-01T00:00:00Z</time>
			</trkpt>
			<trkpt lat="59.71353" lon="9.21919">
				<ele>235.28216552734375</ele>
				<time>2000-01-01T00:00:00Z</time>
			</trkpt>
			<trkpt lat="59.71375" lon="9.21899">
				<ele>233.675537109375</ele>
				<time>2000-01-01T00:00:00Z</time>
			</trkpt>
			<trkpt lat="59.7138" lon="9.21893">
				<ele>233.30621337890625</ele>
				<time>2000-01-01T00:00:00Z</time>
			</trkpt>
			<trkpt lat="59.71387" lon="9.21875">
				<ele>232.5817413330078</ele>
				<time>2000-01-01T00:00:00Z</time>
			</trkpt>
			<trkpt lat="59.714" lon="9.21794">
				<ele>229.87258911132812</ele>
				<time>2000-01-01T00:00:00Z</time>
			</trkpt>
			<trkpt lat="59.714006212047785" lon="9.217920842029478">
				<ele>229.8000030517578</ele>
				<time>2000-01-01T00:00:00Z</time>
			</trkpt>
			<trkpt lat="59.71412" lon="9.21757">
				<ele>229.69773864746094</ele>
				<time>2000-01-01T00:00:00Z</time>
			</trkpt>
			<trkpt lat="59.71417" lon="9.21731">
				<ele>229.6295166015625</ele>
				<time>2000-01-01T00:00:00Z</time>
			</trkpt>
			<trkpt lat="59.71422" lon="9.2169">
				<ele>229.52610778808594</ele>
				<time>2000-01-01T00:00:00Z</time>
			</trkpt>
			<trkpt lat="59.71421557808576" lon="9.216793878646142">
				<ele>229.5</ele>
				<time>2000-01-01T00:00:00Z</time>
			</trkpt>
			<trkpt lat="59.71421" lon="9.21666">
				<ele>229.71954345703125</ele>
				<time>2000-01-01T00:00:00Z</time>
			</trkpt>
			<trkpt lat="59.71412" lon="9.21639">
				<ele>230.24850463867188</ele>
				<time>2000-01-01T00:00:00Z</time>
			</trkpt>
			<trkpt lat="59.71405685859048" lon="9.216300549915376">
				<ele>230.5</ele>
				<time>2000-01-01T00:00:00Z</time>
			</trkpt>
			<trkpt lat="59.714" lon="9.21622">
				<ele>230.69248962402344</ele>
				<time>2000-01-01T00:00:00Z</time>
			</trkpt>
			<trkpt lat="59.71382" lon="9.21604">
				<ele>231.24781799316406</ele>
				<time>2000-01-01T00:00:00Z</time>
			</trkpt>
			<trkpt lat="59.71364" lon="9.21596">
				<ele>231.7559814453125</ele>
				<time>2000-01-01T00:00:00Z</time>
			</trkpt>
			<trkpt lat="59.7136" lon="9.21591">
				<ele>231.88623046875</ele>
				<time>2000-01-01T00:00:00Z</time>
			</trkpt>
			<trkpt lat="59.71353417324681" lon="9.215725687328376">
				<ele>232.1999969482422</ele>
				<time>2000-01-01T00:00:00Z</time>
			</trkpt>
			<trkpt lat="59.71345" lon="9.21549">
				<ele>233.09683227539062</ele>
				<time>2000-01-01T00:00:00Z</time>
			</trkpt>
			<trkpt lat="59.71339575548037" lon="9.215185407611328">
				<ele>234.10000610351562</ele>
				<time>2000-01-01T00:00:00Z</time>
			</trkpt>
			<trkpt lat="59.71332" lon="9.21476">
				<ele>234.7267608642578</ele>
				<time>2000-01-01T00:00:00Z</time>
			</trkpt>
			<trkpt lat="59.71331" lon="9.21431">
				<ele>235.3525390625</ele>
				<time>2000-01-01T00:00:00Z</time>
			</trkpt>
			<trkpt lat="59.71333" lon="9.21406">
				<ele>235.70419311523438</ele>
				<time>2000-01-01T00:00:00Z</time>
			</trkpt>
			<trkpt lat="59.71332745270803" lon="9.213991232891894">
				<ele>235.8000030517578</ele>
				<time>2000-01-01T00:00:00Z</time>
			</trkpt>
			<trkpt lat="59.71332" lon="9.21379">
				<ele>235.9978790283203</ele>
				<time>2000-01-01T00:00:00Z</time>
			</trkpt>
			<trkpt lat="59.71328" lon="9.21337">
				<ele>236.4170379638672</ele>
				<time>2000-01-01T00:00:00Z</time>
			</trkpt>
			<trkpt lat="59.71324" lon="9.21319">
				<ele>236.60992431640625</ele>
				<time>2000-01-01T00:00:00Z</time>
			</trkpt>
			<trkpt lat="59.7132" lon="9.21313">
				<ele>236.70745849609375</ele>
				<time>2000-01-01T00:00:00Z</time>
			</trkpt>
			<trkpt lat="59.713073214498394" lon="9.212969405082749">
				<ele>237.0</ele>
				<time>2000-01-01T00:00:00Z</time>
			</trkpt>
			<trkpt lat="59.71305" lon="9.21294">
				<ele>236.9955291748047</ele>
				<time>2000-01-01T00:00:00Z</time>
			</trkpt>
			<trkpt lat="59.71291" lon="9.21295">
				<ele>236.97283935546875</ele>
				<time>2000-01-01T00:00:00Z</time>
			</trkpt>
			<trkpt lat="59.71287" lon="9.21289">
				<ele>236.96470642089844</ele>
				<time>2000-01-01T00:00:00Z</time>
			</trkpt>
			<trkpt lat="59.71281" lon="9.21273">
				<ele>236.9484100341797</ele>
				<time>2000-01-01T00:00:00Z</time>
			</trkpt>
			<trkpt lat="59.71268" lon="9.2123">
				<ele>236.90744018554688</ele>
				<time>2000-01-01T00:00:00Z</time>
			</trkpt>
			<trkpt lat="59.712665139776455" lon="9.21221382364851">
				<ele>236.89999389648438</ele>
				<time>2000-01-01T00:00:00Z</time>
			</trkpt>
			<trkpt lat="59.71258" lon="9.21172">
				<ele>236.72940063476562</ele>
				<time>2000-01-01T00:00:00Z</time>
			</trkpt>
			<trkpt lat="59.71255" lon="9.2116">
				<ele>236.68560791015625</ele>
				<time>2000-01-01T00:00:00Z</time>
			</trkpt>
			<trkpt lat="59.7125" lon="9.2115">
				<ele>236.63958740234375</ele>
				<time>2000-01-01T00:00:00Z</time>
			</trkpt>
			<trkpt lat="59.71237" lon="9.2114">
				<ele>236.5491943359375</ele>
				<time>2000-01-01T00:00:00Z</time>
			</trkpt>
			<trkpt lat="59.71230349526446" lon="9.211327449474041">
				<ele>236.5</ele>
				<time>2000-01-01T00:00:00Z</time>
			</trkpt>
			<trkpt lat="59.71226" lon="9.21128">
				<ele>236.43565368652344</ele>
				<time>2000-01-01T00:00:00Z</time>
			</trkpt>
			<trkpt lat="59.712096890015616" lon="9.210881286910226">
				<ele>236.10000610351562</ele>
				<time>2000-01-01T00:00:00Z</time>
			</trkpt>
			<trkpt lat="59.71208" lon="9.21084">
				<ele>236.08697509765625</ele>
				<time>2000-01-01T00:00:00Z</time>
			</trkpt>
			<trkpt lat="59.712" lon="9.21071">
				<ele>236.03668212890625</ele>
				<time>2000-01-01T00:00:00Z</time>
			</trkpt>
			<trkpt lat="59.71187" lon="9.21042">
				<ele>235.94155883789062</ele>
				<time>2000-01-01T00:00:00Z</time>
			</trkpt>
			<trkpt lat="59.71165" lon="9.21022">
				<ele>235.82391357421875</ele>
				<time>2000-01-01T00:00:00Z</time>
			</trkpt>
			<trkpt lat="59.71160789221189" lon="9.21016964658292">
				<ele>235.8000030517578</ele>
				<time>2000-01-01T00:00:00Z</time>
			</trkpt>
			<trkpt lat="59.71134368670465" lon="9.209853627702364">
				<ele>235.39999389648438</ele>
				<time>2000-01-01T00:00:00Z</time>
			</trkpt>
			<trkpt lat="59.71114" lon="9.20961">
				<ele>235.20726013183594</ele>
				<time>2000-01-01T00:00:00Z</time>
			</trkpt>
			<trkpt lat="59.71103" lon="9.20932">
				<ele>235.05897521972656</ele>
				<time>2000-01-01T00:00:00Z</time>
			</trkpt>
			<trkpt lat="59.71099" lon="9.20926">
				<ele>235.01834106445312</ele>
				<time>2000-01-01T00:00:00Z</time>
			</trkpt>
			<trkpt lat="59.71085337100149" lon="9.20915752915266">
				<ele>234.89999389648438</ele>
				<time>2000-01-01T00:00:00Z</time>
			</trkpt>
			<trkpt lat="59.71067" lon="9.20902">
				<ele>234.58229064941406</ele>
				<time>2000-01-01T00:00:00Z</time>
			</trkpt>
			<trkpt lat="59.710568486758895" lon="9.208923829862341">
				<ele>234.39999389648438</ele>
				<time>2000-01-01T00:00:00Z</time>
			</trkpt>
			<trkpt lat="59.71048" lon="9.20884">
				<ele>234.33642578125</ele>
				<time>2000-01-01T00:00:00Z</time>
			</trkpt>
			<trkpt lat="59.71038" lon="9.20878">
				<ele>234.26870727539062</ele>
				<time>2000-01-01T00:00:00Z</time>
			</trkpt>
			<trkpt lat="59.7101" lon="9.20848">
				<ele>234.0624237060547</ele>
				<time>2000-01-01T00:00:00Z</time>
			</trkpt>
			<trkpt lat="59.710004447885154" lon="9.208456111975963">
				<ele>234.0</ele>
				<time>2000-01-01T00:00:00Z</time>
			</trkpt>
			<trkpt lat="59.70998" lon="9.20845">
				<ele>233.97604370117188</ele>
				<time>2000-01-01T00:00:00Z</time>
			</trkpt>
			<trkpt lat="59.70994" lon="9.2084">
				<ele>233.93006896972656</ele>
				<time>2000-01-01T00:00:00Z</time>
			</trkpt>
			<trkpt lat="59.70984" lon="9.20806">
				<ele>233.737060546875</ele>
				<time>2000-01-01T00:00:00Z</time>
			</trkpt>
			<trkpt lat="59.70981161532821" lon="9.208009538762413">
				<ele>233.6999969482422</ele>
				<time>2000-01-01T00:00:00Z</time>
			</trkpt>
			<trkpt lat="59.70975" lon="9.2079">
				<ele>233.6731719970703</ele>
				<time>2000-01-01T00:00:00Z</time>
			</trkpt>
			<trkpt lat="59.70971" lon="9.20785">
				<ele>233.65785217285156</ele>
				<time>2000-01-01T00:00:00Z</time>
			</trkpt>
			<trkpt lat="59.70964" lon="9.20779">
				<ele>233.6331329345703</ele>
				<time>2000-01-01T00:00:00Z</time>
			</trkpt>
			<trkpt lat="59.70956" lon="9.20764">
				<ele>233.5974578857422</ele>
				<time>2000-01-01T00:00:00Z</time>
			</trkpt>
			<trkpt lat="59.709275886259086" lon="9.207444672754857">
				<ele>233.5</ele>
				<time>2000-01-01T00:00:00Z</time>
			</trkpt>
			<trkpt lat="59.70908" lon="9.20731">
				<ele>233.56719970703125</ele>
				<time>2000-01-01T00:00:00Z</time>
			</trkpt>
			<trkpt lat="59.70868" lon="9.20709">
				<ele>233.71377563476562</ele>
				<time>2000-01-01T00:00:00Z</time>
			</trkpt>
			<trkpt lat="59.70840344783996" lon="9.206843345720252">
				<ele>234.5</ele>
				<time>2000-01-01T00:00:00Z</time>
			</trkpt>
			<trkpt lat="59.70831" lon="9.20676">
				<ele>234.7656707763672</ele>
				<time>2000-01-01T00:00:00Z</time>
			</trkpt>
			<trkpt lat="59.70813" lon="9.20653">
				<ele>235.3208770751953</ele>
				<time>2000-01-01T00:00:00Z</time>
			</trkpt>
			<trkpt lat="59.70794" lon="9.20635">
				<ele>235.86683654785156</ele>
				<time>2000-01-01T00:00:00Z</time>
			</trkpt>
			<trkpt lat="59.70788" lon="9.20627">
				<ele>236.05430603027344</ele>
				<time>2000-01-01T00:00:00Z</time>
			</trkpt>
			<trkpt lat="59.707866369011406" lon="9.20624785141504">
				<ele>236.10000610351562</ele>
				<time>2000-01-01T00:00:00Z</time>
			</trkpt>
			<trkpt lat="59.70772" lon="9.20601">
				<ele>237.32675170898438</ele>
				<time>2000-01-01T00:00:00Z</time>
			</trkpt>
			<trkpt lat="59.70763386710012" lon="9.205846347542304">
				<ele>238.10000610351562</ele>
				<time>2000-01-01T00:00:00Z</time>
			</trkpt>
			<trkpt lat="59.70762" lon="9.20582">
				<ele>238.18716430664062</ele>
				<time>2000-01-01T00:00:00Z</time>
			</trkpt>
			<trkpt lat="59.70743" lon="9.20554">
				<ele>239.2612762451172</ele>
				<time>2000-01-01T00:00:00Z</time>
			</trkpt>
			<trkpt lat="59.70732" lon="9.20533">
				<ele>239.9541778564453</ele>
				<time>2000-01-01T00:00:00Z</time>
			</trkpt>
			<trkpt lat="59.70722" lon="9.20508">
				<ele>240.6843719482422</ele>
				<time>2000-01-01T00:00:00Z</time>
			</trkpt>
			<trkpt lat="59.70719415225537" lon="9.205000943135763">
				<ele>240.89999389648438</ele>
				<time>2000-01-01T00:00:00Z</time>
			</trkpt>
			<trkpt lat="59.70705" lon="9.20456">
				<ele>240.95726013183594</ele>
				<time>2000-01-01T00:00:00Z</time>
			</trkpt>
			<trkpt lat="59.70695" lon="9.204">
				<ele>241.02200317382812</ele>
				<time>2000-01-01T00:00:00Z</time>
			</trkpt>
			<trkpt lat="59.7069" lon="9.20366">
				<ele>241.06060791015625</ele>
				<time>2000-01-01T00:00:00Z</time>
			</trkpt>
			<trkpt lat="59.70688" lon="9.20331">
				<ele>241.0989990234375</ele>
				<time>2000-01-01T00:00:00Z</time>
			</trkpt>
			<trkpt lat="59.70675" lon="9.20306">
				<ele>240.1850128173828</ele>
				<time>2000-01-01T00:00:00Z</time>
			</trkpt>
			<trkpt lat="59.70671" lon="9.20291">
				<ele>239.74122619628906</ele>
				<time>2000-01-01T00:00:00Z</time>
			</trkpt>
			<trkpt lat="59.70670390291368" lon="9.202818560490307">
				<ele>239.5</ele>
				<time>2000-01-01T00:00:00Z</time>
			</trkpt>
			<trkpt lat="59.70668" lon="9.20246">
				<ele>238.61312866210938</ele>
				<time>2000-01-01T00:00:00Z</time>
			</trkpt>
			<trkpt lat="59.70668" lon="9.20188">
				<ele>237.19088745117188</ele>
				<time>2000-01-01T00:00:00Z</time>
			</trkpt>
			<trkpt lat="59.70671192318889" lon="9.20160545751656">
				<ele>236.5</ele>
				<time>2000-01-01T00:00:00Z</time>
			</trkpt>
			<trkpt lat="59.70673" lon="9.20145">
				<ele>235.74366760253906</ele>
				<time>2000-01-01T00:00:00Z</time>
			</trkpt>
			<trkpt lat="59.70675" lon="9.20101">
				<ele>233.64927673339844</ele>
				<time>2000-01-01T00:00:00Z</time>
			</trkpt>
			<trkpt lat="59.70676" lon="9.20075">
				<ele>233.23162841796875</ele>
				<time>2000-01-01T00:00:00Z</time>
			</trkpt>
			<trkpt lat="59.70674" lon="9.20066">
				<ele>233.0869598388672</ele>
				<time>2000-01-01T00:00:00Z</time>
			</trkpt>
			<trkpt lat="59.7066" lon="9.20048">
				<ele>232.60023498535156</ele>
				<time>2000-01-01T00:00:00Z</time>
			</trkpt>
			<trkpt lat="59.70641" lon="9.20033">
				<ele>232.00372314453125</ele>
				<time>2000-01-01T00:00:00Z</time>
			</trkpt>
			<trkpt lat="59.70634763779131" lon="9.20026763782649">
				<ele>231.8000030517578</ele>
				<time>2000-01-01T00:00:00Z</time>
			</trkpt>
			<trkpt lat="59.70632" lon="9.20024">
				<ele>231.76991271972656</ele>
				<time>2000-01-01T00:00:00Z</time>
			</trkpt>
			<trkpt lat="59.70612" lon="9.1999">
				<ele>231.5137481689453</ele>
				<time>2000-01-01T00:00:00Z</time>
			</trkpt>
			<trkpt lat="59.706112206350355" lon="9.199923380785782">
				<ele>231.5</ele>
				<time>2000-01-01T00:00:00Z</time>
			</trkpt>
			<trkpt lat="59.70609" lon="9.19999">
				<ele>231.60443115234375</ele>
				<time>2000-01-01T00:00:00Z</time>
			</trkpt>
			<trkpt lat="59.70605" lon="9.19993">
				<ele>231.73448181152344</ele>
				<time>2000-01-01T00:00:00Z</time>
			</trkpt>
			<trkpt lat="59.70593" lon="9.19965">
				<ele>232.21499633789062</ele>
				<time>2000-01-01T00:00:00Z</time>
			</trkpt>
			<trkpt lat="59.70597" lon="9.19958">
				<ele>232.35333251953125</ele>
				<time>2000-01-01T00:00:00Z</time>
			</trkpt>
			<trkpt lat="59.70589" lon="9.19936">
				<ele>232.70802307128906</ele>
				<time>2000-01-01T00:00:00Z</time>
			</trkpt>
			<trkpt lat="59.70586" lon="9.19931">
				<ele>232.80963134765625</ele>
				<time>2000-01-01T00:00:00Z</time>
			</trkpt>
			<trkpt lat="59.70582" lon="9.19928">
				<ele>232.92051696777344</ele>
				<time>2000-01-01T00:00:00Z</time>
			</trkpt>
			<trkpt lat="59.70578764545894" lon="9.199158671944371">
				<ele>233.10000610351562</ele>
				<time>2000-01-01T00:00:00Z</time>
			</trkpt>
			<trkpt lat="59.70574" lon="9.19898">
				<ele>233.7277374267578</ele>
				<time>2000-01-01T00:00:00Z</time>
			</trkpt>
			<trkpt lat="59.70549" lon="9.19844">
				<ele>236.00436401367188</ele>
				<time>2000-01-01T00:00:00Z</time>
			</trkpt>
			<trkpt lat="59.705421701893584" lon="9.198185435769423">
				<ele>236.89999389648438</ele>
				<time>2000-01-01T00:00:00Z</time>
			</trkpt>
			<trkpt lat="59.70538" lon="9.19803">
				<ele>237.4036407470703</ele>
				<time>2000-01-01T00:00:00Z</time>
			</trkpt>
			<trkpt lat="59.70535" lon="9.19797">
				<ele>237.6453857421875</ele>
				<time>2000-01-01T00:00:00Z</time>
			</trkpt>
			<trkpt lat="59.70516" lon="9.19787">
				<ele>238.76026916503906</ele>
				<time>2000-01-01T00:00:00Z</time>
			</trkpt>
			<trkpt lat="59.70504" lon="9.19783">
				<ele>239.45037841796875</ele>
				<time>2000-01-01T00:00:00Z</time>
			</trkpt>
			<trkpt lat="59.70492" lon="9.19776">
				<ele>240.15982055664062</ele>
				<time>2000-01-01T00:00:00Z</time>
			</trkpt>
			<trkpt lat="59.70487810406779" lon="9.197772219296764">
				<ele>240.39999389648438</ele>
				<time>2000-01-01T00:00:00Z</time>
			</trkpt>
			<trkpt lat="59.70468" lon="9.19783">
				<ele>240.78936767578125</ele>
				<time>2000-01-01T00:00:00Z</time>
			</trkpt>
			<trkpt lat="59.70453" lon="9.1978">
				<ele>241.08251953125</ele>
				<time>2000-01-01T00:00:00Z</time>
			</trkpt>
			<trkpt lat="59.70427603085511" lon="9.197642364013786">
				<ele>241.60000610351562</ele>
				<time>2000-01-01T00:00:00Z</time>
			</trkpt>
			<trkpt lat="59.70424" lon="9.19762">
				<ele>241.6856689453125</ele>
				<time>2000-01-01T00:00:00Z</time>
			</trkpt>
			<trkpt lat="59.70403" lon="9.19753">
				<ele>242.17308044433594</ele>
				<time>2000-01-01T00:00:00Z</time>
			</trkpt>
			<trkpt lat="59.70397405901081" lon="9.19752792816223">
				<ele>242.3000030517578</ele>
				<time>2000-01-01T00:00:00Z</time>
			</trkpt>
			<trkpt lat="59.70376" lon="9.19752">
				<ele>242.4387664794922</ele>
				<time>2000-01-01T00:00:00Z</time>
			</trkpt>
			<trkpt lat="59.70365" lon="9.19747">
				<ele>242.5119171142578</ele>
				<time>2000-01-01T00:00:00Z</time>
			</trkpt>
			<trkpt lat="59.70349" lon="9.19738">
				<ele>242.61972045898438</ele>
				<time>2000-01-01T00:00:00Z</time>
			</trkpt>
			<trkpt lat="59.70337651490316" lon="9.19728164630077">
				<ele>242.6999969482422</ele>
				<time>2000-01-01T00:00:00Z</time>
			</trkpt>
			<trkpt lat="59.70334" lon="9.19725">
				<ele>242.73873901367188</ele>
				<time>2000-01-01T00:00:00Z</time>
			</trkpt>
			<trkpt lat="59.70325" lon="9.19721">
				<ele>242.8284149169922</ele>
				<time>2000-01-01T00:00:00Z</time>
			</trkpt>
			<trkpt lat="59.70307390005065" lon="9.197187030452836">
				<ele>243.0</ele>
				<time>2000-01-01T00:00:00Z</time>
			</trkpt>
			<trkpt lat="59.70302" lon="9.19718">
				<ele>243.00875854492188</ele>
				<time>2000-01-01T00:00:00Z</time>
			</trkpt>
			<trkpt lat="59.70287" lon="9.19719">
				<ele>243.0330810546875</ele>
				<time>2000-01-01T00:00:00Z</time>
			</trkpt>
			<trkpt lat="59.70279" lon="9.19717">
				<ele>243.046142578125</ele>
				<time>2000-01-01T00:00:00Z</time>
			</trkpt>
			<trkpt lat="59.70264" lon="9.19707">
				<ele>243.07179260253906</ele>
				<time>2000-01-01T00:00:00Z</time>
			</trkpt>
			<trkpt lat="59.70258" lon="9.19702">
				<ele>243.08233642578125</ele>
				<time>2000-01-01T00:00:00Z</time>
			</trkpt>
			<trkpt lat="59.70250461316469" lon="9.196863842260395">
				<ele>243.10000610351562</ele>
				<time>2000-01-01T00:00:00Z</time>
			</trkpt>
			<trkpt lat="59.70244" lon="9.19673">
				<ele>242.97885131835938</ele>
				<time>2000-01-01T00:00:00Z</time>
			</trkpt>
			<trkpt lat="59.70235" lon="9.19664">
				<ele>242.84817504882812</ele>
				<time>2000-01-01T00:00:00Z</time>
			</trkpt>
			<trkpt lat="59.70223808250611" lon="9.19659391637106">
				<ele>242.6999969482422</ele>
				<time>2000-01-01T00:00:00Z</time>
			</trkpt>
			<trkpt lat="59.70218" lon="9.19657">
				<ele>242.60386657714844</ele>
				<time>2000-01-01T00:00:00Z</time>
			</trkpt>
			<trkpt lat="59.70203" lon="9.19656">
				<ele>242.3606719970703</ele>
				<time>2000-01-01T00:00:00Z</time>
			</trkpt>
			<trkpt lat="59.70189" lon="9.1966">
				<ele>242.1314697265625</ele>
				<time>2000-01-01T00:00:00Z</time>
			</trkpt>
			<trkpt lat="59.7018" lon="9.19658">
				<ele>241.98471069335938</ele>
				<time>2000-01-01T00:00:00Z</time>
			</trkpt>
			<trkpt lat="59.70171" lon="9.19654">
				<ele>241.8352508544922</ele>
				<time>2000-01-01T00:00:00Z</time>
			</trkpt>
			<trkpt lat="59.70163830317555" lon="9.196455267476724">
				<ele>241.6999969482422</ele>
				<time>2000-01-01T00:00:00Z</time>
			</trkpt>
			<trkpt lat="59.7016" lon="9.19641">
				<ele>241.59884643554688</ele>
				<time>2000-01-01T00:00:00Z</time>
			</trkpt>
			<trkpt lat="59.70148" lon="9.19633">
				<ele>241.31161499023438</ele>
				<time>2000-01-01T00:00:00Z</time>
			</trkpt>
			<trkpt lat="59.70135" lon="9.19603">
				<ele>240.85899353027344</ele>
				<time>2000-01-01T00:00:00Z</time>
			</trkpt>
			<trkpt lat="59.70131" lon="9.19595">
				<ele>240.73008728027344</ele>
				<time>2000-01-01T00:00:00Z</time>
			</trkpt>
			<trkpt lat="59.70128" lon="9.19588">
				<ele>240.62496948242188</ele>
				<time>2000-01-01T00:00:00Z</time>
			</trkpt>
			<trkpt lat="59.7012272103205" lon="9.195616051840533">
				<ele>240.3000030517578</ele>
				<time>2000-01-01T00:00:00Z</time>
			</trkpt>
			<trkpt lat="59.70122" lon="9.19558">
				<ele>240.1985321044922</ele>
				<time>2000-01-01T00:00:00Z</time>
			</trkpt>
			<trkpt lat="59.70122" lon="9.19538">
				<ele>239.6753387451172</ele>
				<time>2000-01-01T00:00:00Z</time>
			</trkpt>
			<trkpt lat="59.70119" lon="9.19529">
				<ele>239.3931427001953</ele>
				<time>2000-01-01T00:00:00Z</time>
			</trkpt>
			<trkpt lat="59.70107" lon="9.19514">
				<ele>238.67784118652344</ele>
				<time>2000-01-01T00:00:00Z</time>
			</trkpt>
			<trkpt lat="59.70103" lon="9.19513">
				<ele>238.5689697265625</ele>
				<time>2000-01-01T00:00:00Z</time>
			</trkpt>
			<trkpt lat="59.70094" lon="9.19506">
				<ele>238.30787658691406</ele>
				<time>2000-01-01T00:00:00Z</time>
			</trkpt>
			<trkpt lat="59.70085" lon="9.19502">
				<ele>238.05877685546875</ele>
				<time>2000-01-01T00:00:00Z</time>
			</trkpt>
			<trkpt lat="59.7006" lon="9.19501">
				<ele>237.38345336914062</ele>
				<time>2000-01-01T00:00:00Z</time>
			</trkpt>
			<trkpt lat="59.70051" lon="9.19503">
				<ele>237.1388702392578</ele>
				<time>2000-01-01T00:00:00Z</time>
			</trkpt>
			<trkpt lat="59.70016290764383" lon="9.194991434183226">
				<ele>236.1999969482422</ele>
				<time>2000-01-01T00:00:00Z</time>
			</trkpt>
			<trkpt lat="59.70015" lon="9.19499">
				<ele>236.1874237060547</ele>
				<time>2000-01-01T00:00:00Z</time>
			</trkpt>
			<trkpt lat="59.70012" lon="9.19502">
				<ele>236.15475463867188</ele>
				<time>2000-01-01T00:00:00Z</time>
			</trkpt>
			<trkpt lat="59.70008" lon="9.19504">
				<ele>236.11465454101562</ele>
				<time>2000-01-01T00:00:00Z</time>
			</trkpt>
			<trkpt lat="59.70003" lon="9.19502">
				<ele>236.0650634765625</ele>
				<time>2000-01-01T00:00:00Z</time>
			</trkpt>
			<trkpt lat="59.69977" lon="9.19501">
				<ele>235.81222534179688</ele>
				<time>2000-01-01T00:00:00Z</time>
			</trkpt>
			<trkpt lat="59.699552247802394" lon="9.195040243276116">
				<ele>235.60000610351562</ele>
				<time>2000-01-01T00:00:00Z</time>
			</trkpt>
			<trkpt lat="59.69941" lon="9.19506">
				<ele>235.507568359375</ele>
				<time>2000-01-01T00:00:00Z</time>
			</trkpt>
			<trkpt lat="59.699244203283214" lon="9.195044927579222">
				<ele>235.39999389648438</ele>
				<time>2000-01-01T00:00:00Z</time>
			</trkpt>
			<trkpt lat="59.69919" lon="9.19504">
				<ele>235.40878295898438</ele>
				<time>2000-01-01T00:00:00Z</time>
			</trkpt>
			<trkpt lat="59.69896" lon="9.19495">
				<ele>235.44677734375</ele>
				<time>2000-01-01T00:00:00Z</time>
			</trkpt>
			<trkpt lat="59.698651217395636" lon="9.194728310120352">
				<ele>235.5</ele>
				<time>2000-01-01T00:00:00Z</time>
			</trkpt>
			<trkpt lat="59.69857" lon="9.19467">
				<ele>235.6119842529297</ele>
				<time>2000-01-01T00:00:00Z</time>
			</trkpt>
			<trkpt lat="59.69851" lon="9.19464">
				<ele>235.69219970703125</ele>
				<time>2000-01-01T00:00:00Z</time>
			</trkpt>
			<trkpt lat="59.69835060429251" lon="9.194606188976806">
				<ele>235.89999389648438</ele>
				<time>2000-01-01T00:00:00Z</time>
			</trkpt>
			<trkpt lat="59.69818" lon="9.19457">
				<ele>236.03900146484375</ele>
				<time>2000-01-01T00:00:00Z</time>
			</trkpt>
			<trkpt lat="59.69795" lon="9.19448">
				<ele>236.2289581298828</ele>
				<time>2000-01-01T00:00:00Z</time>
			</trkpt>
			<trkpt lat="59.69782" lon="9.1945">
				<ele>236.3345947265625</ele>
				<time>2000-01-01T00:00:00Z</time>
			</trkpt>
			<trkpt lat="59.6977406087613" lon="9.194528869530384">
				<ele>236.39999389648438</ele>
				<time>2000-01-01T00:00:00Z</time>
			</trkpt>
			<trkpt lat="59.69771" lon="9.19454">
				<ele>236.4907684326172</ele>
				<time>2000-01-01T00:00:00Z</time>
			</trkpt>
			<trkpt lat="59.69744646273013" lon="9.194711871244753">
				<ele>237.3000030517578</ele>
				<time>2000-01-01T00:00:00Z</time>
			</trkpt>
			<trkpt lat="59.69725" lon="9.19484">
				<ele>237.568115234375</ele>
				<time>2000-01-01T00:00:00Z</time>
			</trkpt>
			<trkpt lat="59.69708" lon="9.19492">
				<ele>237.7946319580078</ele>
				<time>2000-01-01T00:00:00Z</time>
			</trkpt>
			<trkpt lat="59.69692" lon="9.19493">
				<ele>238.0021514892578</ele>
				<time>2000-01-01T00:00:00Z</time>
			</trkpt>
			<trkpt lat="59.6968445361156" lon="9.194925807696418">
				<ele>238.10000610351562</ele>
				<time>2000-01-01T00:00:00Z</time>
			</trkpt>
			<trkpt lat="59.69656" lon="9.19491">
				<ele>238.468994140625</ele>
				<time>2000-01-01T00:00:00Z</time>
			</trkpt>
			<trkpt lat="59.69653624317203" lon="9.19491552368131">
				<ele>238.5</ele>
				<time>2000-01-01T00:00:00Z</time>
			</trkpt>
			<trkpt lat="59.69613" lon="9.19501">
				<ele>238.16859436035156</ele>
				<time>2000-01-01T00:00:00Z</time>
			</trkpt>
			<trkpt lat="59.69594" lon="9.19501">
				<ele>238.0146484375</ele>
				<time>2000-01-01T00:00:00Z</time>
			</trkpt>
			<trkpt lat="59.69592197732853" lon="9.19500699635298">
				<ele>238.0</ele>
				<time>2000-01-01T00:00:00Z</time>
			</trkpt>
			<trkpt lat="59.69576" lon="9.19498">
				<ele>237.1571502685547</ele>
				<time>2000-01-01T00:00:00Z</time>
			</trkpt>
			<trkpt lat="59.69561589833318" lon="9.19493326483597">
				<ele>236.39999389648438</ele>
				<time>2000-01-01T00:00:00Z</time>
			</trkpt>
			<trkpt lat="59.69539" lon="9.19486">
				<ele>235.03994750976562</ele>
				<time>2000-01-01T00:00:00Z</time>
			</trkpt>
			<trkpt lat="59.6952" lon="9.19483">
				<ele>233.907470703125</ele>
				<time>2000-01-01T00:00:00Z</time>
			</trkpt>
			<trkpt lat="59.69489" lon="9.1947">
				<ele>232.0248260498047</ele>
				<time>2000-01-01T00:00:00Z</time>
			</trkpt>
			<trkpt lat="59.69476" lon="9.19459">
				<ele>231.1849365234375</ele>
				<time>2000-01-01T00:00:00Z</time>
			</trkpt>
			<trkpt lat="59.694723845011545" lon="9.194527551021718">
				<ele>230.89999389648438</ele>
				<time>2000-01-01T00:00:00Z</time>
			</trkpt>
			<trkpt lat="59.69465" lon="9.1944">
				<ele>230.39207458496094</ele>
				<time>2000-01-01T00:00:00Z</time>
			</trkpt>
			<trkpt lat="59.69436" lon="9.19368">
				<ele>227.9815673828125</ele>
				<time>2000-01-01T00:00:00Z</time>
			</trkpt>
			<trkpt lat="59.69431791004524" lon="9.193612009214382">
				<ele>227.6999969482422</ele>
				<time>2000-01-01T00:00:00Z</time>
			</trkpt>
			<trkpt lat="59.69423" lon="9.19347">
				<ele>227.0751495361328</ele>
				<time>2000-01-01T00:00:00Z</time>
			</trkpt>
			<trkpt lat="59.6940609548002" lon="9.193276805601524">
				<ele>226.0</ele>
				<time>2000-01-01T00:00:00Z</time>
			</trkpt>
			<trkpt lat="59.69402" lon="9.19323">
				<ele>225.96170043945312</ele>
				<time>2000-01-01T00:00:00Z</time>
			</trkpt>
			<trkpt lat="59.693502600941414" lon="9.192756772642731">
				<ele>225.5</ele>
				<time>2000-01-01T00:00:00Z</time>
			</trkpt>
			<trkpt lat="59.69322243589848" lon="9.192500520707577">
				<ele>226.0</ele>
				<time>2000-01-01T00:00:00Z</time>
			</trkpt>
			<trkpt lat="59.6932" lon="9.19248">
				<ele>226.06005859375</ele>
				<time>2000-01-01T00:00:00Z</time>
			</trkpt>
			<trkpt lat="59.69298" lon="9.19223">
				<ele>226.6764678955078</ele>
				<time>2000-01-01T00:00:00Z</time>
			</trkpt>
			<trkpt lat="59.69269595244254" lon="9.191864019239604">
				<ele>227.5</ele>
				<time>2000-01-01T00:00:00Z</time>
			</trkpt>
			<trkpt lat="59.69246" lon="9.19156">
				<ele>229.41549682617188</ele>
				<time>2000-01-01T00:00:00Z</time>
			</trkpt>
			<trkpt lat="59.692436094358" lon="9.191534649381543">
				<ele>229.60000610351562</ele>
				<time>2000-01-01T00:00:00Z</time>
			</trkpt>
			<trkpt lat="59.69213" lon="9.19121">
				<ele>231.0626983642578</ele>
				<time>2000-01-01T00:00:00Z</time>
			</trkpt>
			<trkpt lat="59.69192" lon="9.19094">
				<ele>232.1173553466797</ele>
				<time>2000-01-01T00:00:00Z</time>
			</trkpt>
			<trkpt lat="59.69190411499903" lon="9.190917199986233">
				<ele>232.1999969482422</ele>
				<time>2000-01-01T00:00:00Z</time>
			</trkpt>
			<trkpt lat="59.69153" lon="9.19038">
				<ele>234.52081298828125</ele>
				<time>2000-01-01T00:00:00Z</time>
			</trkpt>
			<trkpt lat="59.6914125579678" lon="9.19017921574091">
				<ele>235.3000030517578</ele>
				<time>2000-01-01T00:00:00Z</time>
			</trkpt>
			<trkpt lat="59.69122" lon="9.18985">
				<ele>238.18478393554688</ele>
				<time>2000-01-01T00:00:00Z</time>
			</trkpt>
			<trkpt lat="59.691171583337535" lon="9.18980158344671">
				<ele>238.8000030517578</ele>
				<time>2000-01-01T00:00:00Z</time>
			</trkpt>
			<trkpt lat="59.69112" lon="9.18975">
				<ele>239.15577697753906</ele>
				<time>2000-01-01T00:00:00Z</time>
			</trkpt>
			<trkpt lat="59.69102" lon="9.18968">
				<ele>239.80882263183594</ele>
				<time>2000-01-01T00:00:00Z</time>
			</trkpt>
			<trkpt lat="59.69065" lon="9.18954">
				<ele>242.12832641601562</ele>
				<time>2000-01-01T00:00:00Z</time>
			</trkpt>
			<trkpt lat="59.69058010600197" lon="9.189477872018385">
				<ele>242.60000610351562</ele>
				<time>2000-01-01T00:00:00Z</time>
			</trkpt>
			<trkpt lat="59.69056" lon="9.18946">
				<ele>242.87135314941406</ele>
				<time>2000-01-01T00:00:00Z</time>
			</trkpt>
			<trkpt lat="59.69051" lon="9.18939">
				<ele>243.6253662109375</ele>
				<time>2000-01-01T00:00:00Z</time>
			</trkpt>
			<trkpt lat="59.69046" lon="9.1893">
				<ele>244.4571990966797</ele>
				<time>2000-01-01T00:00:00Z</time>
			</trkpt>
			<trkpt lat="59.6904" lon="9.18909">
				<ele>245.9570770263672</ele>
				<time>2000-01-01T00:00:00Z</time>
			</trkpt>
			<trkpt lat="59.69038892861881" lon="9.18902219762792">
				<ele>246.39999389648438</ele>
				<time>2000-01-01T00:00:00Z</time>
			</trkpt>
			<trkpt lat="59.69032" lon="9.1886">
				<ele>248.14186096191406</ele>
				<time>2000-01-01T00:00:00Z</time>
			</trkpt>
			<trkpt lat="59.69023" lon="9.18823">
				<ele>249.7541046142578</ele>
				<time>2000-01-01T00:00:00Z</time>
			</trkpt>
			<trkpt lat="59.69019" lon="9.1881">
				<ele>250.35177612304688</ele>
				<time>2000-01-01T00:00:00Z</time>
			</trkpt>
			<trkpt lat="59.69011498537965" lon="9.187943151501054">
				<ele>251.1999969482422</ele>
				<time>2000-01-01T00:00:00Z</time>
			</trkpt>
			<trkpt lat="59.69008" lon="9.18787">
				<ele>251.45823669433594</ele>
				<time>2000-01-01T00:00:00Z</time>
			</trkpt>
			<trkpt lat="59.69004" lon="9.18782">
				<ele>251.6983642578125</ele>
				<time>2000-01-01T00:00:00Z</time>
			</trkpt>
			<trkpt lat="59.68999" lon="9.18781">
				<ele>251.95352172851562</ele>
				<time>2000-01-01T00:00:00Z</time>
			</trkpt>
			<trkpt lat="59.68983" lon="9.18793">
				<ele>252.8221435546875</ele>
				<time>2000-01-01T00:00:00Z</time>
			</trkpt>
			<trkpt lat="59.68978" lon="9.18801">
				<ele>253.14842224121094</ele>
				<time>2000-01-01T00:00:00Z</time>
			</trkpt>
			<trkpt lat="59.689419582908485" lon="9.188811927195808">
				<ele>255.89999389648438</ele>
				<time>2000-01-01T00:00:00Z</time>
			</trkpt>
			<trkpt lat="59.68938" lon="9.1889">
				<ele>256.2086181640625</ele>
				<time>2000-01-01T00:00:00Z</time>
			</trkpt>
			<trkpt lat="59.68929" lon="9.18906">
				<ele>256.8356018066406</ele>
				<time>2000-01-01T00:00:00Z</time>
			</trkpt>
			<trkpt lat="59.68924" lon="9.18909">
				<ele>257.10650634765625</ele>
				<time>2000-01-01T00:00:00Z</time>
			</trkpt>
			<trkpt lat="59.689164225381234" lon="9.189082023765497">
				<ele>257.5</ele>
				<time>2000-01-01T00:00:00Z</time>
			</trkpt>
			<trkpt lat="59.68905" lon="9.18907">
				<ele>257.6112060546875</ele>
				<time>2000-01-01T00:00:00Z</time>
			</trkpt>
			<trkpt lat="59.68876" lon="9.18893">
				<ele>257.90142822265625</ele>
				<time>2000-01-01T00:00:00Z</time>
			</trkpt>
			<trkpt lat="59.68856451047352" lon="9.18881270651447">
				<ele>258.1000061035156</ele>
				<time>2000-01-01T00:00:00Z</time>
			</trkpt>
			<trkpt lat="59.68846" lon="9.18875">
				<ele>257.97613525390625</ele>
				<time>2000-01-01T00:00:00Z</time>
			</trkpt>
			<trkpt lat="59.68801" lon="9.18844">
				<ele>257.43572998046875</ele>
				<time>2000-01-01T00:00:00Z</time>
			</trkpt>
			<trkpt lat="59.68798136426642" lon="9.188413970523296">
				<ele>257.3999938964844</ele>
				<time>2000-01-01T00:00:00Z</time>
			</trkpt>
			<trkpt lat="59.68768" lon="9.18814">
				<ele>256.1105041503906</ele>
				<time>2000-01-01T00:00:00Z</time>
			</trkpt>
			<trkpt lat="59.6875" lon="9.18791">
				<ele>255.27755737304688</ele>
				<time>2000-01-01T00:00:00Z</time>
			</trkpt>
			<trkpt lat="59.687443866237146" lon="9.187822680926624">
				<ele>255.0</ele>
				<time>2000-01-01T00:00:00Z</time>
			</trkpt>
			<trkpt lat="59.68741" lon="9.18777">
				<ele>254.94418334960938</ele>
				<time>2000-01-01T00:00:00Z</time>
			</trkpt>
			<trkpt lat="59.6872" lon="9.18733">
				<ele>254.54795837402344</ele>
				<time>2000-01-01T00:00:00Z</time>
			</trkpt>
			<trkpt lat="59.68709" lon="9.18688">
				<ele>254.22080993652344</ele>
				<time>2000-01-01T00:00:00Z</time>
			</trkpt>
			<trkpt lat="59.6870764201274" lon="9.186863025396113">
				<ele>254.1999969482422</ele>
				<time>2000-01-01T00:00:00Z</time>
			</trkpt>
			<trkpt lat="59.68701" lon="9.18678">
				<ele>254.1999969482422</ele>
				<time>2000-01-01T00:00:00Z</time>
			</trkpt>
			<trkpt lat="59.68697" lon="9.18655">
				<ele>254.1999969482422</ele>
				<time>2000-01-01T00:00:00Z</time>
			</trkpt>
			<trkpt lat="59.68691224329189" lon="9.186370955050652">
				<ele>254.1999969482422</ele>
				<time>2000-01-01T00:00:00Z</time>
			</trkpt>
			<trkpt lat="59.68687" lon="9.18624">
				<ele>254.3271026611328</ele>
				<time>2000-01-01T00:00:00Z</time>
			</trkpt>
			<trkpt lat="59.68666" lon="9.18586">
				<ele>254.7879638671875</ele>
				<time>2000-01-01T00:00:00Z</time>
			</trkpt>
			<trkpt lat="59.68643485413422" lon="9.185625848347977">
				<ele>255.1999969482422</ele>
				<time>2000-01-01T00:00:00Z</time>
			</trkpt>
			<trkpt lat="59.68641" lon="9.1856">
				<ele>255.40919494628906</ele>
				<time>2000-01-01T00:00:00Z</time>
			</trkpt>
			<trkpt lat="59.6862" lon="9.18542">
				<ele>257.1147766113281</ele>
				<time>2000-01-01T00:00:00Z</time>
			</trkpt>
			<trkpt lat="59.68616083785224" lon="9.185353195597935">
				<ele>257.5</ele>
				<time>2000-01-01T00:00:00Z</time>
			</trkpt>
			<trkpt lat="59.68603" lon="9.18513">
				<ele>258.4884948730469</ele>
				<time>2000-01-01T00:00:00Z</time>
			</trkpt>
			<trkpt lat="59.68586" lon="9.18489">
				<ele>259.6836853027344</ele>
				<time>2000-01-01T00:00:00Z</time>
			</trkpt>
			<trkpt lat="59.68568" lon="9.18475">
				<ele>260.7908020019531</ele>
				<time>2000-01-01T00:00:00Z</time>
			</trkpt>
			<trkpt lat="59.68557" lon="9.18469">
				<ele>261.44403076171875</ele>
				<time>2000-01-01T00:00:00Z</time>
			</trkpt>
			<trkpt lat="59.68542" lon="9.18453">
				<ele>262.41943359375</ele>
				<time>2000-01-01T00:00:00Z</time>
			</trkpt>
			<trkpt lat="59.685371213559" lon="9.184440560090536">
				<ele>262.79998779296875</ele>
				<time>2000-01-01T00:00:00Z</time>
			</trkpt>
			<trkpt lat="59.68524" lon="9.1842">
				<ele>264.97271728515625</ele>
				<time>2000-01-01T00:00:00Z</time>
			</trkpt>
			<trkpt lat="59.6852" lon="9.18416">
				<ele>265.5172119140625</ele>
				<time>2000-01-01T00:00:00Z</time>
			</trkpt>
			<trkpt lat="59.68516" lon="9.18417">
				<ele>266.0071716308594</ele>
				<time>2000-01-01T00:00:00Z</time>
			</trkpt>
			<trkpt lat="59.68511" lon="9.1842">
				<ele>266.6421813964844</ele>
				<time>2000-01-01T00:00:00Z</time>
			</trkpt>
			<trkpt lat="59.68506" lon="9.18426">
				<ele>267.3525390625</ele>
				<time>2000-01-01T00:00:00Z</time>
			</trkpt>
			<trkpt lat="59.68496356338724" lon="9.184700849922907">
				<ele>270.29998779296875</ele>
				<time>2000-01-01T00:00:00Z</time>
			</trkpt>
			<trkpt lat="59.68492" lon="9.1849">
				<ele>272.2528076171875</ele>
				<time>2000-01-01T00:00:00Z</time>
			</trkpt>
			<trkpt lat="59.68482" lon="9.18521">
				<ele>275.5626525878906</ele>
				<time>2000-01-01T00:00:00Z</time>
			</trkpt>
			<trkpt lat="59.684811050125774" lon="9.185229525491003">
				<ele>275.79998779296875</ele>
				<time>2000-01-01T00:00:00Z</time>
			</trkpt>
			<trkpt lat="59.68471" lon="9.18545">
				<ele>276.8717041015625</ele>
				<time>2000-01-01T00:00:00Z</time>
			</trkpt>
			<trkpt lat="59.68457" lon="9.18566">
				<ele>278.1237487792969</ele>
				<time>2000-01-01T00:00:00Z</time>
			</trkpt>
			<trkpt lat="59.68455" lon="9.18573">
				<ele>278.4132385253906</ele>
				<time>2000-01-01T00:00:00Z</time>
			</trkpt>
			<trkpt lat="59.68455" lon="9.18581">
				<ele>278.70111083984375</ele>
				<time>2000-01-01T00:00:00Z</time>
			</trkpt>
			<trkpt lat="59.68444" lon="9.186">
				<ele>279.74163818359375</ele>
				<time>2000-01-01T00:00:00Z</time>
			</trkpt>
			<trkpt lat="59.68440076491193" lon="9.186100889953439">
				<ele>280.20001220703125</ele>
				<time>2000-01-01T00:00:00Z</time>
			</trkpt>
			<trkpt lat="59.68437" lon="9.18618">
				<ele>280.60845947265625</ele>
				<time>2000-01-01T00:00:00Z</time>
			</trkpt>
			<trkpt lat="59.68434" lon="9.1864">
				<ele>281.5403747558594</ele>
				<time>2000-01-01T00:00:00Z</time>
			</trkpt>
			<trkpt lat="59.68436" lon="9.18668">
				<ele>282.69696044921875</ele>
				<time>2000-01-01T00:00:00Z</time>
			</trkpt>
			<trkpt lat="59.68446" lon="9.18704">
				<ele>282.76708984375</ele>
				<time>2000-01-01T00:00:00Z</time>
			</trkpt>
			<trkpt lat="59.6845" lon="9.18726">
				<ele>282.80535888671875</ele>
				<time>2000-01-01T00:00:00Z</time>
			</trkpt>
			<trkpt lat="59.6845" lon="9.18742">
				<ele>282.8315124511719</ele>
				<time>2000-01-01T00:00:00Z</time>
			</trkpt>
			<trkpt lat="59.68447" lon="9.1877">
				<ele>282.8783264160156</ele>
				<time>2000-01-01T00:00:00Z</time>
			</trkpt>
			<trkpt lat="59.68443456207605" lon="9.187812219784682">
				<ele>282.8999938964844</ele>
				<time>2000-01-01T00:00:00Z</time>
			</trkpt>
			<trkpt lat="59.68441" lon="9.18789">
				<ele>282.71240234375</ele>
				<time>2000-01-01T00:00:00Z</time>
			</trkpt>
			<trkpt lat="59.68429" lon="9.18819">
				<ele>281.9296569824219</ele>
				<time>2000-01-01T00:00:00Z</time>
			</trkpt>
			<trkpt lat="59.68418" lon="9.18835">
				<ele>281.3768615722656</ele>
				<time>2000-01-01T00:00:00Z</time>
			</trkpt>
			<trkpt lat="59.683976567751735" lon="9.188606501451908">
				<ele>280.3999938964844</ele>
				<time>2000-01-01T00:00:00Z</time>
			</trkpt>
			<trkpt lat="59.68395" lon="9.18864">
				<ele>279.9168395996094</ele>
				<time>2000-01-01T00:00:00Z</time>
			</trkpt>
			<trkpt lat="59.6837" lon="9.18892">
				<ele>275.51153564453125</ele>
				<time>2000-01-01T00:00:00Z</time>
			</trkpt>
			<trkpt lat="59.68361" lon="9.18898">
				<ele>274.0547790527344</ele>
				<time>2000-01-01T00:00:00Z</time>
			</trkpt>
			<trkpt lat="59.68323" lon="9.1891">
				<ele>268.1520690917969</ele>
				<time>2000-01-01T00:00:00Z</time>
			</trkpt>
			<trkpt lat="59.683107205632574" lon="9.189166119709082">
				<ele>266.20001220703125</ele>
				<time>2000-01-01T00:00:00Z</time>
			</trkpt>
			<trkpt lat="59.68297" lon="9.18924">
				<ele>262.2832336425781</ele>
				<time>2000-01-01T00:00:00Z</time>
			</trkpt>
			<trkpt lat="59.682814830553546" lon="9.1893589626519">
				<ele>257.70001220703125</ele>
				<time>2000-01-01T00:00:00Z</time>
			</trkpt>
			<trkpt lat="59.68267" lon="9.18947">
				<ele>255.71194458007812</ele>
				<time>2000-01-01T00:00:00Z</time>
			</trkpt>
			<trkpt lat="59.68227" lon="9.18981">
				<ele>250.13986206054688</ele>
				<time>2000-01-01T00:00:00Z</time>
			</trkpt>
			<trkpt lat="59.68224445707752" lon="9.189824367563585">
				<ele>249.8000030517578</ele>
				<time>2000-01-01T00:00:00Z</time>
			</trkpt>
			<trkpt lat="59.68211" lon="9.1899">
				<ele>246.62930297851562</ele>
				<time>2000-01-01T00:00:00Z</time>
			</trkpt>
			<trkpt lat="59.68203" lon="9.18992">
				<ele>244.7999725341797</ele>
				<time>2000-01-01T00:00:00Z</time>
			</trkpt>
			<trkpt lat="59.68195" lon="9.1899">
				<ele>242.97064208984375</ele>
				<time>2000-01-01T00:00:00Z</time>
			</trkpt>
			<trkpt lat="59.68175" lon="9.18976">
				<ele>240.5677490234375</ele>
				<time>2000-01-01T00:00:00Z</time>
			</trkpt>
			<trkpt lat="59.68169" lon="9.18974">
				<ele>239.90383911132812</ele>
				<time>2000-01-01T00:00:00Z</time>
			</trkpt>
			<trkpt lat="59.68136" lon="9.1898">
				<ele>236.28817749023438</ele>
				<time>2000-01-01T00:00:00Z</time>
			</trkpt>
			<trkpt lat="59.68132" lon="9.18991">
				<ele>235.54147338867188</ele>
				<time>2000-01-01T00:00:00Z</time>
			</trkpt>
			<trkpt lat="59.68135" lon="9.19019">
				<ele>233.9649200439453</ele>
				<time>2000-01-01T00:00:00Z</time>
			</trkpt>
			<trkpt lat="59.68137" lon="9.19033">
				<ele>233.16354370117188</ele>
				<time>2000-01-01T00:00:00Z</time>
			</trkpt>
			<trkpt lat="59.68139" lon="9.19039">
				<ele>232.76751708984375</ele>
				<time>2000-01-01T00:00:00Z</time>
			</trkpt>
			<trkpt lat="59.68146" lon="9.19046">
				<ele>232.6765899658203</ele>
				<time>2000-01-01T00:00:00Z</time>
			</trkpt>
			<trkpt lat="59.68169" lon="9.19057">
				<ele>232.59991455078125</ele>
				<time>2000-01-01T00:00:00Z</time>
			</trkpt>
			<trkpt lat="59.68172" lon="9.1906">
				<ele>232.58901977539062</ele>
				<time>2000-01-01T00:00:00Z</time>
			</trkpt>
			<trkpt lat="59.68186" lon="9.19077">
				<ele>232.53579711914062</ele>
				<time>2000-01-01T00:00:00Z</time>
			</trkpt>
			<trkpt lat="59.68192" lon="9.1909">
				<ele>232.50698852539062</ele>
				<time>2000-01-01T00:00:00Z</time>
			</trkpt>
			<trkpt lat="59.68192848669042" lon="9.190939255725391">
				<ele>232.5</ele>
				<time>2000-01-01T00:00:00Z</time>
			</trkpt>
			<trkpt lat="59.682" lon="9.19127">
				<ele>233.8734588623047</ele>
				<time>2000-01-01T00:00:00Z</time>
			</trkpt>
			<trkpt lat="59.682" lon="9.19178">
				<ele>235.82028198242188</ele>
				<time>2000-01-01T00:00:00Z</time>
			</trkpt>
			<trkpt lat="59.68196" lon="9.19195">
				<ele>236.5362548828125</ele>
				<time>2000-01-01T00:00:00Z</time>
			</trkpt>
			<trkpt lat="59.68189" lon="9.19209">
				<ele>237.2884521484375</ele>
				<time>2000-01-01T00:00:00Z</time>
			</trkpt>
			<trkpt lat="59.68172" lon="9.19222">
				<ele>238.66644287109375</ele>
				<time>2000-01-01T00:00:00Z</time>
			</trkpt>
			<trkpt lat="59.68161312329466" lon="9.192273438064605">
				<ele>239.5</ele>
				<time>2000-01-01T00:00:00Z</time>
			</trkpt>
			<trkpt lat="59.68148" lon="9.19234">
				<ele>242.30313110351562</ele>
				<time>2000-01-01T00:00:00Z</time>
			</trkpt>
			<trkpt lat="59.68135" lon="9.19243">
				<ele>245.11489868164062</ele>
				<time>2000-01-01T00:00:00Z</time>
			</trkpt>
			<trkpt lat="59.681321703759195" lon="9.19246574119829">
				<ele>245.8000030517578</ele>
				<time>2000-01-01T00:00:00Z</time>
			</trkpt>
			<trkpt lat="59.68116" lon="9.19267">
				<ele>247.9442596435547</ele>
				<time>2000-01-01T00:00:00Z</time>
			</trkpt>
			<trkpt lat="59.68086199976015" lon="9.193271216946577">
				<ele>252.6999969482422</ele>
				<time>2000-01-01T00:00:00Z</time>
			</trkpt>
			<trkpt lat="59.68064582647369" lon="9.193707366361998">
				<ele>258.20001220703125</ele>
				<time>2000-01-01T00:00:00Z</time>
			</trkpt>
			<trkpt lat="59.68059" lon="9.19382">
				<ele>258.83270263671875</ele>
				<time>2000-01-01T00:00:00Z</time>
			</trkpt>
			<trkpt lat="59.68048" lon="9.19415">
				<ele>260.41778564453125</ele>
				<time>2000-01-01T00:00:00Z</time>
			</trkpt>
			<trkpt lat="59.68043" lon="9.19457">
				<ele>262.1474609375</ele>
				<time>2000-01-01T00:00:00Z</time>
			</trkpt>
			<trkpt lat="59.68043320792338" lon="9.194807562102385">
				<ele>263.1000061035156</ele>
				<time>2000-01-01T00:00:00Z</time>
			</trkpt>
			<trkpt lat="59.68044" lon="9.19531">
				<ele>265.56695556640625</ele>
				<time>2000-01-01T00:00:00Z</time>
			</trkpt>
			<trkpt lat="59.68044393735888" lon="9.195418323385764">
				<ele>266.1000061035156</ele>
				<time>2000-01-01T00:00:00Z</time>
			</trkpt>
			<trkpt lat="59.68046" lon="9.19586">
				<ele>266.6433410644531</ele>
				<time>2000-01-01T00:00:00Z</time>
			</trkpt>
			<trkpt lat="59.68052271050247" lon="9.196629681994102">
				<ele>267.6000061035156</ele>
				<time>2000-01-01T00:00:00Z</time>
			</trkpt>
			<trkpt lat="59.68057" lon="9.19721">
				<ele>268.1770324707031</ele>
				<time>2000-01-01T00:00:00Z</time>
			</trkpt>
			<trkpt lat="59.68057332760673" lon="9.197232464904825">
				<ele>268.20001220703125</ele>
				<time>2000-01-01T00:00:00Z</time>
			</trkpt>
			<trkpt lat="59.68061" lon="9.19748">
				<ele>268.1366882324219</ele>
				<time>2000-01-01T00:00:00Z</time>
			</trkpt>
			<trkpt lat="59.68065" lon="9.19765">
				<ele>268.0906677246094</ele>
				<time>2000-01-01T00:00:00Z</time>
			</trkpt>
			<trkpt lat="59.68079" lon="9.19798">
				<ele>267.98486328125</ele>
				<time>2000-01-01T00:00:00Z</time>
			</trkpt>
			<trkpt lat="59.68091481909243" lon="9.198221837253067">
				<ele>267.8999938964844</ele>
				<time>2000-01-01T00:00:00Z</time>
			</trkpt>
			<trkpt lat="59.68095" lon="9.19829">
				<ele>267.7883605957031</ele>
				<time>2000-01-01T00:00:00Z</time>
			</trkpt>
			<trkpt lat="59.68105" lon="9.19859">
				<ele>267.37664794921875</ele>
				<time>2000-01-01T00:00:00Z</time>
			</trkpt>
			<trkpt lat="59.68114992555863" lon="9.1993294651254">
				<ele>266.5</ele>
				<time>2000-01-01T00:00:00Z</time>
			</trkpt>
			<trkpt lat="59.6812" lon="9.1997">
				<ele>265.8724670410156</ele>
				<time>2000-01-01T00:00:00Z</time>
			</trkpt>
			<trkpt lat="59.68122" lon="9.2001">
				<ele>265.2148742675781</ele>
				<time>2000-01-01T00:00:00Z</time>
			</trkpt>
			<trkpt lat="59.681190639448296" lon="9.200533061512859">
				<ele>264.5</ele>
				<time>2000-01-01T00:00:00Z</time>
			</trkpt>
			<trkpt lat="59.68118" lon="9.20069">
				<ele>264.2538757324219</ele>
				<time>2000-01-01T00:00:00Z</time>
			</trkpt>
			<trkpt lat="59.6812" lon="9.20095">
				<ele>263.84515380859375</ele>
				<time>2000-01-01T00:00:00Z</time>
			</trkpt>
			<trkpt lat="59.68117" lon="9.20108">
				<ele>263.62298583984375</ele>
				<time>2000-01-01T00:00:00Z</time>
			</trkpt>
			<trkpt lat="59.68114" lon="9.20114">
				<ele>263.4917297363281</ele>
				<time>2000-01-01T00:00:00Z</time>
			</trkpt>
			<trkpt lat="59.68107" lon="9.20123">
				<ele>263.23480224609375</ele>
				<time>2000-01-01T00:00:00Z</time>
			</trkpt>
			<trkpt lat="59.681" lon="9.20136">
				<ele>262.93939208984375</ele>
				<time>2000-01-01T00:00:00Z</time>
			</trkpt>
			<trkpt lat="59.68093097651699" lon="9.201530256374525">
				<ele>262.6000061035156</ele>
				<time>2000-01-01T00:00:00Z</time>
			</trkpt>
			<trkpt lat="59.68085" lon="9.20173">
				<ele>262.01324462890625</ele>
				<time>2000-01-01T00:00:00Z</time>
			</trkpt>
			<trkpt lat="59.68071" lon="9.20219">
				<ele>260.782958984375</ele>
				<time>2000-01-01T00:00:00Z</time>
			</trkpt>
			<trkpt lat="59.680627141120546" lon="9.202586533761222">
				<ele>259.79998779296875</ele>
				<time>2000-01-01T00:00:00Z</time>
			</trkpt>
			<trkpt lat="59.68057" lon="9.20286">
				<ele>257.9115905761719</ele>
				<time>2000-01-01T00:00:00Z</time>
			</trkpt>
			<trkpt lat="59.6805" lon="9.20308">
				<ele>256.2522888183594</ele>
				<time>2000-01-01T00:00:00Z</time>
			</trkpt>
			<trkpt lat="59.68048038861417" lon="9.20311922275245">
				<ele>255.89999389648438</ele>
				<time>2000-01-01T00:00:00Z</time>
			</trkpt>
			<trkpt lat="59.68047" lon="9.20314">
				<ele>255.78758239746094</ele>
				<time>2000-01-01T00:00:00Z</time>
			</trkpt>
			<trkpt lat="59.68019" lon="9.20337">
				<ele>253.47901916503906</ele>
				<time>2000-01-01T00:00:00Z</time>
			</trkpt>
			<trkpt lat="59.679898913097226" lon="9.20350745762533">
				<ele>251.1999969482422</ele>
				<time>2000-01-01T00:00:00Z</time>
			</trkpt>
			<trkpt lat="59.67983" lon="9.20354">
				<ele>249.84539794921875</ele>
				<time>2000-01-01T00:00:00Z</time>
			</trkpt>
			<trkpt lat="59.67961" lon="9.2037">
				<ele>245.36436462402344</ele>
				<time>2000-01-01T00:00:00Z</time>
			</trkpt>
			<trkpt lat="59.67941" lon="9.20379">
				<ele>243.43675231933594</ele>
				<time>2000-01-01T00:00:00Z</time>
			</trkpt>
			<trkpt lat="59.67921" lon="9.20385">
				<ele>241.5684051513672</ele>
				<time>2000-01-01T00:00:00Z</time>
			</trkpt>
			<trkpt lat="59.67913" lon="9.20389">
				<ele>240.8062744140625</ele>
				<time>2000-01-01T00:00:00Z</time>
			</trkpt>
			<trkpt lat="59.67907" lon="9.20395">
				<ele>240.1854705810547</ele>
				<time>2000-01-01T00:00:00Z</time>
			</trkpt>
			<trkpt lat="59.67902" lon="9.20402">
				<ele>239.61996459960938</ele>
				<time>2000-01-01T00:00:00Z</time>
			</trkpt>
			<trkpt lat="59.678773022224476" lon="9.204393476159533">
				<ele>234.60000610351562</ele>
				<time>2000-01-01T00:00:00Z</time>
			</trkpt>
			<trkpt lat="59.67861" lon="9.20464">
				<ele>233.27064514160156</ele>
				<time>2000-01-01T00:00:00Z</time>
			</trkpt>
			<trkpt lat="59.67847" lon="9.20483">
				<ele>232.17063903808594</ele>
				<time>2000-01-01T00:00:00Z</time>
			</trkpt>
			<trkpt lat="59.67841" lon="9.20491">
				<ele>231.7018585205078</ele>
				<time>2000-01-01T00:00:00Z</time>
			</trkpt>
			<trkpt lat="59.6783" lon="9.20502">
				<ele>230.9031524658203</ele>
				<time>2000-01-01T00:00:00Z</time>
			</trkpt>
			<trkpt lat="59.67825567540608" lon="9.205049547907501">
				<ele>230.60000610351562</ele>
				<time>2000-01-01T00:00:00Z</time>
			</trkpt>
			<trkpt lat="59.67797" lon="9.20524">
				<ele>227.86476135253906</ele>
				<time>2000-01-01T00:00:00Z</time>
			</trkpt>
			<trkpt lat="59.67787" lon="9.20533">
				<ele>227.46717834472656</ele>
				<time>2000-01-01T00:00:00Z</time>
			</trkpt>
			<trkpt lat="59.67776" lon="9.20539">
				<ele>227.09738159179688</ele>
				<time>2000-01-01T00:00:00Z</time>
			</trkpt>
			<trkpt lat="59.67768" lon="9.20542">
				<ele>226.83351135253906</ele>
				<time>2000-01-01T00:00:00Z</time>
			</trkpt>
			<trkpt lat="59.67764" lon="9.20541">
				<ele>226.70286560058594</ele>
				<time>2000-01-01T00:00:00Z</time>
			</trkpt>
			<trkpt lat="59.67761" lon="9.2054">
				<ele>226.60427856445312</ele>
				<time>2000-01-01T00:00:00Z</time>
			</trkpt>
			<trkpt lat="59.67756" lon="9.20536">
				<ele>226.4295196533203</ele>
				<time>2000-01-01T00:00:00Z</time>
			</trkpt>
			<trkpt lat="59.67752" lon="9.20531">
				<ele>226.27621459960938</ele>
				<time>2000-01-01T00:00:00Z</time>
			</trkpt>
			<trkpt lat="59.6775" lon="9.20526">
				<ele>226.17184448242188</ele>
				<time>2000-01-01T00:00:00Z</time>
			</trkpt>
			<trkpt lat="59.67743338524192" lon="9.205074959266758">
				<ele>225.8000030517578</ele>
				<time>2000-01-01T00:00:00Z</time>
			</trkpt>
			<trkpt lat="59.67741" lon="9.20501">
				<ele>225.7173309326172</ele>
				<time>2000-01-01T00:00:00Z</time>
			</trkpt>
			<trkpt lat="59.67738" lon="9.20495">
				<ele>225.62982177734375</ele>
				<time>2000-01-01T00:00:00Z</time>
			</trkpt>
			<trkpt lat="59.67735" lon="9.2049">
				<ele>225.54934692382812</ele>
				<time>2000-01-01T00:00:00Z</time>
			</trkpt>
			<trkpt lat="59.67729" lon="9.20483">
				<ele>225.4064178466797</ele>
				<time>2000-01-01T00:00:00Z</time>
			</trkpt>
			<trkpt lat="59.67725" lon="9.20482">
				<ele>225.3236541748047</ele>
				<time>2000-01-01T00:00:00Z</time>
			</trkpt>
			<trkpt lat="59.67719" lon="9.20482">
				<ele>225.2005157470703</ele>
				<time>2000-01-01T00:00:00Z</time>
			</trkpt>
			<trkpt lat="59.67716" lon="9.20483">
				<ele>225.13807678222656</ele>
				<time>2000-01-01T00:00:00Z</time>
			</trkpt>
			<trkpt lat="59.67709" lon="9.20487">
				<ele>224.988525390625</ele>
				<time>2000-01-01T00:00:00Z</time>
			</trkpt>
			<trkpt lat="59.67683" lon="9.20512">
				<ele>224.3953094482422</ele>
				<time>2000-01-01T00:00:00Z</time>
			</trkpt>
			<trkpt lat="59.67681" lon="9.20514">
				<ele>224.34933471679688</ele>
				<time>2000-01-01T00:00:00Z</time>
			</trkpt>
			<trkpt lat="59.67665" lon="9.20532">
				<ele>223.97164916992188</ele>
				<time>2000-01-01T00:00:00Z</time>
			</trkpt>
			<trkpt lat="59.67662063422844" lon="9.205357374250895">
				<ele>223.89999389648438</ele>
				<time>2000-01-01T00:00:00Z</time>
			</trkpt>
			<trkpt lat="59.67654" lon="9.20546">
				<ele>223.46514892578125</ele>
				<time>2000-01-01T00:00:00Z</time>
			</trkpt>
			<trkpt lat="59.67645" lon="9.20559">
				<ele>222.959716796875</ele>
				<time>2000-01-01T00:00:00Z</time>
			</trkpt>
			<trkpt lat="59.67637617789711" lon="9.20572745656323">
				<ele>222.5</ele>
				<time>2000-01-01T00:00:00Z</time>
			</trkpt>
			<trkpt lat="59.67616" lon="9.20613">
				<ele>221.39418029785156</ele>
				<time>2000-01-01T00:00:00Z</time>
			</trkpt>
			<trkpt lat="59.67608" lon="9.20624">
				<ele>221.03123474121094</ele>
				<time>2000-01-01T00:00:00Z</time>
			</trkpt>
			<trkpt lat="59.67599" lon="9.20635">
				<ele>220.63710021972656</ele>
				<time>2000-01-01T00:00:00Z</time>
			</trkpt>
			<trkpt lat="59.67588789174776" lon="9.206464259371995">
				<ele>220.1999969482422</ele>
				<time>2000-01-01T00:00:00Z</time>
			</trkpt>
			<trkpt lat="59.67561924807961" lon="9.206764888849637">
				<ele>217.1999969482422</ele>
				<time>2000-01-01T00:00:00Z</time>
			</trkpt>
			<trkpt lat="59.67557" lon="9.20682">
				<ele>216.8424835205078</ele>
				<time>2000-01-01T00:00:00Z</time>
			</trkpt>
			<trkpt lat="59.6753" lon="9.20707">
				<ele>214.9590301513672</ele>
				<time>2000-01-01T00:00:00Z</time>
			</trkpt>
			<trkpt lat="59.67518" lon="9.20716">
				<ele>214.1481170654297</ele>
				<time>2000-01-01T00:00:00Z</time>
			</trkpt>
			<trkpt lat="59.6751" lon="9.20718">
				<ele>213.63856506347656</ele>
				<time>2000-01-01T00:00:00Z</time>
			</trkpt>
			<trkpt lat="59.675046496454236" lon="9.2071853503481">
				<ele>213.3000030517578</ele>
				<time>2000-01-01T00:00:00Z</time>
			</trkpt>
			<trkpt lat="59.675" lon="9.20719">
				<ele>212.57586669921875</ele>
				<time>2000-01-01T00:00:00Z</time>
			</trkpt>
			<trkpt lat="59.67476" lon="9.20718">
				<ele>208.84132385253906</ele>
				<time>2000-01-01T00:00:00Z</time>
			</trkpt>
			<trkpt lat="59.67473805033214" lon="9.207179999999997">
				<ele>208.5</ele>
				<time>2000-01-01T00:00:00Z</time>
			</trkpt>
			<trkpt lat="59.67419" lon="9.20718">
				<ele>203.97073364257812</ele>
				<time>2000-01-01T00:00:00Z</time>
			</trkpt>
			<trkpt lat="59.67412119364312" lon="9.207191862911083">
				<ele>203.39999389648438</ele>
				<time>2000-01-01T00:00:00Z</time>
			</trkpt>
			<trkpt lat="59.6739" lon="9.20723">
				<ele>199.5863494873047</ele>
				<time>2000-01-01T00:00:00Z</time>
			</trkpt>
			<trkpt lat="59.67381435837492" lon="9.207254469009609">
				<ele>198.10000610351562</ele>
				<time>2000-01-01T00:00:00Z</time>
			</trkpt>
			<trkpt lat="59.67376" lon="9.20727">
				<ele>197.65505981445312</ele>
				<time>2000-01-01T00:00:00Z</time>
			</trkpt>
			<trkpt lat="59.67346" lon="9.20738">
				<ele>195.1831512451172</ele>
				<time>2000-01-01T00:00:00Z</time>
			</trkpt>
			<trkpt lat="59.67337" lon="9.20742">
				<ele>194.4358673095703</ele>
				<time>2000-01-01T00:00:00Z</time>
			</trkpt>
			<trkpt lat="59.673210138331015" lon="9.207499930512208">
				<ele>193.10000610351562</ele>
				<time>2000-01-01T00:00:00Z</time>
			</trkpt>
			<trkpt lat="59.67307" lon="9.20757">
				<ele>191.0388641357422</ele>
				<time>2000-01-01T00:00:00Z</time>
			</trkpt>
			<trkpt lat="59.67298" lon="9.20763">
				<ele>189.68479919433594</ele>
				<time>2000-01-01T00:00:00Z</time>
			</trkpt>
			<trkpt lat="59.67291626191721" lon="9.207682652376254">
				<ele>188.6999969482422</ele>
				<time>2000-01-01T00:00:00Z</time>
			</trkpt>
			<trkpt lat="59.67275" lon="9.20782">
				<ele>187.53233337402344</ele>
				<time>2000-01-01T00:00:00Z</time>
			</trkpt>
			<trkpt lat="59.67267" lon="9.20786">
				<ele>186.99754333496094</ele>
				<time>2000-01-01T00:00:00Z</time>
			</trkpt>
			<trkpt lat="59.67264" lon="9.20787">
				<ele>186.8003692626953</ele>
				<time>2000-01-01T00:00:00Z</time>
			</trkpt>
			<trkpt lat="59.67256" lon="9.20786">
				<ele>186.28073120117188</ele>
				<time>2000-01-01T00:00:00Z</time>
			</trkpt>
			<trkpt lat="59.67248" lon="9.20784">
				<ele>185.75811767578125</ele>
				<time>2000-01-01T00:00:00Z</time>
			</trkpt>
			<trkpt lat="59.67234" lon="9.20779">
				<ele>184.8360137939453</ele>
				<time>2000-01-01T00:00:00Z</time>
			</trkpt>
			<trkpt lat="59.672319101926526" lon="9.207786200393747">
				<ele>184.6999969482422</ele>
				<time>2000-01-01T00:00:00Z</time>
			</trkpt>
			<trkpt lat="59.67223" lon="9.20777">
				<ele>184.16354370117188</ele>
				<time>2000-01-01T00:00:00Z</time>
			</trkpt>
			<trkpt lat="59.67186" lon="9.20772">
				<ele>181.9400177001953</ele>
				<time>2000-01-01T00:00:00Z</time>
			</trkpt>
			<trkpt lat="59.6717038028796" lon="9.207692835312116">
				<ele>181.0</ele>
				<time>2000-01-01T00:00:00Z</time>
			</trkpt>
			<trkpt lat="59.67163" lon="9.20768">
				<ele>180.4597930908203</ele>
				<time>2000-01-01T00:00:00Z</time>
			</trkpt>
			<trkpt lat="59.67154" lon="9.20766">
				<ele>179.79942321777344</ele>
				<time>2000-01-01T00:00:00Z</time>
			</trkpt>
			<trkpt lat="59.67147" lon="9.20763">
				<ele>179.2770538330078</ele>
				<time>2000-01-01T00:00:00Z</time>
			</trkpt>
			<trkpt lat="59.67139" lon="9.20758">
				<ele>178.66537475585938</ele>
				<time>2000-01-01T00:00:00Z</time>
			</trkpt>
			<trkpt lat="59.67135" lon="9.20753">
				<ele>178.3204345703125</ele>
				<time>2000-01-01T00:00:00Z</time>
			</trkpt>
			<trkpt lat="59.67127" lon="9.20742">
				<ele>177.61032104492188</ele>
				<time>2000-01-01T00:00:00Z</time>
			</trkpt>
			<trkpt lat="59.6711512200241" lon="9.207231349747037">
				<ele>176.5</ele>
				<time>2000-01-01T00:00:00Z</time>
			</trkpt>
			<trkpt lat="59.6711" lon="9.20715">
				<ele>175.98931884765625</ele>
				<time>2000-01-01T00:00:00Z</time>
			</trkpt>
			<trkpt lat="59.67104" lon="9.20708">
				<ele>175.44773864746094</ele>
				<time>2000-01-01T00:00:00Z</time>
			</trkpt>
			<trkpt lat="59.67099" lon="9.20701">
				<ele>174.97137451171875</ele>
				<time>2000-01-01T00:00:00Z</time>
			</trkpt>
			<trkpt lat="59.67089" lon="9.20692">
				<ele>174.11709594726562</ele>
				<time>2000-01-01T00:00:00Z</time>
			</trkpt>
			<trkpt lat="59.67076" lon="9.20682">
				<ele>173.0323486328125</ele>
				<time>2000-01-01T00:00:00Z</time>
			</trkpt>
			<trkpt lat="59.67071" lon="9.20679">
				<ele>172.62594604492188</ele>
				<time>2000-01-01T00:00:00Z</time>
			</trkpt>
			<trkpt lat="59.67062" lon="9.20677">
				<ele>171.9215850830078</ele>
				<time>2000-01-01T00:00:00Z</time>
			</trkpt>
			<trkpt lat="59.6705915820672" lon="9.206765940302736">
				<ele>171.6999969482422</ele>
				<time>2000-01-01T00:00:00Z</time>
			</trkpt>
			<trkpt lat="59.67055" lon="9.20676">
				<ele>171.48379516601562</ele>
				<time>2000-01-01T00:00:00Z</time>
			</trkpt>
			<trkpt lat="59.67043" lon="9.20677">
				<ele>170.8610382080078</ele>
				<time>2000-01-01T00:00:00Z</time>
			</trkpt>
			<trkpt lat="59.67031" lon="9.2068">
				<ele>170.23379516601562</ele>
				<time>2000-01-01T00:00:00Z</time>
			</trkpt>
			<trkpt lat="59.67016" lon="9.20686">
				<ele>169.44033813476562</ele>
				<time>2000-01-01T00:00:00Z</time>
			</trkpt>
			<trkpt lat="59.66998474550444" lon="9.20695223920311">
				<ele>168.5</ele>
				<time>2000-01-01T00:00:00Z</time>
			</trkpt>
			<trkpt lat="59.66997" lon="9.20696">
				<ele>168.3218994140625</ele>
				<time>2000-01-01T00:00:00Z</time>
			</trkpt>
			<trkpt lat="59.66982" lon="9.20698">
				<ele>166.5679168701172</ele>
				<time>2000-01-01T00:00:00Z</time>
			</trkpt>
			<trkpt lat="59.66967751919695" lon="9.207003194144491">
				<ele>164.89999389648438</ele>
				<time>2000-01-01T00:00:00Z</time>
			</trkpt>
			<trkpt lat="59.66939" lon="9.20705">
				<ele>163.0768585205078</ele>
				<time>2000-01-01T00:00:00Z</time>
			</trkpt>
			<trkpt lat="59.66924" lon="9.20709">
				<ele>162.12042236328125</ele>
				<time>2000-01-01T00:00:00Z</time>
			</trkpt>
			<trkpt lat="59.66906743477962" lon="9.207170529286653">
				<ele>161.0</ele>
				<time>2000-01-01T00:00:00Z</time>
			</trkpt>
			<trkpt lat="59.66879" lon="9.2073">
				<ele>157.1201934814453</ele>
				<time>2000-01-01T00:00:00Z</time>
			</trkpt>
			<trkpt lat="59.66877" lon="9.20731">
				<ele>156.8393096923828</ele>
				<time>2000-01-01T00:00:00Z</time>
			</trkpt>
			<trkpt lat="59.66868" lon="9.20739">
				<ele>156.1949005126953</ele>
				<time>2000-01-01T00:00:00Z</time>
			</trkpt>
			<trkpt lat="59.66861" lon="9.20746">
				<ele>155.6992950439453</ele>
				<time>2000-01-01T00:00:00Z</time>
			</trkpt>
			<trkpt lat="59.66832" lon="9.20779">
				<ele>153.5855255126953</ele>
				<time>2000-01-01T00:00:00Z</time>
			</trkpt>
			<trkpt lat="59.66822379589449" lon="9.207889208435393">
				<ele>152.89999389648438</ele>
				<time>2000-01-01T00:00:00Z</time>
			</trkpt>
			<trkpt lat="59.668" lon="9.20812">
				<ele>150.9374237060547</ele>
				<time>2000-01-01T00:00:00Z</time>
			</trkpt>
			<trkpt lat="59.667950827770106" lon="9.208174089329303">
				<ele>150.5</ele>
				<time>2000-01-01T00:00:00Z</time>
			</trkpt>
			<trkpt lat="59.6679" lon="9.20823">
				<ele>150.38694763183594</ele>
				<time>2000-01-01T00:00:00Z</time>
			</trkpt>
			<trkpt lat="59.66768" lon="9.20842">
				<ele>149.9202117919922</ele>
				<time>2000-01-01T00:00:00Z</time>
			</trkpt>
			<trkpt lat="59.66745" lon="9.2086">
				<ele>149.4393310546875</ele>
				<time>2000-01-01T00:00:00Z</time>
			</trkpt>
			<trkpt lat="59.66738086410446" lon="9.208637226954277">
				<ele>149.3000030517578</ele>
				<time>2000-01-01T00:00:00Z</time>
			</trkpt>
			<trkpt lat="59.66732" lon="9.20867">
				<ele>149.3204345703125</ele>
				<time>2000-01-01T00:00:00Z</time>
			</trkpt>
			<trkpt lat="59.667079621048856" lon="9.208768616710445">
				<ele>149.39999389648438</ele>
				<time>2000-01-01T00:00:00Z</time>
			</trkpt>
			<trkpt lat="59.66693" lon="9.20883">
				<ele>149.796142578125</ele>
				<time>2000-01-01T00:00:00Z</time>
			</trkpt>
			<trkpt lat="59.66677" lon="9.20892">
				<ele>150.22738647460938</ele>
				<time>2000-01-01T00:00:00Z</time>
			</trkpt>
			<trkpt lat="59.66654" lon="9.2091">
				<ele>150.86859130859375</ele>
				<time>2000-01-01T00:00:00Z</time>
			</trkpt>
			<trkpt lat="59.66649441219715" lon="9.209143897542338">
				<ele>151.0</ele>
				<time>2000-01-01T00:00:00Z</time>
			</trkpt>
			<trkpt lat="59.66627" lon="9.20936">
				<ele>152.13221740722656</ele>
				<time>2000-01-01T00:00:00Z</time>
			</trkpt>
			<trkpt lat="59.66621435987128" lon="9.20939894666981">
				<ele>152.39999389648438</ele>
				<time>2000-01-01T00:00:00Z</time>
			</trkpt>
			<trkpt lat="59.66597" lon="9.20957">
				<ele>152.6519775390625</ele>
				<time>2000-01-01T00:00:00Z</time>
			</trkpt>
			<trkpt lat="59.66579" lon="9.20966">
				<ele>152.83248901367188</ele>
				<time>2000-01-01T00:00:00Z</time>
			</trkpt>
			<trkpt lat="59.66566" lon="9.20973">
				<ele>152.96348571777344</ele>
				<time>2000-01-01T00:00:00Z</time>
			</trkpt>
			<trkpt lat="59.66563" lon="9.20974">
				<ele>152.99305725097656</ele>
				<time>2000-01-01T00:00:00Z</time>
			</trkpt>
			<trkpt lat="59.66552" lon="9.20985">
				<ele>152.8118896484375</ele>
				<time>2000-01-01T00:00:00Z</time>
			</trkpt>
			<trkpt lat="59.66535925754346" lon="9.210059663712192">
				<ele>152.5</ele>
				<time>2000-01-01T00:00:00Z</time>
			</trkpt>
			<trkpt lat="59.66529" lon="9.21015">
				<ele>152.25811767578125</ele>
				<time>2000-01-01T00:00:00Z</time>
			</trkpt>
			<trkpt lat="59.66521" lon="9.21023">
				<ele>151.9967041015625</ele>
				<time>2000-01-01T00:00:00Z</time>
			</trkpt>
			<trkpt lat="59.66519" lon="9.21025">
				<ele>151.93130493164062</ele>
				<time>2000-01-01T00:00:00Z</time>
			</trkpt>
			<trkpt lat="59.66513" lon="9.21027">
				<ele>151.75384521484375</ele>
				<time>2000-01-01T00:00:00Z</time>
			</trkpt>
			<trkpt lat="59.66494" lon="9.21036">
				<ele>151.1840362548828</ele>
				<time>2000-01-01T00:00:00Z</time>
			</trkpt>
			<trkpt lat="59.66482" lon="9.21046">
				<ele>150.8042755126953</ele>
				<time>2000-01-01T00:00:00Z</time>
			</trkpt>
			<trkpt lat="59.664794848001975" lon="9.21051030390261">
				<ele>150.6999969482422</ele>
				<time>2000-01-01T00:00:00Z</time>
			</trkpt>
			<trkpt lat="59.66477" lon="9.21056">
				<ele>150.46539306640625</ele>
				<time>2000-01-01T00:00:00Z</time>
			</trkpt>
			<trkpt lat="59.66471" lon="9.21077">
				<ele>149.65579223632812</ele>
				<time>2000-01-01T00:00:00Z</time>
			</trkpt>
			<trkpt lat="59.66463" lon="9.21141">
				<ele>147.44358825683594</ele>
				<time>2000-01-01T00:00:00Z</time>
			</trkpt>
			<trkpt lat="59.66463" lon="9.21149">
				<ele>147.17514038085938</ele>
				<time>2000-01-01T00:00:00Z</time>
			</trkpt>
			<trkpt lat="59.66459919718266" lon="9.211650173882479">
				<ele>146.60000610351562</ele>
				<time>2000-01-01T00:00:00Z</time>
			</trkpt>
			<trkpt lat="59.66458" lon="9.21175">
				<ele>146.36399841308594</ele>
				<time>2000-01-01T00:00:00Z</time>
			</trkpt>
			<trkpt lat="59.66434" lon="9.21226">
				<ele>144.8236083984375</ele>
				<time>2000-01-01T00:00:00Z</time>
			</trkpt>
			<trkpt lat="59.66425" lon="9.21241">
				<ele>144.30892944335938</ele>
				<time>2000-01-01T00:00:00Z</time>
			</trkpt>
			<trkpt lat="59.66417047001637" lon="9.212507203302009">
				<ele>143.89999389648438</ele>
				<time>2000-01-01T00:00:00Z</time>
			</trkpt>
			<trkpt lat="59.66416" lon="9.21252">
				<ele>143.87008666992188</ele>
				<time>2000-01-01T00:00:00Z</time>
			</trkpt>
			<trkpt lat="59.66396" lon="9.21272">
				<ele>143.32545471191406</ele>
				<time>2000-01-01T00:00:00Z</time>
			</trkpt>
			<trkpt lat="59.66360782165185" lon="9.213006516202523">
				<ele>142.39999389648438</ele>
				<time>2000-01-01T00:00:00Z</time>
			</trkpt>
			<trkpt lat="59.66337" lon="9.2132">
				<ele>140.90017700195312</ele>
				<time>2000-01-01T00:00:00Z</time>
			</trkpt>
			<trkpt lat="59.663323452865775" lon="9.213243443612932">
				<ele>140.60000610351562</ele>
				<time>2000-01-01T00:00:00Z</time>
			</trkpt>
			<trkpt lat="59.66322" lon="9.21334">
				<ele>140.2478485107422</ele>
				<time>2000-01-01T00:00:00Z</time>
			</trkpt>
			<trkpt lat="59.66297" lon="9.21367">
				<ele>139.32276916503906</ele>
				<time>2000-01-01T00:00:00Z</time>
			</trkpt>
			<trkpt lat="59.66285" lon="9.21379">
				<ele>138.9088897705078</ele>
				<time>2000-01-01T00:00:00Z</time>
			</trkpt>
			<trkpt lat="59.66279" lon="9.21382">
				<ele>138.7183380126953</ele>
				<time>2000-01-01T00:00:00Z</time>
			</trkpt>
			<trkpt lat="59.66269" lon="9.21385">
				<ele>138.34519958496094</ele>
				<time>2000-01-01T00:00:00Z</time>
			</trkpt>
			<trkpt lat="59.66231" lon="9.21387">
				<ele>136.92848205566406</ele>
				<time>2000-01-01T00:00:00Z</time>
			</trkpt>
			<trkpt lat="59.66216861455148" lon="9.213891340515282">
				<ele>136.39999389648438</ele>
				<time>2000-01-01T00:00:00Z</time>
			</trkpt>
			<trkpt lat="59.66186093068089" lon="9.213937784018038">
				<ele>133.6999969482422</ele>
				<time>2000-01-01T00:00:00Z</time>
			</trkpt>
			<trkpt lat="59.66178" lon="9.21395">
				<ele>133.40188598632812</ele>
				<time>2000-01-01T00:00:00Z</time>
			</trkpt>
			<trkpt lat="59.66155" lon="9.21394">
				<ele>132.55686950683594</ele>
				<time>2000-01-01T00:00:00Z</time>
			</trkpt>
			<trkpt lat="59.66126" lon="9.21385">
				<ele>131.47872924804688</ele>
				<time>2000-01-01T00:00:00Z</time>
			</trkpt>
			<trkpt lat="59.66095061492125" lon="9.213681244826013">
				<ele>130.3000030517578</ele>
				<time>2000-01-01T00:00:00Z</time>
			</trkpt>
			<trkpt lat="59.66082" lon="9.21361">
				<ele>130.0804901123047</ele>
				<time>2000-01-01T00:00:00Z</time>
			</trkpt>
			<trkpt lat="59.66066" lon="9.2135">
				<ele>129.80601501464844</ele>
				<time>2000-01-01T00:00:00Z</time>
			</trkpt>
			<trkpt lat="59.660381261382774" lon="9.213221261535466">
				<ele>129.3000030517578</ele>
				<time>2000-01-01T00:00:00Z</time>
			</trkpt>
			<trkpt lat="59.66033" lon="9.21317">
				<ele>129.1510772705078</ele>
				<time>2000-01-01T00:00:00Z</time>
			</trkpt>
			<trkpt lat="59.66012318609035" lon="9.21288798106903">
				<ele>128.5</ele>
				<time>2000-01-01T00:00:00Z</time>
			</trkpt>
			<trkpt lat="59.66011" lon="9.21287">
				<ele>128.4844207763672</ele>
				<time>2000-01-01T00:00:00Z</time>
			</trkpt>
			<trkpt lat="59.65994" lon="9.21267">
				<ele>128.2921600341797</ele>
				<time>2000-01-01T00:00:00Z</time>
			</trkpt>
			<trkpt lat="59.65984" lon="9.21259">
				<ele>128.1873016357422</ele>
				<time>2000-01-01T00:00:00Z</time>
			</trkpt>
			<trkpt lat="59.65973" lon="9.21254">
				<ele>128.0775604248047</ele>
				<time>2000-01-01T00:00:00Z</time>
			</trkpt>
			<trkpt lat="59.65958" lon="9.21255">
				<ele>127.93164825439453</ele>
				<time>2000-01-01T00:00:00Z</time>
			</trkpt>
			<trkpt lat="59.659548188320954" lon="9.212563633556856">
				<ele>127.9000015258789</ele>
				<time>2000-01-01T00:00:00Z</time>
			</trkpt>
			<trkpt lat="59.65951" lon="9.21258">
				<ele>127.82404327392578</ele>
				<time>2000-01-01T00:00:00Z</time>
			</trkpt>
			<trkpt lat="59.65937" lon="9.21267">
				<ele>127.53781127929688</ele>
				<time>2000-01-01T00:00:00Z</time>
			</trkpt>
			<trkpt lat="59.65926498274054" lon="9.212794110598846">
				<ele>127.30000305175781</ele>
				<time>2000-01-01T00:00:00Z</time>
			</trkpt>
			<trkpt lat="59.65915" lon="9.21293">
				<ele>127.23490142822266</ele>
				<time>2000-01-01T00:00:00Z</time>
			</trkpt>
			<trkpt lat="59.65879" lon="9.21342">
				<ele>127.02252197265625</ele>
				<time>2000-01-01T00:00:00Z</time>
			</trkpt>
			<trkpt lat="59.65875367710181" lon="9.213476900451509">
				<ele>127.0</ele>
				<time>2000-01-01T00:00:00Z</time>
			</trkpt>
			<trkpt lat="59.6585117233938" lon="9.213855966558762">
				<ele>127.0</ele>
				<time>2000-01-01T00:00:00Z</time>
			</trkpt>
			<trkpt lat="59.65849" lon="9.21389">
				<ele>127.00897979736328</ele>
				<time>2000-01-01T00:00:00Z</time>
			</trkpt>
			<trkpt lat="59.65833" lon="9.21421">
				<ele>127.08268737792969</ele>
				<time>2000-01-01T00:00:00Z</time>
			</trkpt>
			<trkpt lat="59.658114233644746" lon="9.21478537643865">
				<ele>127.19999694824219</ele>
				<time>2000-01-01T00:00:00Z</time>
			</trkpt>
			<trkpt lat="59.65809" lon="9.21485">
				<ele>127.2658920288086</ele>
				<time>2000-01-01T00:00:00Z</time>
			</trkpt>
			<trkpt lat="59.65787" lon="9.21533">
				<ele>127.7964096069336</ele>
				<time>2000-01-01T00:00:00Z</time>
			</trkpt>
			<trkpt lat="59.65775" lon="9.21563">
				<ele>128.1096649169922</ele>
				<time>2000-01-01T00:00:00Z</time>
			</trkpt>
			<trkpt lat="59.657536313260735" lon="9.21621407388948">
				<ele>128.6999969482422</ele>
				<time>2000-01-01T00:00:00Z</time>
			</trkpt>
			<trkpt lat="59.65745" lon="9.21645">
				<ele>129.31993103027344</ele>
				<time>2000-01-01T00:00:00Z</time>
			</trkpt>
			<trkpt lat="59.657360262361586" lon="9.216715614655234">
				<ele>130.0</ele>
				<time>2000-01-01T00:00:00Z</time>
			</trkpt>
			<trkpt lat="59.6572" lon="9.21719">
				<ele>130.5605926513672</ele>
				<time>2000-01-01T00:00:00Z</time>
			</trkpt>
			<trkpt lat="59.657046075779775" lon="9.21776518874302">
				<ele>131.1999969482422</ele>
				<time>2000-01-01T00:00:00Z</time>
			</trkpt>
			<trkpt lat="59.65701" lon="9.2179">
				<ele>131.49969482421875</ele>
				<time>2000-01-01T00:00:00Z</time>
			</trkpt>
			<trkpt lat="59.65692068425836" lon="9.218322755498798">
				<ele>132.39999389648438</ele>
				<time>2000-01-01T00:00:00Z</time>
			</trkpt>
			<trkpt lat="59.65686" lon="9.21861">
				<ele>132.6803436279297</ele>
				<time>2000-01-01T00:00:00Z</time>
			</trkpt>
			<trkpt lat="59.65679" lon="9.21915">
				<ele>133.18234252929688</ele>
				<time>2000-01-01T00:00:00Z</time>
			</trkpt>
			<trkpt lat="59.65676317232338" lon="9.219498753874262">
				<ele>133.5</ele>
				<time>2000-01-01T00:00:00Z</time>
			</trkpt>
			<trkpt lat="59.65675" lon="9.21967">
				<ele>133.78359985351562</ele>
				<time>2000-01-01T00:00:00Z</time>
			</trkpt>
			<trkpt lat="59.65671" lon="9.21973">
				<ele>133.94625854492188</ele>
				<time>2000-01-01T00:00:00Z</time>
			</trkpt>
			<trkpt lat="59.65672" lon="9.21979">
				<ele>134.0496826171875</ele>
				<time>2000-01-01T00:00:00Z</time>
			</trkpt>
			<trkpt lat="59.656645411168874" lon="9.220022053933121">
				<ele>134.5</ele>
				<time>2000-01-01T00:00:00Z</time>
			</trkpt>
			<trkpt lat="59.65663" lon="9.22007">
				<ele>134.53256225585938</ele>
				<time>2000-01-01T00:00:00Z</time>
			</trkpt>
			<trkpt lat="59.65653" lon="9.22018">
				<ele>134.66232299804688</ele>
				<time>2000-01-01T00:00:00Z</time>
			</trkpt>
			<trkpt lat="59.65637" lon="9.2203">
				<ele>134.8563995361328</ele>
				<time>2000-01-01T00:00:00Z</time>
			</trkpt>
			<trkpt lat="59.65635" lon="9.22033">
				<ele>134.88487243652344</ele>
				<time>2000-01-01T00:00:00Z</time>
			</trkpt>
			<trkpt lat="59.65623" lon="9.2204">
				<ele>135.0267791748047</ele>
				<time>2000-01-01T00:00:00Z</time>
			</trkpt>
			<trkpt lat="59.65608049033884" lon="9.220461562795462">
				<ele>135.1999969482422</ele>
				<time>2000-01-01T00:00:00Z</time>
			</trkpt>
			<trkpt lat="59.65606" lon="9.22047">
				<ele>135.22035217285156</ele>
				<time>2000-01-01T00:00:00Z</time>
			</trkpt>
			<trkpt lat="59.65578026830714" lon="9.220602503195185">
				<ele>135.5</ele>
				<time>2000-01-01T00:00:00Z</time>
			</trkpt>
			<trkpt lat="59.65549" lon="9.22074">
				<ele>135.45162963867188</ele>
				<time>2000-01-01T00:00:00Z</time>
			</trkpt>
			<trkpt lat="59.65544" lon="9.22077">
				<ele>135.4431610107422</ele>
				<time>2000-01-01T00:00:00Z</time>
			</trkpt>
			<trkpt lat="59.65535" lon="9.22087">
				<ele>135.4264373779297</ele>
				<time>2000-01-01T00:00:00Z</time>
			</trkpt>
			<trkpt lat="59.65521241320842" lon="9.2210437936411">
				<ele>135.39999389648438</ele>
				<time>2000-01-01T00:00:00Z</time>
			</trkpt>
			<trkpt lat="59.65516" lon="9.22111">
				<ele>135.33953857421875</ele>
				<time>2000-01-01T00:00:00Z</time>
			</trkpt>
			<trkpt lat="59.65508" lon="9.22116">
				<ele>135.2579803466797</ele>
				<time>2000-01-01T00:00:00Z</time>
			</trkpt>
			<trkpt lat="59.65503" lon="9.22119">
				<ele>135.20718383789062</ele>
				<time>2000-01-01T00:00:00Z</time>
			</trkpt>
			<trkpt lat="59.65496" lon="9.22121">
				<ele>135.138427734375</ele>
				<time>2000-01-01T00:00:00Z</time>
			</trkpt>
			<trkpt lat="59.65492048315568" lon="9.22121">
				<ele>135.10000610351562</ele>
				<time>2000-01-01T00:00:00Z</time>
			</trkpt>
			<trkpt lat="59.6548" lon="9.22121">
				<ele>134.96334838867188</ele>
				<time>2000-01-01T00:00:00Z</time>
			</trkpt>
			<trkpt lat="59.65459" lon="9.2212">
				<ele>134.72508239746094</ele>
				<time>2000-01-01T00:00:00Z</time>
			</trkpt>
			<trkpt lat="59.65449" lon="9.22121">
				<ele>134.6114959716797</ele>
				<time>2000-01-01T00:00:00Z</time>
			</trkpt>
			<trkpt lat="59.65432" lon="9.22119">
				<ele>134.4183349609375</ele>
				<time>2000-01-01T00:00:00Z</time>
			</trkpt>
			<trkpt lat="59.65430432836904" lon="9.221182164848114">
				<ele>134.39999389648438</ele>
				<time>2000-01-01T00:00:00Z</time>
			</trkpt>
			<trkpt lat="59.6541" lon="9.22108">
				<ele>134.09263610839844</ele>
				<time>2000-01-01T00:00:00Z</time>
			</trkpt>
			<trkpt lat="59.65388" lon="9.22098">
				<ele>133.76344299316406</ele>
				<time>2000-01-01T00:00:00Z</time>
			</trkpt>
			<trkpt lat="59.65377" lon="9.22096">
				<ele>133.60235595703125</ele>
				<time>2000-01-01T00:00:00Z</time>
			</trkpt>
			<trkpt lat="59.65369987256899" lon="9.220954605590471">
				<ele>133.5</ele>
				<time>2000-01-01T00:00:00Z</time>
			</trkpt>
			<trkpt lat="59.65364" lon="9.22095">
				<ele>133.3446502685547</ele>
				<time>2000-01-01T00:00:00Z</time>
			</trkpt>
			<trkpt lat="59.65339598216776" lon="9.221044458459993">
				<ele>132.6999969482422</ele>
				<time>2000-01-01T00:00:00Z</time>
			</trkpt>
			<trkpt lat="59.65333" lon="9.22107">
				<ele>132.63462829589844</ele>
				<time>2000-01-01T00:00:00Z</time>
			</trkpt>
			<trkpt lat="59.65302" lon="9.22123">
				<ele>132.3231658935547</ele>
				<time>2000-01-01T00:00:00Z</time>
			</trkpt>
			<trkpt lat="59.652807658380254" lon="9.221402527191346">
				<ele>132.10000610351562</ele>
				<time>2000-01-01T00:00:00Z</time>
			</trkpt>
			<trkpt lat="59.6527" lon="9.22149">
				<ele>132.02456665039062</ele>
				<time>2000-01-01T00:00:00Z</time>
			</trkpt>
			<trkpt lat="59.652517110077355" lon="9.221606845647658">
				<ele>131.89999389648438</ele>
				<time>2000-01-01T00:00:00Z</time>
			</trkpt>
			<trkpt lat="59.65234" lon="9.22172">
				<ele>131.96031188964844</ele>
				<time>2000-01-01T00:00:00Z</time>
			</trkpt>
			<trkpt lat="59.65223" lon="9.22183">
				<ele>132.00025939941406</ele>
				<time>2000-01-01T00:00:00Z</time>
			</trkpt>
			<trkpt lat="59.65196" lon="9.22199">
				<ele>132.09161376953125</ele>
				<time>2000-01-01T00:00:00Z</time>
			</trkpt>
			<trkpt lat="59.65193407703365" lon="9.221990000000002">
				<ele>132.10000610351562</ele>
				<time>2000-01-01T00:00:00Z</time>
			</trkpt>
			<trkpt lat="59.65167" lon="9.22199">
				<ele>132.52789306640625</ele>
				<time>2000-01-01T00:00:00Z</time>
			</trkpt>
			<trkpt lat="59.6516258062192" lon="9.221979688579841">
				<ele>132.60000610351562</ele>
				<time>2000-01-01T00:00:00Z</time>
			</trkpt>
			<trkpt lat="59.65137" lon="9.22192">
				<ele>132.89218139648438</ele>
				<time>2000-01-01T00:00:00Z</time>
			</trkpt>
			<trkpt lat="59.65126" lon="9.22188">
				<ele>133.01904296875</ele>
				<time>2000-01-01T00:00:00Z</time>
			</trkpt>
			<trkpt lat="59.65119" lon="9.22187">
				<ele>133.09864807128906</ele>
				<time>2000-01-01T00:00:00Z</time>
			</trkpt>
			<trkpt lat="59.65103" lon="9.22189">
				<ele>133.28050231933594</ele>
				<time>2000-01-01T00:00:00Z</time>
			</trkpt>
			<trkpt lat="59.651013220749846" lon="9.221897455803212">
				<ele>133.3000030517578</ele>
				<time>2000-01-01T00:00:00Z</time>
			</trkpt>
			<trkpt lat="59.65071216016792" lon="9.22203126211838">
				<ele>133.89999389648438</ele>
				<time>2000-01-01T00:00:00Z</time>
			</trkpt>
			<trkpt lat="59.65067" lon="9.22205">
				<ele>133.92098999023438</ele>
				<time>2000-01-01T00:00:00Z</time>
			</trkpt>
			<trkpt lat="59.65016" lon="9.2222">
				<ele>134.17164611816406</ele>
				<time>2000-01-01T00:00:00Z</time>
			</trkpt>
			<trkpt lat="59.65010181369808" lon="9.222207933900124">
				<ele>134.1999969482422</ele>
				<time>2000-01-01T00:00:00Z</time>
			</trkpt>
			<trkpt lat="59.6497939851043" lon="9.222249911099524">
				<ele>134.1999969482422</ele>
				<time>2000-01-01T00:00:00Z</time>
			</trkpt>
			<trkpt lat="59.64972" lon="9.22226">
				<ele>134.1519317626953</ele>
				<time>2000-01-01T00:00:00Z</time>
			</trkpt>
			<trkpt lat="59.64917721118035" lon="9.222286694525472">
				<ele>133.8000030517578</ele>
				<time>2000-01-01T00:00:00Z</time>
			</trkpt>
			<trkpt lat="59.64911" lon="9.22229">
				<ele>133.68014526367188</ele>
				<time>2000-01-01T00:00:00Z</time>
			</trkpt>
			<trkpt lat="59.64856348110963" lon="9.222410555516001">
				<ele>132.6999969482422</ele>
				<time>2000-01-01T00:00:00Z</time>
			</trkpt>
			<trkpt lat="59.64843" lon="9.22244">
				<ele>132.7217559814453</ele>
				<time>2000-01-01T00:00:00Z</time>
			</trkpt>
			<trkpt lat="59.64836" lon="9.22246">
				<ele>132.7332305908203</ele>
				<time>2000-01-01T00:00:00Z</time>
			</trkpt>
			<trkpt lat="59.647966747067436" lon="9.222703703894993">
				<ele>132.8000030517578</ele>
				<time>2000-01-01T00:00:00Z</time>
			</trkpt>
			<trkpt lat="59.64765" lon="9.2229">
				<ele>133.33782958984375</ele>
				<time>2000-01-01T00:00:00Z</time>
			</trkpt>
			<trkpt lat="59.64743" lon="9.22296">
				<ele>133.69769287109375</ele>
				<time>2000-01-01T00:00:00Z</time>
			</trkpt>
			<trkpt lat="59.64736693512918" lon="9.222966130053187">
				<ele>133.8000030517578</ele>
				<time>2000-01-01T00:00:00Z</time>
			</trkpt>
			<trkpt lat="59.64705874839489" lon="9.222996093552322">
				<ele>135.60000610351562</ele>
				<time>2000-01-01T00:00:00Z</time>
			</trkpt>
			<trkpt lat="59.64671" lon="9.22303">
				<ele>136.9579315185547</ele>
				<time>2000-01-01T00:00:00Z</time>
			</trkpt>
			<trkpt lat="59.64644456110492" lon="9.223102392390084">
				<ele>138.0</ele>
				<time>2000-01-01T00:00:00Z</time>
			</trkpt>
			<trkpt lat="59.64638" lon="9.22312">
				<ele>138.52810668945312</ele>
				<time>2000-01-01T00:00:00Z</time>
			</trkpt>
			<trkpt lat="59.64628" lon="9.2232">
				<ele>139.40191650390625</ele>
				<time>2000-01-01T00:00:00Z</time>
			</trkpt>
			<trkpt lat="59.64616760724334" lon="9.22334985667624">
				<ele>140.5</ele>
				<time>2000-01-01T00:00:00Z</time>
			</trkpt>
			<trkpt lat="59.6461" lon="9.22344">
				<ele>140.88311767578125</ele>
				<time>2000-01-01T00:00:00Z</time>
			</trkpt>
			<trkpt lat="59.64569" lon="9.22389">
				<ele>143.086181640625</ele>
				<time>2000-01-01T00:00:00Z</time>
			</trkpt>
			<trkpt lat="59.64563260550434" lon="9.223957522294304">
				<ele>143.39999389648438</ele>
				<time>2000-01-01T00:00:00Z</time>
			</trkpt>
			<trkpt lat="59.64552" lon="9.22409">
				<ele>144.71615600585938</ele>
				<time>2000-01-01T00:00:00Z</time>
			</trkpt>
			<trkpt lat="59.645364256900415" lon="9.22425872132982">
				<ele>146.5</ele>
				<time>2000-01-01T00:00:00Z</time>
			</trkpt>
			<trkpt lat="59.64528" lon="9.22435">
				<ele>147.07594299316406</ele>
				<time>2000-01-01T00:00:00Z</time>
			</trkpt>
			<trkpt lat="59.6451" lon="9.2246">
				<ele>148.39443969726562</ele>
				<time>2000-01-01T00:00:00Z</time>
			</trkpt>
			<trkpt lat="59.64499" lon="9.22469">
				<ele>149.1081085205078</ele>
				<time>2000-01-01T00:00:00Z</time>
			</trkpt>
			<trkpt lat="59.64489" lon="9.22481">
				<ele>149.80931091308594</ele>
				<time>2000-01-01T00:00:00Z</time>
			</trkpt>
			<trkpt lat="59.64483921330464" lon="9.224890794648598">
				<ele>150.1999969482422</ele>
				<time>2000-01-01T00:00:00Z</time>
			</trkpt>
			<trkpt lat="59.64467" lon="9.22516">
				<ele>153.5069122314453</ele>
				<time>2000-01-01T00:00:00Z</time>
			</trkpt>
			<trkpt lat="59.64458910286547" lon="9.225244413465504">
				<ele>154.89999389648438</ele>
				<time>2000-01-01T00:00:00Z</time>
			</trkpt>
			<trkpt lat="59.64444" lon="9.2254">
				<ele>156.37496948242188</ele>
				<time>2000-01-01T00:00:00Z</time>
			</trkpt>
			<trkpt lat="59.64421" lon="9.22558">
				<ele>158.53921508789062</ele>
				<time>2000-01-01T00:00:00Z</time>
			</trkpt>
			<trkpt lat="59.64401548290771" lon="9.225681889032233">
				<ele>160.3000030517578</ele>
				<time>2000-01-01T00:00:00Z</time>
			</trkpt>
			<trkpt lat="59.64379" lon="9.2258">
				<ele>162.41650390625</ele>
				<time>2000-01-01T00:00:00Z</time>
			</trkpt>
			<trkpt lat="59.64352" lon="9.22599">
				<ele>165.01698303222656</ele>
				<time>2000-01-01T00:00:00Z</time>
			</trkpt>
			<trkpt lat="59.64343099457024" lon="9.226067879577803">
				<ele>165.89999389648438</ele>
				<time>2000-01-01T00:00:00Z</time>
			</trkpt>
			<trkpt lat="59.64336" lon="9.22613">
				<ele>167.00701904296875</ele>
				<time>2000-01-01T00:00:00Z</time>
			</trkpt>
			<trkpt lat="59.64313766501825" lon="9.226253519386805">
				<ele>170.3000030517578</ele>
				<time>2000-01-01T00:00:00Z</time>
			</trkpt>
			<trkpt lat="59.64309" lon="9.22628">
				<ele>170.46046447753906</ele>
				<time>2000-01-01T00:00:00Z</time>
			</trkpt>
			<trkpt lat="59.64286" lon="9.22646">
				<ele>171.2620391845703</ele>
				<time>2000-01-01T00:00:00Z</time>
			</trkpt>
			<trkpt lat="59.64254810064938" lon="9.226603953448869">
				<ele>172.3000030517578</ele>
				<time>2000-01-01T00:00:00Z</time>
			</trkpt>
			<trkpt lat="59.64247" lon="9.22664">
				<ele>172.0661163330078</ele>
				<time>2000-01-01T00:00:00Z</time>
			</trkpt>
			<trkpt lat="59.64225146508702" lon="9.226771119350529">
				<ele>171.39999389648438</ele>
				<time>2000-01-01T00:00:00Z</time>
			</trkpt>
			<trkpt lat="59.64197" lon="9.22694">
				<ele>169.73193359375</ele>
				<time>2000-01-01T00:00:00Z</time>
			</trkpt>
			<trkpt lat="59.641659327003296" lon="9.227114970951225">
				<ele>167.89999389648438</ele>
				<time>2000-01-01T00:00:00Z</time>
			</trkpt>
			<trkpt lat="59.64136255839118" lon="9.227282120926297">
				<ele>162.6999969482422</ele>
				<time>2000-01-01T00:00:00Z</time>
			</trkpt>
			<trkpt lat="59.6411" lon="9.22743">
				<ele>160.3555450439453</ele>
				<time>2000-01-01T00:00:00Z</time>
			</trkpt>
			<trkpt lat="59.64082" lon="9.22763">
				<ele>157.79898071289062</ele>
				<time>2000-01-01T00:00:00Z</time>
			</trkpt>
			<trkpt lat="59.64077880944888" lon="9.227672516404697">
				<ele>157.39999389648438</ele>
				<time>2000-01-01T00:00:00Z</time>
			</trkpt>
			<trkpt lat="59.64051" lon="9.22795">
				<ele>153.56787109375</ele>
				<time>2000-01-01T00:00:00Z</time>
			</trkpt>
			<trkpt lat="59.64039" lon="9.22811">
				<ele>153.1161651611328</ele>
				<time>2000-01-01T00:00:00Z</time>
			</trkpt>
			<trkpt lat="59.64001751476539" lon="9.228701981655572">
				<ele>151.8000030517578</ele>
				<time>2000-01-01T00:00:00Z</time>
			</trkpt>
			<trkpt lat="59.63983" lon="9.229">
				<ele>152.2677001953125</ele>
				<time>2000-01-01T00:00:00Z</time>
			</trkpt>
			<trkpt lat="59.63977518252274" lon="9.229079732584644">
				<ele>152.39999389648438</ele>
				<time>2000-01-01T00:00:00Z</time>
			</trkpt>
			<trkpt lat="59.63961" lon="9.22932">
				<ele>152.96473693847656</ele>
				<time>2000-01-01T00:00:00Z</time>
			</trkpt>
			<trkpt lat="59.63951" lon="9.22943">
				<ele>153.27992248535156</ele>
				<time>2000-01-01T00:00:00Z</time>
			</trkpt>
			<trkpt lat="59.639228889658256" lon="9.22962386919626">
				<ele>154.10000610351562</ele>
				<time>2000-01-01T00:00:00Z</time>
			</trkpt>
			<trkpt lat="59.63922" lon="9.22963">
				<ele>154.18545532226562</ele>
				<time>2000-01-01T00:00:00Z</time>
			</trkpt>
			<trkpt lat="59.63894795209842" lon="9.229876134126727">
				<ele>156.89999389648438</ele>
				<time>2000-01-01T00:00:00Z</time>
			</trkpt>
			<trkpt lat="59.63859" lon="9.2302">
				<ele>158.5583038330078</ele>
				<time>2000-01-01T00:00:00Z</time>
			</trkpt>
			<trkpt lat="59.63837228438067" lon="9.23030003115396">
				<ele>159.5</ele>
				<time>2000-01-01T00:00:00Z</time>
			</trkpt>
			<trkpt lat="59.63822" lon="9.23037">
				<ele>160.5132293701172</ele>
				<time>2000-01-01T00:00:00Z</time>
			</trkpt>
			<trkpt lat="59.63811" lon="9.23038">
				<ele>161.22702026367188</ele>
				<time>2000-01-01T00:00:00Z</time>
			</trkpt>
			<trkpt lat="59.63807034147082" lon="9.23040809049179">
				<ele>161.5</ele>
				<time>2000-01-01T00:00:00Z</time>
			</trkpt>
			<trkpt lat="59.63787" lon="9.23055">
				<ele>161.87930297851562</ele>
				<time>2000-01-01T00:00:00Z</time>
			</trkpt>
			<trkpt lat="59.6377" lon="9.23071">
				<ele>162.21487426757812</ele>
				<time>2000-01-01T00:00:00Z</time>
			</trkpt>
			<trkpt lat="59.63751734083278" lon="9.230938323919823">
				<ele>162.60000610351562</ele>
				<time>2000-01-01T00:00:00Z</time>
			</trkpt>
			<trkpt lat="59.6375" lon="9.23096">
				<ele>162.6265869140625</ele>
				<time>2000-01-01T00:00:00Z</time>
			</trkpt>
			<trkpt lat="59.63734" lon="9.23124">
				<ele>162.9035186767578</ele>
				<time>2000-01-01T00:00:00Z</time>
			</trkpt>
			<trkpt lat="59.6372958505316" lon="9.231358550582254">
				<ele>163.0</ele>
				<time>2000-01-01T00:00:00Z</time>
			</trkpt>
			<trkpt lat="59.63699" lon="9.23218">
				<ele>163.0557098388672</ele>
				<time>2000-01-01T00:00:00Z</time>
			</trkpt>
			<trkpt lat="59.6368" lon="9.23251">
				<ele>163.08302307128906</ele>
				<time>2000-01-01T00:00:00Z</time>
			</trkpt>
			<trkpt lat="59.63666823012345" lon="9.232679418400254">
				<ele>163.10000610351562</ele>
				<time>2000-01-01T00:00:00Z</time>
			</trkpt>
			<trkpt lat="59.63666" lon="9.23269">
				<ele>163.1159210205078</ele>
				<time>2000-01-01T00:00:00Z</time>
			</trkpt>
			<trkpt lat="59.63656" lon="9.2328">
				<ele>163.30133056640625</ele>
				<time>2000-01-01T00:00:00Z</time>
			</trkpt>
			<trkpt lat="59.636118846330554" lon="9.233234848601853">
				<ele>164.10000610351562</ele>
				<time>2000-01-01T00:00:00Z</time>
			</trkpt>
			<trkpt lat="59.63586" lon="9.23349">
				<ele>165.31832885742188</ele>
				<time>2000-01-01T00:00:00Z</time>
			</trkpt>
			<trkpt lat="59.63584142652559" lon="9.233500925133649">
				<ele>165.39999389648438</ele>
				<time>2000-01-01T00:00:00Z</time>
			</trkpt>
			<trkpt lat="59.63569" lon="9.23359">
				<ele>165.73280334472656</ele>
				<time>2000-01-01T00:00:00Z</time>
			</trkpt>
			<trkpt lat="59.63554" lon="9.23376">
				<ele>166.09695434570312</ele>
				<time>2000-01-01T00:00:00Z</time>
			</trkpt>
			<trkpt lat="59.63534607849802" lon="9.234176570751583">
				<ele>166.6999969482422</ele>
				<time>2000-01-01T00:00:00Z</time>
			</trkpt>
			<trkpt lat="59.63527" lon="9.23434">
				<ele>167.02755737304688</ele>
				<time>2000-01-01T00:00:00Z</time>
			</trkpt>
			<trkpt lat="59.63516" lon="9.23454">
				<ele>167.46336364746094</ele>
				<time>2000-01-01T00:00:00Z</time>
			</trkpt>
			<trkpt lat="59.635120263245206" lon="9.234589085674399">
				<ele>167.60000610351562</ele>
				<time>2000-01-01T00:00:00Z</time>
			</trkpt>
			<trkpt lat="59.63499" lon="9.23475">
				<ele>167.55023193359375</ele>
				<time>2000-01-01T00:00:00Z</time>
			</trkpt>
			<trkpt lat="59.63491" lon="9.23481">
				<ele>167.5225067138672</ele>
				<time>2000-01-01T00:00:00Z</time>
			</trkpt>
			<trkpt lat="59.63482" lon="9.2346">
				<ele>167.47740173339844</ele>
				<time>2000-01-01T00:00:00Z</time>
			</trkpt>
			<trkpt lat="59.63475" lon="9.23432">
				<ele>167.4262237548828</ele>
				<time>2000-01-01T00:00:00Z</time>
			</trkpt>
			<trkpt lat="59.63469" lon="9.23422">
				<ele>167.40078735351562</ele>
				<time>2000-01-01T00:00:00Z</time>
			</trkpt>
			<trkpt lat="59.63456" lon="9.23409">
				<ele>167.1215362548828</ele>
				<time>2000-01-01T00:00:00Z</time>
			</trkpt>
			<trkpt lat="59.63425" lon="9.23393">
				<ele>166.49855041503906</ele>
				<time>2000-01-01T00:00:00Z</time>
			</trkpt>
			<trkpt lat="59.63411" lon="9.23389">
				<ele>166.22349548339844</ele>
				<time>2000-01-01T00:00:00Z</time>
			</trkpt>
			<trkpt lat="59.63409791234087" lon="9.233889999999999">
				<ele>166.1999969482422</ele>
				<time>2000-01-01T00:00:00Z</time>
			</trkpt>
			<trkpt lat="59.63404" lon="9.23389">
				<ele>165.56182861328125</ele>
				<time>2000-01-01T00:00:00Z</time>
			</trkpt>
			<trkpt lat="59.63381" lon="9.23395">
				<ele>163.0054931640625</ele>
				<time>2000-01-01T00:00:00Z</time>
			</trkpt>
			<trkpt lat="59.633791945220004" lon="9.233959283510156">
				<ele>162.8000030517578</ele>
				<time>2000-01-01T00:00:00Z</time>
			</trkpt>
			<trkpt lat="59.63346" lon="9.23413">
				<ele>161.09561157226562</ele>
				<time>2000-01-01T00:00:00Z</time>
			</trkpt>
			<trkpt lat="59.63289" lon="9.23433">
				<ele>158.2189178466797</ele>
				<time>2000-01-01T00:00:00Z</time>
			</trkpt>
			<trkpt lat="59.63262" lon="9.23447">
				<ele>157.53082275390625</ele>
				<time>2000-01-01T00:00:00Z</time>
			</trkpt>
			<trkpt lat="59.63232" lon="9.23457">
				<ele>156.79132080078125</ele>
				<time>2000-01-01T00:00:00Z</time>
			</trkpt>
			<trkpt lat="59.632283366848945" lon="9.234586585135036">
				<ele>156.6999969482422</ele>
				<time>2000-01-01T00:00:00Z</time>
			</trkpt>
			<trkpt lat="59.63198257173906" lon="9.23472279715369">
				<ele>155.89999389648438</ele>
				<time>2000-01-01T00:00:00Z</time>
			</trkpt>
			<trkpt lat="59.63179" lon="9.23481">
				<ele>155.77195739746094</ele>
				<time>2000-01-01T00:00:00Z</time>
			</trkpt>
			<trkpt lat="59.63162" lon="9.23492">
				<ele>155.656005859375</ele>
				<time>2000-01-01T00:00:00Z</time>
			</trkpt>
			<trkpt lat="59.63140519189438" lon="9.235134805258628">
				<ele>155.5</ele>
				<time>2000-01-01T00:00:00Z</time>
			</trkpt>
			<trkpt lat="59.63114" lon="9.2354">
				<ele>155.0184783935547</ele>
				<time>2000-01-01T00:00:00Z</time>
			</trkpt>
			<trkpt lat="59.63112961096834" lon="9.235409291053196">
				<ele>155.0</ele>
				<time>2000-01-01T00:00:00Z</time>
			</trkpt>
			<trkpt lat="59.63076" lon="9.23574">
				<ele>154.0139923095703</ele>
				<time>2000-01-01T00:00:00Z</time>
			</trkpt>
			<trkpt lat="59.63068" lon="9.23579">
				<ele>153.81005859375</ele>
				<time>2000-01-01T00:00:00Z</time>
			</trkpt>
			<trkpt lat="59.63055398637201" lon="9.235829273019935">
				<ele>153.5</ele>
				<time>2000-01-01T00:00:00Z</time>
			</trkpt>
			<trkpt lat="59.63024918931439" lon="9.235924277543829">
				<ele>150.60000610351562</ele>
				<time>2000-01-01T00:00:00Z</time>
			</trkpt>
			<trkpt lat="59.62991" lon="9.23603">
				<ele>148.541259765625</ele>
				<time>2000-01-01T00:00:00Z</time>
			</trkpt>
			<trkpt lat="59.62967" lon="9.23617">
				<ele>147.04103088378906</ele>
				<time>2000-01-01T00:00:00Z</time>
			</trkpt>
			<trkpt lat="59.62964867599857" lon="9.236189636210428">
				<ele>146.89999389648438</ele>
				<time>2000-01-01T00:00:00Z</time>
			</trkpt>
			<trkpt lat="59.62936894338145" lon="9.236447288712037">
				<ele>142.8000030517578</ele>
				<time>2000-01-01T00:00:00Z</time>
			</trkpt>
			<trkpt lat="59.62929" lon="9.23652">
				<ele>142.23553466796875</ele>
				<time>2000-01-01T00:00:00Z</time>
			</trkpt>
			<trkpt lat="59.62917" lon="9.23661">
				<ele>141.4036865234375</ele>
				<time>2000-01-01T00:00:00Z</time>
			</trkpt>
			<trkpt lat="59.62885" lon="9.23688">
				<ele>139.14869689941406</ele>
				<time>2000-01-01T00:00:00Z</time>
			</trkpt>
			<trkpt lat="59.628802818950234" lon="9.23693111120042">
				<ele>138.8000030517578</ele>
				<time>2000-01-01T00:00:00Z</time>
			</trkpt>
			<trkpt lat="59.62861" lon="9.23714">
				<ele>137.3749542236328</ele>
				<time>2000-01-01T00:00:00Z</time>
			</trkpt>
			<trkpt lat="59.62847" lon="9.23732">
				<ele>136.2926483154297</ele>
				<time>2000-01-01T00:00:00Z</time>
			</trkpt>
			<trkpt lat="59.62830111017582" lon="9.237629631287772">
				<ele>134.8000030517578</ele>
				<time>2000-01-01T00:00:00Z</time>
			</trkpt>
			<trkpt lat="59.62829" lon="9.23765">
				<ele>134.723876953125</ele>
				<time>2000-01-01T00:00:00Z</time>
			</trkpt>
			<trkpt lat="59.62794647276193" lon="9.238627717942473">
				<ele>131.6999969482422</ele>
				<time>2000-01-01T00:00:00Z</time>
			</trkpt>
			<trkpt lat="59.62777" lon="9.23913">
				<ele>130.94830322265625</ele>
				<time>2000-01-01T00:00:00Z</time>
			</trkpt>
			<trkpt lat="59.62771" lon="9.23929">
				<ele>130.7034912109375</ele>
				<time>2000-01-01T00:00:00Z</time>
			</trkpt>
			<trkpt lat="59.6276" lon="9.2394">
				<ele>130.4038848876953</ele>
				<time>2000-01-01T00:00:00Z</time>
			</trkpt>
			<trkpt lat="59.6275422488932" lon="9.23952031417493">
				<ele>130.1999969482422</ele>
				<time>2000-01-01T00:00:00Z</time>
			</trkpt>
			<trkpt lat="59.62748" lon="9.23965">
				<ele>129.863037109375</ele>
				<time>2000-01-01T00:00:00Z</time>
			</trkpt>
			<trkpt lat="59.6274" lon="9.23976">
				<ele>129.49989318847656</ele>
				<time>2000-01-01T00:00:00Z</time>
			</trkpt>
			<trkpt lat="59.62727" lon="9.2399">
				<ele>128.9482421875</ele>
				<time>2000-01-01T00:00:00Z</time>
			</trkpt>
			<trkpt lat="59.62711" lon="9.24004">
				<ele>128.2961883544922</ele>
				<time>2000-01-01T00:00:00Z</time>
			</trkpt>
			<trkpt lat="59.62700597812985" lon="9.240083342442123">
				<ele>127.9000015258789</ele>
				<time>2000-01-01T00:00:00Z</time>
			</trkpt>
			<trkpt lat="59.62699" lon="9.24009">
				<ele>127.86824035644531</ele>
				<time>2000-01-01T00:00:00Z</time>
			</trkpt>
			<trkpt lat="59.62693" lon="9.2401">
				<ele>127.75115203857422</ele>
				<time>2000-01-01T00:00:00Z</time>
			</trkpt>
			<trkpt lat="59.62686" lon="9.24008">
				<ele>127.6136474609375</ele>
				<time>2000-01-01T00:00:00Z</time>
			</trkpt>
			<trkpt lat="59.62661" lon="9.23992">
				<ele>127.10269165039062</ele>
				<time>2000-01-01T00:00:00Z</time>
			</trkpt>
			<trkpt lat="59.62642399025829" lon="9.239739991201255">
				<ele>126.69999694824219</ele>
				<time>2000-01-01T00:00:00Z</time>
			</trkpt>
			<trkpt lat="59.6263" lon="9.23962">
				<ele>126.7447280883789</ele>
				<time>2000-01-01T00:00:00Z</time>
			</trkpt>
			<trkpt lat="59.62604" lon="9.23949">
				<ele>126.83164978027344</ele>
				<time>2000-01-01T00:00:00Z</time>
			</trkpt>
			<trkpt lat="59.62593" lon="9.23946">
				<ele>126.86763763427734</ele>
				<time>2000-01-01T00:00:00Z</time>
			</trkpt>
			<trkpt lat="59.62587" lon="9.23947">
				<ele>126.88714599609375</ele>
				<time>2000-01-01T00:00:00Z</time>
			</trkpt>
			<trkpt lat="59.62583112475844" lon="9.239485548893478">
				<ele>126.9000015258789</ele>
				<time>2000-01-01T00:00:00Z</time>
			</trkpt>
			<trkpt lat="59.62552" lon="9.23961">
				<ele>128.23016357421875</ele>
				<time>2000-01-01T00:00:00Z</time>
			</trkpt>
			<trkpt lat="59.62531" lon="9.23976">
				<ele>128.98995971679688</ele>
				<time>2000-01-01T00:00:00Z</time>
			</trkpt>
			<trkpt lat="59.62518" lon="9.23989">
				<ele>129.48570251464844</ele>
				<time>2000-01-01T00:00:00Z</time>
			</trkpt>
			<trkpt lat="59.62513" lon="9.23997">
				<ele>129.70455932617188</ele>
				<time>2000-01-01T00:00:00Z</time>
			</trkpt>
			<trkpt lat="59.62509" lon="9.24007">
				<ele>129.92391967773438</ele>
				<time>2000-01-01T00:00:00Z</time>
			</trkpt>
			<trkpt lat="59.625047902396254" lon="9.240272068296466">
				<ele>130.3000030517578</ele>
				<time>2000-01-01T00:00:00Z</time>
			</trkpt>
			<trkpt lat="59.62504" lon="9.24031">
				<ele>130.39076232910156</ele>
				<time>2000-01-01T00:00:00Z</time>
			</trkpt>
			<trkpt lat="59.624902663758874" lon="9.241457737740179">
				<ele>133.0</ele>
				<time>2000-01-01T00:00:00Z</time>
			</trkpt>
			<trkpt lat="59.6249" lon="9.24148">
				<ele>133.10122680664062</ele>
				<time>2000-01-01T00:00:00Z</time>
			</trkpt>
			<trkpt lat="59.62477715504727" lon="9.242014733349352">
				<ele>135.6999969482422</ele>
				<time>2000-01-01T00:00:00Z</time>
			</trkpt>
			<trkpt lat="59.62473" lon="9.24222">
				<ele>136.0879669189453</ele>
				<time>2000-01-01T00:00:00Z</time>
			</trkpt>
			<trkpt lat="59.62467" lon="9.24237">
				<ele>136.4170379638672</ele>
				<time>2000-01-01T00:00:00Z</time>
			</trkpt>
			<trkpt lat="59.62459" lon="9.24269">
				<ele>137.0313262939453</ele>
				<time>2000-01-01T00:00:00Z</time>
			</trkpt>
			<trkpt lat="59.62444495220517" lon="9.243032464518185">
				<ele>137.8000030517578</ele>
				<time>2000-01-01T00:00:00Z</time>
			</trkpt>
			<trkpt lat="59.62424681814892" lon="9.243500290144238">
				<ele>139.6999969482422</ele>
				<time>2000-01-01T00:00:00Z</time>
			</trkpt>
			<trkpt lat="59.62423" lon="9.24354">
				<ele>139.742431640625</ele>
				<time>2000-01-01T00:00:00Z</time>
			</trkpt>
			<trkpt lat="59.62404" lon="9.24429">
				<ele>140.4298095703125</ele>
				<time>2000-01-01T00:00:00Z</time>
			</trkpt>
			<trkpt lat="59.6239934380828" lon="9.244606620814686">
				<ele>140.6999969482422</ele>
				<time>2000-01-01T00:00:00Z</time>
			</trkpt>
			<trkpt lat="59.62399" lon="9.24463">
				<ele>140.7159423828125</ele>
				<time>2000-01-01T00:00:00Z</time>
			</trkpt>
			<trkpt lat="59.62394" lon="9.24472">
				<ele>140.80361938476562</ele>
				<time>2000-01-01T00:00:00Z</time>
			</trkpt>
			<trkpt lat="59.62387" lon="9.24483">
				<ele>140.9195098876953</ele>
				<time>2000-01-01T00:00:00Z</time>
			</trkpt>
			<trkpt lat="59.62379" lon="9.24503">
				<ele>141.08668518066406</ele>
				<time>2000-01-01T00:00:00Z</time>
			</trkpt>
			<trkpt lat="59.6237846768376" lon="9.245047381303202">
				<ele>141.10000610351562</ele>
				<time>2000-01-01T00:00:00Z</time>
			</trkpt>
			<trkpt lat="59.62364" lon="9.24552">
				<ele>141.145263671875</ele>
				<time>2000-01-01T00:00:00Z</time>
			</trkpt>
			<trkpt lat="59.62356" lon="9.24584">
				<ele>141.1745147705078</ele>
				<time>2000-01-01T00:00:00Z</time>
			</trkpt>
			<trkpt lat="59.62355" lon="9.246">
				<ele>141.18772888183594</ele>
				<time>2000-01-01T00:00:00Z</time>
			</trkpt>
			<trkpt lat="59.62351895658683" lon="9.246136590546948">
				<ele>141.1999969482422</ele>
				<time>2000-01-01T00:00:00Z</time>
			</trkpt>
			<trkpt lat="59.6235" lon="9.24622">
				<ele>141.21498107910156</ele>
				<time>2000-01-01T00:00:00Z</time>
			</trkpt>
			<trkpt lat="59.62349" lon="9.24629">
				<ele>141.22689819335938</ele>
				<time>2000-01-01T00:00:00Z</time>
			</trkpt>
			<trkpt lat="59.62343" lon="9.24639">
				<ele>141.25233459472656</ele>
				<time>2000-01-01T00:00:00Z</time>
			</trkpt>
			<trkpt lat="59.62338911729807" lon="9.24666936321819">
				<ele>141.3000030517578</ele>
				<time>2000-01-01T00:00:00Z</time>
			</trkpt>
			<trkpt lat="59.62337" lon="9.2468">
				<ele>141.3668670654297</ele>
				<time>2000-01-01T00:00:00Z</time>
			</trkpt>
			<trkpt lat="59.62317" lon="9.24752">
				<ele>141.770751953125</ele>
				<time>2000-01-01T00:00:00Z</time>
			</trkpt>
			<trkpt lat="59.62308" lon="9.24772">
				<ele>141.9126739501953</ele>
				<time>2000-01-01T00:00:00Z</time>
			</trkpt>
			<trkpt lat="59.62284" lon="9.24799">
				<ele>143.34445190429688</ele>
				<time>2000-01-01T00:00:00Z</time>
			</trkpt>
			<trkpt lat="59.622817711945615" lon="9.248029691939003">
				<ele>143.5</ele>
				<time>2000-01-01T00:00:00Z</time>
			</trkpt>
			<trkpt lat="59.62252" lon="9.24856">
				<ele>145.18807983398438</ele>
				<time>2000-01-01T00:00:00Z</time>
			</trkpt>
			<trkpt lat="59.62239" lon="9.24889">
				<ele>146.07931518554688</ele>
				<time>2000-01-01T00:00:00Z</time>
			</trkpt>
			<trkpt lat="59.622245997698585" lon="9.249440595873475">
				<ele>148.8000030517578</ele>
				<time>2000-01-01T00:00:00Z</time>
			</trkpt>
			<trkpt lat="59.62222" lon="9.24954">
				<ele>149.04759216308594</ele>
				<time>2000-01-01T00:00:00Z</time>
			</trkpt>
			<trkpt lat="59.62209" lon="9.24992">
				<ele>150.06265258789062</ele>
				<time>2000-01-01T00:00:00Z</time>
			</trkpt>
			<trkpt lat="59.62184039367027" lon="9.250342410654536">
				<ele>151.5</ele>
				<time>2000-01-01T00:00:00Z</time>
			</trkpt>
			<trkpt lat="59.62183" lon="9.25036">
				<ele>151.56651306152344</ele>
				<time>2000-01-01T00:00:00Z</time>
			</trkpt>
			<trkpt lat="59.62174" lon="9.25061">
				<ele>152.32093811035156</ele>
				<time>2000-01-01T00:00:00Z</time>
			</trkpt>
			<trkpt lat="59.621685608031605" lon="9.25086442514059">
				<ele>153.0</ele>
				<time>2000-01-01T00:00:00Z</time>
			</trkpt>
			<trkpt lat="59.62146" lon="9.25192">
				<ele>152.71827697753906</ele>
				<time>2000-01-01T00:00:00Z</time>
			</trkpt>
			<trkpt lat="59.62144722210722" lon="9.251989896393667">
				<ele>152.6999969482422</ele>
				<time>2000-01-01T00:00:00Z</time>
			</trkpt>
			<trkpt lat="59.62134238960438" lon="9.252563749451289">
				<ele>150.89999389648438</ele>
				<time>2000-01-01T00:00:00Z</time>
			</trkpt>
			<trkpt lat="59.62127" lon="9.25296">
				<ele>149.8987579345703</ele>
				<time>2000-01-01T00:00:00Z</time>
			</trkpt>
			<trkpt lat="59.621159477881584" lon="9.253728542567119">
				<ele>148.0</ele>
				<time>2000-01-01T00:00:00Z</time>
			</trkpt>
			<trkpt lat="59.62107513982965" lon="9.254315450656518">
				<ele>143.6999969482422</ele>
				<time>2000-01-01T00:00:00Z</time>
			</trkpt>
			<trkpt lat="59.6208221049089" lon="9.256076192221512">
				<ele>139.3000030517578</ele>
				<time>2000-01-01T00:00:00Z</time>
			</trkpt>
			<trkpt lat="59.6208" lon="9.25623">
				<ele>139.1427459716797</ele>
				<time>2000-01-01T00:00:00Z</time>
			</trkpt>
			<trkpt lat="59.62077" lon="9.25637">
				<ele>138.99322509765625</ele>
				<time>2000-01-01T00:00:00Z</time>
			</trkpt>
			<trkpt lat="59.6206" lon="9.257">
				<ele>138.291015625</ele>
				<time>2000-01-01T00:00:00Z</time>
			</trkpt>
			<trkpt lat="59.62056387108601" lon="9.25718063538498">
				<ele>138.10000610351562</ele>
				<time>2000-01-01T00:00:00Z</time>
			</trkpt>
			<trkpt lat="59.62048" lon="9.2576">
				<ele>137.7674102783203</ele>
				<time>2000-01-01T00:00:00Z</time>
			</trkpt>
			<trkpt lat="59.62041" lon="9.25827">
				<ele>137.2628173828125</ele>
				<time>2000-01-01T00:00:00Z</time>
			</trkpt>
			<trkpt lat="59.62039767771605" lon="9.258351623162593">
				<ele>137.1999969482422</ele>
				<time>2000-01-01T00:00:00Z</time>
			</trkpt>
			<trkpt lat="59.62033" lon="9.2588">
				<ele>136.66314697265625</ele>
				<time>2000-01-01T00:00:00Z</time>
			</trkpt>
			<trkpt lat="59.620300820402726" lon="9.258929975785879">
				<ele>136.5</ele>
				<time>2000-01-01T00:00:00Z</time>
			</trkpt>
			<trkpt lat="59.62022" lon="9.25929">
				<ele>136.1772003173828</ele>
				<time>2000-01-01T00:00:00Z</time>
			</trkpt>
			<trkpt lat="59.62018" lon="9.25971">
				<ele>135.82696533203125</ele>
				<time>2000-01-01T00:00:00Z</time>
			</trkpt>
			<trkpt lat="59.620159202906784" lon="9.26010684423842">
				<ele>135.5</ele>
				<time>2000-01-01T00:00:00Z</time>
			</trkpt>
			<trkpt lat="59.620127439058535" lon="9.260713727097018">
				<ele>134.1999969482422</ele>
				<time>2000-01-01T00:00:00Z</time>
			</trkpt>
			<trkpt lat="59.62008" lon="9.26162">
				<ele>132.85601806640625</ele>
				<time>2000-01-01T00:00:00Z</time>
			</trkpt>
			<trkpt lat="59.62008541992823" lon="9.261928983018821">
				<ele>132.39999389648438</ele>
				<time>2000-01-01T00:00:00Z</time>
			</trkpt>
			<trkpt lat="59.62009" lon="9.26219">
				<ele>131.58663940429688</ele>
				<time>2000-01-01T00:00:00Z</time>
			</trkpt>
			<trkpt lat="59.62011209777381" lon="9.262536202870319">
				<ele>130.5</ele>
				<time>2000-01-01T00:00:00Z</time>
			</trkpt>
			<trkpt lat="59.62012" lon="9.26266">
				<ele>130.3568572998047</ele>
				<time>2000-01-01T00:00:00Z</time>
			</trkpt>
			<trkpt lat="59.62026234952835" lon="9.263718729597539">
				<ele>129.10000610351562</ele>
				<time>2000-01-01T00:00:00Z</time>
			</trkpt>
			<trkpt lat="59.62028" lon="9.26385">
				<ele>128.9441680908203</ele>
				<time>2000-01-01T00:00:00Z</time>
			</trkpt>
			<trkpt lat="59.62034" lon="9.26408">
				<ele>128.64724731445312</ele>
				<time>2000-01-01T00:00:00Z</time>
			</trkpt>
			<trkpt lat="59.6204145024094" lon="9.264237282937955">
				<ele>128.39999389648438</ele>
				<time>2000-01-01T00:00:00Z</time>
			</trkpt>
			<trkpt lat="59.62043" lon="9.26427">
				<ele>128.41468811035156</ele>
				<time>2000-01-01T00:00:00Z</time>
			</trkpt>
			<trkpt lat="59.62062" lon="9.26461">
				<ele>128.58079528808594</ele>
				<time>2000-01-01T00:00:00Z</time>
			</trkpt>
			<trkpt lat="59.620881563308515" lon="9.26503391313406">
				<ele>128.8000030517578</ele>
				<time>2000-01-01T00:00:00Z</time>
			</trkpt>
			<trkpt lat="59.62091" lon="9.26508">
				<ele>128.95489501953125</ele>
				<time>2000-01-01T00:00:00Z</time>
			</trkpt>
			<trkpt lat="59.621" lon="9.26526">
				<ele>129.4941864013672</ele>
				<time>2000-01-01T00:00:00Z</time>
			</trkpt>
			<trkpt lat="59.62107" lon="9.26546">
				<ele>130.0124053955078</ele>
				<time>2000-01-01T00:00:00Z</time>
			</trkpt>
			<trkpt lat="59.62111" lon="9.26568">
				<ele>130.5105438232422</ele>
				<time>2000-01-01T00:00:00Z</time>
			</trkpt>
			<trkpt lat="59.62111" lon="9.26587">
				<ele>130.9153289794922</ele>
				<time>2000-01-01T00:00:00Z</time>
			</trkpt>
			<trkpt lat="59.62109788039826" lon="9.266096211185483">
				<ele>131.39999389648438</ele>
				<time>2000-01-01T00:00:00Z</time>
			</trkpt>
			<trkpt lat="59.62108" lon="9.26643">
				<ele>132.28024291992188</ele>
				<time>2000-01-01T00:00:00Z</time>
			</trkpt>
			<trkpt lat="59.6211" lon="9.26688">
				<ele>133.46482849121094</ele>
				<time>2000-01-01T00:00:00Z</time>
			</trkpt>
			<trkpt lat="59.62113" lon="9.26709">
				<ele>134.03704833984375</ele>
				<time>2000-01-01T00:00:00Z</time>
			</trkpt>
			<trkpt lat="59.62117" lon="9.26728">
				<ele>134.5767364501953</ele>
				<time>2000-01-01T00:00:00Z</time>
			</trkpt>
			<trkpt lat="59.62145" lon="9.2681">
				<ele>135.32318115234375</ele>
				<time>2000-01-01T00:00:00Z</time>
			</trkpt>
			<trkpt lat="59.62148" lon="9.26821">
				<ele>135.41534423828125</ele>
				<time>2000-01-01T00:00:00Z</time>
			</trkpt>
			<trkpt lat="59.621495776744034" lon="9.26832044121632">
				<ele>135.5</ele>
				<time>2000-01-01T00:00:00Z</time>
			</trkpt>
			<trkpt lat="59.62153" lon="9.26856">
				<ele>135.45919799804688</ele>
				<time>2000-01-01T00:00:00Z</time>
			</trkpt>
			<trkpt lat="59.62152050619383" lon="9.268920763522464">
				<ele>135.39999389648438</ele>
				<time>2000-01-01T00:00:00Z</time>
			</trkpt>
			<trkpt lat="59.62152" lon="9.26894">
				<ele>135.3826141357422</ele>
				<time>2000-01-01T00:00:00Z</time>
			</trkpt>
			<trkpt lat="59.62151" lon="9.26906">
				<ele>135.2729949951172</ele>
				<time>2000-01-01T00:00:00Z</time>
			</trkpt>
			<trkpt lat="59.62136" lon="9.2695">
				<ele>134.79466247558594</ele>
				<time>2000-01-01T00:00:00Z</time>
			</trkpt>
			<trkpt lat="59.62131" lon="9.26971">
				<ele>134.58544921875</ele>
				<time>2000-01-01T00:00:00Z</time>
			</trkpt>
			<trkpt lat="59.62127080418184" lon="9.270017030731644">
				<ele>134.3000030517578</ele>
				<time>2000-01-01T00:00:00Z</time>
			</trkpt>
			<trkpt lat="59.62125" lon="9.27018">
				<ele>133.914306640625</ele>
				<time>2000-01-01T00:00:00Z</time>
			</trkpt>
			<trkpt lat="59.62120994131349" lon="9.27061490801096">
				<ele>132.89999389648438</ele>
				<time>2000-01-01T00:00:00Z</time>
			</trkpt>
			<trkpt lat="59.62118" lon="9.27094">
				<ele>132.4938201904297</ele>
				<time>2000-01-01T00:00:00Z</time>
			</trkpt>
			<trkpt lat="59.62103" lon="9.27176">
				<ele>131.42198181152344</ele>
				<time>2000-01-01T00:00:00Z</time>
			</trkpt>
			<trkpt lat="59.621025668021424" lon="9.271775700668101">
				<ele>131.39999389648438</ele>
				<time>2000-01-01T00:00:00Z</time>
			</trkpt>
			<trkpt lat="59.62095" lon="9.27205">
				<ele>131.29757690429688</ele>
				<time>2000-01-01T00:00:00Z</time>
			</trkpt>
			<trkpt lat="59.62085956429094" lon="9.272287985930905">
				<ele>131.1999969482422</ele>
				<time>2000-01-01T00:00:00Z</time>
			</trkpt>
			<trkpt lat="59.62076" lon="9.27255">
				<ele>131.2537078857422</ele>
				<time>2000-01-01T00:00:00Z</time>
			</trkpt>
			<trkpt lat="59.62048" lon="9.27297">
				<ele>131.36761474609375</ele>
				<time>2000-01-01T00:00:00Z</time>
			</trkpt>
			<trkpt lat="59.6204140356569" lon="9.273118419168554">
				<ele>131.39999389648438</ele>
				<time>2000-01-01T00:00:00Z</time>
			</trkpt>
			<trkpt lat="59.62036" lon="9.27324">
				<ele>131.6122283935547</ele>
				<time>2000-01-01T00:00:00Z</time>
			</trkpt>
			<trkpt lat="59.62028" lon="9.27355">
				<ele>132.06854248046875</ele>
				<time>2000-01-01T00:00:00Z</time>
			</trkpt>
			<trkpt lat="59.6202653864589" lon="9.273646023737795">
				<ele>132.1999969482422</ele>
				<time>2000-01-01T00:00:00Z</time>
			</trkpt>
			<trkpt lat="59.62021" lon="9.27401">
				<ele>132.63609313964844</ele>
				<time>2000-01-01T00:00:00Z</time>
			</trkpt>
			<trkpt lat="59.62013" lon="9.2744">
				<ele>133.11892700195312</ele>
				<time>2000-01-01T00:00:00Z</time>
			</trkpt>
			<trkpt lat="59.62002934975829" lon="9.274769050339286">
				<ele>133.60000610351562</ele>
				<time>2000-01-01T00:00:00Z</time>
			</trkpt>
			<trkpt lat="59.62001" lon="9.27484">
				<ele>133.73655700683594</ele>
				<time>2000-01-01T00:00:00Z</time>
			</trkpt>
			<trkpt lat="59.61992" lon="9.27513">
				<ele>134.3127899169922</ele>
				<time>2000-01-01T00:00:00Z</time>
			</trkpt>
			<trkpt lat="59.61976" lon="9.27549">
				<ele>135.1244354248047</ele>
				<time>2000-01-01T00:00:00Z</time>
			</trkpt>
			<trkpt lat="59.61952" lon="9.27599">
				<ele>136.29196166992188</ele>
				<time>2000-01-01T00:00:00Z</time>
			</trkpt>
			<trkpt lat="59.619442697493184" lon="9.276176224550724">
				<ele>136.6999969482422</ele>
				<time>2000-01-01T00:00:00Z</time>
			</trkpt>
			<trkpt lat="59.6193" lon="9.27652">
				<ele>137.42897033691406</ele>
				<time>2000-01-01T00:00:00Z</time>
			</trkpt>
			<trkpt lat="59.61922" lon="9.27666">
				<ele>137.77516174316406</ele>
				<time>2000-01-01T00:00:00Z</time>
			</trkpt>
			<trkpt lat="59.61898472649531" lon="9.276979299537311">
				<ele>138.6999969482422</ele>
				<time>2000-01-01T00:00:00Z</time>
			</trkpt>
			<trkpt lat="59.61894" lon="9.27704">
				<ele>139.0868377685547</ele>
				<time>2000-01-01T00:00:00Z</time>
			</trkpt>
			<trkpt lat="59.61887" lon="9.2772">
				<ele>139.84962463378906</ele>
				<time>2000-01-01T00:00:00Z</time>
			</trkpt>
			<trkpt lat="59.618814631080824" lon="9.277469922256032">
				<ele>140.89999389648438</ele>
				<time>2000-01-01T00:00:00Z</time>
			</trkpt>
			<trkpt lat="59.61879" lon="9.27759">
				<ele>141.10174560546875</ele>
				<time>2000-01-01T00:00:00Z</time>
			</trkpt>
			<trkpt lat="59.61873" lon="9.27819">
				<ele>142.05409240722656</ele>
				<time>2000-01-01T00:00:00Z</time>
			</trkpt>
			<trkpt lat="59.61865250754285" lon="9.27864387402596">
				<ele>142.8000030517578</ele>
				<time>2000-01-01T00:00:00Z</time>
			</trkpt>
			<trkpt lat="59.61859" lon="9.27901">
				<ele>144.00340270996094</ele>
				<time>2000-01-01T00:00:00Z</time>
			</trkpt>
			<trkpt lat="59.61857" lon="9.27918">
				<ele>144.5469970703125</ele>
				<time>2000-01-01T00:00:00Z</time>
			</trkpt>
			<trkpt lat="59.618567871323556" lon="9.279228952999086">
				<ele>144.6999969482422</ele>
				<time>2000-01-01T00:00:00Z</time>
			</trkpt>
			<trkpt lat="59.61856" lon="9.27941">
				<ele>144.9382781982422</ele>
				<time>2000-01-01T00:00:00Z</time>
			</trkpt>
			<trkpt lat="59.61861" lon="9.27957">
				<ele>145.18490600585938</ele>
				<time>2000-01-01T00:00:00Z</time>
			</trkpt>
			<trkpt lat="59.61865" lon="9.2796">
				<ele>145.2958221435547</ele>
				<time>2000-01-01T00:00:00Z</time>
			</trkpt>
			<trkpt lat="59.61869" lon="9.27958">
				<ele>145.40277099609375</ele>
				<time>2000-01-01T00:00:00Z</time>
			</trkpt>
			<trkpt lat="59.6187" lon="9.27952">
				<ele>145.4856414794922</ele>
				<time>2000-01-01T00:00:00Z</time>
			</trkpt>
			<trkpt lat="59.61882" lon="9.27942">
				<ele>145.82325744628906</ele>
				<time>2000-01-01T00:00:00Z</time>
			</trkpt>
			<trkpt lat="59.6189" lon="9.27929">
				<ele>146.0917205810547</ele>
				<time>2000-01-01T00:00:00Z</time>
			</trkpt>
			<trkpt lat="59.61894729776458" lon="9.279161620151424">
				<ele>146.3000030517578</ele>
				<time>2000-01-01T00:00:00Z</time>
			</trkpt>
			<trkpt lat="59.61897" lon="9.2791">
				<ele>146.48739624023438</ele>
				<time>2000-01-01T00:00:00Z</time>
			</trkpt>
			<trkpt lat="59.61903" lon="9.27906">
				<ele>146.7952117919922</ele>
				<time>2000-01-01T00:00:00Z</time>
			</trkpt>
			<trkpt lat="59.619207291846" lon="9.278849875814265">
				<ele>147.8000030517578</ele>
				<time>2000-01-01T00:00:00Z</time>
			</trkpt>
			<trkpt lat="59.6193" lon="9.27874">
				<ele>148.06272888183594</ele>
				<time>2000-01-01T00:00:00Z</time>
			</trkpt>
			<trkpt lat="59.61944" lon="9.27862">
				<ele>148.43359375</ele>
				<time>2000-01-01T00:00:00Z</time>
			</trkpt>
			<trkpt lat="59.61978711149509" lon="9.27845979466235">
				<ele>149.3000030517578</ele>
				<time>2000-01-01T00:00:00Z</time>
			</trkpt>
			<trkpt lat="59.61983" lon="9.27844">
				<ele>149.51412963867188</ele>
				<time>2000-01-01T00:00:00Z</time>
			</trkpt>
			<trkpt lat="59.62003" lon="9.27839">
				<ele>150.494140625</ele>
				<time>2000-01-01T00:00:00Z</time>
			</trkpt>
			<trkpt lat="59.62009292298834" lon="9.278390968203851">
				<ele>150.8000030517578</ele>
				<time>2000-01-01T00:00:00Z</time>
			</trkpt>
			<trkpt lat="59.62068" lon="9.2784">
				<ele>152.5124053955078</ele>
				<time>2000-01-01T00:00:00Z</time>
			</trkpt>
			<trkpt lat="59.62070998067616" lon="9.278403747647715">
				<ele>152.60000610351562</ele>
				<time>2000-01-01T00:00:00Z</time>
			</trkpt>
			<trkpt lat="59.62084" lon="9.27842">
				<ele>153.3178253173828</ele>
				<time>2000-01-01T00:00:00Z</time>
			</trkpt>
			<trkpt lat="59.62101651870363" lon="9.278469425284017">
				<ele>154.3000030517578</ele>
				<time>2000-01-01T00:00:00Z</time>
			</trkpt>
			<trkpt lat="59.62109" lon="9.27849">
				<ele>154.5284881591797</ele>
				<time>2000-01-01T00:00:00Z</time>
			</trkpt>
			<trkpt lat="59.62145" lon="9.27866">
				<ele>155.66806030273438</ele>
				<time>2000-01-01T00:00:00Z</time>
			</trkpt>
			<trkpt lat="59.6216137251501" lon="9.278769150155943">
				<ele>156.1999969482422</ele>
				<time>2000-01-01T00:00:00Z</time>
			</trkpt>
			<trkpt lat="59.62166" lon="9.2788">
				<ele>156.45318603515625</ele>
				<time>2000-01-01T00:00:00Z</time>
			</trkpt>
			<trkpt lat="59.62219" lon="9.27918">
				<ele>159.37643432617188</ele>
				<time>2000-01-01T00:00:00Z</time>
			</trkpt>
			<trkpt lat="59.62255" lon="9.27939">
				<ele>160.5416259765625</ele>
				<time>2000-01-01T00:00:00Z</time>
			</trkpt>
			<trkpt lat="59.62279" lon="9.2795">
				<ele>161.3000946044922</ele>
				<time>2000-01-01T00:00:00Z</time>
			</trkpt>
			<trkpt lat="59.62288" lon="9.27949">
				<ele>161.53384399414062</ele>
				<time>2000-01-01T00:00:00Z</time>
			</trkpt>
			<trkpt lat="59.62316" lon="9.27957">
				<ele>162.2672882080078</ele>
				<time>2000-01-01T00:00:00Z</time>
			</trkpt>
			<trkpt lat="59.62327" lon="9.27954">
				<ele>162.55516052246094</ele>
				<time>2000-01-01T00:00:00Z</time>
			</trkpt>
			<trkpt lat="59.62339" lon="9.27958">
				<ele>162.87066650390625</ele>
				<time>2000-01-01T00:00:00Z</time>
			</trkpt>
			<trkpt lat="59.62340130875168" lon="9.27958">
				<ele>162.89999389648438</ele>
				<time>2000-01-01T00:00:00Z</time>
			</trkpt>
			<trkpt lat="59.62353" lon="9.27958">
				<ele>163.60899353027344</ele>
				<time>2000-01-01T00:00:00Z</time>
			</trkpt>
			<trkpt lat="59.62370777416109" lon="9.27963410520576">
				<ele>164.60000610351562</ele>
				<time>2000-01-01T00:00:00Z</time>
			</trkpt>
			<trkpt lat="59.62376" lon="9.27965">
				<ele>164.7626953125</ele>
				<time>2000-01-01T00:00:00Z</time>
			</trkpt>
			<trkpt lat="59.62407" lon="9.27966">
				<ele>165.71726989746094</ele>
				<time>2000-01-01T00:00:00Z</time>
			</trkpt>
			<trkpt lat="59.62431" lon="9.27961">
				<ele>166.4602508544922</ele>
				<time>2000-01-01T00:00:00Z</time>
			</trkpt>
			<trkpt lat="59.62432281428883" lon="9.27961305130095">
				<ele>166.5</ele>
				<time>2000-01-01T00:00:00Z</time>
			</trkpt>
			<trkpt lat="59.62452" lon="9.27966">
				<ele>168.10910034179688</ele>
				<time>2000-01-01T00:00:00Z</time>
			</trkpt>
			<trkpt lat="59.62462697999795" lon="9.279609656410068">
				<ele>169.0</ele>
				<time>2000-01-01T00:00:00Z</time>
			</trkpt>
			<trkpt lat="59.62469" lon="9.27958">
				<ele>169.3043975830078</ele>
				<time>2000-01-01T00:00:00Z</time>
			</trkpt>
			<trkpt lat="59.62484" lon="9.27958">
				<ele>170.00930786132812</ele>
				<time>2000-01-01T00:00:00Z</time>
			</trkpt>
			<trkpt lat="59.625239406826736" lon="9.279484142286087">
				<ele>171.89999389648438</ele>
				<time>2000-01-01T00:00:00Z</time>
			</trkpt>
			<trkpt lat="59.62534" lon="9.27946">
				<ele>172.819580078125</ele>
				<time>2000-01-01T00:00:00Z</time>
			</trkpt>
			<trkpt lat="59.625547184878876" lon="9.27945171260266">
				<ele>174.6999969482422</ele>
				<time>2000-01-01T00:00:00Z</time>
			</trkpt>
			<trkpt lat="59.62559" lon="9.27945">
				<ele>174.8665008544922</ele>
				<time>2000-01-01T00:00:00Z</time>
			</trkpt>
			<trkpt lat="59.62577" lon="9.2794">
				<ele>175.57337951660156</ele>
				<time>2000-01-01T00:00:00Z</time>
			</trkpt>
			<trkpt lat="59.62589" lon="9.27945">
				<ele>176.05030822753906</ele>
				<time>2000-01-01T00:00:00Z</time>
			</trkpt>
			<trkpt lat="59.62615222973898" lon="9.279323566422361">
				<ele>177.10000610351562</ele>
				<time>2000-01-01T00:00:00Z</time>
			</trkpt>
			<trkpt lat="59.62645" lon="9.27918">
				<ele>178.7886505126953</ele>
				<time>2000-01-01T00:00:00Z</time>
			</trkpt>
			<trkpt lat="59.62698" lon="9.27899">
				<ele>179.66946411132812</ele>
				<time>2000-01-01T00:00:00Z</time>
			</trkpt>
			<trkpt lat="59.62705754492928" lon="9.278946909870163">
				<ele>179.8000030517578</ele>
				<time>2000-01-01T00:00:00Z</time>
			</trkpt>
			<trkpt lat="59.62765168602339" lon="9.27861684069598">
				<ele>180.3000030517578</ele>
				<time>2000-01-01T00:00:00Z</time>
			</trkpt>
			<trkpt lat="59.62779" lon="9.27854">
				<ele>180.48623657226562</ele>
				<time>2000-01-01T00:00:00Z</time>
			</trkpt>
			<trkpt lat="59.62795078209819" lon="9.278467647235853">
				<ele>180.6999969482422</ele>
				<time>2000-01-01T00:00:00Z</time>
			</trkpt>
			<trkpt lat="59.62819" lon="9.27836">
				<ele>180.89877319335938</ele>
				<time>2000-01-01T00:00:00Z</time>
			</trkpt>
			<trkpt lat="59.62843" lon="9.27835">
				<ele>181.09326171875</ele>
				<time>2000-01-01T00:00:00Z</time>
			</trkpt>
			<trkpt lat="59.62855" lon="9.27837">
				<ele>181.19082641601562</ele>
				<time>2000-01-01T00:00:00Z</time>
			</trkpt>
			<trkpt lat="59.628561185679246" lon="9.278373264440987">
				<ele>181.1999969482422</ele>
				<time>2000-01-01T00:00:00Z</time>
			</trkpt>
			<trkpt lat="59.62886646116174" lon="9.278462301414438">
				<ele>181.6999969482422</ele>
				<time>2000-01-01T00:00:00Z</time>
			</trkpt>
			<trkpt lat="59.62903" lon="9.27851">
				<ele>181.80714416503906</ele>
				<time>2000-01-01T00:00:00Z</time>
			</trkpt>
			<trkpt lat="59.62922" lon="9.27859">
				<ele>181.9330596923828</ele>
				<time>2000-01-01T00:00:00Z</time>
			</trkpt>
			<trkpt lat="59.62947722333814" lon="9.278564277660681">
				<ele>182.10000610351562</ele>
				<time>2000-01-01T00:00:00Z</time>
			</trkpt>
			<trkpt lat="59.62952" lon="9.27856">
				<ele>182.1416473388672</ele>
				<time>2000-01-01T00:00:00Z</time>
			</trkpt>
			<trkpt lat="59.6297" lon="9.27856">
				<ele>182.316650390625</ele>
				<time>2000-01-01T00:00:00Z</time>
			</trkpt>
			<trkpt lat="59.629784827037334" lon="9.278535493236726">
				<ele>182.39999389648438</ele>
				<time>2000-01-01T00:00:00Z</time>
			</trkpt>
			<trkpt lat="59.63015" lon="9.27843">
				<ele>182.39999389648438</ele>
				<time>2000-01-01T00:00:00Z</time>
			</trkpt>
			<trkpt lat="59.63035" lon="9.27841">
				<ele>182.39999389648438</ele>
				<time>2000-01-01T00:00:00Z</time>
			</trkpt>
			<trkpt lat="59.630396524742864" lon="9.27838802851579">
				<ele>182.39999389648438</ele>
				<time>2000-01-01T00:00:00Z</time>
			</trkpt>
			<trkpt lat="59.630696648617764" lon="9.278246304814886">
				<ele>182.3000030517578</ele>
				<time>2000-01-01T00:00:00Z</time>
			</trkpt>
			<trkpt lat="59.63071" lon="9.27824">
				<ele>182.304443359375</ele>
				<time>2000-01-01T00:00:00Z</time>
			</trkpt>
			<trkpt lat="59.63082" lon="9.2782">
				<ele>182.3406982421875</ele>
				<time>2000-01-01T00:00:00Z</time>
			</trkpt>
			<trkpt lat="59.63128" lon="9.2781">
				<ele>182.4906768798828</ele>
				<time>2000-01-01T00:00:00Z</time>
			</trkpt>
			<trkpt lat="59.63130845146145" lon="9.27809146329854">
				<ele>182.5</ele>
				<time>2000-01-01T00:00:00Z</time>
			</trkpt>
			<trkpt lat="59.63168" lon="9.27798">
				<ele>183.2916259765625</ele>
				<time>2000-01-01T00:00:00Z</time>
			</trkpt>
			<trkpt lat="59.63191939290387" lon="9.277919517920441">
				<ele>183.8000030517578</ele>
				<time>2000-01-01T00:00:00Z</time>
			</trkpt>
			<trkpt lat="59.63253153767076" lon="9.277764874614414">
				<ele>185.5</ele>
				<time>2000-01-01T00:00:00Z</time>
			</trkpt>
			<trkpt lat="59.63263" lon="9.27774">
				<ele>185.6769256591797</ele>
				<time>2000-01-01T00:00:00Z</time>
			</trkpt>
			<trkpt lat="59.63301" lon="9.27771">
				<ele>186.35479736328125</ele>
				<time>2000-01-01T00:00:00Z</time>
			</trkpt>
			<trkpt lat="59.63314756116074" lon="9.277706800843985">
				<ele>186.60000610351562</ele>
				<time>2000-01-01T00:00:00Z</time>
			</trkpt>
			<trkpt lat="59.63344" lon="9.2777">
				<ele>187.5478515625</ele>
				<time>2000-01-01T00:00:00Z</time>
			</trkpt>
			<trkpt lat="59.63345608625461" lon="9.277701287030979">
				<ele>187.60000610351562</ele>
				<time>2000-01-01T00:00:00Z</time>
			</trkpt>
			<trkpt lat="59.63369" lon="9.27772">
				<ele>187.9793701171875</ele>
				<time>2000-01-01T00:00:00Z</time>
			</trkpt>
			<trkpt lat="59.63391" lon="9.27777">
				<ele>188.33819580078125</ele>
				<time>2000-01-01T00:00:00Z</time>
			</trkpt>
			<trkpt lat="59.6340685096081" lon="9.277831858180924">
				<ele>188.60000610351562</ele>
				<time>2000-01-01T00:00:00Z</time>
			</trkpt>
			<trkpt lat="59.63432" lon="9.27793">
				<ele>189.3477020263672</ele>
				<time>2000-01-01T00:00:00Z</time>
			</trkpt>
			<trkpt lat="59.6343719301225" lon="9.277940890613413">
				<ele>189.5</ele>
				<time>2000-01-01T00:00:00Z</time>
			</trkpt>
			<trkpt lat="59.63494" lon="9.27806">
				<ele>190.6107635498047</ele>
				<time>2000-01-01T00:00:00Z</time>
			</trkpt>
			<trkpt lat="59.634984174290054" lon="9.278084542189333">
				<ele>190.6999969482422</ele>
				<time>2000-01-01T00:00:00Z</time>
			</trkpt>
			<trkpt lat="59.63521" lon="9.27821">
				<ele>192.06837463378906</ele>
				<time>2000-01-01T00:00:00Z</time>
			</trkpt>
			<trkpt lat="59.63528270180502" lon="9.278237263266357">
				<ele>192.5</ele>
				<time>2000-01-01T00:00:00Z</time>
			</trkpt>
			<trkpt lat="59.63537" lon="9.27827">
				<ele>192.8311309814453</ele>
				<time>2000-01-01T00:00:00Z</time>
			</trkpt>
			<trkpt lat="59.63577" lon="9.27834">
				<ele>194.32772827148438</ele>
				<time>2000-01-01T00:00:00Z</time>
			</trkpt>
			<trkpt lat="59.63589670355759" lon="9.278344087243834">
				<ele>194.8000030517578</ele>
				<time>2000-01-01T00:00:00Z</time>
			</trkpt>
			<trkpt lat="59.63608" lon="9.27835">
				<ele>196.28536987304688</ele>
				<time>2000-01-01T00:00:00Z</time>
			</trkpt>
			<trkpt lat="59.636205066751394" lon="9.278337061420375">
				<ele>197.3000030517578</ele>
				<time>2000-01-01T00:00:00Z</time>
			</trkpt>
			<trkpt lat="59.63666" lon="9.27829">
				<ele>199.6622772216797</ele>
				<time>2000-01-01T00:00:00Z</time>
			</trkpt>
			<trkpt lat="59.63681931639617" lon="9.278236893985959">
				<ele>200.5</ele>
				<time>2000-01-01T00:00:00Z</time>
			</trkpt>
			<trkpt lat="59.63705" lon="9.27816">
				<ele>201.56143188476562</ele>
				<time>2000-01-01T00:00:00Z</time>
			</trkpt>
			<trkpt lat="59.63734" lon="9.27804">
				<ele>202.90565490722656</ele>
				<time>2000-01-01T00:00:00Z</time>
			</trkpt>
			<trkpt lat="59.63757" lon="9.27799">
				<ele>203.9554901123047</ele>
				<time>2000-01-01T00:00:00Z</time>
			</trkpt>
			<trkpt lat="59.63773405892273" lon="9.277997133002279">
				<ele>204.6999969482422</ele>
				<time>2000-01-01T00:00:00Z</time>
			</trkpt>
			<trkpt lat="59.6378" lon="9.278">
				<ele>204.84962463378906</ele>
				<time>2000-01-01T00:00:00Z</time>
			</trkpt>
			<trkpt lat="59.63797" lon="9.27805">
				<ele>205.23953247070312</ele>
				<time>2000-01-01T00:00:00Z</time>
			</trkpt>
			<trkpt lat="59.638335978450954" lon="9.278247065334908">
				<ele>206.10000610351562</ele>
				<time>2000-01-01T00:00:00Z</time>
			</trkpt>
			<trkpt lat="59.63836" lon="9.27826">
				<ele>206.18878173828125</ele>
				<time>2000-01-01T00:00:00Z</time>
			</trkpt>
			<trkpt lat="59.638637729771915" lon="9.278374182788609">
				<ele>207.1999969482422</ele>
				<time>2000-01-01T00:00:00Z</time>
			</trkpt>
			<trkpt lat="59.63924195850986" lon="9.278622582951307">
				<ele>208.1999969482422</ele>
				<time>2000-01-01T00:00:00Z</time>
			</trkpt>
			<trkpt lat="59.63926" lon="9.27863">
				<ele>208.27166748046875</ele>
				<time>2000-01-01T00:00:00Z</time>
			</trkpt>
			<trkpt lat="59.63935" lon="9.2787">
				<ele>208.6477508544922</ele>
				<time>2000-01-01T00:00:00Z</time>
			</trkpt>
			<trkpt lat="59.63953520156935" lon="9.278810410849676">
				<ele>209.39999389648438</ele>
				<time>2000-01-01T00:00:00Z</time>
			</trkpt>
			<trkpt lat="59.63987" lon="9.27901">
				<ele>210.2498779296875</ele>
				<time>2000-01-01T00:00:00Z</time>
			</trkpt>
			<trkpt lat="59.640100842159256" lon="9.279277292155136">
				<ele>210.89999389648438</ele>
				<time>2000-01-01T00:00:00Z</time>
			</trkpt>
			<trkpt lat="59.64025" lon="9.27945">
				<ele>211.96421813964844</ele>
				<time>2000-01-01T00:00:00Z</time>
			</trkpt>
			<trkpt lat="59.64035793689935" lon="9.279612837264617">
				<ele>212.8000030517578</ele>
				<time>2000-01-01T00:00:00Z</time>
			</trkpt>
			<trkpt lat="59.64084" lon="9.28034">
				<ele>214.6336212158203</ele>
				<time>2000-01-01T00:00:00Z</time>
			</trkpt>
			<trkpt lat="59.64113060449225" lon="9.280602663652923">
				<ele>215.60000610351562</ele>
				<time>2000-01-01T00:00:00Z</time>
			</trkpt>
			<trkpt lat="59.64136" lon="9.28081">
				<ele>216.00868225097656</ele>
				<time>2000-01-01T00:00:00Z</time>
			</trkpt>
			<trkpt lat="59.64149" lon="9.28087">
				<ele>216.2249755859375</ele>
				<time>2000-01-01T00:00:00Z</time>
			</trkpt>
			<trkpt lat="59.64161" lon="9.28091">
				<ele>216.42214965820312</ele>
				<time>2000-01-01T00:00:00Z</time>
			</trkpt>
			<trkpt lat="59.64172" lon="9.28091">
				<ele>216.6003875732422</ele>
				<time>2000-01-01T00:00:00Z</time>
			</trkpt>
			<trkpt lat="59.642027558947554" lon="9.280867283467906">
				<ele>217.10000610351562</ele>
				<time>2000-01-01T00:00:00Z</time>
			</trkpt>
			<trkpt lat="59.64208" lon="9.28086">
				<ele>217.11703491210938</ele>
				<time>2000-01-01T00:00:00Z</time>
			</trkpt>
			<trkpt lat="59.64243" lon="9.28077">
				<ele>217.23143005371094</ele>
				<time>2000-01-01T00:00:00Z</time>
			</trkpt>
			<trkpt lat="59.64264123382634" lon="9.280744651935391">
				<ele>217.3000030517578</ele>
				<time>2000-01-01T00:00:00Z</time>
			</trkpt>
			<trkpt lat="59.64268" lon="9.28074">
				<ele>217.3000030517578</ele>
				<time>2000-01-01T00:00:00Z</time>
			</trkpt>
			<trkpt lat="59.64289" lon="9.28065">
				<ele>217.3000030517578</ele>
				<time>2000-01-01T00:00:00Z</time>
			</trkpt>
			<trkpt lat="59.642944727336825" lon="9.280642699067576">
				<ele>217.3000030517578</ele>
				<time>2000-01-01T00:00:00Z</time>
			</trkpt>
			<trkpt lat="59.64356044805982" lon="9.280560606348061">
				<ele>217.39999389648438</ele>
				<time>2000-01-01T00:00:00Z</time>
			</trkpt>
			<trkpt lat="59.6438683084021" lon="9.280519558858574">
				<ele>217.6999969482422</ele>
				<time>2000-01-01T00:00:00Z</time>
			</trkpt>
			<trkpt lat="59.64394" lon="9.28051">
				<ele>217.74656677246094</ele>
				<time>2000-01-01T00:00:00Z</time>
			</trkpt>
			<trkpt lat="59.64407" lon="9.28047">
				<ele>217.83184814453125</ele>
				<time>2000-01-01T00:00:00Z</time>
			</trkpt>
			<trkpt lat="59.64449" lon="9.28039">
				<ele>218.11865234375</ele>
				<time>2000-01-01T00:00:00Z</time>
			</trkpt>
			<trkpt lat="59.64476" lon="9.28033">
				<ele>218.73504638671875</ele>
				<time>2000-01-01T00:00:00Z</time>
			</trkpt>
			<trkpt lat="59.644788593576116" lon="9.280326822571109">
				<ele>218.8000030517578</ele>
				<time>2000-01-01T00:00:00Z</time>
			</trkpt>
			<trkpt lat="59.64512" lon="9.28029">
				<ele>219.28408813476562</ele>
				<time>2000-01-01T00:00:00Z</time>
			</trkpt>
			<trkpt lat="59.64533" lon="9.28022">
				<ele>219.59466552734375</ele>
				<time>2000-01-01T00:00:00Z</time>
			</trkpt>
			<trkpt lat="59.6454022298523" lon="9.28022">
				<ele>219.6999969482422</ele>
				<time>2000-01-01T00:00:00Z</time>
			</trkpt>
			<trkpt lat="59.64545" lon="9.28022">
				<ele>219.87026977539062</ele>
				<time>2000-01-01T00:00:00Z</time>
			</trkpt>
			<trkpt lat="59.64561" lon="9.28016">
				<ele>220.45082092285156</ele>
				<time>2000-01-01T00:00:00Z</time>
			</trkpt>
			<trkpt lat="59.64570780499332" lon="9.280170867243964">
				<ele>220.8000030517578</ele>
				<time>2000-01-01T00:00:00Z</time>
			</trkpt>
			<trkpt lat="59.64579" lon="9.28018">
				<ele>220.9600830078125</ele>
				<time>2000-01-01T00:00:00Z</time>
			</trkpt>
			<trkpt lat="59.64596" lon="9.28017">
				<ele>221.2908172607422</ele>
				<time>2000-01-01T00:00:00Z</time>
			</trkpt>
			<trkpt lat="59.64632259761758" lon="9.28009230048845">
				<ele>222.0</ele>
				<time>2000-01-01T00:00:00Z</time>
			</trkpt>
			<trkpt lat="59.64638" lon="9.28008">
				<ele>222.205810546875</ele>
				<time>2000-01-01T00:00:00Z</time>
			</trkpt>
			<trkpt lat="59.64663032159763" lon="9.280048709441019">
				<ele>223.10000610351562</ele>
				<time>2000-01-01T00:00:00Z</time>
			</trkpt>
			<trkpt lat="59.64694" lon="9.28001">
				<ele>223.65306091308594</ele>
				<time>2000-01-01T00:00:00Z</time>
			</trkpt>
			<trkpt lat="59.64724681751614" lon="9.280002694619268">
				<ele>224.1999969482422</ele>
				<time>2000-01-01T00:00:00Z</time>
			</trkpt>
			<trkpt lat="59.64778" lon="9.27999">
				<ele>225.23684692382812</ele>
				<time>2000-01-01T00:00:00Z</time>
			</trkpt>
			<trkpt lat="59.64786368805164" lon="9.27997832209588">
				<ele>225.39999389648438</ele>
				<time>2000-01-01T00:00:00Z</time>
			</trkpt>
			<trkpt lat="59.64821" lon="9.27993">
				<ele>226.0375518798828</ele>
				<time>2000-01-01T00:00:00Z</time>
			</trkpt>
			<trkpt lat="59.64858" lon="9.27993">
				<ele>226.71705627441406</ele>
				<time>2000-01-01T00:00:00Z</time>
			</trkpt>
			<trkpt lat="59.64878739177788" lon="9.279887091313181">
				<ele>227.10000610351562</ele>
				<time>2000-01-01T00:00:00Z</time>
			</trkpt>
			<trkpt lat="59.64887" lon="9.27987">
				<ele>227.4230194091797</ele>
				<time>2000-01-01T00:00:00Z</time>
			</trkpt>
			<trkpt lat="59.64909236785171" lon="9.279795877184904">
				<ele>228.3000030517578</ele>
				<time>2000-01-01T00:00:00Z</time>
			</trkpt>
			<trkpt lat="59.64923" lon="9.27975">
				<ele>228.59402465820312</ele>
				<time>2000-01-01T00:00:00Z</time>
			</trkpt>
			<trkpt lat="59.64968" lon="9.27947">
				<ele>229.5877227783203</ele>
				<time>2000-01-01T00:00:00Z</time>
			</trkpt>
			<trkpt lat="59.64997" lon="9.27931">
				<ele>230.93942260742188</ele>
				<time>2000-01-01T00:00:00Z</time>
			</trkpt>
			<trkpt lat="59.64998299472083" lon="9.279303962365193">
				<ele>231.0</ele>
				<time>2000-01-01T00:00:00Z</time>
			</trkpt>
			<trkpt lat="59.65053" lon="9.27905">
				<ele>232.36566162109375</ele>
				<time>2000-01-01T00:00:00Z</time>
			</trkpt>
			<trkpt lat="59.65058325915627" lon="9.279020823368043">
				<ele>232.5</ele>
				<time>2000-01-01T00:00:00Z</time>
			</trkpt>
			<trkpt lat="59.650880644466355" lon="9.278857976095699">
				<ele>233.89999389648438</ele>
				<time>2000-01-01T00:00:00Z</time>
			</trkpt>
			<trkpt lat="59.65137" lon="9.27859">
				<ele>234.8050079345703</ele>
				<time>2000-01-01T00:00:00Z</time>
			</trkpt>
			<trkpt lat="59.65147691549905" lon="9.278544177096784">
				<ele>235.0</ele>
				<time>2000-01-01T00:00:00Z</time>
			</trkpt>
			<trkpt lat="59.65177848501372" lon="9.278414934895274">
				<ele>236.0</ele>
				<time>2000-01-01T00:00:00Z</time>
			</trkpt>
			<trkpt lat="59.65186" lon="9.27838">
				<ele>236.10812377929688</ele>
				<time>2000-01-01T00:00:00Z</time>
			</trkpt>
			<trkpt lat="59.65198" lon="9.27836">
				<ele>236.2642364501953</ele>
				<time>2000-01-01T00:00:00Z</time>
			</trkpt>
			<trkpt lat="59.65208" lon="9.27836">
				<ele>236.3938751220703</ele>
				<time>2000-01-01T00:00:00Z</time>
			</trkpt>
			<trkpt lat="59.652390073920046" lon="9.27827140716498">
				<ele>236.8000030517578</ele>
				<time>2000-01-01T00:00:00Z</time>
			</trkpt>
			<trkpt lat="59.65257" lon="9.27822">
				<ele>237.15345764160156</ele>
				<time>2000-01-01T00:00:00Z</time>
			</trkpt>
			<trkpt lat="59.65269629305233" lon="9.278197898321249">
				<ele>237.39999389648438</ele>
				<time>2000-01-01T00:00:00Z</time>
			</trkpt>
			<trkpt lat="59.65297" lon="9.27815">
				<ele>237.57809448242188</ele>
				<time>2000-01-01T00:00:00Z</time>
			</trkpt>
			<trkpt lat="59.65330571069189" lon="9.27801727705192">
				<ele>237.8000030517578</ele>
				<time>2000-01-01T00:00:00Z</time>
			</trkpt>
			<trkpt lat="59.6534" lon="9.27798">
				<ele>237.89349365234375</ele>
				<time>2000-01-01T00:00:00Z</time>
			</trkpt>
			<trkpt lat="59.65361201732936" lon="9.277954557915244">
				<ele>238.10000610351562</ele>
				<time>2000-01-01T00:00:00Z</time>
			</trkpt>
			<trkpt lat="59.65365" lon="9.27795">
				<ele>238.11233520507812</ele>
				<time>2000-01-01T00:00:00Z</time>
			</trkpt>
			<trkpt lat="59.65383" lon="9.2779">
				<ele>238.17124938964844</ele>
				<time>2000-01-01T00:00:00Z</time>
			</trkpt>
			<trkpt lat="59.65414" lon="9.27786">
				<ele>238.27191162109375</ele>
				<time>2000-01-01T00:00:00Z</time>
			</trkpt>
			<trkpt lat="59.65422439690528" lon="9.277821047550562">
				<ele>238.3000030517578</ele>
				<time>2000-01-01T00:00:00Z</time>
			</trkpt>
			<trkpt lat="59.65427" lon="9.2778">
				<ele>238.42140197753906</ele>
				<time>2000-01-01T00:00:00Z</time>
			</trkpt>
			<trkpt lat="59.654530045318786" lon="9.27774128007172">
				<ele>239.10000610351562</ele>
				<time>2000-01-01T00:00:00Z</time>
			</trkpt>
			<trkpt lat="59.65458" lon="9.27773">
				<ele>239.2059326171875</ele>
				<time>2000-01-01T00:00:00Z</time>
			</trkpt>
			<trkpt lat="59.65489" lon="9.2776">
				<ele>239.87342834472656</ele>
				<time>2000-01-01T00:00:00Z</time>
			</trkpt>
			<trkpt lat="59.65513875993827" lon="9.277551629938802">
				<ele>240.39999389648438</ele>
				<time>2000-01-01T00:00:00Z</time>
			</trkpt>
			<trkpt lat="59.65525" lon="9.27753">
				<ele>241.0519561767578</ele>
				<time>2000-01-01T00:00:00Z</time>
			</trkpt>
			<trkpt lat="59.65541" lon="9.27747">
				<ele>242.001953125</ele>
				<time>2000-01-01T00:00:00Z</time>
			</trkpt>
			<trkpt lat="59.655442846530676" lon="9.277452964207669">
				<ele>242.1999969482422</ele>
				<time>2000-01-01T00:00:00Z</time>
			</trkpt>
			<trkpt lat="59.65595" lon="9.27719">
				<ele>243.81410217285156</ele>
				<time>2000-01-01T00:00:00Z</time>
			</trkpt>
			<trkpt lat="59.65603893736432" lon="9.277137192393374">
				<ele>244.10000610351562</ele>
				<time>2000-01-01T00:00:00Z</time>
			</trkpt>
			<trkpt lat="59.65627" lon="9.277">
				<ele>244.9599609375</ele>
				<time>2000-01-01T00:00:00Z</time>
			</trkpt>
			<trkpt lat="59.656333413422885" lon="9.276955235745604">
				<ele>245.1999969482422</ele>
				<time>2000-01-01T00:00:00Z</time>
			</trkpt>
			<trkpt lat="59.65661" lon="9.27676">
				<ele>245.0572509765625</ele>
				<time>2000-01-01T00:00:00Z</time>
			</trkpt>
			<trkpt lat="59.65691152297038" lon="9.276528059000702">
				<ele>244.89999389648438</ele>
				<time>2000-01-01T00:00:00Z</time>
			</trkpt>
			<trkpt lat="59.657" lon="9.27646">
				<ele>244.2232208251953</ele>
				<time>2000-01-01T00:00:00Z</time>
			</trkpt>
			<trkpt lat="59.6571" lon="9.2764">
				<ele>243.47813415527344</ele>
				<time>2000-01-01T00:00:00Z</time>
			</trkpt>
			<trkpt lat="59.657206125059545" lon="9.276349543274481">
				<ele>242.6999969482422</ele>
				<time>2000-01-01T00:00:00Z</time>
			</trkpt>
			<trkpt lat="59.65771" lon="9.27611">
				<ele>239.76097106933594</ele>
				<time>2000-01-01T00:00:00Z</time>
			</trkpt>
			<trkpt lat="59.65780523502625" lon="9.276057088089514">
				<ele>239.1999969482422</ele>
				<time>2000-01-01T00:00:00Z</time>
			</trkpt>
			<trkpt lat="59.658102334027305" lon="9.275892036224043">
				<ele>235.39999389648438</ele>
				<time>2000-01-01T00:00:00Z</time>
			</trkpt>
			<trkpt lat="59.65825" lon="9.27581">
				<ele>234.57986450195312</ele>
				<time>2000-01-01T00:00:00Z</time>
			</trkpt>
			<trkpt lat="59.65870248236311" lon="9.275608896607656">
				<ele>232.10000610351562</ele>
				<time>2000-01-01T00:00:00Z</time>
			</trkpt>
			<trkpt lat="59.65879" lon="9.27557">
				<ele>231.80931091308594</ele>
				<time>2000-01-01T00:00:00Z</time>
			</trkpt>
			<trkpt lat="59.65930261644594" lon="9.275324358078906">
				<ele>230.10000610351562</ele>
				<time>2000-01-01T00:00:00Z</time>
			</trkpt>
			<trkpt lat="59.659602533687426" lon="9.275180654772923">
				<ele>229.3000030517578</ele>
				<time>2000-01-01T00:00:00Z</time>
			</trkpt>
			<trkpt lat="59.660202331947815" lon="9.274893257580404">
				<ele>229.5</ele>
				<time>2000-01-01T00:00:00Z</time>
			</trkpt>
			<trkpt lat="59.66023" lon="9.27488">
				<ele>229.56459045410156</ele>
				<time>2000-01-01T00:00:00Z</time>
			</trkpt>
			<trkpt lat="59.66047" lon="9.2748">
				<ele>230.11671447753906</ele>
				<time>2000-01-01T00:00:00Z</time>
			</trkpt>
			<trkpt lat="59.66050576715581" lon="9.274783606116927">
				<ele>230.1999969482422</ele>
				<time>2000-01-01T00:00:00Z</time>
			</trkpt>
			<trkpt lat="59.66071" lon="9.27469">
				<ele>230.5396728515625</ele>
				<time>2000-01-01T00:00:00Z</time>
			</trkpt>
			<trkpt lat="59.6609" lon="9.27464">
				<ele>230.8502655029297</ele>
				<time>2000-01-01T00:00:00Z</time>
			</trkpt>
			<trkpt lat="59.66111555462133" lon="9.274618444516477">
				<ele>231.1999969482422</ele>
				<time>2000-01-01T00:00:00Z</time>
			</trkpt>
			<trkpt lat="59.6612" lon="9.27461">
				<ele>231.52880859375</ele>
				<time>2000-01-01T00:00:00Z</time>
			</trkpt>
			<trkpt lat="59.661423720146594" lon="9.274632374311159">
				<ele>232.39999389648438</ele>
				<time>2000-01-01T00:00:00Z</time>
			</trkpt>
			<trkpt lat="59.662040051387855" lon="9.27469400534165">
				<ele>233.6999969482422</ele>
				<time>2000-01-01T00:00:00Z</time>
			</trkpt>
			<trkpt lat="59.6623" lon="9.27472">
				<ele>234.79652404785156</ele>
				<time>2000-01-01T00:00:00Z</time>
			</trkpt>
			<trkpt lat="59.66234829685629" lon="9.27472">
				<ele>235.0</ele>
				<time>2000-01-01T00:00:00Z</time>
			</trkpt>
			<trkpt lat="59.66256" lon="9.27472">
				<ele>235.3773651123047</ele>
				<time>2000-01-01T00:00:00Z</time>
			</trkpt>
			<trkpt lat="59.66296355046592" lon="9.274643133242861">
				<ele>236.10000610351562</ele>
				<time>2000-01-01T00:00:00Z</time>
			</trkpt>
			<trkpt lat="59.66298" lon="9.27464">
				<ele>236.13751220703125</ele>
				<time>2000-01-01T00:00:00Z</time>
			</trkpt>
			<trkpt lat="59.66326798002846" lon="9.274544006655214">
				<ele>236.8000030517578</ele>
				<time>2000-01-01T00:00:00Z</time>
			</trkpt>
			<trkpt lat="59.66328" lon="9.27454">
				<ele>236.78814697265625</ele>
				<time>2000-01-01T00:00:00Z</time>
			</trkpt>
			<trkpt lat="59.66387" lon="9.27422">
				<ele>236.19338989257812</ele>
				<time>2000-01-01T00:00:00Z</time>
			</trkpt>
			<trkpt lat="59.664146678250056" lon="9.273981481248722">
				<ele>235.89999389648438</ele>
				<time>2000-01-01T00:00:00Z</time>
			</trkpt>
			<trkpt lat="59.66445" lon="9.27372">
				<ele>235.310302734375</ele>
				<time>2000-01-01T00:00:00Z</time>
			</trkpt>
			<trkpt lat="59.66470554764362" lon="9.273464452239207">
				<ele>234.8000030517578</ele>
				<time>2000-01-01T00:00:00Z</time>
			</trkpt>
			<trkpt lat="59.66475" lon="9.27342">
				<ele>234.6063232421875</ele>
				<time>2000-01-01T00:00:00Z</time>
			</trkpt>
			<trkpt lat="59.66496881506114" lon="9.273146467261686">
				<ele>233.60000610351562</ele>
				<time>2000-01-01T00:00:00Z</time>
			</trkpt>
			<trkpt lat="59.66547" lon="9.27252">
				<ele>232.5435333251953</ele>
				<time>2000-01-01T00:00:00Z</time>
			</trkpt>
			<trkpt lat="59.66548970193187" lon="9.272491445224079">
				<ele>232.5</ele>
				<time>2000-01-01T00:00:00Z</time>
			</trkpt>
			<trkpt lat="59.66573875229582" lon="9.272130765146938">
				<ele>231.60000610351562</ele>
				<time>2000-01-01T00:00:00Z</time>
			</trkpt>
			<trkpt lat="59.66605" lon="9.27168">
				<ele>231.16259765625</ele>
				<time>2000-01-01T00:00:00Z</time>
			</trkpt>
			<trkpt lat="59.666241384388904" lon="9.271422046971434">
				<ele>230.89999389648438</ele>
				<time>2000-01-01T00:00:00Z</time>
			</trkpt>
			<trkpt lat="59.66628" lon="9.27137">
				<ele>230.85458374023438</ele>
				<time>2000-01-01T00:00:00Z</time>
			</trkpt>
			<trkpt lat="59.66649" lon="9.27113">
				<ele>230.6188507080078</ele>
				<time>2000-01-01T00:00:00Z</time>
			</trkpt>
			<trkpt lat="59.66650729405805" lon="9.271112698575939">
				<ele>230.60000610351562</ele>
				<time>2000-01-01T00:00:00Z</time>
			</trkpt>
			<trkpt lat="59.66695" lon="9.27067">
				<ele>230.35890197753906</ele>
				<time>2000-01-01T00:00:00Z</time>
			</trkpt>
			<trkpt lat="59.66706698923407" lon="9.270607605158007">
				<ele>230.3000030517578</ele>
				<time>2000-01-01T00:00:00Z</time>
			</trkpt>
			<trkpt lat="59.66725" lon="9.27051">
				<ele>230.17715454101562</ele>
				<time>2000-01-01T00:00:00Z</time>
			</trkpt>
			<trkpt lat="59.66736280226791" lon="9.270434788547602">
				<ele>230.10000610351562</ele>
				<time>2000-01-01T00:00:00Z</time>
			</trkpt>
			<trkpt lat="59.66794768043682" lon="9.27004487949403">
				<ele>229.8000030517578</ele>
				<time>2000-01-01T00:00:00Z</time>
			</trkpt>
			<trkpt lat="59.66803" lon="9.26999">
				<ele>229.75778198242188</ele>
				<time>2000-01-01T00:00:00Z</time>
			</trkpt>
			<trkpt lat="59.66845" lon="9.26976">
				<ele>229.5459442138672</ele>
				<time>2000-01-01T00:00:00Z</time>
			</trkpt>
			<trkpt lat="59.66854244187321" lon="9.269721233428886">
				<ele>229.5</ele>
				<time>2000-01-01T00:00:00Z</time>
			</trkpt>
			<trkpt lat="59.66876" lon="9.26963">
				<ele>229.06761169433594</ele>
				<time>2000-01-01T00:00:00Z</time>
			</trkpt>
			<trkpt lat="59.66882" lon="9.26962">
				<ele>228.95053100585938</ele>
				<time>2000-01-01T00:00:00Z</time>
			</trkpt>
			<trkpt lat="59.66884597474833" lon="9.269621180721451">
				<ele>228.89999389648438</ele>
				<time>2000-01-01T00:00:00Z</time>
			</trkpt>
			<trkpt lat="59.66904" lon="9.26963">
				<ele>228.7113037109375</ele>
				<time>2000-01-01T00:00:00Z</time>
			</trkpt>
			<trkpt lat="59.66912" lon="9.26957">
				<ele>228.6281280517578</ele>
				<time>2000-01-01T00:00:00Z</time>
			</trkpt>
			<trkpt lat="59.66918" lon="9.26945">
				<ele>228.54522705078125</ele>
				<time>2000-01-01T00:00:00Z</time>
			</trkpt>
			<trkpt lat="59.66923" lon="9.26953">
				<ele>228.4827117919922</ele>
				<time>2000-01-01T00:00:00Z</time>
			</trkpt>
			<trkpt lat="59.66941512874245" lon="9.269594083088073">
				<ele>228.3000030517578</ele>
				<time>2000-01-01T00:00:00Z</time>
			</trkpt>
			<trkpt lat="59.66949" lon="9.26962">
				<ele>228.1275634765625</ele>
				<time>2000-01-01T00:00:00Z</time>
			</trkpt>
			<trkpt lat="59.66972167545852" lon="9.269659944062461">
				<ele>227.60000610351562</ele>
				<time>2000-01-01T00:00:00Z</time>
			</trkpt>
			<trkpt lat="59.66978" lon="9.26967">
				<ele>227.55258178710938</ele>
				<time>2000-01-01T00:00:00Z</time>
			</trkpt>
			<trkpt lat="59.6699" lon="9.26967">
				<ele>227.45535278320312</ele>
				<time>2000-01-01T00:00:00Z</time>
			</trkpt>
			<trkpt lat="59.67008" lon="9.26964">
				<ele>227.3090057373047</ele>
				<time>2000-01-01T00:00:00Z</time>
			</trkpt>
			<trkpt lat="59.67032836513995" lon="9.269502019354821">
				<ele>227.10000610351562</ele>
				<time>2000-01-01T00:00:00Z</time>
			</trkpt>
			<trkpt lat="59.67035" lon="9.26949">
				<ele>227.10728454589844</ele>
				<time>2000-01-01T00:00:00Z</time>
			</trkpt>
			<trkpt lat="59.67058" lon="9.26929">
				<ele>227.18869018554688</ele>
				<time>2000-01-01T00:00:00Z</time>
			</trkpt>
			<trkpt lat="59.67061085528309" lon="9.269257740751922">
				<ele>227.1999969482422</ele>
				<time>2000-01-01T00:00:00Z</time>
			</trkpt>
			<trkpt lat="59.6708" lon="9.26906">
				<ele>227.40794372558594</ele>
				<time>2000-01-01T00:00:00Z</time>
			</trkpt>
			<trkpt lat="59.671" lon="9.26876">
				<ele>227.65188598632812</ele>
				<time>2000-01-01T00:00:00Z</time>
			</trkpt>
			<trkpt lat="59.67110550699133" lon="9.26854239125758">
				<ele>227.8000030517578</ele>
				<time>2000-01-01T00:00:00Z</time>
			</trkpt>
			<trkpt lat="59.67116" lon="9.26843">
				<ele>228.13150024414062</ele>
				<time>2000-01-01T00:00:00Z</time>
			</trkpt>
			<trkpt lat="59.67129237337679" lon="9.268057811547681">
				<ele>229.10000610351562</ele>
				<time>2000-01-01T00:00:00Z</time>
			</trkpt>
			<trkpt lat="59.67169" lon="9.26694">
				<ele>231.78512573242188</ele>
				<time>2000-01-01T00:00:00Z</time>
			</trkpt>
			<trkpt lat="59.67184" lon="9.26659">
				<ele>232.68661499023438</ele>
				<time>2000-01-01T00:00:00Z</time>
			</trkpt>
			<trkpt lat="59.67196" lon="9.2664">
				<ele>233.06503295898438</ele>
				<time>2000-01-01T00:00:00Z</time>
			</trkpt>
			<trkpt lat="59.67221" lon="9.26604">
				<ele>233.8163604736328</ele>
				<time>2000-01-01T00:00:00Z</time>
			</trkpt>
			<trkpt lat="59.67234840585127" lon="9.265889728761374">
				<ele>234.1999969482422</ele>
				<time>2000-01-01T00:00:00Z</time>
			</trkpt>
			<trkpt lat="59.67256" lon="9.26566">
				<ele>234.90382385253906</ele>
				<time>2000-01-01T00:00:00Z</time>
			</trkpt>
			<trkpt lat="59.67262065243597" lon="9.265602454105695">
				<ele>235.10000610351562</ele>
				<time>2000-01-01T00:00:00Z</time>
			</trkpt>
			<trkpt lat="59.67295" lon="9.26529">
				<ele>235.4156036376953</ele>
				<time>2000-01-01T00:00:00Z</time>
			</trkpt>
			<trkpt lat="59.67342" lon="9.265">
				<ele>235.84103393554688</ele>
				<time>2000-01-01T00:00:00Z</time>
			</trkpt>
			<trkpt lat="59.67348656978106" lon="9.264970583609687">
				<ele>235.89999389648438</ele>
				<time>2000-01-01T00:00:00Z</time>
			</trkpt>
			<trkpt lat="59.67385" lon="9.26481">
				<ele>235.53797912597656</ele>
				<time>2000-01-01T00:00:00Z</time>
			</trkpt>
			<trkpt lat="59.67409324360021" lon="9.26475594577391">
				<ele>235.3000030517578</ele>
				<time>2000-01-01T00:00:00Z</time>
			</trkpt>
			<trkpt lat="59.67421" lon="9.26473">
				<ele>234.99539184570312</ele>
				<time>2000-01-01T00:00:00Z</time>
			</trkpt>
			<trkpt lat="59.67437" lon="9.26472">
				<ele>234.58035278320312</ele>
				<time>2000-01-01T00:00:00Z</time>
			</trkpt>
			<trkpt lat="59.67440093114948" lon="9.264723772616316">
				<ele>234.5</ele>
				<time>2000-01-01T00:00:00Z</time>
			</trkpt>
			<trkpt lat="59.67478" lon="9.26477">
				<ele>233.76148986816406</ele>
				<time>2000-01-01T00:00:00Z</time>
			</trkpt>
			<trkpt lat="59.67494" lon="9.26482">
				<ele>233.44651794433594</ele>
				<time>2000-01-01T00:00:00Z</time>
			</trkpt>
			<trkpt lat="59.67501305860205" lon="9.264856529424003">
				<ele>233.3000030517578</ele>
				<time>2000-01-01T00:00:00Z</time>
			</trkpt>
			<trkpt lat="59.6751" lon="9.2649">
				<ele>233.03843688964844</ele>
				<time>2000-01-01T00:00:00Z</time>
			</trkpt>
			<trkpt lat="59.67531" lon="9.26492">
				<ele>232.42526245117188</ele>
				<time>2000-01-01T00:00:00Z</time>
			</trkpt>
			<trkpt lat="59.67544" lon="9.26495">
				<ele>232.24156188964844</ele>
				<time>2000-01-01T00:00:00Z</time>
			</trkpt>
			<trkpt lat="59.67586" lon="9.2651">
				<ele>231.6883087158203</ele>
				<time>2000-01-01T00:00:00Z</time>
			</trkpt>
			<trkpt lat="59.6759266316557" lon="9.265128135308842">
				<ele>231.60000610351562</ele>
				<time>2000-01-01T00:00:00Z</time>
			</trkpt>
			<trkpt lat="59.67622840955327" lon="9.265255550796557">
				<ele>231.8000030517578</ele>
				<time>2000-01-01T00:00:00Z</time>
			</trkpt>
			<trkpt lat="59.67631" lon="9.26529">
				<ele>231.94869995117188</ele>
				<time>2000-01-01T00:00:00Z</time>
			</trkpt>
			<trkpt lat="59.67653" lon="9.26534">
				<ele>232.34339904785156</ele>
				<time>2000-01-01T00:00:00Z</time>
			</trkpt>
			<trkpt lat="59.6768" lon="9.26543">
				<ele>232.8314208984375</ele>
				<time>2000-01-01T00:00:00Z</time>
			</trkpt>
			<trkpt lat="59.67683843715114" lon="9.26543320311251">
				<ele>232.89999389648438</ele>
				<time>2000-01-01T00:00:00Z</time>
			</trkpt>
			<trkpt lat="59.67692" lon="9.26544">
				<ele>233.24395751953125</ele>
				<time>2000-01-01T00:00:00Z</time>
			</trkpt>
			<trkpt lat="59.67714513718702" lon="9.265496284436402">
				<ele>234.1999969482422</ele>
				<time>2000-01-01T00:00:00Z</time>
			</trkpt>
			<trkpt lat="59.67728" lon="9.26553">
				<ele>234.55242919921875</ele>
				<time>2000-01-01T00:00:00Z</time>
			</trkpt>
			<trkpt lat="59.67739" lon="9.26554">
				<ele>234.83792114257812</ele>
				<time>2000-01-01T00:00:00Z</time>
			</trkpt>
			<trkpt lat="59.67755" lon="9.26558">
				<ele>235.25607299804688</ele>
				<time>2000-01-01T00:00:00Z</time>
			</trkpt>
			<trkpt lat="59.67775975612227" lon="9.265588390246826">
				<ele>235.8000030517578</ele>
				<time>2000-01-01T00:00:00Z</time>
			</trkpt>
			<trkpt lat="59.6778" lon="9.26559">
				<ele>235.8587188720703</ele>
				<time>2000-01-01T00:00:00Z</time>
			</trkpt>
			<trkpt lat="59.67826" lon="9.26556">
				<ele>236.52989196777344</ele>
				<time>2000-01-01T00:00:00Z</time>
			</trkpt>
			<trkpt lat="59.6783765927937" lon="9.2655661364713">
				<ele>236.6999969482422</ele>
				<time>2000-01-01T00:00:00Z</time>
			</trkpt>
			<trkpt lat="59.67845" lon="9.26557">
				<ele>236.62860107421875</ele>
				<time>2000-01-01T00:00:00Z</time>
			</trkpt>
			<trkpt lat="59.67868494824033" lon="9.265551927056983">
				<ele>236.39999389648438</ele>
				<time>2000-01-01T00:00:00Z</time>
			</trkpt>
			<trkpt lat="59.67871" lon="9.26555">
				<ele>236.35125732421875</ele>
				<time>2000-01-01T00:00:00Z</time>
			</trkpt>
			<trkpt lat="59.67893" lon="9.26558">
				<ele>235.92247009277344</ele>
				<time>2000-01-01T00:00:00Z</time>
			</trkpt>
			<trkpt lat="59.67919" lon="9.26559">
				<ele>235.4167938232422</ele>
				<time>2000-01-01T00:00:00Z</time>
			</trkpt>
			<trkpt lat="59.67930084820404" lon="9.265613753192204">
				<ele>235.1999969482422</ele>
				<time>2000-01-01T00:00:00Z</time>
			</trkpt>
			<trkpt lat="59.67933" lon="9.26562">
				<ele>235.00047302246094</ele>
				<time>2000-01-01T00:00:00Z</time>
			</trkpt>
			<trkpt lat="59.67948" lon="9.26569">
				<ele>233.95167541503906</ele>
				<time>2000-01-01T00:00:00Z</time>
			</trkpt>
			<trkpt lat="59.67959938909346" lon="9.265764216149082">
				<ele>233.10000610351562</ele>
				<time>2000-01-01T00:00:00Z</time>
			</trkpt>
			<trkpt lat="59.67985" lon="9.26592">
				<ele>231.65292358398438</ele>
				<time>2000-01-01T00:00:00Z</time>
			</trkpt>
			<trkpt lat="59.68017" lon="9.26609">
				<ele>229.82757568359375</ele>
				<time>2000-01-01T00:00:00Z</time>
			</trkpt>
			<trkpt lat="59.68019293656939" lon="9.266096175690521">
				<ele>229.6999969482422</ele>
				<time>2000-01-01T00:00:00Z</time>
			</trkpt>
			<trkpt lat="59.68043" lon="9.26616">
				<ele>229.54493713378906</ele>
				<time>2000-01-01T00:00:00Z</time>
			</trkpt>
			<trkpt lat="59.68059" lon="9.26618">
				<ele>229.44102478027344</ele>
				<time>2000-01-01T00:00:00Z</time>
			</trkpt>
			<trkpt lat="59.68081" lon="9.26614">
				<ele>229.29783630371094</ele>
				<time>2000-01-01T00:00:00Z</time>
			</trkpt>
			<trkpt lat="59.681" lon="9.26605">
				<ele>229.17120361328125</ele>
				<time>2000-01-01T00:00:00Z</time>
			</trkpt>
			<trkpt lat="59.68110600478269" lon="9.265992920490188">
				<ele>229.10000610351562</ele>
				<time>2000-01-01T00:00:00Z</time>
			</trkpt>
			<trkpt lat="59.68113" lon="9.26598">
				<ele>229.13223266601562</ele>
				<time>2000-01-01T00:00:00Z</time>
			</trkpt>
			<trkpt lat="59.6814" lon="9.26577">
				<ele>229.50621032714844</ele>
				<time>2000-01-01T00:00:00Z</time>
			</trkpt>
			<trkpt lat="59.68179" lon="9.26545">
				<ele>229.9166259765625</ele>
				<time>2000-01-01T00:00:00Z</time>
			</trkpt>
			<trkpt lat="59.68197234604584" lon="9.265354485389013">
				<ele>230.10000610351562</ele>
				<time>2000-01-01T00:00:00Z</time>
			</trkpt>
			<trkpt lat="59.682" lon="9.26534">
				<ele>230.10926818847656</ele>
				<time>2000-01-01T00:00:00Z</time>
			</trkpt>
			<trkpt lat="59.682275586362614" lon="9.265242211276126">
				<ele>230.1999969482422</ele>
				<time>2000-01-01T00:00:00Z</time>
			</trkpt>
			<trkpt lat="59.68231" lon="9.26523">
				<ele>230.18865966796875</ele>
				<time>2000-01-01T00:00:00Z</time>
			</trkpt>
			<trkpt lat="59.68247" lon="9.26522">
				<ele>230.13677978515625</ele>
				<time>2000-01-01T00:00:00Z</time>
			</trkpt>
			<trkpt lat="59.68267" lon="9.26526">
				<ele>230.07164001464844</ele>
				<time>2000-01-01T00:00:00Z</time>
			</trkpt>
			<trkpt lat="59.682885207244276" lon="9.265360097086152">
				<ele>230.0</ele>
				<time>2000-01-01T00:00:00Z</time>
			</trkpt>
			<trkpt lat="59.6831" lon="9.26546">
				<ele>229.35647583007812</ele>
				<time>2000-01-01T00:00:00Z</time>
			</trkpt>
			<trkpt lat="59.68318308825278" lon="9.265516976461884">
				<ele>229.10000610351562</ele>
				<time>2000-01-01T00:00:00Z</time>
			</trkpt>
			<trkpt lat="59.68345" lon="9.2657">
				<ele>228.73387145996094</ele>
				<time>2000-01-01T00:00:00Z</time>
			</trkpt>
			<trkpt lat="59.68369" lon="9.26584">
				<ele>228.40953063964844</ele>
				<time>2000-01-01T00:00:00Z</time>
			</trkpt>
			<trkpt lat="59.68377313728884" lon="9.265869929735507">
				<ele>228.3000030517578</ele>
				<time>2000-01-01T00:00:00Z</time>
			</trkpt>
			<trkpt lat="59.68394" lon="9.26593">
				<ele>228.13511657714844</ele>
				<time>2000-01-01T00:00:00Z</time>
			</trkpt>
			<trkpt lat="59.68401" lon="9.26594">
				<ele>228.06687927246094</ele>
				<time>2000-01-01T00:00:00Z</time>
			</trkpt>
			<trkpt lat="59.68407878138158" lon="9.265940000000002">
				<ele>228.0</ele>
				<time>2000-01-01T00:00:00Z</time>
			</trkpt>
			<trkpt lat="59.68415" lon="9.26594">
				<ele>228.0346221923828</ele>
				<time>2000-01-01T00:00:00Z</time>
			</trkpt>
			<trkpt lat="59.6844" lon="9.2659">
				<ele>228.15655517578125</ele>
				<time>2000-01-01T00:00:00Z</time>
			</trkpt>
			<trkpt lat="59.68468241649276" lon="9.265730549999352">
				<ele>228.3000030517578</ele>
				<time>2000-01-01T00:00:00Z</time>
			</trkpt>
			<trkpt lat="59.68475" lon="9.26569">
				<ele>228.43728637695312</ele>
				<time>2000-01-01T00:00:00Z</time>
			</trkpt>
			<trkpt lat="59.68489" lon="9.26564">
				<ele>228.71389770507812</ele>
				<time>2000-01-01T00:00:00Z</time>
			</trkpt>
			<trkpt lat="59.684981032763815" lon="9.26558147888219">
				<ele>228.89999389648438</ele>
				<time>2000-01-01T00:00:00Z</time>
			</trkpt>
			<trkpt lat="59.68503" lon="9.26555">
				<ele>228.95838928222656</ele>
				<time>2000-01-01T00:00:00Z</time>
			</trkpt>
			<trkpt lat="59.68521" lon="9.26546">
				<ele>229.16897583007812</ele>
				<time>2000-01-01T00:00:00Z</time>
			</trkpt>
			<trkpt lat="59.68541" lon="9.26542">
				<ele>229.39698791503906</ele>
				<time>2000-01-01T00:00:00Z</time>
			</trkpt>
			<trkpt lat="59.685588762723384" lon="9.265402700331654">
				<ele>229.60000610351562</ele>
				<time>2000-01-01T00:00:00Z</time>
			</trkpt>
			<trkpt lat="59.68572" lon="9.26539">
				<ele>229.54322814941406</ele>
				<time>2000-01-01T00:00:00Z</time>
			</trkpt>
			<trkpt lat="59.68582" lon="9.26541">
				<ele>229.4998016357422</ele>
				<time>2000-01-01T00:00:00Z</time>
			</trkpt>
			<trkpt lat="59.68592" lon="9.26545">
				<ele>229.45571899414062</ele>
				<time>2000-01-01T00:00:00Z</time>
			</trkpt>
			<trkpt lat="59.68599" lon="9.26546">
				<ele>229.42538452148438</ele>
				<time>2000-01-01T00:00:00Z</time>
			</trkpt>
			<trkpt lat="59.6862" lon="9.26563">
				<ele>229.32736206054688</ele>
				<time>2000-01-01T00:00:00Z</time>
			</trkpt>
			<trkpt lat="59.68637" lon="9.26583">
				<ele>229.24192810058594</ele>
				<time>2000-01-01T00:00:00Z</time>
			</trkpt>
			<trkpt lat="59.68644923922519" lon="9.26594093592887">
				<ele>229.1999969482422</ele>
				<time>2000-01-01T00:00:00Z</time>
			</trkpt>
			<trkpt lat="59.68657" lon="9.26611">
				<ele>228.72076416015625</ele>
				<time>2000-01-01T00:00:00Z</time>
			</trkpt>
			<trkpt lat="59.686679846036554" lon="9.266342370256202">
				<ele>228.1999969482422</ele>
				<time>2000-01-01T00:00:00Z</time>
			</trkpt>
			<trkpt lat="59.68683" lon="9.26666">
				<ele>227.8084716796875</ele>
				<time>2000-01-01T00:00:00Z</time>
			</trkpt>
			<trkpt lat="59.68696" lon="9.26702">
				<ele>227.4102325439453</ele>
				<time>2000-01-01T00:00:00Z</time>
			</trkpt>
			<trkpt lat="59.68704867253415" lon="9.267316725400383">
				<ele>227.10000610351562</ele>
				<time>2000-01-01T00:00:00Z</time>
			</trkpt>
			<trkpt lat="59.68720589370497" lon="9.26784279873733">
				<ele>226.39999389648438</ele>
				<time>2000-01-01T00:00:00Z</time>
			</trkpt>
			<trkpt lat="59.68722" lon="9.26789">
				<ele>226.40447998046875</ele>
				<time>2000-01-01T00:00:00Z</time>
			</trkpt>
			<trkpt lat="59.68747" lon="9.26839">
				<ele>226.46205139160156</ele>
				<time>2000-01-01T00:00:00Z</time>
			</trkpt>
			<trkpt lat="59.68755" lon="9.26852">
				<ele>226.4788055419922</ele>
				<time>2000-01-01T00:00:00Z</time>
			</trkpt>
			<trkpt lat="59.68766" lon="9.26866">
				<ele>226.5</ele>
				<time>2000-01-01T00:00:00Z</time>
			</trkpt>
		</trkseg>
	</trk>
	<wpt lat="59.618871711" lon="9.280229549">
		<name>Badevann</name>
		<sym>beach</sym>
	</wpt>
	<wpt lat="59.71556" lon="9.244425732">
		<name>vanskeligå se</name>
		<sym>danger</sym>
	</wpt>
	<wpt lat="59.71602282" lon="9.223984703">
		<name>Gamle Bolkesjøveg</name>
		<sym>trailhead</sym>
	</wpt>
	<wpt lat="59.700045167" lon="9.195026067">
		<name>Gamle Bollesjøveg</name>
		<sym>trailhead</sym>
	</wpt>
	<wpt lat="59.687431834" lon="9.253190312">
		<name>Follsjø</name>
		<sym>fishing</sym>
	</wpt>
	<wpt lat="59.719121642" lon="9.286112416">
		<name>Parkering</name>
		<sym>parking</sym>
	</wpt>
	<wpt lat="59.744772842" lon="9.209311029">
		<name>Midtbøen gård</name>
		<sym>favorite</sym>
	</wpt>
	<wpt lat="59.721193093" lon="9.274365613">
		<name>Bo i Norges eldste trehus</name>
		<sym>house</sym>
	</wpt>
	<wpt lat="59.690813381" lon="9.267145969">
		<name>Husmannsplassen Bolkesjø Gaard</name>
		<sym>house</sym>
	</wpt>
	<wpt lat="59.690089459" lon="9.266605296">
		<name>Glamping Bolkesjø Gaard</name>
		<sym>campsite</sym>
	</wpt>
	<wpt lat="59.687967355" lon="9.268348403">
		<name>Badeplass Follsjø</name>
		<sym>beach</sym>
	</wpt>
	<wpt lat="59.687680092" lon="9.268609956">
		<name>Parkering</name>
		<sym>parking</sym>
	</wpt>
	<wpt lat="59.729280646" lon="9.351663406">
		<name>Søstrene Storås Hotell</name>
		<sym>lodging</sym>
	</wpt>
	<wpt lat="59.746790985" lon="9.335377514">
		<name>Dusanfoss</name>
		<sym>beach</sym>
	</wpt>
</gpx>