<?xml version="1.0" encoding="UTF-8"?>
<gpx xmlns="http://www.topografix.com/GPX/1/1" creator="FootpathAndroid/2.4.2/1599" version="1.1" xmlns:xsi="http://www.w3.org/2001/XMLSchema-instance" xsi:xchemaLocation="http://www.topografix.com/GPX/1/1 http://www.topografix.com/GPX/1/1/gpx.xsd">
	<metadata>
		<name>Trillemarka Rundt 2026</name>
		<link href="https://footpathapp.com">
			<text>Footpath</text>
		</link>
		<time>2026-09-17T09:33:31Z</time>
	</metadata>
	<bounds minlat="0" maxlat="0" minlon="0" maxlon="0"/>
	<trk>
		<name>Trillemarka Rundt 2026</name>
		<trkseg>
			<trkpt lat="60.04214" lon="9.15471">
				<ele>235.0</ele>
				<time>2000-01-01T00:00:00Z</time>
			</trkpt>
			<trkpt lat="60.04223" lon="9.15475">
				<ele>234.8022918701172</ele>
				<time>2000-01-01T00:00:00Z</time>
			</trkpt>
			<trkpt lat="60.04231" lon="9.15478">
				<ele>234.6277313232422</ele>
				<time>2000-01-01T00:00:00Z</time>
			</trkpt>
			<trkpt lat="60.04248" lon="9.15486">
				<ele>234.2532196044922</ele>
				<time>2000-01-01T00:00:00Z</time>
			</trkpt>
			<trkpt lat="60.04261" lon="9.1549">
				<ele>233.9711456298828</ele>
				<time>2000-01-01T00:00:00Z</time>
			</trkpt>
			<trkpt lat="60.04276" lon="9.15497">
				<ele>233.6408233642578</ele>
				<time>2000-01-01T00:00:00Z</time>
			</trkpt>
			<trkpt lat="60.04283" lon="9.15495">
				<ele>233.4891815185547</ele>
				<time>2000-01-01T00:00:00Z</time>
			</trkpt>
			<trkpt lat="60.04288" lon="9.1549">
				<ele>233.36932373046875</ele>
				<time>2000-01-01T00:00:00Z</time>
			</trkpt>
			<trkpt lat="60.04302" lon="9.15469">
				<ele>232.9941864013672</ele>
				<time>2000-01-01T00:00:00Z</time>
			</trkpt>
			<trkpt lat="60.04306" lon="9.15466">
				<ele>232.902587890625</ele>
				<time>2000-01-01T00:00:00Z</time>
			</trkpt>
			<trkpt lat="60.04308" lon="9.15467">
				<ele>232.85838317871094</ele>
				<time>2000-01-01T00:00:00Z</time>
			</trkpt>
			<trkpt lat="60.0431" lon="9.15469">
				<ele>232.81044006347656</ele>
				<time>2000-01-01T00:00:00Z</time>
			</trkpt>
			<trkpt lat="60.04316" lon="9.15476">
				<ele>232.66151428222656</ele>
				<time>2000-01-01T00:00:00Z</time>
			</trkpt>
			<trkpt lat="60.04318" lon="9.1548">
				<ele>232.60089111328125</ele>
				<time>2000-01-01T00:00:00Z</time>
			</trkpt>
			<trkpt lat="60.043219159879065" lon="9.15485221320471">
				<ele>232.5</ele>
				<time>2000-01-01T00:00:00Z</time>
			</trkpt>
			<trkpt lat="60.04324" lon="9.15488">
				<ele>232.42483520507812</ele>
				<time>2000-01-01T00:00:00Z</time>
			</trkpt>
			<trkpt lat="60.04329" lon="9.15491">
				<ele>232.2681121826172</ele>
				<time>2000-01-01T00:00:00Z</time>
			</trkpt>
			<trkpt lat="60.04332" lon="9.15492">
				<ele>232.1768035888672</ele>
				<time>2000-01-01T00:00:00Z</time>
			</trkpt>
			<trkpt lat="60.04336" lon="9.15492">
				<ele>232.05670166015625</ele>
				<time>2000-01-01T00:00:00Z</time>
			</trkpt>
			<trkpt lat="60.04343" lon="9.15488">
				<ele>231.838134765625</ele>
				<time>2000-01-01T00:00:00Z</time>
			</trkpt>
			<trkpt lat="60.04359" lon="9.15473">
				<ele>231.30770874023438</ele>
				<time>2000-01-01T00:00:00Z</time>
			</trkpt>
			<trkpt lat="60.04398" lon="9.15437">
				<ele>230.01834106445312</ele>
				<time>2000-01-01T00:00:00Z</time>
			</trkpt>
			<trkpt lat="60.0442" lon="9.15412">
				<ele>229.2588653564453</ele>
				<time>2000-01-01T00:00:00Z</time>
			</trkpt>
			<trkpt lat="60.04427255004574" lon="9.154026718882733">
				<ele>229.0</ele>
				<time>2000-01-01T00:00:00Z</time>
			</trkpt>
			<trkpt lat="60.04448" lon="9.15376">
				<ele>228.72508239746094</ele>
				<time>2000-01-01T00:00:00Z</time>
			</trkpt>
			<trkpt lat="60.04464" lon="9.15348">
				<ele>228.4881134033203</ele>
				<time>2000-01-01T00:00:00Z</time>
			</trkpt>
			<trkpt lat="60.04483" lon="9.15311">
				<ele>228.19256591796875</ele>
				<time>2000-01-01T00:00:00Z</time>
			</trkpt>
			<trkpt lat="60.04496" lon="9.15281">
				<ele>227.97137451171875</ele>
				<time>2000-01-01T00:00:00Z</time>
			</trkpt>
			<trkpt lat="60.04507808373596" lon="9.152383863577612">
				<ele>227.6999969482422</ele>
				<time>2000-01-01T00:00:00Z</time>
			</trkpt>
			<trkpt lat="60.04519" lon="9.15198">
				<ele>227.20538330078125</ele>
				<time>2000-01-01T00:00:00Z</time>
			</trkpt>
			<trkpt lat="60.04527" lon="9.15184">
				<ele>226.9775390625</ele>
				<time>2000-01-01T00:00:00Z</time>
			</trkpt>
			<trkpt lat="60.04542" lon="9.15167">
				<ele>226.60791015625</ele>
				<time>2000-01-01T00:00:00Z</time>
			</trkpt>
			<trkpt lat="60.04554" lon="9.15164">
				<ele>226.3485565185547</ele>
				<time>2000-01-01T00:00:00Z</time>
			</trkpt>
			<trkpt lat="60.04563" lon="9.15165">
				<ele>226.15524291992188</ele>
				<time>2000-01-01T00:00:00Z</time>
			</trkpt>
			<trkpt lat="60.04572" lon="9.15169">
				<ele>225.95753479003906</ele>
				<time>2000-01-01T00:00:00Z</time>
			</trkpt>
			<trkpt lat="60.04581" lon="9.15177">
				<ele>225.74635314941406</ele>
				<time>2000-01-01T00:00:00Z</time>
			</trkpt>
			<trkpt lat="60.046030742423746" lon="9.152024704346704">
				<ele>225.1999969482422</ele>
				<time>2000-01-01T00:00:00Z</time>
			</trkpt>
			<trkpt lat="60.0462" lon="9.15222">
				<ele>225.08270263671875</ele>
				<time>2000-01-01T00:00:00Z</time>
			</trkpt>
			<trkpt lat="60.04628" lon="9.15227">
				<ele>225.03237915039062</ele>
				<time>2000-01-01T00:00:00Z</time>
			</trkpt>
			<trkpt lat="60.04662" lon="9.1524">
				<ele>224.82452392578125</ele>
				<time>2000-01-01T00:00:00Z</time>
			</trkpt>
			<trkpt lat="60.04665" lon="9.15242">
				<ele>224.80552673339844</ele>
				<time>2000-01-01T00:00:00Z</time>
			</trkpt>
			<trkpt lat="60.04667" lon="9.15245">
				<ele>224.79052734375</ele>
				<time>2000-01-01T00:00:00Z</time>
			</trkpt>
			<trkpt lat="60.04668" lon="9.15275">
				<ele>224.70037841796875</ele>
				<time>2000-01-01T00:00:00Z</time>
			</trkpt>
			<trkpt lat="60.04679" lon="9.15321">
				<ele>224.54745483398438</ele>
				<time>2000-01-01T00:00:00Z</time>
			</trkpt>
			<trkpt lat="60.046807459996494" lon="9.153364381885375">
				<ele>224.5</ele>
				<time>2000-01-01T00:00:00Z</time>
			</trkpt>
			<trkpt lat="60.04697" lon="9.1548">
				<ele>228.03086853027344</ele>
				<time>2000-01-01T00:00:00Z</time>
			</trkpt>
			<trkpt lat="60.04702" lon="9.15496">
				<ele>228.48361206054688</ele>
				<time>2000-01-01T00:00:00Z</time>
			</trkpt>
			<trkpt lat="60.0471" lon="9.1551">
				<ele>228.9939727783203</ele>
				<time>2000-01-01T00:00:00Z</time>
			</trkpt>
			<trkpt lat="60.04718" lon="9.1552">
				<ele>229.44699096679688</ele>
				<time>2000-01-01T00:00:00Z</time>
			</trkpt>
			<trkpt lat="60.04721" lon="9.15521">
				<ele>229.5930938720703</ele>
				<time>2000-01-01T00:00:00Z</time>
			</trkpt>
			<trkpt lat="60.04725" lon="9.1552">
				<ele>229.7867431640625</ele>
				<time>2000-01-01T00:00:00Z</time>
			</trkpt>
			<trkpt lat="60.047266916126866" lon="9.155326133553787">
				<ele>230.10000610351562</ele>
				<time>2000-01-01T00:00:00Z</time>
			</trkpt>
			<trkpt lat="60.04736" lon="9.15602">
				<ele>231.2078399658203</ele>
				<time>2000-01-01T00:00:00Z</time>
			</trkpt>
			<trkpt lat="60.04749" lon="9.15673">
				<ele>232.37388610839844</ele>
				<time>2000-01-01T00:00:00Z</time>
			</trkpt>
			<trkpt lat="60.04770715752637" lon="9.15747195583975">
				<ele>233.6999969482422</ele>
				<time>2000-01-01T00:00:00Z</time>
			</trkpt>
			<trkpt lat="60.04773" lon="9.15755">
				<ele>233.73486328125</ele>
				<time>2000-01-01T00:00:00Z</time>
			</trkpt>
			<trkpt lat="60.0481" lon="9.1587">
				<ele>234.26223754882812</ele>
				<time>2000-01-01T00:00:00Z</time>
			</trkpt>
			<trkpt lat="60.04821" lon="9.15913">
				<ele>234.448486328125</ele>
				<time>2000-01-01T00:00:00Z</time>
			</trkpt>
			<trkpt lat="60.04825" lon="9.15928">
				<ele>234.5140380859375</ele>
				<time>2000-01-01T00:00:00Z</time>
			</trkpt>
			<trkpt lat="60.04828759582374" lon="9.159489922122859">
				<ele>234.60000610351562</ele>
				<time>2000-01-01T00:00:00Z</time>
			</trkpt>
			<trkpt lat="60.04837" lon="9.15995">
				<ele>234.45346069335938</ele>
				<time>2000-01-01T00:00:00Z</time>
			</trkpt>
			<trkpt lat="60.04843" lon="9.16063">
				<ele>234.24642944335938</ele>
				<time>2000-01-01T00:00:00Z</time>
			</trkpt>
			<trkpt lat="60.04844" lon="9.16102">
				<ele>234.1293487548828</ele>
				<time>2000-01-01T00:00:00Z</time>
			</trkpt>
			<trkpt lat="60.04843" lon="9.16164">
				<ele>233.943359375</ele>
				<time>2000-01-01T00:00:00Z</time>
			</trkpt>
			<trkpt lat="60.04841752063174" lon="9.161782482064467">
				<ele>233.89999389648438</ele>
				<time>2000-01-01T00:00:00Z</time>
			</trkpt>
			<trkpt lat="60.048217249488644" lon="9.164082582850064">
				<ele>233.3000030517578</ele>
				<time>2000-01-01T00:00:00Z</time>
			</trkpt>
			<trkpt lat="60.04816" lon="9.16474">
				<ele>233.07135009765625</ele>
				<time>2000-01-01T00:00:00Z</time>
			</trkpt>
			<trkpt lat="60.04812" lon="9.16537">
				<ele>232.85374450683594</ele>
				<time>2000-01-01T00:00:00Z</time>
			</trkpt>
			<trkpt lat="60.04812" lon="9.16587">
				<ele>232.6824188232422</ele>
				<time>2000-01-01T00:00:00Z</time>
			</trkpt>
			<trkpt lat="60.04815" lon="9.16631">
				<ele>232.53025817871094</ele>
				<time>2000-01-01T00:00:00Z</time>
			</trkpt>
			<trkpt lat="60.04815699218497" lon="9.16639718704882">
				<ele>232.5</ele>
				<time>2000-01-01T00:00:00Z</time>
			</trkpt>
			<trkpt lat="60.04832" lon="9.16842">
				<ele>233.02655029296875</ele>
				<time>2000-01-01T00:00:00Z</time>
			</trkpt>
			<trkpt lat="60.04832983144321" lon="9.168705140184635">
				<ele>233.10000610351562</ele>
				<time>2000-01-01T00:00:00Z</time>
			</trkpt>
			<trkpt lat="60.04834" lon="9.169">
				<ele>233.32786560058594</ele>
				<time>2000-01-01T00:00:00Z</time>
			</trkpt>
			<trkpt lat="60.04832" lon="9.16993">
				<ele>234.04550170898438</ele>
				<time>2000-01-01T00:00:00Z</time>
			</trkpt>
			<trkpt lat="60.04826" lon="9.17072">
				<ele>234.6615447998047</ele>
				<time>2000-01-01T00:00:00Z</time>
			</trkpt>
			<trkpt lat="60.04822" lon="9.17099">
				<ele>234.878662109375</ele>
				<time>2000-01-01T00:00:00Z</time>
			</trkpt>
			<trkpt lat="60.048214862640656" lon="9.171015682031541">
				<ele>234.89999389648438</ele>
				<time>2000-01-01T00:00:00Z</time>
			</trkpt>
			<trkpt lat="60.04815" lon="9.17134">
				<ele>234.76531982421875</ele>
				<time>2000-01-01T00:00:00Z</time>
			</trkpt>
			<trkpt lat="60.04798" lon="9.17188">
				<ele>234.5192413330078</ele>
				<time>2000-01-01T00:00:00Z</time>
			</trkpt>
			<trkpt lat="60.04767" lon="9.1727">
				<ele>234.12277221679688</ele>
				<time>2000-01-01T00:00:00Z</time>
			</trkpt>
			<trkpt lat="60.047591585005044" lon="9.172977063125597">
				<ele>234.0</ele>
				<time>2000-01-01T00:00:00Z</time>
			</trkpt>
			<trkpt lat="60.04752" lon="9.17323">
				<ele>233.7260284423828</ele>
				<time>2000-01-01T00:00:00Z</time>
			</trkpt>
			<trkpt lat="60.04745" lon="9.17366">
				<ele>233.29986572265625</ele>
				<time>2000-01-01T00:00:00Z</time>
			</trkpt>
			<trkpt lat="60.04741" lon="9.17434">
				<ele>232.65467834472656</ele>
				<time>2000-01-01T00:00:00Z</time>
			</trkpt>
			<trkpt lat="60.0474" lon="9.17481">
				<ele>232.21139526367188</ele>
				<time>2000-01-01T00:00:00Z</time>
			</trkpt>
			<trkpt lat="60.047415834023504" lon="9.175245443564036">
				<ele>231.8000030517578</ele>
				<time>2000-01-01T00:00:00Z</time>
			</trkpt>
			<trkpt lat="60.04742" lon="9.17536">
				<ele>231.7016143798828</ele>
				<time>2000-01-01T00:00:00Z</time>
			</trkpt>
			<trkpt lat="60.04747" lon="9.17575">
				<ele>231.356689453125</ele>
				<time>2000-01-01T00:00:00Z</time>
			</trkpt>
			<trkpt lat="60.04761" lon="9.17666">
				<ele>230.54100036621094</ele>
				<time>2000-01-01T00:00:00Z</time>
			</trkpt>
			<trkpt lat="60.04767" lon="9.17727">
				<ele>230.0084228515625</ele>
				<time>2000-01-01T00:00:00Z</time>
			</trkpt>
			<trkpt lat="60.04766874090833" lon="9.177513293490504">
				<ele>229.8000030517578</ele>
				<time>2000-01-01T00:00:00Z</time>
			</trkpt>
			<trkpt lat="60.04766" lon="9.17924">
				<ele>229.8000030517578</ele>
				<time>2000-01-01T00:00:00Z</time>
			</trkpt>
			<trkpt lat="60.04764801098526" lon="9.179847500372123">
				<ele>229.8000030517578</ele>
				<time>2000-01-01T00:00:00Z</time>
			</trkpt>
			<trkpt lat="60.04762" lon="9.18127">
				<ele>227.9097900390625</ele>
				<time>2000-01-01T00:00:00Z</time>
			</trkpt>
			<trkpt lat="60.04756" lon="9.18177">
				<ele>227.2270050048828</ele>
				<time>2000-01-01T00:00:00Z</time>
			</trkpt>
			<trkpt lat="60.04752" lon="9.18199">
				<ele>226.9161376953125</ele>
				<time>2000-01-01T00:00:00Z</time>
			</trkpt>
			<trkpt lat="60.0474787475007" lon="9.182130256758443">
				<ele>226.6999969482422</ele>
				<time>2000-01-01T00:00:00Z</time>
			</trkpt>
			<trkpt lat="60.04742" lon="9.18233">
				<ele>226.25318908691406</ele>
				<time>2000-01-01T00:00:00Z</time>
			</trkpt>
			<trkpt lat="60.04729" lon="9.18269">
				<ele>225.3968505859375</ele>
				<time>2000-01-01T00:00:00Z</time>
			</trkpt>
			<trkpt lat="60.04671844882846" lon="9.183890252690334">
				<ele>222.1999969482422</ele>
				<time>2000-01-01T00:00:00Z</time>
			</trkpt>
			<trkpt lat="60.04659" lon="9.18416">
				<ele>221.305908203125</ele>
				<time>2000-01-01T00:00:00Z</time>
			</trkpt>
			<trkpt lat="60.04649" lon="9.18441">
				<ele>220.5375518798828</ele>
				<time>2000-01-01T00:00:00Z</time>
			</trkpt>
			<trkpt lat="60.04639" lon="9.18474">
				<ele>219.6116485595703</ele>
				<time>2000-01-01T00:00:00Z</time>
			</trkpt>
			<trkpt lat="60.04609555449852" lon="9.185848463907822">
				<ele>216.60000610351562</ele>
				<time>2000-01-01T00:00:00Z</time>
			</trkpt>
			<trkpt lat="60.04588" lon="9.18666">
				<ele>216.2456512451172</ele>
				<time>2000-01-01T00:00:00Z</time>
			</trkpt>
			<trkpt lat="60.045470956478624" lon="9.187814249775492">
				<ele>215.6999969482422</ele>
				<time>2000-01-01T00:00:00Z</time>
			</trkpt>
			<trkpt lat="60.04515" lon="9.18872">
				<ele>214.17764282226562</ele>
				<time>2000-01-01T00:00:00Z</time>
			</trkpt>
			<trkpt lat="60.04502" lon="9.18919">
				<ele>213.44117736816406</ele>
				<time>2000-01-01T00:00:00Z</time>
			</trkpt>
			<trkpt lat="60.04499" lon="9.18946">
				<ele>213.06204223632812</ele>
				<time>2000-01-01T00:00:00Z</time>
			</trkpt>
			<trkpt lat="60.04498241164838" lon="9.189869753181698">
				<ele>212.5</ele>
				<time>2000-01-01T00:00:00Z</time>
			</trkpt>
			<trkpt lat="60.04498" lon="9.19">
				<ele>212.29901123046875</ele>
				<time>2000-01-01T00:00:00Z</time>
			</trkpt>
			<trkpt lat="60.04502" lon="9.19037">
				<ele>211.71524047851562</ele>
				<time>2000-01-01T00:00:00Z</time>
			</trkpt>
			<trkpt lat="60.04511" lon="9.19072">
				<ele>211.10816955566406</ele>
				<time>2000-01-01T00:00:00Z</time>
			</trkpt>
			<trkpt lat="60.04543" lon="9.19166">
				<ele>209.3538360595703</ele>
				<time>2000-01-01T00:00:00Z</time>
			</trkpt>
			<trkpt lat="60.04549307646003" lon="9.191925827694606">
				<ele>208.89999389648438</ele>
				<time>2000-01-01T00:00:00Z</time>
			</trkpt>
			<trkpt lat="60.04557" lon="9.19225">
				<ele>209.0076141357422</ele>
				<time>2000-01-01T00:00:00Z</time>
			</trkpt>
			<trkpt lat="60.04567" lon="9.19298">
				<ele>209.23458862304688</ele>
				<time>2000-01-01T00:00:00Z</time>
			</trkpt>
			<trkpt lat="60.0457" lon="9.19363">
				<ele>209.43031311035156</ele>
				<time>2000-01-01T00:00:00Z</time>
			</trkpt>
			<trkpt lat="60.04564628640312" lon="9.194185645802342">
				<ele>209.60000610351562</ele>
				<time>2000-01-01T00:00:00Z</time>
			</trkpt>
			<trkpt lat="60.04542512369588" lon="9.196477862509468">
				<ele>212.3000030517578</ele>
				<time>2000-01-01T00:00:00Z</time>
			</trkpt>
			<trkpt lat="60.04534" lon="9.19736">
				<ele>213.0312042236328</ele>
				<time>2000-01-01T00:00:00Z</time>
			</trkpt>
			<trkpt lat="60.045197524877736" lon="9.198767511985942">
				<ele>214.1999969482422</ele>
				<time>2000-01-01T00:00:00Z</time>
			</trkpt>
			<trkpt lat="60.04496623487914" lon="9.201055684717808">
				<ele>214.39999389648438</ele>
				<time>2000-01-01T00:00:00Z</time>
			</trkpt>
			<trkpt lat="60.0448" lon="9.2027">
				<ele>213.3939208984375</ele>
				<time>2000-01-01T00:00:00Z</time>
			</trkpt>
			<trkpt lat="60.04475" lon="9.20302">
				<ele>213.19285583496094</ele>
				<time>2000-01-01T00:00:00Z</time>
			</trkpt>
			<trkpt lat="60.04469276741797" lon="9.203320469695024">
				<ele>213.0</ele>
				<time>2000-01-01T00:00:00Z</time>
			</trkpt>
			<trkpt lat="60.04467" lon="9.20344">
				<ele>212.82464599609375</ele>
				<time>2000-01-01T00:00:00Z</time>
			</trkpt>
			<trkpt lat="60.0446" lon="9.20369">
				<ele>212.4317626953125</ele>
				<time>2000-01-01T00:00:00Z</time>
			</trkpt>
			<trkpt lat="60.04443" lon="9.20415">
				<ele>211.64732360839844</ele>
				<time>2000-01-01T00:00:00Z</time>
			</trkpt>
			<trkpt lat="60.04431" lon="9.20441">
				<ele>211.16201782226562</ele>
				<time>2000-01-01T00:00:00Z</time>
			</trkpt>
			<trkpt lat="60.04399" lon="9.20502">
				<ele>209.94924926757812</ele>
				<time>2000-01-01T00:00:00Z</time>
			</trkpt>
			<trkpt lat="60.04394958561041" lon="9.205092826194774">
				<ele>209.8000030517578</ele>
				<time>2000-01-01T00:00:00Z</time>
			</trkpt>
			<trkpt lat="60.043083523592905" lon="9.206655393903791">
				<ele>207.6999969482422</ele>
				<time>2000-01-01T00:00:00Z</time>
			</trkpt>
			<trkpt lat="60.04302" lon="9.20677">
				<ele>207.56797790527344</ele>
				<time>2000-01-01T00:00:00Z</time>
			</trkpt>
			<trkpt lat="60.04276" lon="9.20732">
				<ele>206.98399353027344</ele>
				<time>2000-01-01T00:00:00Z</time>
			</trkpt>
			<trkpt lat="60.04257" lon="9.20779">
				<ele>206.51771545410156</ele>
				<time>2000-01-01T00:00:00Z</time>
			</trkpt>
			<trkpt lat="60.04234014985623" lon="9.208445686828771">
				<ele>205.89999389648438</ele>
				<time>2000-01-01T00:00:00Z</time>
			</trkpt>
			<trkpt lat="60.04189" lon="9.20973">
				<ele>205.2950439453125</ele>
				<time>2000-01-01T00:00:00Z</time>
			</trkpt>
			<trkpt lat="60.04168346044203" lon="9.210373880507705">
				<ele>205.0</ele>
				<time>2000-01-01T00:00:00Z</time>
			</trkpt>
			<trkpt lat="60.04138" lon="9.21132">
				<ele>204.61463928222656</ele>
				<time>2000-01-01T00:00:00Z</time>
			</trkpt>
			<trkpt lat="60.04113" lon="9.21234">
				<ele>204.22523498535156</ele>
				<time>2000-01-01T00:00:00Z</time>
			</trkpt>
			<trkpt lat="60.04111835870504" lon="9.212409835894965">
				<ele>204.1999969482422</ele>
				<time>2000-01-01T00:00:00Z</time>
			</trkpt>
			<trkpt lat="60.04104" lon="9.21288">
				<ele>204.15753173828125</ele>
				<time>2000-01-01T00:00:00Z</time>
			</trkpt>
			<trkpt lat="60.04103" lon="9.21329">
				<ele>204.1223602294922</ele>
				<time>2000-01-01T00:00:00Z</time>
			</trkpt>
			<trkpt lat="60.04104" lon="9.21365">
				<ele>204.0914764404297</ele>
				<time>2000-01-01T00:00:00Z</time>
			</trkpt>
			<trkpt lat="60.04107" lon="9.21401">
				<ele>204.06019592285156</ele>
				<time>2000-01-01T00:00:00Z</time>
			</trkpt>
			<trkpt lat="60.04118" lon="9.21465">
				<ele>204.00221252441406</ele>
				<time>2000-01-01T00:00:00Z</time>
			</trkpt>
			<trkpt lat="60.04118539995855" lon="9.214673405297438">
				<ele>204.0</ele>
				<time>2000-01-01T00:00:00Z</time>
			</trkpt>
			<trkpt lat="60.04127" lon="9.21504">
				<ele>204.01730346679688</ele>
				<time>2000-01-01T00:00:00Z</time>
			</trkpt>
			<trkpt lat="60.04176644346177" lon="9.21669482759918">
				<ele>204.10000610351562</ele>
				<time>2000-01-01T00:00:00Z</time>
			</trkpt>
			<trkpt lat="60.0419" lon="9.21714">
				<ele>203.92202758789062</ele>
				<time>2000-01-01T00:00:00Z</time>
			</trkpt>
			<trkpt lat="60.04205" lon="9.2175">
				<ele>203.7613525390625</ele>
				<time>2000-01-01T00:00:00Z</time>
			</trkpt>
			<trkpt lat="60.042489246737944" lon="9.218519054297445">
				<ele>203.3000030517578</ele>
				<time>2000-01-01T00:00:00Z</time>
			</trkpt>
			<trkpt lat="60.04255" lon="9.21866">
				<ele>203.22024536132812</ele>
				<time>2000-01-01T00:00:00Z</time>
			</trkpt>
			<trkpt lat="60.04326" lon="9.22022">
				<ele>202.31607055664062</ele>
				<time>2000-01-01T00:00:00Z</time>
			</trkpt>
			<trkpt lat="60.04327070134898" lon="9.220250772461863">
				<ele>202.3000030517578</ele>
				<time>2000-01-01T00:00:00Z</time>
			</trkpt>
			<trkpt lat="60.04342" lon="9.22068">
				<ele>202.09832763671875</ele>
				<time>2000-01-01T00:00:00Z</time>
			</trkpt>
			<trkpt lat="60.04351" lon="9.22116">
				<ele>201.90066528320312</ele>
				<time>2000-01-01T00:00:00Z</time>
			</trkpt>
			<trkpt lat="60.04361" lon="9.22207">
				<ele>201.5414276123047</ele>
				<time>2000-01-01T00:00:00Z</time>
			</trkpt>
			<trkpt lat="60.043627945804694" lon="9.222435110811192">
				<ele>201.39999389648438</ele>
				<time>2000-01-01T00:00:00Z</time>
			</trkpt>
			<trkpt lat="60.043743239929874" lon="9.224758157725422">
				<ele>201.60000610351562</ele>
				<time>2000-01-01T00:00:00Z</time>
			</trkpt>
			<trkpt lat="60.04385" lon="9.22691">
				<ele>203.73048400878906</ele>
				<time>2000-01-01T00:00:00Z</time>
			</trkpt>
			<trkpt lat="60.04384999941792" lon="9.227082054915337">
				<ele>203.89999389648438</ele>
				<time>2000-01-01T00:00:00Z</time>
			</trkpt>
			<trkpt lat="60.04385" lon="9.22732">
				<ele>204.0834503173828</ele>
				<time>2000-01-01T00:00:00Z</time>
			</trkpt>
			<trkpt lat="60.04382" lon="9.22756">
				<ele>204.2742156982422</ele>
				<time>2000-01-01T00:00:00Z</time>
			</trkpt>
			<trkpt lat="60.04376" lon="9.22791">
				<ele>204.55955505371094</ele>
				<time>2000-01-01T00:00:00Z</time>
			</trkpt>
			<trkpt lat="60.04365" lon="9.22828">
				<ele>204.89157104492188</ele>
				<time>2000-01-01T00:00:00Z</time>
			</trkpt>
			<trkpt lat="60.04353" lon="9.22855">
				<ele>205.17027282714844</ele>
				<time>2000-01-01T00:00:00Z</time>
			</trkpt>
			<trkpt lat="60.04341" lon="9.22873">
				<ele>205.4017791748047</ele>
				<time>2000-01-01T00:00:00Z</time>
			</trkpt>
			<trkpt lat="60.04332" lon="9.22884">
				<ele>205.56459045410156</ele>
				<time>2000-01-01T00:00:00Z</time>
			</trkpt>
			<trkpt lat="60.043238689886444" lon="9.228905760200764">
				<ele>205.6999969482422</ele>
				<time>2000-01-01T00:00:00Z</time>
			</trkpt>
			<trkpt lat="60.04243" lon="9.22956">
				<ele>209.96478271484375</ele>
				<time>2000-01-01T00:00:00Z</time>
			</trkpt>
			<trkpt lat="60.04217312983267" lon="9.22984439191711">
				<ele>211.39999389648438</ele>
				<time>2000-01-01T00:00:00Z</time>
			</trkpt>
			<trkpt lat="60.04215" lon="9.22987">
				<ele>211.45213317871094</ele>
				<time>2000-01-01T00:00:00Z</time>
			</trkpt>
			<trkpt lat="60.04182" lon="9.23034">
				<ele>212.25112915039062</ele>
				<time>2000-01-01T00:00:00Z</time>
			</trkpt>
			<trkpt lat="60.04123595327864" lon="9.231231338266635">
				<ele>213.6999969482422</ele>
				<time>2000-01-01T00:00:00Z</time>
			</trkpt>
			<trkpt lat="60.04030888052196" lon="9.232646438594138">
				<ele>215.60000610351562</ele>
				<time>2000-01-01T00:00:00Z</time>
			</trkpt>
			<trkpt lat="60.04011" lon="9.23295">
				<ele>216.26502990722656</ele>
				<time>2000-01-01T00:00:00Z</time>
			</trkpt>
			<trkpt lat="60.03987" lon="9.23338">
				<ele>217.12144470214844</ele>
				<time>2000-01-01T00:00:00Z</time>
			</trkpt>
			<trkpt lat="60.0397" lon="9.23375">
				<ele>217.78915405273438</ele>
				<time>2000-01-01T00:00:00Z</time>
			</trkpt>
			<trkpt lat="60.03955" lon="9.23413">
				<ele>218.4324493408203</ele>
				<time>2000-01-01T00:00:00Z</time>
			</trkpt>
			<trkpt lat="60.03949413784689" lon="9.234297555585036">
				<ele>218.6999969482422</ele>
				<time>2000-01-01T00:00:00Z</time>
			</trkpt>
			<trkpt lat="60.03918" lon="9.23524">
				<ele>218.9912567138672</ele>
				<time>2000-01-01T00:00:00Z</time>
			</trkpt>
			<trkpt lat="60.03892" lon="9.23591">
				<ele>219.20936584472656</ele>
				<time>2000-01-01T00:00:00Z</time>
			</trkpt>
			<trkpt lat="60.038793570220236" lon="9.236155422145107">
				<ele>219.3000030517578</ele>
				<time>2000-01-01T00:00:00Z</time>
			</trkpt>
			<trkpt lat="60.03875" lon="9.23624">
				<ele>219.33123779296875</ele>
				<time>2000-01-01T00:00:00Z</time>
			</trkpt>
			<trkpt lat="60.03856" lon="9.23654">
				<ele>219.45578002929688</ele>
				<time>2000-01-01T00:00:00Z</time>
			</trkpt>
			<trkpt lat="60.03831" lon="9.23685">
				<ele>219.6071319580078</ele>
				<time>2000-01-01T00:00:00Z</time>
			</trkpt>
			<trkpt lat="60.03809" lon="9.23706">
				<ele>219.73257446289062</ele>
				<time>2000-01-01T00:00:00Z</time>
			</trkpt>
			<trkpt lat="60.037785773006135" lon="9.237290474965056">
				<ele>219.89999389648438</ele>
				<time>2000-01-01T00:00:00Z</time>
			</trkpt>
			<trkpt lat="60.03776" lon="9.23731">
				<ele>219.9188995361328</ele>
				<time>2000-01-01T00:00:00Z</time>
			</trkpt>
			<trkpt lat="60.036680373001154" lon="9.238031333975043">
				<ele>220.6999969482422</ele>
				<time>2000-01-01T00:00:00Z</time>
			</trkpt>
			<trkpt lat="60.035574624037565" lon="9.238770183784414">
				<ele>219.0</ele>
				<time>2000-01-01T00:00:00Z</time>
			</trkpt>
			<trkpt lat="60.03553" lon="9.2388">
				<ele>218.87086486816406</ele>
				<time>2000-01-01T00:00:00Z</time>
			</trkpt>
			<trkpt lat="60.03532" lon="9.2389">
				<ele>218.27830505371094</ele>
				<time>2000-01-01T00:00:00Z</time>
			</trkpt>
			<trkpt lat="60.03513" lon="9.23897">
				<ele>217.7479705810547</ele>
				<time>2000-01-01T00:00:00Z</time>
			</trkpt>
			<trkpt lat="60.03488" lon="9.23903">
				<ele>217.05679321289062</ele>
				<time>2000-01-01T00:00:00Z</time>
			</trkpt>
			<trkpt lat="60.03453" lon="9.23906">
				<ele>216.09512329101562</ele>
				<time>2000-01-01T00:00:00Z</time>
			</trkpt>
			<trkpt lat="60.03442249694564" lon="9.23906">
				<ele>215.8000030517578</ele>
				<time>2000-01-01T00:00:00Z</time>
			</trkpt>
			<trkpt lat="60.03325679649449" lon="9.23906">
				<ele>214.6999969482422</ele>
				<time>2000-01-01T00:00:00Z</time>
			</trkpt>
			<trkpt lat="60.03235" lon="9.23906">
				<ele>213.2220001220703</ele>
				<time>2000-01-01T00:00:00Z</time>
			</trkpt>
			<trkpt lat="60.03209209177303" lon="9.239014486820194">
				<ele>212.8000030517578</ele>
				<time>2000-01-01T00:00:00Z</time>
			</trkpt>
			<trkpt lat="60.03201" lon="9.239">
				<ele>212.62326049804688</ele>
				<time>2000-01-01T00:00:00Z</time>
			</trkpt>
			<trkpt lat="60.03184" lon="9.23893">
				<ele>212.25103759765625</ele>
				<time>2000-01-01T00:00:00Z</time>
			</trkpt>
			<trkpt lat="60.03166" lon="9.23882">
				<ele>211.84742736816406</ele>
				<time>2000-01-01T00:00:00Z</time>
			</trkpt>
			<trkpt lat="60.030983376463254" lon="9.238318371774572">
				<ele>210.3000030517578</ele>
				<time>2000-01-01T00:00:00Z</time>
			</trkpt>
			<trkpt lat="60.0305" lon="9.23796">
				<ele>210.78640747070312</ele>
				<time>2000-01-01T00:00:00Z</time>
			</trkpt>
			<trkpt lat="60.03039" lon="9.2379">
				<ele>210.89398193359375</ele>
				<time>2000-01-01T00:00:00Z</time>
			</trkpt>
			<trkpt lat="60.03016" lon="9.23782">
				<ele>211.11427307128906</ele>
				<time>2000-01-01T00:00:00Z</time>
			</trkpt>
			<trkpt lat="60.03006" lon="9.2378">
				<ele>211.2091064453125</ele>
				<time>2000-01-01T00:00:00Z</time>
			</trkpt>
			<trkpt lat="60.0299" lon="9.2378">
				<ele>211.36009216308594</ele>
				<time>2000-01-01T00:00:00Z</time>
			</trkpt>
			<trkpt lat="60.02985792057756" lon="9.237808415863904">
				<ele>211.39999389648438</ele>
				<time>2000-01-01T00:00:00Z</time>
			</trkpt>
			<trkpt lat="60.0298" lon="9.23782">
				<ele>211.3900146484375</ele>
				<time>2000-01-01T00:00:00Z</time>
			</trkpt>
			<trkpt lat="60.02971" lon="9.23785">
				<ele>211.37435913085938</ele>
				<time>2000-01-01T00:00:00Z</time>
			</trkpt>
			<trkpt lat="60.02948" lon="9.23796">
				<ele>211.3337860107422</ele>
				<time>2000-01-01T00:00:00Z</time>
			</trkpt>
			<trkpt lat="60.02873707178199" lon="9.23843418115435">
				<ele>211.1999969482422</ele>
				<time>2000-01-01T00:00:00Z</time>
			</trkpt>
			<trkpt lat="60.027626469020085" lon="9.239143104817714">
				<ele>209.8000030517578</ele>
				<time>2000-01-01T00:00:00Z</time>
			</trkpt>
			<trkpt lat="60.0276" lon="9.23916">
				<ele>209.81668090820312</ele>
				<time>2000-01-01T00:00:00Z</time>
			</trkpt>
			<trkpt lat="60.02736" lon="9.2393">
				<ele>209.966796875</ele>
				<time>2000-01-01T00:00:00Z</time>
			</trkpt>
			<trkpt lat="60.02714" lon="9.2394">
				<ele>210.10226440429688</ele>
				<time>2000-01-01T00:00:00Z</time>
			</trkpt>
			<trkpt lat="60.02679" lon="9.23949">
				<ele>210.31417846679688</ele>
				<time>2000-01-01T00:00:00Z</time>
			</trkpt>
			<trkpt lat="60.02651" lon="9.23952">
				<ele>210.48255920410156</ele>
				<time>2000-01-01T00:00:00Z</time>
			</trkpt>
			<trkpt lat="60.026480950288196" lon="9.239521226859425">
				<ele>210.5</ele>
				<time>2000-01-01T00:00:00Z</time>
			</trkpt>
			<trkpt lat="60.0258" lon="9.23955">
				<ele>210.79214477539062</ele>
				<time>2000-01-01T00:00:00Z</time>
			</trkpt>
			<trkpt lat="60.02551" lon="9.23957">
				<ele>210.91661071777344</ele>
				<time>2000-01-01T00:00:00Z</time>
			</trkpt>
			<trkpt lat="60.02531620863027" lon="9.239601425473607">
				<ele>211.0</ele>
				<time>2000-01-01T00:00:00Z</time>
			</trkpt>
			<trkpt lat="60.02514" lon="9.23963">
				<ele>210.9090118408203</ele>
				<time>2000-01-01T00:00:00Z</time>
			</trkpt>
			<trkpt lat="60.02488" lon="9.23971">
				<ele>210.7736053466797</ele>
				<time>2000-01-01T00:00:00Z</time>
			</trkpt>
			<trkpt lat="60.02463" lon="9.23981">
				<ele>210.6423797607422</ele>
				<time>2000-01-01T00:00:00Z</time>
			</trkpt>
			<trkpt lat="60.02445" lon="9.23992">
				<ele>210.54551696777344</ele>
				<time>2000-01-01T00:00:00Z</time>
			</trkpt>
			<trkpt lat="60.02419" lon="9.24011">
				<ele>210.40304565429688</ele>
				<time>2000-01-01T00:00:00Z</time>
			</trkpt>
			<trkpt lat="60.02398" lon="9.2403">
				<ele>211.2667694091797</ele>
				<time>2000-01-01T00:00:00Z</time>
			</trkpt>
			<trkpt lat="60.02368" lon="9.24063">
				<ele>212.58824157714844</ele>
				<time>2000-01-01T00:00:00Z</time>
			</trkpt>
			<trkpt lat="60.02319" lon="9.24119">
				<ele>214.7664794921875</ele>
				<time>2000-01-01T00:00:00Z</time>
			</trkpt>
			<trkpt lat="60.02316071135465" lon="9.241226814484556">
				<ele>214.89999389648438</ele>
				<time>2000-01-01T00:00:00Z</time>
			</trkpt>
			<trkpt lat="60.02284" lon="9.24163">
				<ele>218.7012939453125</ele>
				<time>2000-01-01T00:00:00Z</time>
			</trkpt>
			<trkpt lat="60.02219813233957" lon="9.24254129059995">
				<ele>226.60000610351562</ele>
				<time>2000-01-01T00:00:00Z</time>
			</trkpt>
			<trkpt lat="60.02203" lon="9.24278">
				<ele>226.97137451171875</ele>
				<time>2000-01-01T00:00:00Z</time>
			</trkpt>
			<trkpt lat="60.02128" lon="9.24392">
				<ele>228.66799926757812</ele>
				<time>2000-01-01T00:00:00Z</time>
			</trkpt>
			<trkpt lat="60.021265926445565" lon="9.243941692891987">
				<ele>228.6999969482422</ele>
				<time>2000-01-01T00:00:00Z</time>
			</trkpt>
			<trkpt lat="60.02104" lon="9.24429">
				<ele>227.0608367919922</ele>
				<time>2000-01-01T00:00:00Z</time>
			</trkpt>
			<trkpt lat="60.0204" lon="9.24539">
				<ele>222.2119598388672</ele>
				<time>2000-01-01T00:00:00Z</time>
			</trkpt>
			<trkpt lat="60.02037041169762" lon="9.245434053940759">
				<ele>222.0</ele>
				<time>2000-01-01T00:00:00Z</time>
			</trkpt>
			<trkpt lat="60.01993" lon="9.24609">
				<ele>219.8806915283203</ele>
				<time>2000-01-01T00:00:00Z</time>
			</trkpt>
			<trkpt lat="60.01942053367634" lon="9.246785460496392">
				<ele>217.5</ele>
				<time>2000-01-01T00:00:00Z</time>
			</trkpt>
			<trkpt lat="60.0193" lon="9.24695">
				<ele>217.18707275390625</ele>
				<time>2000-01-01T00:00:00Z</time>
			</trkpt>
			<trkpt lat="60.01918" lon="9.24714">
				<ele>216.85891723632812</ele>
				<time>2000-01-01T00:00:00Z</time>
			</trkpt>
			<trkpt lat="60.01905" lon="9.2474">
				<ele>216.46473693847656</ele>
				<time>2000-01-01T00:00:00Z</time>
			</trkpt>
			<trkpt lat="60.01886" lon="9.24794">
				<ele>215.75694274902344</ele>
				<time>2000-01-01T00:00:00Z</time>
			</trkpt>
			<trkpt lat="60.018682523013354" lon="9.248550516690036">
				<ele>215.0</ele>
				<time>2000-01-01T00:00:00Z</time>
			</trkpt>
			<trkpt lat="60.01861" lon="9.2488">
				<ele>215.0</ele>
				<time>2000-01-01T00:00:00Z</time>
			</trkpt>
			<trkpt lat="60.01851" lon="9.24925">
				<ele>215.0</ele>
				<time>2000-01-01T00:00:00Z</time>
			</trkpt>
			<trkpt lat="60.01842" lon="9.25001">
				<ele>215.0</ele>
				<time>2000-01-01T00:00:00Z</time>
			</trkpt>
			<trkpt lat="60.018350182022054" lon="9.25076777993998">
				<ele>215.0</ele>
				<time>2000-01-01T00:00:00Z</time>
			</trkpt>
			<trkpt lat="60.01821" lon="9.25229">
				<ele>215.86260986328125</ele>
				<time>2000-01-01T00:00:00Z</time>
			</trkpt>
			<trkpt lat="60.01814" lon="9.2529">
				<ele>216.21141052246094</ele>
				<time>2000-01-01T00:00:00Z</time>
			</trkpt>
			<trkpt lat="60.01811106603551" lon="9.253048048519704">
				<ele>216.3000030517578</ele>
				<time>2000-01-01T00:00:00Z</time>
			</trkpt>
			<trkpt lat="60.01797" lon="9.25377">
				<ele>216.7320098876953</ele>
				<time>2000-01-01T00:00:00Z</time>
			</trkpt>
			<trkpt lat="60.017667111127174" lon="9.255204721761913">
				<ele>217.60000610351562</ele>
				<time>2000-01-01T00:00:00Z</time>
			</trkpt>
			<trkpt lat="60.01759" lon="9.25557">
				<ele>217.60000610351562</ele>
				<time>2000-01-01T00:00:00Z</time>
			</trkpt>
			<trkpt lat="60.01744" lon="9.25639">
				<ele>217.60000610351562</ele>
				<time>2000-01-01T00:00:00Z</time>
			</trkpt>
			<trkpt lat="60.01741" lon="9.25709">
				<ele>217.60000610351562</ele>
				<time>2000-01-01T00:00:00Z</time>
			</trkpt>
			<trkpt lat="60.01741609731392" lon="9.25745010730312">
				<ele>217.60000610351562</ele>
				<time>2000-01-01T00:00:00Z</time>
			</trkpt>
			<trkpt lat="60.01743" lon="9.25827">
				<ele>217.14280700683594</ele>
				<time>2000-01-01T00:00:00Z</time>
			</trkpt>
			<trkpt lat="60.01748" lon="9.25911">
				<ele>216.67135620117188</ele>
				<time>2000-01-01T00:00:00Z</time>
			</trkpt>
			<trkpt lat="60.01756" lon="9.25963">
				<ele>216.36813354492188</ele>
				<time>2000-01-01T00:00:00Z</time>
			</trkpt>
			<trkpt lat="60.01758277920022" lon="9.259743440034416">
				<ele>216.3000030517578</ele>
				<time>2000-01-01T00:00:00Z</time>
			</trkpt>
			<trkpt lat="60.018019708988874" lon="9.261906047891934">
				<ele>216.10000610351562</ele>
				<time>2000-01-01T00:00:00Z</time>
			</trkpt>
			<trkpt lat="60.01837" lon="9.26364">
				<ele>216.18017578125</ele>
				<time>2000-01-01T00:00:00Z</time>
			</trkpt>
			<trkpt lat="60.0184668763491" lon="9.264059798600151">
				<ele>216.1999969482422</ele>
				<time>2000-01-01T00:00:00Z</time>
			</trkpt>
			<trkpt lat="60.01849" lon="9.26416">
				<ele>216.13848876953125</ele>
				<time>2000-01-01T00:00:00Z</time>
			</trkpt>
			<trkpt lat="60.01882" lon="9.26527">
				<ele>215.418701171875</ele>
				<time>2000-01-01T00:00:00Z</time>
			</trkpt>
			<trkpt lat="60.01897" lon="9.26586">
				<ele>215.04978942871094</ele>
				<time>2000-01-01T00:00:00Z</time>
			</trkpt>
			<trkpt lat="60.01902386664781" lon="9.2661062480702">
				<ele>214.89999389648438</ele>
				<time>2000-01-01T00:00:00Z</time>
			</trkpt>
			<trkpt lat="60.01904" lon="9.26618">
				<ele>214.82061767578125</ele>
				<time>2000-01-01T00:00:00Z</time>
			</trkpt>
			<trkpt lat="60.01916" lon="9.26694">
				<ele>214.03477478027344</ele>
				<time>2000-01-01T00:00:00Z</time>
			</trkpt>
			<trkpt lat="60.01932" lon="9.2676">
				<ele>213.3115234375</ele>
				<time>2000-01-01T00:00:00Z</time>
			</trkpt>
			<trkpt lat="60.01951199006453" lon="9.268210878398783">
				<ele>212.60000610351562</ele>
				<time>2000-01-01T00:00:00Z</time>
			</trkpt>
			<trkpt lat="60.01954" lon="9.2683">
				<ele>212.5819549560547</ele>
				<time>2000-01-01T00:00:00Z</time>
			</trkpt>
			<trkpt lat="60.02011" lon="9.26966">
				<ele>212.277587890625</ele>
				<time>2000-01-01T00:00:00Z</time>
			</trkpt>
			<trkpt lat="60.02022900770991" lon="9.270044742797632">
				<ele>212.1999969482422</ele>
				<time>2000-01-01T00:00:00Z</time>
			</trkpt>
			<trkpt lat="60.0208" lon="9.27189">
				<ele>212.1999969482422</ele>
				<time>2000-01-01T00:00:00Z</time>
			</trkpt>
			<trkpt lat="60.0208489206821" lon="9.272019597532367">
				<ele>212.1999969482422</ele>
				<time>2000-01-01T00:00:00Z</time>
			</trkpt>
			<trkpt lat="60.02117" lon="9.27287">
				<ele>211.3319091796875</ele>
				<time>2000-01-01T00:00:00Z</time>
			</trkpt>
			<trkpt lat="60.02135" lon="9.27358">
				<ele>210.68350219726562</ele>
				<time>2000-01-01T00:00:00Z</time>
			</trkpt>
			<trkpt lat="60.02138" lon="9.2738">
				<ele>210.49777221679688</ele>
				<time>2000-01-01T00:00:00Z</time>
			</trkpt>
			<trkpt lat="60.021381483251645" lon="9.274042812823136">
				<ele>210.3000030517578</ele>
				<time>2000-01-01T00:00:00Z</time>
			</trkpt>
			<trkpt lat="60.02139" lon="9.27542">
				<ele>208.46983337402344</ele>
				<time>2000-01-01T00:00:00Z</time>
			</trkpt>
			<trkpt lat="60.02132" lon="9.27591">
				<ele>207.79263305664062</ele>
				<time>2000-01-01T00:00:00Z</time>
			</trkpt>
			<trkpt lat="60.02119632888376" lon="9.276281013064214">
				<ele>207.1999969482422</ele>
				<time>2000-01-01T00:00:00Z</time>
			</trkpt>
			<trkpt lat="60.02118" lon="9.27633">
				<ele>207.1368865966797</ele>
				<time>2000-01-01T00:00:00Z</time>
			</trkpt>
			<trkpt lat="60.02101" lon="9.27662">
				<ele>206.65782165527344</ele>
				<time>2000-01-01T00:00:00Z</time>
			</trkpt>
			<trkpt lat="60.02024592901697" lon="9.27761979212295">
				<ele>204.6999969482422</ele>
				<time>2000-01-01T00:00:00Z</time>
			</trkpt>
			<trkpt lat="60.02007" lon="9.27785">
				<ele>204.60983276367188</ele>
				<time>2000-01-01T00:00:00Z</time>
			</trkpt>
			<trkpt lat="60.01981" lon="9.27824">
				<ele>204.470458984375</ele>
				<time>2000-01-01T00:00:00Z</time>
			</trkpt>
			<trkpt lat="60.01968" lon="9.27847">
				<ele>204.3960418701172</ele>
				<time>2000-01-01T00:00:00Z</time>
			</trkpt>
			<trkpt lat="60.01937226664606" lon="9.279146246168477">
				<ele>204.1999969482422</ele>
				<time>2000-01-01T00:00:00Z</time>
			</trkpt>
			<trkpt lat="60.01882" lon="9.28036">
				<ele>203.9185333251953</ele>
				<time>2000-01-01T00:00:00Z</time>
			</trkpt>
			<trkpt lat="60.01860127699384" lon="9.280894990573918">
				<ele>203.8000030517578</ele>
				<time>2000-01-01T00:00:00Z</time>
			</trkpt>
			<trkpt lat="60.01817" lon="9.28195">
				<ele>203.44940185546875</ele>
				<time>2000-01-01T00:00:00Z</time>
			</trkpt>
			<trkpt lat="60.0178388125803" lon="9.282657825326647">
				<ele>203.1999969482422</ele>
				<time>2000-01-01T00:00:00Z</time>
			</trkpt>
			<trkpt lat="60.01766" lon="9.28304">
				<ele>202.8633270263672</ele>
				<time>2000-01-01T00:00:00Z</time>
			</trkpt>
			<trkpt lat="60.01756" lon="9.28322">
				<ele>202.6902618408203</ele>
				<time>2000-01-01T00:00:00Z</time>
			</trkpt>
			<trkpt lat="60.01749" lon="9.28329">
				<ele>202.58956909179688</ele>
				<time>2000-01-01T00:00:00Z</time>
			</trkpt>
			<trkpt lat="60.01741" lon="9.28334">
				<ele>202.48171997070312</ele>
				<time>2000-01-01T00:00:00Z</time>
			</trkpt>
			<trkpt lat="60.01736" lon="9.28334">
				<ele>202.41737365722656</ele>
				<time>2000-01-01T00:00:00Z</time>
			</trkpt>
			<trkpt lat="60.01728" lon="9.28328">
				<ele>202.3074493408203</ele>
				<time>2000-01-01T00:00:00Z</time>
			</trkpt>
			<trkpt lat="60.01723" lon="9.28321">
				<ele>202.2289276123047</ele>
				<time>2000-01-01T00:00:00Z</time>
			</trkpt>
			<trkpt lat="60.0172" lon="9.2831">
				<ele>202.14833068847656</ele>
				<time>2000-01-01T00:00:00Z</time>
			</trkpt>
			<trkpt lat="60.01714" lon="9.28277">
				<ele>201.92251586914062</ele>
				<time>2000-01-01T00:00:00Z</time>
			</trkpt>
			<trkpt lat="60.01705" lon="9.28258">
				<ele>201.75416564941406</ele>
				<time>2000-01-01T00:00:00Z</time>
			</trkpt>
			<trkpt lat="60.01701411157239" lon="9.282535956889564">
				<ele>201.6999969482422</ele>
				<time>2000-01-01T00:00:00Z</time>
			</trkpt>
			<trkpt lat="60.01683" lon="9.28231">
				<ele>201.44061279296875</ele>
				<time>2000-01-01T00:00:00Z</time>
			</trkpt>
			<trkpt lat="60.01666" lon="9.28215">
				<ele>201.21498107910156</ele>
				<time>2000-01-01T00:00:00Z</time>
			</trkpt>
			<trkpt lat="60.01656" lon="9.28208">
				<ele>201.08773803710938</ele>
				<time>2000-01-01T00:00:00Z</time>
			</trkpt>
			<trkpt lat="60.01649" lon="9.28205">
				<ele>201.00177001953125</ele>
				<time>2000-01-01T00:00:00Z</time>
			</trkpt>
			<trkpt lat="60.01639" lon="9.28205">
				<ele>200.8816680908203</ele>
				<time>2000-01-01T00:00:00Z</time>
			</trkpt>
			<trkpt lat="60.01633" lon="9.28209">
				<ele>200.8057098388672</ele>
				<time>2000-01-01T00:00:00Z</time>
			</trkpt>
			<trkpt lat="60.01604" lon="9.2824">
				<ele>200.41085815429688</ele>
				<time>2000-01-01T00:00:00Z</time>
			</trkpt>
			<trkpt lat="60.015954483928255" lon="9.282469481636554">
				<ele>200.3000030517578</ele>
				<time>2000-01-01T00:00:00Z</time>
			</trkpt>
			<trkpt lat="60.01588" lon="9.28253">
				<ele>200.36207580566406</ele>
				<time>2000-01-01T00:00:00Z</time>
			</trkpt>
			<trkpt lat="60.01566" lon="9.28264">
				<ele>200.53713989257812</ele>
				<time>2000-01-01T00:00:00Z</time>
			</trkpt>
			<trkpt lat="60.01549" lon="9.28268">
				<ele>200.66929626464844</ele>
				<time>2000-01-01T00:00:00Z</time>
			</trkpt>
			<trkpt lat="60.01534" lon="9.28267">
				<ele>200.78517150878906</ele>
				<time>2000-01-01T00:00:00Z</time>
			</trkpt>
			<trkpt lat="60.0152" lon="9.28263">
				<ele>200.89434814453125</ele>
				<time>2000-01-01T00:00:00Z</time>
			</trkpt>
			<trkpt lat="60.01498" lon="9.28253">
				<ele>201.06854248046875</ele>
				<time>2000-01-01T00:00:00Z</time>
			</trkpt>
			<trkpt lat="60.01481480905138" lon="9.28244740594523">
				<ele>201.1999969482422</ele>
				<time>2000-01-01T00:00:00Z</time>
			</trkpt>
			<trkpt lat="60.01452" lon="9.2823">
				<ele>202.71194458007812</ele>
				<time>2000-01-01T00:00:00Z</time>
			</trkpt>
			<trkpt lat="60.01421" lon="9.28221">
				<ele>204.27052307128906</ele>
				<time>2000-01-01T00:00:00Z</time>
			</trkpt>
			<trkpt lat="60.01395" lon="9.28218">
				<ele>205.56626892089844</ele>
				<time>2000-01-01T00:00:00Z</time>
			</trkpt>
			<trkpt lat="60.013663515796104" lon="9.282241942483514">
				<ele>207.0</ele>
				<time>2000-01-01T00:00:00Z</time>
			</trkpt>
			<trkpt lat="60.01358" lon="9.28226">
				<ele>207.23780822753906</ele>
				<time>2000-01-01T00:00:00Z</time>
			</trkpt>
			<trkpt lat="60.01315" lon="9.28224">
				<ele>208.45542907714844</ele>
				<time>2000-01-01T00:00:00Z</time>
			</trkpt>
			<trkpt lat="60.01303" lon="9.28226">
				<ele>208.79632568359375</ele>
				<time>2000-01-01T00:00:00Z</time>
			</trkpt>
			<trkpt lat="60.01297" lon="9.2823">
				<ele>208.97535705566406</ele>
				<time>2000-01-01T00:00:00Z</time>
			</trkpt>
			<trkpt lat="60.01257" lon="9.28268">
				<ele>210.22889709472656</ele>
				<time>2000-01-01T00:00:00Z</time>
			</trkpt>
			<trkpt lat="60.012546168830404" lon="9.282695884905765">
				<ele>210.3000030517578</ele>
				<time>2000-01-01T00:00:00Z</time>
			</trkpt>
			<trkpt lat="60.01221" lon="9.28292">
				<ele>209.96563720703125</ele>
				<time>2000-01-01T00:00:00Z</time>
			</trkpt>
			<trkpt lat="60.01208" lon="9.28305">
				<ele>209.8284912109375</ele>
				<time>2000-01-01T00:00:00Z</time>
			</trkpt>
			<trkpt lat="60.01183" lon="9.28339">
				<ele>209.54324340820312</ele>
				<time>2000-01-01T00:00:00Z</time>
			</trkpt>
			<trkpt lat="60.01171" lon="9.28351">
				<ele>209.41664123535156</ele>
				<time>2000-01-01T00:00:00Z</time>
			</trkpt>
			<trkpt lat="60.01149613995397" lon="9.283677077813302">
				<ele>209.1999969482422</ele>
				<time>2000-01-01T00:00:00Z</time>
			</trkpt>
			<trkpt lat="60.01139" lon="9.28376">
				<ele>208.63304138183594</ele>
				<time>2000-01-01T00:00:00Z</time>
			</trkpt>
			<trkpt lat="60.01093" lon="9.28399">
				<ele>206.27394104003906</ele>
				<time>2000-01-01T00:00:00Z</time>
			</trkpt>
			<trkpt lat="60.01078" lon="9.28404">
				<ele>205.51731872558594</ele>
				<time>2000-01-01T00:00:00Z</time>
			</trkpt>
			<trkpt lat="60.01068" lon="9.28404">
				<ele>205.01976013183594</ele>
				<time>2000-01-01T00:00:00Z</time>
			</trkpt>
			<trkpt lat="60.01057" lon="9.28401">
				<ele>204.4673614501953</ele>
				<time>2000-01-01T00:00:00Z</time>
			</trkpt>
			<trkpt lat="60.01045" lon="9.28396">
				<ele>203.8574981689453</ele>
				<time>2000-01-01T00:00:00Z</time>
			</trkpt>
			<trkpt lat="60.010361584012" lon="9.283909476631225">
				<ele>203.39999389648438</ele>
				<time>2000-01-01T00:00:00Z</time>
			</trkpt>
			<trkpt lat="60.01031" lon="9.28388">
				<ele>203.3861846923828</ele>
				<time>2000-01-01T00:00:00Z</time>
			</trkpt>
			<trkpt lat="60.00937" lon="9.2831">
				<ele>203.12429809570312</ele>
				<time>2000-01-01T00:00:00Z</time>
			</trkpt>
			<trkpt lat="60.009281709287485" lon="9.283033114662055">
				<ele>203.10000610351562</ele>
				<time>2000-01-01T00:00:00Z</time>
			</trkpt>
			<trkpt lat="60.00904" lon="9.28285">
				<ele>203.299560546875</ele>
				<time>2000-01-01T00:00:00Z</time>
			</trkpt>
			<trkpt lat="60.0088" lon="9.28275">
				<ele>203.48883056640625</ele>
				<time>2000-01-01T00:00:00Z</time>
			</trkpt>
			<trkpt lat="60.00817" lon="9.28252">
				<ele>203.98326110839844</ele>
				<time>2000-01-01T00:00:00Z</time>
			</trkpt>
			<trkpt lat="60.0081491093088" lon="9.282508394147806">
				<ele>204.0</ele>
				<time>2000-01-01T00:00:00Z</time>
			</trkpt>
			<trkpt lat="60.00808" lon="9.28247">
				<ele>203.92001342773438</ele>
				<time>2000-01-01T00:00:00Z</time>
			</trkpt>
			<trkpt lat="60.00791" lon="9.28234">
				<ele>203.71705627441406</ele>
				<time>2000-01-01T00:00:00Z</time>
			</trkpt>
			<trkpt lat="60.00778" lon="9.28221">
				<ele>203.55496215820312</ele>
				<time>2000-01-01T00:00:00Z</time>
			</trkpt>
			<trkpt lat="60.00768" lon="9.28205">
				<ele>203.4121551513672</ele>
				<time>2000-01-01T00:00:00Z</time>
			</trkpt>
			<trkpt lat="60.00762" lon="9.28189">
				<ele>203.3006591796875</ele>
				<time>2000-01-01T00:00:00Z</time>
			</trkpt>
			<trkpt lat="60.00743262934878" lon="9.280879834970785">
				<ele>202.6999969482422</ele>
				<time>2000-01-01T00:00:00Z</time>
			</trkpt>
			<trkpt lat="60.00739" lon="9.28065">
				<ele>202.65794372558594</ele>
				<time>2000-01-01T00:00:00Z</time>
			</trkpt>
			<trkpt lat="60.00727" lon="9.2802">
				<ele>202.57046508789062</ele>
				<time>2000-01-01T00:00:00Z</time>
			</trkpt>
			<trkpt lat="60.00718" lon="9.27994">
				<ele>202.51622009277344</ele>
				<time>2000-01-01T00:00:00Z</time>
			</trkpt>
			<trkpt lat="60.00698" lon="9.2795">
				<ele>202.41419982910156</ele>
				<time>2000-01-01T00:00:00Z</time>
			</trkpt>
			<trkpt lat="60.00673" lon="9.27908">
				<ele>202.30218505859375</ele>
				<time>2000-01-01T00:00:00Z</time>
			</trkpt>
			<trkpt lat="60.00659" lon="9.27889">
				<ele>202.509521484375</ele>
				<time>2000-01-01T00:00:00Z</time>
			</trkpt>
			<trkpt lat="60.00648" lon="9.27881">
				<ele>202.66012573242188</ele>
				<time>2000-01-01T00:00:00Z</time>
			</trkpt>
			<trkpt lat="60.00632" lon="9.27872">
				<ele>202.87399291992188</ele>
				<time>2000-01-01T00:00:00Z</time>
			</trkpt>
			<trkpt lat="60.005615682962905" lon="9.278424659149044">
				<ele>203.8000030517578</ele>
				<time>2000-01-01T00:00:00Z</time>
			</trkpt>
			<trkpt lat="60.00447478239194" lon="9.277946199078087">
				<ele>206.10000610351562</ele>
				<time>2000-01-01T00:00:00Z</time>
			</trkpt>
			<trkpt lat="60.00446" lon="9.27794">
				<ele>206.10906982421875</ele>
				<time>2000-01-01T00:00:00Z</time>
			</trkpt>
			<trkpt lat="60.00344" lon="9.27739">
				<ele>206.74343872070312</ele>
				<time>2000-01-01T00:00:00Z</time>
			</trkpt>
			<trkpt lat="60.003347960541525" lon="9.2773499831101">
				<ele>206.8000030517578</ele>
				<time>2000-01-01T00:00:00Z</time>
			</trkpt>
			<trkpt lat="60.00321" lon="9.27729">
				<ele>206.8968963623047</ele>
				<time>2000-01-01T00:00:00Z</time>
			</trkpt>
			<trkpt lat="60.00304" lon="9.27724">
				<ele>207.0148162841797</ele>
				<time>2000-01-01T00:00:00Z</time>
			</trkpt>
			<trkpt lat="60.00275" lon="9.27724">
				<ele>207.21383666992188</ele>
				<time>2000-01-01T00:00:00Z</time>
			</trkpt>
			<trkpt lat="60.00218847959726" lon="9.27731266701795">
				<ele>207.60000610351562</ele>
				<time>2000-01-01T00:00:00Z</time>
			</trkpt>
			<trkpt lat="60.0019" lon="9.27735">
				<ele>207.99679565429688</ele>
				<time>2000-01-01T00:00:00Z</time>
			</trkpt>
			<trkpt lat="60.00166" lon="9.27741">
				<ele>208.32876586914062</ele>
				<time>2000-01-01T00:00:00Z</time>
			</trkpt>
			<trkpt lat="60.00103249701014" lon="9.277601237295276">
				<ele>209.1999969482422</ele>
				<time>2000-01-01T00:00:00Z</time>
			</trkpt>
			<trkpt lat="60.00061" lon="9.27773">
				<ele>209.4199676513672</ele>
				<time>2000-01-01T00:00:00Z</time>
			</trkpt>
			<trkpt lat="59.999883346905776" lon="9.277991595104803">
				<ele>209.8000030517578</ele>
				<time>2000-01-01T00:00:00Z</time>
			</trkpt>
			<trkpt lat="59.99986" lon="9.278">
				<ele>209.79592895507812</ele>
				<time>2000-01-01T00:00:00Z</time>
			</trkpt>
			<trkpt lat="59.99966" lon="9.27809">
				<ele>209.76075744628906</ele>
				<time>2000-01-01T00:00:00Z</time>
			</trkpt>
			<trkpt lat="59.9995" lon="9.2782">
				<ele>209.7317352294922</ele>
				<time>2000-01-01T00:00:00Z</time>
			</trkpt>
			<trkpt lat="59.99932" lon="9.27842">
				<ele>209.69554138183594</ele>
				<time>2000-01-01T00:00:00Z</time>
			</trkpt>
			<trkpt lat="59.998870963653985" lon="9.279078584278793">
				<ele>209.60000610351562</ele>
				<time>2000-01-01T00:00:00Z</time>
			</trkpt>
			<trkpt lat="59.99872" lon="9.2793">
				<ele>209.61605834960938</ele>
				<time>2000-01-01T00:00:00Z</time>
			</trkpt>
			<trkpt lat="59.99809" lon="9.28018">
				<ele>209.68197631835938</ele>
				<time>2000-01-01T00:00:00Z</time>
			</trkpt>
			<trkpt lat="59.99791411634863" lon="9.280409623697965">
				<ele>209.6999969482422</ele>
				<time>2000-01-01T00:00:00Z</time>
			</trkpt>
			<trkpt lat="59.99773" lon="9.28065">
				<ele>209.6245574951172</ele>
				<time>2000-01-01T00:00:00Z</time>
			</trkpt>
			<trkpt lat="59.99742" lon="9.28098">
				<ele>209.50404357910156</ele>
				<time>2000-01-01T00:00:00Z</time>
			</trkpt>
			<trkpt lat="59.99698" lon="9.28135">
				<ele>209.3402557373047</ele>
				<time>2000-01-01T00:00:00Z</time>
			</trkpt>
			<trkpt lat="59.99686941883676" lon="9.281428374211451">
				<ele>209.3000030517578</ele>
				<time>2000-01-01T00:00:00Z</time>
			</trkpt>
			<trkpt lat="59.995770852395246" lon="9.282208080884738">
				<ele>208.39999389648438</ele>
				<time>2000-01-01T00:00:00Z</time>
			</trkpt>
			<trkpt lat="59.99481" lon="9.28289">
				<ele>207.87521362304688</ele>
				<time>2000-01-01T00:00:00Z</time>
			</trkpt>
			<trkpt lat="59.99467130629616" lon="9.282982057310168">
				<ele>207.8000030517578</ele>
				<time>2000-01-01T00:00:00Z</time>
			</trkpt>
			<trkpt lat="59.99359" lon="9.2837">
				<ele>207.89773559570312</ele>
				<time>2000-01-01T00:00:00Z</time>
			</trkpt>
			<trkpt lat="59.99356568486018" lon="9.283720257967463">
				<ele>207.89999389648438</ele>
				<time>2000-01-01T00:00:00Z</time>
			</trkpt>
			<trkpt lat="59.99317" lon="9.28405">
				<ele>207.53225708007812</ele>
				<time>2000-01-01T00:00:00Z</time>
			</trkpt>
			<trkpt lat="59.99265" lon="9.28454">
				<ele>207.03912353515625</ele>
				<time>2000-01-01T00:00:00Z</time>
			</trkpt>
			<trkpt lat="59.99250119216672" lon="9.284668966022299">
				<ele>206.89999389648438</ele>
				<time>2000-01-01T00:00:00Z</time>
			</trkpt>
			<trkpt lat="59.99235" lon="9.2848">
				<ele>206.56072998046875</ele>
				<time>2000-01-01T00:00:00Z</time>
			</trkpt>
			<trkpt lat="59.99203" lon="9.28502">
				<ele>205.8640594482422</ele>
				<time>2000-01-01T00:00:00Z</time>
			</trkpt>
			<trkpt lat="59.99165" lon="9.28523">
				<ele>205.05235290527344</ele>
				<time>2000-01-01T00:00:00Z</time>
			</trkpt>
			<trkpt lat="59.99138746971154" lon="9.285340538876758">
				<ele>204.5</ele>
				<time>2000-01-01T00:00:00Z</time>
			</trkpt>
			<trkpt lat="59.99127" lon="9.28539">
				<ele>204.3970184326172</ele>
				<time>2000-01-01T00:00:00Z</time>
			</trkpt>
			<trkpt lat="59.99071" lon="9.28555">
				<ele>203.9117431640625</ele>
				<time>2000-01-01T00:00:00Z</time>
			</trkpt>
			<trkpt lat="59.990232249944306" lon="9.285642197327885">
				<ele>203.5</ele>
				<time>2000-01-01T00:00:00Z</time>
			</trkpt>
			<trkpt lat="59.99014" lon="9.28566">
				<ele>203.57949829101562</ele>
				<time>2000-01-01T00:00:00Z</time>
			</trkpt>
			<trkpt lat="59.98988" lon="9.28575">
				<ele>203.8058624267578</ele>
				<time>2000-01-01T00:00:00Z</time>
			</trkpt>
			<trkpt lat="59.98961" lon="9.28591">
				<ele>204.04745483398438</ele>
				<time>2000-01-01T00:00:00Z</time>
			</trkpt>
			<trkpt lat="59.98925" lon="9.28618">
				<ele>204.37728881835938</ele>
				<time>2000-01-01T00:00:00Z</time>
			</trkpt>
			<trkpt lat="59.98912206413688" lon="9.286307930164078">
				<ele>204.5</ele>
				<time>2000-01-01T00:00:00Z</time>
			</trkpt>
			<trkpt lat="59.98874" lon="9.28669">
				<ele>204.82981872558594</ele>
				<time>2000-01-01T00:00:00Z</time>
			</trkpt>
			<trkpt lat="59.98836" lon="9.2871">
				<ele>205.16319274902344</ele>
				<time>2000-01-01T00:00:00Z</time>
			</trkpt>
			<trkpt lat="59.98809281392786" lon="9.287401111686966">
				<ele>205.39999389648438</ele>
				<time>2000-01-01T00:00:00Z</time>
			</trkpt>
			<trkpt lat="59.98718" lon="9.28843">
				<ele>204.77073669433594</ele>
				<time>2000-01-01T00:00:00Z</time>
			</trkpt>
			<trkpt lat="59.98708140551124" lon="9.288558926221006">
				<ele>204.6999969482422</ele>
				<time>2000-01-01T00:00:00Z</time>
			</trkpt>
			<trkpt lat="59.98679" lon="9.28894">
				<ele>204.1324462890625</ele>
				<time>2000-01-01T00:00:00Z</time>
			</trkpt>
			<trkpt lat="59.98645" lon="9.28953">
				<ele>203.3986358642578</ele>
				<time>2000-01-01T00:00:00Z</time>
			</trkpt>
			<trkpt lat="59.98623" lon="9.29004">
				<ele>202.84957885742188</ele>
				<time>2000-01-01T00:00:00Z</time>
			</trkpt>
			<trkpt lat="59.986211681413835" lon="9.29008853129284">
				<ele>202.8000030517578</ele>
				<time>2000-01-01T00:00:00Z</time>
			</trkpt>
			<trkpt lat="59.98551199663132" lon="9.291952447696579">
				<ele>202.6999969482422</ele>
				<time>2000-01-01T00:00:00Z</time>
			</trkpt>
			<trkpt lat="59.98513" lon="9.29297">
				<ele>203.0821533203125</ele>
				<time>2000-01-01T00:00:00Z</time>
			</trkpt>
			<trkpt lat="59.98495" lon="9.29328">
				<ele>203.22482299804688</ele>
				<time>2000-01-01T00:00:00Z</time>
			</trkpt>
			<trkpt lat="59.98485" lon="9.29341">
				<ele>203.29644775390625</ele>
				<time>2000-01-01T00:00:00Z</time>
			</trkpt>
			<trkpt lat="59.98474" lon="9.2935">
				<ele>203.36781311035156</ele>
				<time>2000-01-01T00:00:00Z</time>
			</trkpt>
			<trkpt lat="59.98475161769681" lon="9.293604559946061">
				<ele>203.39999389648438</ele>
				<time>2000-01-01T00:00:00Z</time>
			</trkpt>
			<trkpt lat="59.98476" lon="9.29368">
				<ele>203.39999389648438</ele>
				<time>2000-01-01T00:00:00Z</time>
			</trkpt>
			<trkpt lat="59.98477" lon="9.29389">
				<ele>203.39999389648438</ele>
				<time>2000-01-01T00:00:00Z</time>
			</trkpt>
			<trkpt lat="59.98475" lon="9.29402">
				<ele>203.39999389648438</ele>
				<time>2000-01-01T00:00:00Z</time>
			</trkpt>
			<trkpt lat="59.98423067116877" lon="9.295618547584972">
				<ele>203.39999389648438</ele>
				<time>2000-01-01T00:00:00Z</time>
			</trkpt>
			<trkpt lat="59.98411" lon="9.29599">
				<ele>203.39999389648438</ele>
				<time>2000-01-01T00:00:00Z</time>
			</trkpt>
			<trkpt lat="59.98409" lon="9.29609">
				<ele>203.39999389648438</ele>
				<time>2000-01-01T00:00:00Z</time>
			</trkpt>
			<trkpt lat="59.98406" lon="9.29637">
				<ele>203.39999389648438</ele>
				<time>2000-01-01T00:00:00Z</time>
			</trkpt>
			<trkpt lat="59.98409" lon="9.29676">
				<ele>203.39999389648438</ele>
				<time>2000-01-01T00:00:00Z</time>
			</trkpt>
			<trkpt lat="59.98433453745706" lon="9.297744001619487">
				<ele>203.39999389648438</ele>
				<time>2000-01-01T00:00:00Z</time>
			</trkpt>
			<trkpt lat="59.98451" lon="9.29845">
				<ele>203.67062377929688</ele>
				<time>2000-01-01T00:00:00Z</time>
			</trkpt>
			<trkpt lat="59.984694187750776" lon="9.29994738337065">
				<ele>204.1999969482422</ele>
				<time>2000-01-01T00:00:00Z</time>
			</trkpt>
			<trkpt lat="59.98482" lon="9.30097">
				<ele>203.9740447998047</ele>
				<time>2000-01-01T00:00:00Z</time>
			</trkpt>
			<trkpt lat="59.98495" lon="9.3018">
				<ele>203.7874298095703</ele>
				<time>2000-01-01T00:00:00Z</time>
			</trkpt>
			<trkpt lat="59.985035393270216" lon="9.302170037641089">
				<ele>203.6999969482422</ele>
				<time>2000-01-01T00:00:00Z</time>
			</trkpt>
			<trkpt lat="59.98504" lon="9.30219">
				<ele>203.7094268798828</ele>
				<time>2000-01-01T00:00:00Z</time>
			</trkpt>
			<trkpt lat="59.985602285451066" lon="9.30420621713172">
				<ele>204.6999969482422</ele>
				<time>2000-01-01T00:00:00Z</time>
			</trkpt>
			<trkpt lat="59.98574" lon="9.3047">
				<ele>206.68931579589844</ele>
				<time>2000-01-01T00:00:00Z</time>
			</trkpt>
			<trkpt lat="59.98602" lon="9.30582">
				<ele>211.09506225585938</ele>
				<time>2000-01-01T00:00:00Z</time>
			</trkpt>
			<trkpt lat="59.98612" lon="9.30607">
				<ele>212.22140502929688</ele>
				<time>2000-01-01T00:00:00Z</time>
			</trkpt>
			<trkpt lat="59.98618" lon="9.30617">
				<ele>212.77090454101562</ele>
				<time>2000-01-01T00:00:00Z</time>
			</trkpt>
			<trkpt lat="59.98619499437852" lon="9.306191154951655">
				<ele>212.89999389648438</ele>
				<time>2000-01-01T00:00:00Z</time>
			</trkpt>
			<trkpt lat="59.98657" lon="9.30672">
				<ele>220.49803161621094</ele>
				<time>2000-01-01T00:00:00Z</time>
			</trkpt>
			<trkpt lat="59.98668" lon="9.30683">
				<ele>222.5344696044922</ele>
				<time>2000-01-01T00:00:00Z</time>
			</trkpt>
			<trkpt lat="59.98679" lon="9.30692">
				<ele>224.5023193359375</ele>
				<time>2000-01-01T00:00:00Z</time>
			</trkpt>
			<trkpt lat="59.98718" lon="9.30709">
				<ele>231.11102294921875</ele>
				<time>2000-01-01T00:00:00Z</time>
			</trkpt>
			<trkpt lat="59.98724239702244" lon="9.307131598093255">
				<ele>232.1999969482422</ele>
				<time>2000-01-01T00:00:00Z</time>
			</trkpt>
			<trkpt lat="59.9873" lon="9.30717">
				<ele>232.51773071289062</ele>
				<time>2000-01-01T00:00:00Z</time>
			</trkpt>
			<trkpt lat="59.98742" lon="9.30726">
				<ele>233.18841552734375</ele>
				<time>2000-01-01T00:00:00Z</time>
			</trkpt>
			<trkpt lat="59.9876" lon="9.30746">
				<ele>234.2660369873047</ele>
				<time>2000-01-01T00:00:00Z</time>
			</trkpt>
			<trkpt lat="59.98769" lon="9.3076">
				<ele>234.86277770996094</ele>
				<time>2000-01-01T00:00:00Z</time>
			</trkpt>
			<trkpt lat="59.9879" lon="9.30799">
				<ele>236.3626251220703</ele>
				<time>2000-01-01T00:00:00Z</time>
			</trkpt>
			<trkpt lat="59.988" lon="9.30821">
				<ele>237.1407012939453</ele>
				<time>2000-01-01T00:00:00Z</time>
			</trkpt>
			<trkpt lat="59.98807" lon="9.30845">
				<ele>237.8678741455078</ele>
				<time>2000-01-01T00:00:00Z</time>
			</trkpt>
			<trkpt lat="59.988091720138584" lon="9.308609281503962">
				<ele>238.3000030517578</ele>
				<time>2000-01-01T00:00:00Z</time>
			</trkpt>
			<trkpt lat="59.9881" lon="9.30867">
				<ele>238.58621215820312</ele>
				<time>2000-01-01T00:00:00Z</time>
			</trkpt>
			<trkpt lat="59.98809" lon="9.30883">
				<ele>239.3196563720703</ele>
				<time>2000-01-01T00:00:00Z</time>
			</trkpt>
			<trkpt lat="59.98805" lon="9.309">
				<ele>240.17410278320312</ele>
				<time>2000-01-01T00:00:00Z</time>
			</trkpt>
			<trkpt lat="59.98799" lon="9.30914">
				<ele>241.01266479492188</ele>
				<time>2000-01-01T00:00:00Z</time>
			</trkpt>
			<trkpt lat="59.98791" lon="9.30926">
				<ele>241.9220733642578</ele>
				<time>2000-01-01T00:00:00Z</time>
			</trkpt>
			<trkpt lat="59.98777" lon="9.30938">
				<ele>243.30715942382812</ele>
				<time>2000-01-01T00:00:00Z</time>
			</trkpt>
			<trkpt lat="59.987191283430874" lon="9.309796392002845">
				<ele>248.89999389648438</ele>
				<time>2000-01-01T00:00:00Z</time>
			</trkpt>
			<trkpt lat="59.98695" lon="9.30997">
				<ele>250.21990966796875</ele>
				<time>2000-01-01T00:00:00Z</time>
			</trkpt>
			<trkpt lat="59.98677" lon="9.31012">
				<ele>251.22364807128906</ele>
				<time>2000-01-01T00:00:00Z</time>
			</trkpt>
			<trkpt lat="59.9867" lon="9.31022">
				<ele>251.66648864746094</ele>
				<time>2000-01-01T00:00:00Z</time>
			</trkpt>
			<trkpt lat="59.98663" lon="9.31036">
				<ele>252.1761016845703</ele>
				<time>2000-01-01T00:00:00Z</time>
			</trkpt>
			<trkpt lat="59.98657" lon="9.31058">
				<ele>252.82127380371094</ele>
				<time>2000-01-01T00:00:00Z</time>
			</trkpt>
			<trkpt lat="59.98657" lon="9.31081">
				<ele>253.41342163085938</ele>
				<time>2000-01-01T00:00:00Z</time>
			</trkpt>
			<trkpt lat="59.9866" lon="9.31096">
				<ele>253.829345703125</ele>
				<time>2000-01-01T00:00:00Z</time>
			</trkpt>
			<trkpt lat="59.98664" lon="9.31106">
				<ele>254.1589813232422</ele>
				<time>2000-01-01T00:00:00Z</time>
			</trkpt>
			<trkpt lat="59.98674" lon="9.31118">
				<ele>254.75930786132812</ele>
				<time>2000-01-01T00:00:00Z</time>
			</trkpt>
			<trkpt lat="59.98676655079808" lon="9.311192961856857">
				<ele>254.89999389648438</ele>
				<time>2000-01-01T00:00:00Z</time>
			</trkpt>
			<trkpt lat="59.98789908824512" lon="9.31174493379712">
				<ele>268.8999938964844</ele>
				<time>2000-01-01T00:00:00Z</time>
			</trkpt>
			<trkpt lat="59.98793" lon="9.31176">
				<ele>269.34222412109375</ele>
				<time>2000-01-01T00:00:00Z</time>
			</trkpt>
			<trkpt lat="59.98808" lon="9.31185">
				<ele>271.5186767578125</ele>
				<time>2000-01-01T00:00:00Z</time>
			</trkpt>
			<trkpt lat="59.98824" lon="9.31198">
				<ele>273.9186706542969</ele>
				<time>2000-01-01T00:00:00Z</time>
			</trkpt>
			<trkpt lat="59.98839" lon="9.31215">
				<ele>276.3150329589844</ele>
				<time>2000-01-01T00:00:00Z</time>
			</trkpt>
			<trkpt lat="59.98883" lon="9.31283">
				<ele>284.04364013671875</ele>
				<time>2000-01-01T00:00:00Z</time>
			</trkpt>
			<trkpt lat="59.988893815264646" lon="9.312912585141259">
				<ele>285.1000061035156</ele>
				<time>2000-01-01T00:00:00Z</time>
			</trkpt>
			<trkpt lat="59.989" lon="9.31305">
				<ele>286.5974426269531</ele>
				<time>2000-01-01T00:00:00Z</time>
			</trkpt>
			<trkpt lat="59.98909" lon="9.31313">
				<ele>287.7633972167969</ele>
				<time>2000-01-01T00:00:00Z</time>
			</trkpt>
			<trkpt lat="59.98942" lon="9.31334">
				<ele>291.8631591796875</ele>
				<time>2000-01-01T00:00:00Z</time>
			</trkpt>
			<trkpt lat="59.98962" lon="9.3135">
				<ele>294.4132385253906</ele>
				<time>2000-01-01T00:00:00Z</time>
			</trkpt>
			<trkpt lat="59.98995994178939" lon="9.313835020063076">
				<ele>298.8999938964844</ele>
				<time>2000-01-01T00:00:00Z</time>
			</trkpt>
			<trkpt lat="59.99031" lon="9.31418">
				<ele>301.87969970703125</ele>
				<time>2000-01-01T00:00:00Z</time>
			</trkpt>
			<trkpt lat="59.99064" lon="9.31455">
				<ele>304.768310546875</ele>
				<time>2000-01-01T00:00:00Z</time>
			</trkpt>
			<trkpt lat="59.99079" lon="9.31476">
				<ele>306.1663818359375</ele>
				<time>2000-01-01T00:00:00Z</time>
			</trkpt>
			<trkpt lat="59.9909" lon="9.31496">
				<ele>307.3014831542969</ele>
				<time>2000-01-01T00:00:00Z</time>
			</trkpt>
			<trkpt lat="59.99093892943298" lon="9.315064812171537">
				<ele>307.79998779296875</ele>
				<time>2000-01-01T00:00:00Z</time>
			</trkpt>
			<trkpt lat="59.99103" lon="9.31531">
				<ele>309.3985290527344</ele>
				<time>2000-01-01T00:00:00Z</time>
			</trkpt>
			<trkpt lat="59.9911" lon="9.31571">
				<ele>311.6168212890625</ele>
				<time>2000-01-01T00:00:00Z</time>
			</trkpt>
			<trkpt lat="59.9911" lon="9.31589">
				<ele>312.5590515136719</ele>
				<time>2000-01-01T00:00:00Z</time>
			</trkpt>
			<trkpt lat="59.990990947819064" lon="9.317294733484223">
				<ele>320.0</ele>
				<time>2000-01-01T00:00:00Z</time>
			</trkpt>
			<trkpt lat="59.99093" lon="9.31808">
				<ele>322.0456237792969</ele>
				<time>2000-01-01T00:00:00Z</time>
			</trkpt>
			<trkpt lat="59.990858446577526" lon="9.319609426780103">
				<ele>326.0</ele>
				<time>2000-01-01T00:00:00Z</time>
			</trkpt>
			<trkpt lat="59.99085" lon="9.31979">
				<ele>326.6769714355469</ele>
				<time>2000-01-01T00:00:00Z</time>
			</trkpt>
			<trkpt lat="59.99078" lon="9.32048">
				<ele>329.3049011230469</ele>
				<time>2000-01-01T00:00:00Z</time>
			</trkpt>
			<trkpt lat="59.99054" lon="9.3218">
				<ele>334.5476989746094</ele>
				<time>2000-01-01T00:00:00Z</time>
			</trkpt>
			<trkpt lat="59.99053362402248" lon="9.321838783373119">
				<ele>334.70001220703125</ele>
				<time>2000-01-01T00:00:00Z</time>
			</trkpt>
			<trkpt lat="59.99033" lon="9.32308">
				<ele>338.455078125</ele>
				<time>2000-01-01T00:00:00Z</time>
			</trkpt>
			<trkpt lat="59.99032" lon="9.3233">
				<ele>339.0900573730469</ele>
				<time>2000-01-01T00:00:00Z</time>
			</trkpt>
			<trkpt lat="59.99031999673388" lon="9.324103542914344">
				<ele>341.3999938964844</ele>
				<time>2000-01-01T00:00:00Z</time>
			</trkpt>
			<trkpt lat="59.99032" lon="9.32459">
				<ele>343.716796875</ele>
				<time>2000-01-01T00:00:00Z</time>
			</trkpt>
			<trkpt lat="59.99033" lon="9.32484">
				<ele>344.9111633300781</ele>
				<time>2000-01-01T00:00:00Z</time>
			</trkpt>
			<trkpt lat="59.99037" lon="9.32507">
				<ele>346.07080078125</ele>
				<time>2000-01-01T00:00:00Z</time>
			</trkpt>
			<trkpt lat="59.99046" lon="9.32537">
				<ele>347.7369079589844</ele>
				<time>2000-01-01T00:00:00Z</time>
			</trkpt>
			<trkpt lat="59.9908003190264" lon="9.326102995811613">
				<ele>352.5</ele>
				<time>2000-01-01T00:00:00Z</time>
			</trkpt>
			<trkpt lat="59.99085" lon="9.32621">
				<ele>352.8382873535156</ele>
				<time>2000-01-01T00:00:00Z</time>
			</trkpt>
			<trkpt lat="59.99123" lon="9.3273">
				<ele>355.9165954589844</ele>
				<time>2000-01-01T00:00:00Z</time>
			</trkpt>
			<trkpt lat="59.99147" lon="9.32783">
				<ele>357.5729675292969</ele>
				<time>2000-01-01T00:00:00Z</time>
			</trkpt>
			<trkpt lat="59.991521972353205" lon="9.327925499183479">
				<ele>357.8999938964844</ele>
				<time>2000-01-01T00:00:00Z</time>
			</trkpt>
			<trkpt lat="59.9919" lon="9.32862">
				<ele>360.3221130371094</ele>
				<time>2000-01-01T00:00:00Z</time>
			</trkpt>
			<trkpt lat="59.992" lon="9.32886">
				<ele>361.0592346191406</ele>
				<time>2000-01-01T00:00:00Z</time>
			</trkpt>
			<trkpt lat="59.99211" lon="9.32924">
				<ele>362.0953369140625</ele>
				<time>2000-01-01T00:00:00Z</time>
			</trkpt>
			<trkpt lat="59.99216" lon="9.32947">
				<ele>362.6870422363281</ele>
				<time>2000-01-01T00:00:00Z</time>
			</trkpt>
			<trkpt lat="59.992194599800165" lon="9.329764098877899">
				<ele>363.3999938964844</ele>
				<time>2000-01-01T00:00:00Z</time>
			</trkpt>
			<trkpt lat="59.9922" lon="9.32981">
				<ele>363.5679626464844</ele>
				<time>2000-01-01T00:00:00Z</time>
			</trkpt>
			<trkpt lat="59.9922" lon="9.33012">
				<ele>364.6717834472656</ele>
				<time>2000-01-01T00:00:00Z</time>
			</trkpt>
			<trkpt lat="59.99213" lon="9.33044">
				<ele>365.91552734375</ele>
				<time>2000-01-01T00:00:00Z</time>
			</trkpt>
			<trkpt lat="59.99207" lon="9.33064">
				<ele>366.74603271484375</ele>
				<time>2000-01-01T00:00:00Z</time>
			</trkpt>
			<trkpt lat="59.99161726376189" lon="9.331696383839162">
				<ele>371.70001220703125</ele>
				<time>2000-01-01T00:00:00Z</time>
			</trkpt>
			<trkpt lat="59.99159" lon="9.33176">
				<ele>371.8761291503906</ele>
				<time>2000-01-01T00:00:00Z</time>
			</trkpt>
			<trkpt lat="59.99134" lon="9.33218">
				<ele>373.2486877441406</ele>
				<time>2000-01-01T00:00:00Z</time>
			</trkpt>
			<trkpt lat="59.99077" lon="9.33302">
				<ele>376.2252197265625</ele>
				<time>2000-01-01T00:00:00Z</time>
			</trkpt>
			<trkpt lat="59.99070350742592" lon="9.333138775548804">
				<ele>376.6000061035156</ele>
				<time>2000-01-01T00:00:00Z</time>
			</trkpt>
			<trkpt lat="59.989834628442495" lon="9.3346925604102">
				<ele>381.6000061035156</ele>
				<time>2000-01-01T00:00:00Z</time>
			</trkpt>
			<trkpt lat="59.98959" lon="9.33513">
				<ele>382.36016845703125</ele>
				<time>2000-01-01T00:00:00Z</time>
			</trkpt>
			<trkpt lat="59.98931" lon="9.33572">
				<ele>383.3023681640625</ele>
				<time>2000-01-01T00:00:00Z</time>
			</trkpt>
			<trkpt lat="59.98907" lon="9.33615">
				<ele>384.04876708984375</ele>
				<time>2000-01-01T00:00:00Z</time>
			</trkpt>
			<trkpt lat="59.98897851174672" lon="9.336266439563365">
				<ele>384.29998779296875</ele>
				<time>2000-01-01T00:00:00Z</time>
			</trkpt>
			<trkpt lat="59.98896" lon="9.33629">
				<ele>384.3338623046875</ele>
				<time>2000-01-01T00:00:00Z</time>
			</trkpt>
			<trkpt lat="59.98841" lon="9.33687">
				<ele>385.2940368652344</ele>
				<time>2000-01-01T00:00:00Z</time>
			</trkpt>
			<trkpt lat="59.98795" lon="9.33729">
				<ele>386.0749206542969</ele>
				<time>2000-01-01T00:00:00Z</time>
			</trkpt>
			<trkpt lat="59.98793511214329" lon="9.337302988359387">
				<ele>386.1000061035156</ele>
				<time>2000-01-01T00:00:00Z</time>
			</trkpt>
			<trkpt lat="59.986867215544635" lon="9.338237436252786">
				<ele>392.1000061035156</ele>
				<time>2000-01-01T00:00:00Z</time>
			</trkpt>
			<trkpt lat="59.98683" lon="9.33827">
				<ele>392.21502685546875</ele>
				<time>2000-01-01T00:00:00Z</time>
			</trkpt>
			<trkpt lat="59.98669" lon="9.33844">
				<ele>392.6787414550781</ele>
				<time>2000-01-01T00:00:00Z</time>
			</trkpt>
			<trkpt lat="59.98588847747982" lon="9.339500918779112">
				<ele>395.3999938964844</ele>
				<time>2000-01-01T00:00:00Z</time>
			</trkpt>
			<trkpt lat="59.98496" lon="9.34073">
				<ele>404.8572692871094</ele>
				<time>2000-01-01T00:00:00Z</time>
			</trkpt>
			<trkpt lat="59.98491945734041" lon="9.340795487961591">
				<ele>405.29998779296875</ele>
				<time>2000-01-01T00:00:00Z</time>
			</trkpt>
			<trkpt lat="59.9847" lon="9.34115">
				<ele>407.9140625</ele>
				<time>2000-01-01T00:00:00Z</time>
			</trkpt>
			<trkpt lat="59.98436" lon="9.3419">
				<ele>412.6051330566406</ele>
				<time>2000-01-01T00:00:00Z</time>
			</trkpt>
			<trkpt lat="59.98419" lon="9.3423">
				<ele>415.0376892089844</ele>
				<time>2000-01-01T00:00:00Z</time>
			</trkpt>
			<trkpt lat="59.98410678246496" lon="9.342457673861997">
				<ele>416.1000061035156</ele>
				<time>2000-01-01T00:00:00Z</time>
			</trkpt>
			<trkpt lat="59.984" lon="9.34266">
				<ele>416.8067932128906</ele>
				<time>2000-01-01T00:00:00Z</time>
			</trkpt>
			<trkpt lat="59.98399" lon="9.34284">
				<ele>417.2420654296875</ele>
				<time>2000-01-01T00:00:00Z</time>
			</trkpt>
			<trkpt lat="59.98391" lon="9.34317">
				<ele>418.1232604980469</ele>
				<time>2000-01-01T00:00:00Z</time>
			</trkpt>
			<trkpt lat="59.98357" lon="9.34418">
				<ele>421.04888916015625</ele>
				<time>2000-01-01T00:00:00Z</time>
			</trkpt>
			<trkpt lat="59.98346850181084" lon="9.34435957358129">
				<ele>421.70001220703125</ele>
				<time>2000-01-01T00:00:00Z</time>
			</trkpt>
			<trkpt lat="59.98344" lon="9.34441">
				<ele>421.9285583496094</ele>
				<time>2000-01-01T00:00:00Z</time>
			</trkpt>
			<trkpt lat="59.98318" lon="9.3448">
				<ele>423.88055419921875</ele>
				<time>2000-01-01T00:00:00Z</time>
			</trkpt>
			<trkpt lat="59.98312" lon="9.34492">
				<ele>424.3902282714844</ele>
				<time>2000-01-01T00:00:00Z</time>
			</trkpt>
			<trkpt lat="59.98304" lon="9.34528">
				<ele>425.5735778808594</ele>
				<time>2000-01-01T00:00:00Z</time>
			</trkpt>
			<trkpt lat="59.983" lon="9.34539">
				<ele>425.9820556640625</ele>
				<time>2000-01-01T00:00:00Z</time>
			</trkpt>
			<trkpt lat="59.98293" lon="9.34549">
				<ele>426.4986877441406</ele>
				<time>2000-01-01T00:00:00Z</time>
			</trkpt>
			<trkpt lat="59.98285" lon="9.34557">
				<ele>427.035888671875</ele>
				<time>2000-01-01T00:00:00Z</time>
			</trkpt>
			<trkpt lat="59.98265" lon="9.34565">
				<ele>428.26068115234375</ele>
				<time>2000-01-01T00:00:00Z</time>
			</trkpt>
			<trkpt lat="59.98257941748282" lon="9.345688499525613">
				<ele>428.70001220703125</ele>
				<time>2000-01-01T00:00:00Z</time>
			</trkpt>
			<trkpt lat="59.98254" lon="9.34571">
				<ele>429.0224609375</ele>
				<time>2000-01-01T00:00:00Z</time>
			</trkpt>
			<trkpt lat="59.98215" lon="9.34605">
				<ele>432.3804626464844</ele>
				<time>2000-01-01T00:00:00Z</time>
			</trkpt>
			<trkpt lat="59.98201" lon="9.34609">
				<ele>433.49652099609375</ele>
				<time>2000-01-01T00:00:00Z</time>
			</trkpt>
			<trkpt lat="59.9819" lon="9.34608">
				<ele>434.36566162109375</ele>
				<time>2000-01-01T00:00:00Z</time>
			</trkpt>
			<trkpt lat="59.98181" lon="9.3461">
				<ele>435.080322265625</ele>
				<time>2000-01-01T00:00:00Z</time>
			</trkpt>
			<trkpt lat="59.98174" lon="9.34614">
				<ele>435.6548767089844</ele>
				<time>2000-01-01T00:00:00Z</time>
			</trkpt>
			<trkpt lat="59.98147" lon="9.34636">
				<ele>437.9853210449219</ele>
				<time>2000-01-01T00:00:00Z</time>
			</trkpt>
			<trkpt lat="59.98115" lon="9.34653">
				<ele>441.96173095703125</ele>
				<time>2000-01-01T00:00:00Z</time>
			</trkpt>
			<trkpt lat="59.98084" lon="9.34654">
				<ele>445.6853332519531</ele>
				<time>2000-01-01T00:00:00Z</time>
			</trkpt>
			<trkpt lat="59.98072" lon="9.34667">
				<ele>447.32464599609375</ele>
				<time>2000-01-01T00:00:00Z</time>
			</trkpt>
			<trkpt lat="59.98064" lon="9.34688">
				<ele>448.9105224609375</ele>
				<time>2000-01-01T00:00:00Z</time>
			</trkpt>
			<trkpt lat="59.98052" lon="9.34702">
				<ele>450.5792541503906</ele>
				<time>2000-01-01T00:00:00Z</time>
			</trkpt>
			<trkpt lat="59.980411852268176" lon="9.347059843045262">
				<ele>451.8999938964844</ele>
				<time>2000-01-01T00:00:00Z</time>
			</trkpt>
			<trkpt lat="59.98014" lon="9.34716">
				<ele>454.67449951171875</ele>
				<time>2000-01-01T00:00:00Z</time>
			</trkpt>
			<trkpt lat="59.98004" lon="9.34724">
				<ele>455.7555847167969</ele>
				<time>2000-01-01T00:00:00Z</time>
			</trkpt>
			<trkpt lat="59.97993" lon="9.34737">
				<ele>457.0382385253906</ele>
				<time>2000-01-01T00:00:00Z</time>
			</trkpt>
			<trkpt lat="59.97983" lon="9.34746">
				<ele>458.1388854980469</ele>
				<time>2000-01-01T00:00:00Z</time>
			</trkpt>
			<trkpt lat="59.97956" lon="9.34758">
				<ele>460.9151306152344</ele>
				<time>2000-01-01T00:00:00Z</time>
			</trkpt>
			<trkpt lat="59.97941" lon="9.34761">
				<ele>462.4280700683594</ele>
				<time>2000-01-01T00:00:00Z</time>
			</trkpt>
			<trkpt lat="59.97929326329751" lon="9.347605510150682">
				<ele>463.6000061035156</ele>
				<time>2000-01-01T00:00:00Z</time>
			</trkpt>
			<trkpt lat="59.97915" lon="9.3476">
				<ele>464.9029541015625</ele>
				<time>2000-01-01T00:00:00Z</time>
			</trkpt>
			<trkpt lat="59.97901" lon="9.34761">
				<ele>466.1768493652344</ele>
				<time>2000-01-01T00:00:00Z</time>
			</trkpt>
			<trkpt lat="59.97885" lon="9.34766">
				<ele>467.6494140625</ele>
				<time>2000-01-01T00:00:00Z</time>
			</trkpt>
			<trkpt lat="59.97862" lon="9.34781">
				<ele>469.849365234375</ele>
				<time>2000-01-01T00:00:00Z</time>
			</trkpt>
			<trkpt lat="59.97845" lon="9.34799">
				<ele>471.59869384765625</ele>
				<time>2000-01-01T00:00:00Z</time>
			</trkpt>
			<trkpt lat="59.97835" lon="9.34805">
				<ele>472.54815673828125</ele>
				<time>2000-01-01T00:00:00Z</time>
			</trkpt>
			<trkpt lat="59.978170646918514" lon="9.348107649101612">
				<ele>474.20001220703125</ele>
				<time>2000-01-01T00:00:00Z</time>
			</trkpt>
			<trkpt lat="59.97807" lon="9.34814">
				<ele>475.8616638183594</ele>
				<time>2000-01-01T00:00:00Z</time>
			</trkpt>
			<trkpt lat="59.97793" lon="9.34818">
				<ele>478.1665954589844</ele>
				<time>2000-01-01T00:00:00Z</time>
			</trkpt>
			<trkpt lat="59.9775" lon="9.34817">
				<ele>485.1759338378906</ele>
				<time>2000-01-01T00:00:00Z</time>
			</trkpt>
			<trkpt lat="59.97736" lon="9.34821">
				<ele>487.4811706542969</ele>
				<time>2000-01-01T00:00:00Z</time>
			</trkpt>
			<trkpt lat="59.97726" lon="9.34827">
				<ele>489.1827392578125</ele>
				<time>2000-01-01T00:00:00Z</time>
			</trkpt>
			<trkpt lat="59.97723" lon="9.34829">
				<ele>489.69830322265625</ele>
				<time>2000-01-01T00:00:00Z</time>
			</trkpt>
			<trkpt lat="59.977015430701385" lon="9.348268543092308">
				<ele>493.20001220703125</ele>
				<time>2000-01-01T00:00:00Z</time>
			</trkpt>
			<trkpt lat="59.97693" lon="9.34826">
				<ele>493.67694091796875</ele>
				<time>2000-01-01T00:00:00Z</time>
			</trkpt>
			<trkpt lat="59.9768" lon="9.34826">
				<ele>494.4018249511719</ele>
				<time>2000-01-01T00:00:00Z</time>
			</trkpt>
			<trkpt lat="59.97678" lon="9.34826">
				<ele>494.5133972167969</ele>
				<time>2000-01-01T00:00:00Z</time>
			</trkpt>
			<trkpt lat="59.97656" lon="9.3485">
				<ele>495.91094970703125</ele>
				<time>2000-01-01T00:00:00Z</time>
			</trkpt>
			<trkpt lat="59.97647" lon="9.34855">
				<ele>496.4318542480469</ele>
				<time>2000-01-01T00:00:00Z</time>
			</trkpt>
			<trkpt lat="59.97628" lon="9.34856">
				<ele>497.4916687011719</ele>
				<time>2000-01-01T00:00:00Z</time>
			</trkpt>
			<trkpt lat="59.97601" lon="9.34868">
				<ele>499.033935546875</ele>
				<time>2000-01-01T00:00:00Z</time>
			</trkpt>
			<trkpt lat="59.97589770674025" lon="9.348761410515879">
				<ele>499.70001220703125</ele>
				<time>2000-01-01T00:00:00Z</time>
			</trkpt>
			<trkpt lat="59.97561" lon="9.34897">
				<ele>504.4783020019531</ele>
				<time>2000-01-01T00:00:00Z</time>
			</trkpt>
			<trkpt lat="59.9755" lon="9.34904">
				<ele>506.28070068359375</ele>
				<time>2000-01-01T00:00:00Z</time>
			</trkpt>
			<trkpt lat="59.9752" lon="9.34908">
				<ele>510.97491455078125</ele>
				<time>2000-01-01T00:00:00Z</time>
			</trkpt>
			<trkpt lat="59.97504" lon="9.34912">
				<ele>513.4924926757812</ele>
				<time>2000-01-01T00:00:00Z</time>
			</trkpt>
			<trkpt lat="59.974766144924146" lon="9.349256927343413">
				<ele>517.9000244140625</ele>
				<time>2000-01-01T00:00:00Z</time>
			</trkpt>
			<trkpt lat="59.97466" lon="9.34931">
				<ele>518.5288696289062</ele>
				<time>2000-01-01T00:00:00Z</time>
			</trkpt>
			<trkpt lat="59.97437" lon="9.34953">
				<ele>520.311767578125</ele>
				<time>2000-01-01T00:00:00Z</time>
			</trkpt>
			<trkpt lat="59.97399" lon="9.34997">
				<ele>522.8359375</ele>
				<time>2000-01-01T00:00:00Z</time>
			</trkpt>
			<trkpt lat="59.97389" lon="9.35003">
				<ele>523.4360961914062</ele>
				<time>2000-01-01T00:00:00Z</time>
			</trkpt>
			<trkpt lat="59.97378" lon="9.35005">
				<ele>524.0708618164062</ele>
				<time>2000-01-01T00:00:00Z</time>
			</trkpt>
			<trkpt lat="59.97368795392879" lon="9.350047210776943">
				<ele>524.5999755859375</ele>
				<time>2000-01-01T00:00:00Z</time>
			</trkpt>
			<trkpt lat="59.97345" lon="9.35004">
				<ele>524.8858032226562</ele>
				<time>2000-01-01T00:00:00Z</time>
			</trkpt>
			<trkpt lat="59.97337" lon="9.35005">
				<ele>524.9820556640625</ele>
				<time>2000-01-01T00:00:00Z</time>
			</trkpt>
			<trkpt lat="59.97321" lon="9.35021">
				<ele>525.1969604492188</ele>
				<time>2000-01-01T00:00:00Z</time>
			</trkpt>
			<trkpt lat="59.97313" lon="9.35037">
				<ele>525.3328857421875</ele>
				<time>2000-01-01T00:00:00Z</time>
			</trkpt>
			<trkpt lat="59.97305" lon="9.35061">
				<ele>525.5061645507812</ele>
				<time>2000-01-01T00:00:00Z</time>
			</trkpt>
			<trkpt lat="59.973" lon="9.35117">
				<ele>525.8480834960938</ele>
				<time>2000-01-01T00:00:00Z</time>
			</trkpt>
			<trkpt lat="59.972995358136956" lon="9.351422648603434">
				<ele>526.0</ele>
				<time>2000-01-01T00:00:00Z</time>
			</trkpt>
			<trkpt lat="59.97298" lon="9.35226">
				<ele>530.85595703125</ele>
				<time>2000-01-01T00:00:00Z</time>
			</trkpt>
			<trkpt lat="59.973" lon="9.3526">
				<ele>532.83984375</ele>
				<time>2000-01-01T00:00:00Z</time>
			</trkpt>
			<trkpt lat="59.97312" lon="9.35343">
				<ele>537.8466186523438</ele>
				<time>2000-01-01T00:00:00Z</time>
			</trkpt>
			<trkpt lat="59.97317552827041" lon="9.353692844348618">
				<ele>539.5</ele>
				<time>2000-01-01T00:00:00Z</time>
			</trkpt>
			<trkpt lat="59.97327" lon="9.35414">
				<ele>540.8751831054688</ele>
				<time>2000-01-01T00:00:00Z</time>
			</trkpt>
			<trkpt lat="59.97331" lon="9.3546">
				<ele>542.1979370117188</ele>
				<time>2000-01-01T00:00:00Z</time>
			</trkpt>
			<trkpt lat="59.97335" lon="9.35484">
				<ele>542.9146118164062</ele>
				<time>2000-01-01T00:00:00Z</time>
			</trkpt>
			<trkpt lat="59.97346" lon="9.35532">
				<ele>544.410400390625</ele>
				<time>2000-01-01T00:00:00Z</time>
			</trkpt>
			<trkpt lat="59.9736" lon="9.3558">
				<ele>545.9844360351562</ele>
				<time>2000-01-01T00:00:00Z</time>
			</trkpt>
			<trkpt lat="59.973612120493435" lon="9.355832802543414">
				<ele>546.0999755859375</ele>
				<time>2000-01-01T00:00:00Z</time>
			</trkpt>
			<trkpt lat="59.97377" lon="9.35626">
				<ele>551.13818359375</ele>
				<time>2000-01-01T00:00:00Z</time>
			</trkpt>
			<trkpt lat="59.97381" lon="9.35643">
				<ele>552.92041015625</ele>
				<time>2000-01-01T00:00:00Z</time>
			</trkpt>
			<trkpt lat="59.97391" lon="9.35718">
				<ele>560.2835693359375</ele>
				<time>2000-01-01T00:00:00Z</time>
			</trkpt>
			<trkpt lat="59.974" lon="9.35779">
				<ele>566.3170166015625</ele>
				<time>2000-01-01T00:00:00Z</time>
			</trkpt>
			<trkpt lat="59.97402316368411" lon="9.357983031263688">
				<ele>568.2000122070312</ele>
				<time>2000-01-01T00:00:00Z</time>
			</trkpt>
			<trkpt lat="59.97403" lon="9.35804">
				<ele>568.2704467773438</ele>
				<time>2000-01-01T00:00:00Z</time>
			</trkpt>
			<trkpt lat="59.97404" lon="9.35832">
				<ele>568.6078491210938</ele>
				<time>2000-01-01T00:00:00Z</time>
			</trkpt>
			<trkpt lat="59.97403" lon="9.35871">
				<ele>569.0772094726562</ele>
				<time>2000-01-01T00:00:00Z</time>
			</trkpt>
			<trkpt lat="59.97376" lon="9.35988">
				<ele>570.6257934570312</ele>
				<time>2000-01-01T00:00:00Z</time>
			</trkpt>
			<trkpt lat="59.97373463334181" lon="9.36018714975402">
				<ele>571.0</ele>
				<time>2000-01-01T00:00:00Z</time>
			</trkpt>
			<trkpt lat="59.97367" lon="9.36097">
				<ele>575.427734375</ele>
				<time>2000-01-01T00:00:00Z</time>
			</trkpt>
			<trkpt lat="59.97366" lon="9.36153">
				<ele>578.5546875</ele>
				<time>2000-01-01T00:00:00Z</time>
			</trkpt>
			<trkpt lat="59.97368" lon="9.36193">
				<ele>580.798095703125</ele>
				<time>2000-01-01T00:00:00Z</time>
			</trkpt>
			<trkpt lat="59.97372531780752" lon="9.362496582043821">
				<ele>584.0</ele>
				<time>2000-01-01T00:00:00Z</time>
			</trkpt>
			<trkpt lat="59.9738" lon="9.36343">
				<ele>585.98828125</ele>
				<time>2000-01-01T00:00:00Z</time>
			</trkpt>
			<trkpt lat="59.97383" lon="9.36363">
				<ele>586.427490234375</ele>
				<time>2000-01-01T00:00:00Z</time>
			</trkpt>
			<trkpt lat="59.974115122622514" lon="9.364658172658828">
				<ele>588.9000244140625</ele>
				<time>2000-01-01T00:00:00Z</time>
			</trkpt>
			<trkpt lat="59.97416" lon="9.36482">
				<ele>589.5989379882812</ele>
				<time>2000-01-01T00:00:00Z</time>
			</trkpt>
			<trkpt lat="59.97424" lon="9.365">
				<ele>590.50830078125</ele>
				<time>2000-01-01T00:00:00Z</time>
			</trkpt>
			<trkpt lat="59.97456" lon="9.36562">
				<ele>593.8729858398438</ele>
				<time>2000-01-01T00:00:00Z</time>
			</trkpt>
			<trkpt lat="59.97475" lon="9.36581">
				<ele>595.4768676757812</ele>
				<time>2000-01-01T00:00:00Z</time>
			</trkpt>
			<trkpt lat="59.97491" lon="9.36603">
				<ele>596.9429931640625</ele>
				<time>2000-01-01T00:00:00Z</time>
			</trkpt>
			<trkpt lat="59.97499" lon="9.36615">
				<ele>597.6980590820312</ele>
				<time>2000-01-01T00:00:00Z</time>
			</trkpt>
			<trkpt lat="59.97511" lon="9.36642">
				<ele>599.3872680664062</ele>
				<time>2000-01-01T00:00:00Z</time>
			</trkpt>
			<trkpt lat="59.97519" lon="9.36676">
				<ele>601.1451416015625</ele>
				<time>2000-01-01T00:00:00Z</time>
			</trkpt>
			<trkpt lat="59.97521" lon="9.36714">
				<ele>602.9329223632812</ele>
				<time>2000-01-01T00:00:00Z</time>
			</trkpt>
			<trkpt lat="59.97516" lon="9.36777">
				<ele>605.9174194335938</ele>
				<time>2000-01-01T00:00:00Z</time>
			</trkpt>
			<trkpt lat="59.97516" lon="9.36825">
				<ele>608.1632080078125</ele>
				<time>2000-01-01T00:00:00Z</time>
			</trkpt>
			<trkpt lat="59.97516442327685" lon="9.36834293899119">
				<ele>608.5999755859375</ele>
				<time>2000-01-01T00:00:00Z</time>
			</trkpt>
			<trkpt lat="59.97519" lon="9.36888">
				<ele>609.6884155273438</ele>
				<time>2000-01-01T00:00:00Z</time>
			</trkpt>
			<trkpt lat="59.97525" lon="9.36945">
				<ele>610.863525390625</ele>
				<time>2000-01-01T00:00:00Z</time>
			</trkpt>
			<trkpt lat="59.97526" lon="9.36961">
				<ele>611.1887817382812</ele>
				<time>2000-01-01T00:00:00Z</time>
			</trkpt>
			<trkpt lat="59.97521" lon="9.37027">
				<ele>612.5354614257812</ele>
				<time>2000-01-01T00:00:00Z</time>
			</trkpt>
			<trkpt lat="59.97520176987356" lon="9.370648578145184">
				<ele>613.2999877929688</ele>
				<time>2000-01-01T00:00:00Z</time>
			</trkpt>
			<trkpt lat="59.9752" lon="9.37073">
				<ele>613.4993896484375</ele>
				<time>2000-01-01T00:00:00Z</time>
			</trkpt>
			<trkpt lat="59.97525" lon="9.37107">
				<ele>614.366455078125</ele>
				<time>2000-01-01T00:00:00Z</time>
			</trkpt>
			<trkpt lat="59.9753" lon="9.37127">
				<ele>614.9134521484375</ele>
				<time>2000-01-01T00:00:00Z</time>
			</trkpt>
			<trkpt lat="59.9754" lon="9.37153">
				<ele>615.7158203125</ele>
				<time>2000-01-01T00:00:00Z</time>
			</trkpt>
			<trkpt lat="59.97559" lon="9.37179">
				<ele>616.8417358398438</ele>
				<time>2000-01-01T00:00:00Z</time>
			</trkpt>
			<trkpt lat="59.97585" lon="9.37208">
				<ele>618.2977294921875</ele>
				<time>2000-01-01T00:00:00Z</time>
			</trkpt>
			<trkpt lat="59.97593" lon="9.3722">
				<ele>618.7868041992188</ele>
				<time>2000-01-01T00:00:00Z</time>
			</trkpt>
			<trkpt lat="59.97596100352198" lon="9.372261248341227">
				<ele>619.0</ele>
				<time>2000-01-01T00:00:00Z</time>
			</trkpt>
			<trkpt lat="59.97633" lon="9.37299">
				<ele>621.0026245117188</ele>
				<time>2000-01-01T00:00:00Z</time>
			</trkpt>
			<trkpt lat="59.97643" lon="9.37328">
				<ele>621.6829223632812</ele>
				<time>2000-01-01T00:00:00Z</time>
			</trkpt>
			<trkpt lat="59.97646" lon="9.37365">
				<ele>622.4069213867188</ele>
				<time>2000-01-01T00:00:00Z</time>
			</trkpt>
			<trkpt lat="59.97654" lon="9.37398">
				<ele>623.115234375</ele>
				<time>2000-01-01T00:00:00Z</time>
			</trkpt>
			<trkpt lat="59.97660165714487" lon="9.374136515487157">
				<ele>623.5</ele>
				<time>2000-01-01T00:00:00Z</time>
			</trkpt>
			<trkpt lat="59.97667" lon="9.37431">
				<ele>623.765380859375</ele>
				<time>2000-01-01T00:00:00Z</time>
			</trkpt>
			<trkpt lat="59.97696" lon="9.37498">
				<ele>624.830078125</ele>
				<time>2000-01-01T00:00:00Z</time>
			</trkpt>
			<trkpt lat="59.97705" lon="9.37511">
				<ele>625.0968017578125</ele>
				<time>2000-01-01T00:00:00Z</time>
			</trkpt>
			<trkpt lat="59.97714" lon="9.37516">
				<ele>625.3211669921875</ele>
				<time>2000-01-01T00:00:00Z</time>
			</trkpt>
			<trkpt lat="59.97723" lon="9.37519">
				<ele>625.5403442382812</ele>
				<time>2000-01-01T00:00:00Z</time>
			</trkpt>
			<trkpt lat="59.97738" lon="9.37518">
				<ele>625.9008178710938</ele>
				<time>2000-01-01T00:00:00Z</time>
			</trkpt>
			<trkpt lat="59.97745" lon="9.37515">
				<ele>626.0728149414062</ele>
				<time>2000-01-01T00:00:00Z</time>
			</trkpt>
			<trkpt lat="59.977544587925934" lon="9.37515">
				<ele>626.2999877929688</ele>
				<time>2000-01-01T00:00:00Z</time>
			</trkpt>
			<trkpt lat="59.9776" lon="9.37515">
				<ele>626.4188232421875</ele>
				<time>2000-01-01T00:00:00Z</time>
			</trkpt>
			<trkpt lat="59.97779" lon="9.37518">
				<ele>626.8275756835938</ele>
				<time>2000-01-01T00:00:00Z</time>
			</trkpt>
			<trkpt lat="59.97786" lon="9.37521">
				<ele>626.9811401367188</ele>
				<time>2000-01-01T00:00:00Z</time>
			</trkpt>
			<trkpt lat="59.97815" lon="9.37544">
				<ele>627.6502075195312</ele>
				<time>2000-01-01T00:00:00Z</time>
			</trkpt>
			<trkpt lat="59.97844" lon="9.37585">
				<ele>628.4120483398438</ele>
				<time>2000-01-01T00:00:00Z</time>
			</trkpt>
			<trkpt lat="59.97859984859698" lon="9.37601925146713">
				<ele>628.7999877929688</ele>
				<time>2000-01-01T00:00:00Z</time>
			</trkpt>
			<trkpt lat="59.97861" lon="9.37603">
				<ele>628.8600463867188</ele>
				<time>2000-01-01T00:00:00Z</time>
			</trkpt>
			<trkpt lat="59.97875" lon="9.37611">
				<ele>629.6220703125</ele>
				<time>2000-01-01T00:00:00Z</time>
			</trkpt>
			<trkpt lat="59.97895" lon="9.37618">
				<ele>630.6845703125</ele>
				<time>2000-01-01T00:00:00Z</time>
			</trkpt>
			<trkpt lat="59.97908" lon="9.37626">
				<ele>631.3963623046875</ele>
				<time>2000-01-01T00:00:00Z</time>
			</trkpt>
			<trkpt lat="59.9793" lon="9.37646">
				<ele>632.6611328125</ele>
				<time>2000-01-01T00:00:00Z</time>
			</trkpt>
			<trkpt lat="59.97934" lon="9.37653">
				<ele>632.9392700195312</ele>
				<time>2000-01-01T00:00:00Z</time>
			</trkpt>
			<trkpt lat="59.97941" lon="9.37674">
				<ele>633.5999145507812</ele>
				<time>2000-01-01T00:00:00Z</time>
			</trkpt>
			<trkpt lat="59.97944" lon="9.37702">
				<ele>634.3496704101562</ele>
				<time>2000-01-01T00:00:00Z</time>
			</trkpt>
			<trkpt lat="59.97944235745327" lon="9.377230172557857">
				<ele>634.9000244140625</ele>
				<time>2000-01-01T00:00:00Z</time>
			</trkpt>
			<trkpt lat="59.97945" lon="9.37791">
				<ele>638.5189819335938</ele>
				<time>2000-01-01T00:00:00Z</time>
			</trkpt>
			<trkpt lat="59.97947" lon="9.37809">
				<ele>639.5003051757812</ele>
				<time>2000-01-01T00:00:00Z</time>
			</trkpt>
			<trkpt lat="59.97955" lon="9.37833">
				<ele>641.0350341796875</ele>
				<time>2000-01-01T00:00:00Z</time>
			</trkpt>
			<trkpt lat="59.97979" lon="9.3788">
				<ele>644.609130859375</ele>
				<time>2000-01-01T00:00:00Z</time>
			</trkpt>
			<trkpt lat="59.97984" lon="9.37899">
				<ele>645.7515869140625</ele>
				<time>2000-01-01T00:00:00Z</time>
			</trkpt>
			<trkpt lat="59.97986528099746" lon="9.379276518880403">
				<ele>647.2999877929688</ele>
				<time>2000-01-01T00:00:00Z</time>
			</trkpt>
			<trkpt lat="59.97987" lon="9.37933">
				<ele>647.5982666015625</ele>
				<time>2000-01-01T00:00:00Z</time>
			</trkpt>
			<trkpt lat="59.97991" lon="9.37949">
				<ele>648.5809326171875</ele>
				<time>2000-01-01T00:00:00Z</time>
			</trkpt>
			<trkpt lat="59.97997" lon="9.37965">
				<ele>649.6793823242188</ele>
				<time>2000-01-01T00:00:00Z</time>
			</trkpt>
			<trkpt lat="59.98003" lon="9.37974">
				<ele>650.503173828125</ele>
				<time>2000-01-01T00:00:00Z</time>
			</trkpt>
			<trkpt lat="59.98023" lon="9.37996">
				<ele>653.0098266601562</ele>
				<time>2000-01-01T00:00:00Z</time>
			</trkpt>
			<trkpt lat="59.98034" lon="9.38011">
				<ele>654.4719848632812</ele>
				<time>2000-01-01T00:00:00Z</time>
			</trkpt>
			<trkpt lat="59.98042" lon="9.38025">
				<ele>655.6394653320312</ele>
				<time>2000-01-01T00:00:00Z</time>
			</trkpt>
			<trkpt lat="59.98065448434133" lon="9.380913026591733">
				<ele>660.0999755859375</ele>
				<time>2000-01-01T00:00:00Z</time>
			</trkpt>
			<trkpt lat="59.98071" lon="9.38107">
				<ele>660.438232421875</ele>
				<time>2000-01-01T00:00:00Z</time>
			</trkpt>
			<trkpt lat="59.9809" lon="9.38181">
				<ele>661.90185546875</ele>
				<time>2000-01-01T00:00:00Z</time>
			</trkpt>
			<trkpt lat="59.98095" lon="9.38194">
				<ele>662.1903686523438</ele>
				<time>2000-01-01T00:00:00Z</time>
			</trkpt>
			<trkpt lat="59.98116" lon="9.38237">
				<ele>663.2477416992188</ele>
				<time>2000-01-01T00:00:00Z</time>
			</trkpt>
			<trkpt lat="59.98137438555609" lon="9.38270051119043">
				<ele>664.2000122070312</ele>
				<time>2000-01-01T00:00:00Z</time>
			</trkpt>
			<trkpt lat="59.9814" lon="9.38274">
				<ele>664.2721557617188</ele>
				<time>2000-01-01T00:00:00Z</time>
			</trkpt>
			<trkpt lat="59.98183" lon="9.38332">
				<ele>665.42919921875</ele>
				<time>2000-01-01T00:00:00Z</time>
			</trkpt>
			<trkpt lat="59.98213" lon="9.38379">
				<ele>666.279296875</ele>
				<time>2000-01-01T00:00:00Z</time>
			</trkpt>
			<trkpt lat="59.98232" lon="9.38404">
				<ele>666.7866821289062</ele>
				<time>2000-01-01T00:00:00Z</time>
			</trkpt>
			<trkpt lat="59.98239" lon="9.38411">
				<ele>666.6635131835938</ele>
				<time>2000-01-01T00:00:00Z</time>
			</trkpt>
			<trkpt lat="59.98247" lon="9.38415">
				<ele>666.5078735351562</ele>
				<time>2000-01-01T00:00:00Z</time>
			</trkpt>
			<trkpt lat="59.98276" lon="9.38418">
				<ele>665.9598388671875</ele>
				<time>2000-01-01T00:00:00Z</time>
			</trkpt>
			<trkpt lat="59.98311" lon="9.38434">
				<ele>665.2822265625</ele>
				<time>2000-01-01T00:00:00Z</time>
			</trkpt>
			<trkpt lat="59.9832" lon="9.38436">
				<ele>665.111328125</ele>
				<time>2000-01-01T00:00:00Z</time>
			</trkpt>
			<trkpt lat="59.98338" lon="9.38436">
				<ele>664.7716064453125</ele>
				<time>2000-01-01T00:00:00Z</time>
			</trkpt>
			<trkpt lat="59.98347055996744" lon="9.384343019978395">
				<ele>664.5999755859375</ele>
				<time>2000-01-01T00:00:00Z</time>
			</trkpt>
			<trkpt lat="59.98354" lon="9.38433">
				<ele>663.94189453125</ele>
				<time>2000-01-01T00:00:00Z</time>
			</trkpt>
			<trkpt lat="59.98373" lon="9.38435">
				<ele>662.1463623046875</ele>
				<time>2000-01-01T00:00:00Z</time>
			</trkpt>
			<trkpt lat="59.98387" lon="9.3845">
				<ele>660.6475830078125</ele>
				<time>2000-01-01T00:00:00Z</time>
			</trkpt>
			<trkpt lat="59.98396" lon="9.38466">
				<ele>659.510986328125</ele>
				<time>2000-01-01T00:00:00Z</time>
			</trkpt>
			<trkpt lat="59.98403" lon="9.38488">
				<ele>658.2803344726562</ele>
				<time>2000-01-01T00:00:00Z</time>
			</trkpt>
			<trkpt lat="59.98417648418226" lon="9.385827264932635">
				<ele>653.5999755859375</ele>
				<time>2000-01-01T00:00:00Z</time>
			</trkpt>
			<trkpt lat="59.98418" lon="9.38585">
				<ele>653.484619140625</ele>
				<time>2000-01-01T00:00:00Z</time>
			</trkpt>
			<trkpt lat="59.98424" lon="9.38608">
				<ele>652.2266235351562</ele>
				<time>2000-01-01T00:00:00Z</time>
			</trkpt>
			<trkpt lat="59.9843" lon="9.38625">
				<ele>651.2178955078125</ele>
				<time>2000-01-01T00:00:00Z</time>
			</trkpt>
			<trkpt lat="59.98438" lon="9.38638">
				<ele>650.218505859375</ele>
				<time>2000-01-01T00:00:00Z</time>
			</trkpt>
			<trkpt lat="59.98507499274308" lon="9.3872381088799">
				<ele>642.2999877929688</ele>
				<time>2000-01-01T00:00:00Z</time>
			</trkpt>
			<trkpt lat="59.98536" lon="9.38759">
				<ele>640.8056640625</ele>
				<time>2000-01-01T00:00:00Z</time>
			</trkpt>
			<trkpt lat="59.98565" lon="9.38805">
				<ele>639.154296875</ele>
				<time>2000-01-01T00:00:00Z</time>
			</trkpt>
			<trkpt lat="59.98602399811193" lon="9.388587200063567">
				<ele>637.0999755859375</ele>
				<time>2000-01-01T00:00:00Z</time>
			</trkpt>
			<trkpt lat="59.9862" lon="9.38884">
				<ele>635.7428588867188</ele>
				<time>2000-01-01T00:00:00Z</time>
			</trkpt>
			<trkpt lat="59.98644" lon="9.38927">
				<ele>633.724609375</ele>
				<time>2000-01-01T00:00:00Z</time>
			</trkpt>
			<trkpt lat="59.98681" lon="9.38982">
				<ele>630.8372802734375</ele>
				<time>2000-01-01T00:00:00Z</time>
			</trkpt>
			<trkpt lat="59.986950189184356" lon="9.389996368747667">
				<ele>629.7999877929688</ele>
				<time>2000-01-01T00:00:00Z</time>
			</trkpt>
			<trkpt lat="59.98712" lon="9.39021">
				<ele>627.4593505859375</ele>
				<time>2000-01-01T00:00:00Z</time>
			</trkpt>
			<trkpt lat="59.98777" lon="9.39091">
				<ele>618.845703125</ele>
				<time>2000-01-01T00:00:00Z</time>
			</trkpt>
			<trkpt lat="59.98783" lon="9.39095">
				<ele>618.1077880859375</ele>
				<time>2000-01-01T00:00:00Z</time>
			</trkpt>
			<trkpt lat="59.98799280377982" lon="9.39098052585058">
				<ele>616.2000122070312</ele>
				<time>2000-01-01T00:00:00Z</time>
			</trkpt>
			<trkpt lat="59.98815" lon="9.39101">
				<ele>614.5205688476562</ele>
				<time>2000-01-01T00:00:00Z</time>
			</trkpt>
			<trkpt lat="59.9886" lon="9.39103">
				<ele>609.7325439453125</ele>
				<time>2000-01-01T00:00:00Z</time>
			</trkpt>
			<trkpt lat="59.98881" lon="9.391">
				<ele>607.4931030273438</ele>
				<time>2000-01-01T00:00:00Z</time>
			</trkpt>
			<trkpt lat="59.98915716526036" lon="9.390995605428023">
				<ele>603.7999877929688</ele>
				<time>2000-01-01T00:00:00Z</time>
			</trkpt>
			<trkpt lat="59.9896" lon="9.39099">
				<ele>599.925048828125</ele>
				<time>2000-01-01T00:00:00Z</time>
			</trkpt>
			<trkpt lat="59.98968" lon="9.39102">
				<ele>599.2128295898438</ele>
				<time>2000-01-01T00:00:00Z</time>
			</trkpt>
			<trkpt lat="59.98989" lon="9.39116">
				<ele>597.2758178710938</ele>
				<time>2000-01-01T00:00:00Z</time>
			</trkpt>
			<trkpt lat="59.99021" lon="9.39151">
				<ele>594.0841064453125</ele>
				<time>2000-01-01T00:00:00Z</time>
			</trkpt>
			<trkpt lat="59.990256995941174" lon="9.391568393160977">
				<ele>593.5999755859375</ele>
				<time>2000-01-01T00:00:00Z</time>
			</trkpt>
			<trkpt lat="59.99054" lon="9.39192">
				<ele>591.3704833984375</ele>
				<time>2000-01-01T00:00:00Z</time>
			</trkpt>
			<trkpt lat="59.99115" lon="9.3925">
				<ele>586.8509521484375</ele>
				<time>2000-01-01T00:00:00Z</time>
			</trkpt>
			<trkpt lat="59.991289081369246" lon="9.392645868956746">
				<ele>585.7999877929688</ele>
				<time>2000-01-01T00:00:00Z</time>
			</trkpt>
			<trkpt lat="59.99156" lon="9.39293">
				<ele>581.942138671875</ele>
				<time>2000-01-01T00:00:00Z</time>
			</trkpt>
			<trkpt lat="59.99179" lon="9.39312">
				<ele>578.8040771484375</ele>
				<time>2000-01-01T00:00:00Z</time>
			</trkpt>
			<trkpt lat="59.99203" lon="9.39327">
				<ele>575.6331787109375</ele>
				<time>2000-01-01T00:00:00Z</time>
			</trkpt>
			<trkpt lat="59.99235764762395" lon="9.393565682299691">
				<ele>571.0999755859375</ele>
				<time>2000-01-01T00:00:00Z</time>
			</trkpt>
			<trkpt lat="59.99244" lon="9.39364">
				<ele>570.7899780273438</ele>
				<time>2000-01-01T00:00:00Z</time>
			</trkpt>
			<trkpt lat="59.99263" lon="9.39387">
				<ele>570.02783203125</ele>
				<time>2000-01-01T00:00:00Z</time>
			</trkpt>
			<trkpt lat="59.99297" lon="9.39438">
				<ele>568.5693359375</ele>
				<time>2000-01-01T00:00:00Z</time>
			</trkpt>
			<trkpt lat="59.99312" lon="9.3947">
				<ele>567.8167114257812</ele>
				<time>2000-01-01T00:00:00Z</time>
			</trkpt>
			<trkpt lat="59.993255916532" lon="9.395017138699627">
				<ele>567.0999755859375</ele>
				<time>2000-01-01T00:00:00Z</time>
			</trkpt>
			<trkpt lat="59.99327" lon="9.39505">
				<ele>566.9310302734375</ele>
				<time>2000-01-01T00:00:00Z</time>
			</trkpt>
			<trkpt lat="59.99349" lon="9.39596">
				<ele>562.9850463867188</ele>
				<time>2000-01-01T00:00:00Z</time>
			</trkpt>
			<trkpt lat="59.99356" lon="9.39634">
				<ele>561.4041137695312</ele>
				<time>2000-01-01T00:00:00Z</time>
			</trkpt>
			<trkpt lat="59.99364" lon="9.39649">
				<ele>560.5479125976562</ele>
				<time>2000-01-01T00:00:00Z</time>
			</trkpt>
			<trkpt lat="59.99374" lon="9.39652">
				<ele>559.7586059570312</ele>
				<time>2000-01-01T00:00:00Z</time>
			</trkpt>
			<trkpt lat="59.99381" lon="9.39652">
				<ele>559.212158203125</ele>
				<time>2000-01-01T00:00:00Z</time>
			</trkpt>
			<trkpt lat="59.99395684031724" lon="9.396419047275499">
				<ele>558.0</ele>
				<time>2000-01-01T00:00:00Z</time>
			</trkpt>
			<trkpt lat="59.99397" lon="9.39641">
				<ele>557.8865966796875</ele>
				<time>2000-01-01T00:00:00Z</time>
			</trkpt>
			<trkpt lat="59.99474" lon="9.39594">
				<ele>551.3255615234375</ele>
				<time>2000-01-01T00:00:00Z</time>
			</trkpt>
			<trkpt lat="59.99486" lon="9.39588">
				<ele>550.3175048828125</ele>
				<time>2000-01-01T00:00:00Z</time>
			</trkpt>
			<trkpt lat="59.99498" lon="9.39585">
				<ele>549.3319702148438</ele>
				<time>2000-01-01T00:00:00Z</time>
			</trkpt>
			<trkpt lat="59.99508199823676" lon="9.395858499901145">
				<ele>548.5</ele>
				<time>2000-01-01T00:00:00Z</time>
			</trkpt>
			<trkpt lat="59.99522" lon="9.39587">
				<ele>547.8720092773438</ele>
				<time>2000-01-01T00:00:00Z</time>
			</trkpt>
			<trkpt lat="59.99551" lon="9.39595">
				<ele>546.541015625</ele>
				<time>2000-01-01T00:00:00Z</time>
			</trkpt>
			<trkpt lat="59.9958" lon="9.39598">
				<ele>545.2207641601562</ele>
				<time>2000-01-01T00:00:00Z</time>
			</trkpt>
			<trkpt lat="59.99593" lon="9.39601">
				<ele>544.625732421875</ele>
				<time>2000-01-01T00:00:00Z</time>
			</trkpt>
			<trkpt lat="59.99619" lon="9.39612">
				<ele>543.4175415039062</ele>
				<time>2000-01-01T00:00:00Z</time>
			</trkpt>
			<trkpt lat="59.99623594439746" lon="9.396146601515692">
				<ele>543.2000122070312</ele>
				<time>2000-01-01T00:00:00Z</time>
			</trkpt>
			<trkpt lat="59.99657" lon="9.39634">
				<ele>542.4541625976562</ele>
				<time>2000-01-01T00:00:00Z</time>
			</trkpt>
			<trkpt lat="59.99709" lon="9.3967">
				<ele>541.2739868164062</ele>
				<time>2000-01-01T00:00:00Z</time>
			</trkpt>
			<trkpt lat="59.997351155522416" lon="9.39681707119201">
				<ele>540.7000122070312</ele>
				<time>2000-01-01T00:00:00Z</time>
			</trkpt>
			<trkpt lat="59.99767" lon="9.39696">
				<ele>541.7651977539062</ele>
				<time>2000-01-01T00:00:00Z</time>
			</trkpt>
			<trkpt lat="59.99799" lon="9.39716">
				<ele>542.8580932617188</ele>
				<time>2000-01-01T00:00:00Z</time>
			</trkpt>
			<trkpt lat="59.99841" lon="9.39751">
				<ele>544.34130859375</ele>
				<time>2000-01-01T00:00:00Z</time>
			</trkpt>
			<trkpt lat="59.998450949063844" lon="9.397562650421657">
				<ele>544.5</ele>
				<time>2000-01-01T00:00:00Z</time>
			</trkpt>
			<trkpt lat="59.99862" lon="9.39778">
				<ele>544.810302734375</ele>
				<time>2000-01-01T00:00:00Z</time>
			</trkpt>
			<trkpt lat="59.9989" lon="9.39818">
				<ele>545.3416137695312</ele>
				<time>2000-01-01T00:00:00Z</time>
			</trkpt>
			<trkpt lat="59.99938352207183" lon="9.398958171488657">
				<ele>546.2999877929688</ele>
				<time>2000-01-01T00:00:00Z</time>
			</trkpt>
			<trkpt lat="59.99954" lon="9.39921">
				<ele>546.4205932617188</ele>
				<time>2000-01-01T00:00:00Z</time>
			</trkpt>
			<trkpt lat="59.9997" lon="9.39944">
				<ele>546.5389404296875</ele>
				<time>2000-01-01T00:00:00Z</time>
			</trkpt>
			<trkpt lat="60.0" lon="9.40007">
				<ele>546.8001708984375</ele>
				<time>2000-01-01T00:00:00Z</time>
			</trkpt>
			<trkpt lat="60.00011" lon="9.40034">
				<ele>546.9047241210938</ele>
				<time>2000-01-01T00:00:00Z</time>
			</trkpt>
			<trkpt lat="60.00016053004408" lon="9.400640825598492">
				<ele>547.0</ele>
				<time>2000-01-01T00:00:00Z</time>
			</trkpt>
			<trkpt lat="60.00032" lon="9.40159">
				<ele>545.7974243164062</ele>
				<time>2000-01-01T00:00:00Z</time>
			</trkpt>
			<trkpt lat="60.00042" lon="9.40195">
				<ele>545.3028564453125</ele>
				<time>2000-01-01T00:00:00Z</time>
			</trkpt>
			<trkpt lat="60.00058" lon="9.40227">
				<ele>544.7593383789062</ele>
				<time>2000-01-01T00:00:00Z</time>
			</trkpt>
			<trkpt lat="60.00077" lon="9.40248">
				<ele>544.2379150390625</ele>
				<time>2000-01-01T00:00:00Z</time>
			</trkpt>
			<trkpt lat="60.000784113554715" lon="9.402494114733122">
				<ele>544.2000122070312</ele>
				<time>2000-01-01T00:00:00Z</time>
			</trkpt>
			<trkpt lat="60.00096" lon="9.40267">
				<ele>542.8673095703125</ele>
				<time>2000-01-01T00:00:00Z</time>
			</trkpt>
			<trkpt lat="60.00132" lon="9.40314">
				<ele>539.953857421875</ele>
				<time>2000-01-01T00:00:00Z</time>
			</trkpt>
			<trkpt lat="60.00174" lon="9.40348">
				<ele>536.8831787109375</ele>
				<time>2000-01-01T00:00:00Z</time>
			</trkpt>
			<trkpt lat="60.00182505268617" lon="9.403506170076941">
				<ele>536.2999877929688</ele>
				<time>2000-01-01T00:00:00Z</time>
			</trkpt>
			<trkpt lat="60.00187" lon="9.40352">
				<ele>536.0230102539062</ele>
				<time>2000-01-01T00:00:00Z</time>
			</trkpt>
			<trkpt lat="60.00197" lon="9.40348">
				<ele>535.40185546875</ele>
				<time>2000-01-01T00:00:00Z</time>
			</trkpt>
			<trkpt lat="60.00217" lon="9.4033">
				<ele>534.0660400390625</ele>
				<time>2000-01-01T00:00:00Z</time>
			</trkpt>
			<trkpt lat="60.00267" lon="9.40274">
				<ele>530.5758056640625</ele>
				<time>2000-01-01T00:00:00Z</time>
			</trkpt>
			<trkpt lat="60.00289396989973" lon="9.40268134090426">
				<ele>529.2000122070312</ele>
				<time>2000-01-01T00:00:00Z</time>
			</trkpt>
			<trkpt lat="60.00309" lon="9.40263">
				<ele>527.0798950195312</ele>
				<time>2000-01-01T00:00:00Z</time>
			</trkpt>
			<trkpt lat="60.0033" lon="9.40248">
				<ele>524.6888427734375</ele>
				<time>2000-01-01T00:00:00Z</time>
			</trkpt>
			<trkpt lat="60.00367" lon="9.40204">
				<ele>520.0729370117188</ele>
				<time>2000-01-01T00:00:00Z</time>
			</trkpt>
			<trkpt lat="60.00386" lon="9.40182">
				<ele>517.7186889648438</ele>
				<time>2000-01-01T00:00:00Z</time>
			</trkpt>
			<trkpt lat="60.00394663750917" lon="9.40174202579421">
				<ele>516.7000122070312</ele>
				<time>2000-01-01T00:00:00Z</time>
			</trkpt>
			<trkpt lat="60.00406" lon="9.40164">
				<ele>516.0922241210938</ele>
				<time>2000-01-01T00:00:00Z</time>
			</trkpt>
			<trkpt lat="60.00425" lon="9.40141">
				<ele>515.0062255859375</ele>
				<time>2000-01-01T00:00:00Z</time>
			</trkpt>
			<trkpt lat="60.00449" lon="9.40089">
				<ele>513.2762451171875</ele>
				<time>2000-01-01T00:00:00Z</time>
			</trkpt>
			<trkpt lat="60.00466" lon="9.40062">
				<ele>512.2147827148438</ele>
				<time>2000-01-01T00:00:00Z</time>
			</trkpt>
			<trkpt lat="60.00485" lon="9.4004">
				<ele>511.1412353515625</ele>
				<time>2000-01-01T00:00:00Z</time>
			</trkpt>
			<trkpt lat="60.004876802432726" lon="9.400378423137887">
				<ele>511.0</ele>
				<time>2000-01-01T00:00:00Z</time>
			</trkpt>
			<trkpt lat="60.00526" lon="9.40007">
				<ele>507.9881591796875</ele>
				<time>2000-01-01T00:00:00Z</time>
			</trkpt>
			<trkpt lat="60.00545" lon="9.39989">
				<ele>506.4552001953125</ele>
				<time>2000-01-01T00:00:00Z</time>
			</trkpt>
			<trkpt lat="60.00565" lon="9.39968">
				<ele>504.80810546875</ele>
				<time>2000-01-01T00:00:00Z</time>
			</trkpt>
			<trkpt lat="60.00583" lon="9.39944">
				<ele>503.230712890625</ele>
				<time>2000-01-01T00:00:00Z</time>
			</trkpt>
			<trkpt lat="60.005922366646104" lon="9.399362217255108">
				<ele>502.5</ele>
				<time>2000-01-01T00:00:00Z</time>
			</trkpt>
			<trkpt lat="60.00602" lon="9.39928">
				<ele>501.6458435058594</ele>
				<time>2000-01-01T00:00:00Z</time>
			</trkpt>
			<trkpt lat="60.00624" lon="9.39918">
				<ele>499.82647705078125</ele>
				<time>2000-01-01T00:00:00Z</time>
			</trkpt>
			<trkpt lat="60.00645" lon="9.39937">
				<ele>497.968017578125</ele>
				<time>2000-01-01T00:00:00Z</time>
			</trkpt>
			<trkpt lat="60.00665" lon="9.39947">
				<ele>496.3056640625</ele>
				<time>2000-01-01T00:00:00Z</time>
			</trkpt>
			<trkpt lat="60.00682" lon="9.39975">
				<ele>494.52984619140625</ele>
				<time>2000-01-01T00:00:00Z</time>
			</trkpt>
			<trkpt lat="60.00696" lon="9.39994">
				<ele>493.16571044921875</ele>
				<time>2000-01-01T00:00:00Z</time>
			</trkpt>
			<trkpt lat="60.00714" lon="9.40001">
				<ele>492.6490478515625</ele>
				<time>2000-01-01T00:00:00Z</time>
			</trkpt>
			<trkpt lat="60.00736" lon="9.39997">
				<ele>492.0805358886719</ele>
				<time>2000-01-01T00:00:00Z</time>
			</trkpt>
			<trkpt lat="60.00758" lon="9.40001">
				<ele>491.5119934082031</ele>
				<time>2000-01-01T00:00:00Z</time>
			</trkpt>
			<trkpt lat="60.00774" lon="9.40011">
				<ele>491.08062744140625</ele>
				<time>2000-01-01T00:00:00Z</time>
			</trkpt>
			<trkpt lat="60.00793" lon="9.40033">
				<ele>490.5156555175781</ele>
				<time>2000-01-01T00:00:00Z</time>
			</trkpt>
			<trkpt lat="60.00805188551335" lon="9.400541976147027">
				<ele>490.1000061035156</ele>
				<time>2000-01-01T00:00:00Z</time>
			</trkpt>
			<trkpt lat="60.00816" lon="9.40073">
				<ele>490.2474670410156</ele>
				<time>2000-01-01T00:00:00Z</time>
			</trkpt>
			<trkpt lat="60.00819" lon="9.40075">
				<ele>490.280029296875</ele>
				<time>2000-01-01T00:00:00Z</time>
			</trkpt>
			<trkpt lat="60.0082" lon="9.40088">
				<ele>490.34771728515625</ele>
				<time>2000-01-01T00:00:00Z</time>
			</trkpt>
			<trkpt lat="60.00814" lon="9.4012">
				<ele>490.5235595703125</ele>
				<time>2000-01-01T00:00:00Z</time>
			</trkpt>
			<trkpt lat="60.008" lon="9.40152">
				<ele>490.7424011230469</ele>
				<time>2000-01-01T00:00:00Z</time>
			</trkpt>
			<trkpt lat="60.00784" lon="9.4018">
				<ele>490.96124267578125</ele>
				<time>2000-01-01T00:00:00Z</time>
			</trkpt>
			<trkpt lat="60.00766" lon="9.40207">
				<ele>491.1928405761719</ele>
				<time>2000-01-01T00:00:00Z</time>
			</trkpt>
			<trkpt lat="60.007569905361265" lon="9.402174319588662">
				<ele>491.29998779296875</ele>
				<time>2000-01-01T00:00:00Z</time>
			</trkpt>
			<trkpt lat="60.00747" lon="9.40229">
				<ele>491.2702941894531</ele>
				<time>2000-01-01T00:00:00Z</time>
			</trkpt>
			<trkpt lat="60.00727" lon="9.40248">
				<ele>491.2132873535156</ele>
				<time>2000-01-01T00:00:00Z</time>
			</trkpt>
			<trkpt lat="60.00711" lon="9.40277">
				<ele>491.1577453613281</ele>
				<time>2000-01-01T00:00:00Z</time>
			</trkpt>
			<trkpt lat="60.00668839581543" lon="9.403660052744156">
				<ele>491.0</ele>
				<time>2000-01-01T00:00:00Z</time>
			</trkpt>
			<trkpt lat="60.00666" lon="9.40372">
				<ele>490.6351623535156</ele>
				<time>2000-01-01T00:00:00Z</time>
			</trkpt>
			<trkpt lat="60.00634" lon="9.40431">
				<ele>486.7900085449219</ele>
				<time>2000-01-01T00:00:00Z</time>
			</trkpt>
			<trkpt lat="60.00624" lon="9.4046">
				<ele>485.2338562011719</ele>
				<time>2000-01-01T00:00:00Z</time>
			</trkpt>
			<trkpt lat="60.00613" lon="9.40541">
				<ele>481.5263671875</ele>
				<time>2000-01-01T00:00:00Z</time>
			</trkpt>
			<trkpt lat="60.00607524122869" lon="9.405561637961243">
				<ele>480.70001220703125</ele>
				<time>2000-01-01T00:00:00Z</time>
			</trkpt>
			<trkpt lat="60.006" lon="9.40577">
				<ele>479.8512878417969</ele>
				<time>2000-01-01T00:00:00Z</time>
			</trkpt>
			<trkpt lat="60.00585" lon="9.4061">
				<ele>478.37835693359375</ele>
				<time>2000-01-01T00:00:00Z</time>
			</trkpt>
			<trkpt lat="60.00568" lon="9.40638">
				<ele>476.9237976074219</ele>
				<time>2000-01-01T00:00:00Z</time>
			</trkpt>
			<trkpt lat="60.00541" lon="9.40705">
				<ele>474.0820007324219</ele>
				<time>2000-01-01T00:00:00Z</time>
			</trkpt>
			<trkpt lat="60.00529417083595" lon="9.407281657937535">
				<ele>473.0</ele>
				<time>2000-01-01T00:00:00Z</time>
			</trkpt>
			<trkpt lat="60.00525" lon="9.40737">
				<ele>472.7374267578125</ele>
				<time>2000-01-01T00:00:00Z</time>
			</trkpt>
			<trkpt lat="60.00467" lon="9.40796">
				<ele>470.0022888183594</ele>
				<time>2000-01-01T00:00:00Z</time>
			</trkpt>
			<trkpt lat="60.00448" lon="9.40818">
				<ele>469.0794982910156</ele>
				<time>2000-01-01T00:00:00Z</time>
			</trkpt>
			<trkpt lat="60.0042869898306" lon="9.40844112985202">
				<ele>468.1000061035156</ele>
				<time>2000-01-01T00:00:00Z</time>
			</trkpt>
			<trkpt lat="60.00414" lon="9.40864">
				<ele>466.2884826660156</ele>
				<time>2000-01-01T00:00:00Z</time>
			</trkpt>
			<trkpt lat="60.00388" lon="9.40933">
				<ele>461.8787841796875</ele>
				<time>2000-01-01T00:00:00Z</time>
			</trkpt>
			<trkpt lat="60.00377" lon="9.40972">
				<ele>459.59344482421875</ele>
				<time>2000-01-01T00:00:00Z</time>
			</trkpt>
			<trkpt lat="60.003576289480684" lon="9.410260338816975">
				<ele>456.20001220703125</ele>
				<time>2000-01-01T00:00:00Z</time>
			</trkpt>
			<trkpt lat="60.00339" lon="9.41078">
				<ele>453.9786682128906</ele>
				<time>2000-01-01T00:00:00Z</time>
			</trkpt>
			<trkpt lat="60.00321" lon="9.41159">
				<ele>450.8992614746094</ele>
				<time>2000-01-01T00:00:00Z</time>
			</trkpt>
			<trkpt lat="60.00315" lon="9.41199">
				<ele>449.4484558105469</ele>
				<time>2000-01-01T00:00:00Z</time>
			</trkpt>
			<trkpt lat="60.00312855710051" lon="9.412375791489353">
				<ele>448.1000061035156</ele>
				<time>2000-01-01T00:00:00Z</time>
			</trkpt>
			<trkpt lat="60.00307" lon="9.41343">
				<ele>447.91802978515625</ele>
				<time>2000-01-01T00:00:00Z</time>
			</trkpt>
			<trkpt lat="60.00307" lon="9.41362">
				<ele>447.88543701171875</ele>
				<time>2000-01-01T00:00:00Z</time>
			</trkpt>
			<trkpt lat="60.00311" lon="9.41406">
				<ele>447.8087158203125</ele>
				<time>2000-01-01T00:00:00Z</time>
			</trkpt>
			<trkpt lat="60.003211144909706" lon="9.414660558710418">
				<ele>447.70001220703125</ele>
				<time>2000-01-01T00:00:00Z</time>
			</trkpt>
			<trkpt lat="60.00327" lon="9.41501">
				<ele>447.7158203125</ele>
				<time>2000-01-01T00:00:00Z</time>
			</trkpt>
			<trkpt lat="60.00329" lon="9.41523">
				<ele>447.72540283203125</ele>
				<time>2000-01-01T00:00:00Z</time>
			</trkpt>
			<trkpt lat="60.00326" lon="9.41553">
				<ele>447.738525390625</ele>
				<time>2000-01-01T00:00:00Z</time>
			</trkpt>
			<trkpt lat="60.00318" lon="9.41594">
				<ele>447.75738525390625</ele>
				<time>2000-01-01T00:00:00Z</time>
			</trkpt>
			<trkpt lat="60.00309" lon="9.41633">
				<ele>447.77581787109375</ele>
				<time>2000-01-01T00:00:00Z</time>
			</trkpt>
			<trkpt lat="60.00298" lon="9.41672">
				<ele>447.7950134277344</ele>
				<time>2000-01-01T00:00:00Z</time>
			</trkpt>
			<trkpt lat="60.00294846372241" lon="9.416817234083743">
				<ele>447.79998779296875</ele>
				<time>2000-01-01T00:00:00Z</time>
			</trkpt>
			<trkpt lat="60.00286" lon="9.41709">
				<ele>447.7581481933594</ele>
				<time>2000-01-01T00:00:00Z</time>
			</trkpt>
			<trkpt lat="60.00273" lon="9.41741">
				<ele>447.7051086425781</ele>
				<time>2000-01-01T00:00:00Z</time>
			</trkpt>
			<trkpt lat="60.00242" lon="9.41804">
				<ele>447.59136962890625</ele>
				<time>2000-01-01T00:00:00Z</time>
			</trkpt>
			<trkpt lat="60.00227" lon="9.41837">
				<ele>447.53399658203125</ele>
				<time>2000-01-01T00:00:00Z</time>
			</trkpt>
			<trkpt lat="60.00221986194309" lon="9.418614421459823">
				<ele>447.5</ele>
				<time>2000-01-01T00:00:00Z</time>
			</trkpt>
			<trkpt lat="60.00219" lon="9.41876">
				<ele>447.4595031738281</ele>
				<time>2000-01-01T00:00:00Z</time>
			</trkpt>
			<trkpt lat="60.00209" lon="9.4196">
				<ele>447.2373046875</ele>
				<time>2000-01-01T00:00:00Z</time>
			</trkpt>
			<trkpt lat="60.00203" lon="9.41998">
				<ele>447.1347351074219</ele>
				<time>2000-01-01T00:00:00Z</time>
			</trkpt>
			<trkpt lat="60.00189" lon="9.42023">
				<ele>447.03814697265625</ele>
				<time>2000-01-01T00:00:00Z</time>
			</trkpt>
			<trkpt lat="60.0017" lon="9.42035">
				<ele>446.9355773925781</ele>
				<time>2000-01-01T00:00:00Z</time>
			</trkpt>
			<trkpt lat="60.001631977248444" lon="9.42037473528183">
				<ele>446.8999938964844</ele>
				<time>2000-01-01T00:00:00Z</time>
			</trkpt>
			<trkpt lat="60.00148" lon="9.42043">
				<ele>446.2374267578125</ele>
				<time>2000-01-01T00:00:00Z</time>
			</trkpt>
			<trkpt lat="60.00127" lon="9.42056">
				<ele>445.2945556640625</ele>
				<time>2000-01-01T00:00:00Z</time>
			</trkpt>
			<trkpt lat="60.00107" lon="9.42076">
				<ele>444.33544921875</ele>
				<time>2000-01-01T00:00:00Z</time>
			</trkpt>
			<trkpt lat="60.00087" lon="9.42092">
				<ele>443.4114990234375</ele>
				<time>2000-01-01T00:00:00Z</time>
			</trkpt>
			<trkpt lat="60.00068" lon="9.42114">
				<ele>442.4698181152344</ele>
				<time>2000-01-01T00:00:00Z</time>
			</trkpt>
			<trkpt lat="60.000572966173465" lon="9.421297402333556">
				<ele>441.8999938964844</ele>
				<time>2000-01-01T00:00:00Z</time>
			</trkpt>
			<trkpt lat="60.00051" lon="9.42139">
				<ele>441.66534423828125</ele>
				<time>2000-01-01T00:00:00Z</time>
			</trkpt>
			<trkpt lat="60.00034" lon="9.42167">
				<ele>441.00408935546875</ele>
				<time>2000-01-01T00:00:00Z</time>
			</trkpt>
			<trkpt lat="59.99971" lon="9.42288">
				<ele>438.38525390625</ele>
				<time>2000-01-01T00:00:00Z</time>
			</trkpt>
			<trkpt lat="59.99961" lon="9.42325">
				<ele>437.880126953125</ele>
				<time>2000-01-01T00:00:00Z</time>
			</trkpt>
			<trkpt lat="59.99958" lon="9.42369">
				<ele>437.3468322753906</ele>
				<time>2000-01-01T00:00:00Z</time>
			</trkpt>
			<trkpt lat="59.99958" lon="9.42412">
				<ele>436.83038330078125</ele>
				<time>2000-01-01T00:00:00Z</time>
			</trkpt>
			<trkpt lat="59.99961" lon="9.42454">
				<ele>436.32080078125</ele>
				<time>2000-01-01T00:00:00Z</time>
			</trkpt>
			<trkpt lat="59.99968" lon="9.42473">
				<ele>436.0373840332031</ele>
				<time>2000-01-01T00:00:00Z</time>
			</trkpt>
			<trkpt lat="59.99981078573664" lon="9.424983397566658">
				<ele>435.6000061035156</ele>
				<time>2000-01-01T00:00:00Z</time>
			</trkpt>
			<trkpt lat="59.99984" lon="9.42504">
				<ele>435.4464416503906</ele>
				<time>2000-01-01T00:00:00Z</time>
			</trkpt>
			<trkpt lat="59.99993" lon="9.42536">
				<ele>434.7535705566406</ele>
				<time>2000-01-01T00:00:00Z</time>
			</trkpt>
			<trkpt lat="59.99999" lon="9.42579">
				<ele>433.9110412597656</ele>
				<time>2000-01-01T00:00:00Z</time>
			</trkpt>
			<trkpt lat="60.00005" lon="9.42598">
				<ele>433.4869079589844</ele>
				<time>2000-01-01T00:00:00Z</time>
			</trkpt>
			<trkpt lat="60.000162505221574" lon="9.427170684559634">
				<ele>431.20001220703125</ele>
				<time>2000-01-01T00:00:00Z</time>
			</trkpt>
			<trkpt lat="60.00017" lon="9.42725">
				<ele>430.86077880859375</ele>
				<time>2000-01-01T00:00:00Z</time>
			</trkpt>
			<trkpt lat="60.00018" lon="9.42768">
				<ele>429.0513000488281</ele>
				<time>2000-01-01T00:00:00Z</time>
			</trkpt>
			<trkpt lat="60.00016" lon="9.42811">
				<ele>427.2359924316406</ele>
				<time>2000-01-01T00:00:00Z</time>
			</trkpt>
			<trkpt lat="60.00018" lon="9.42842">
				<ele>425.9221496582031</ele>
				<time>2000-01-01T00:00:00Z</time>
			</trkpt>
			<trkpt lat="60.0003" lon="9.42932">
				<ele>422.0067443847656</ele>
				<time>2000-01-01T00:00:00Z</time>
			</trkpt>
			<trkpt lat="60.00032083167612" lon="9.429458219594963">
				<ele>421.3999938964844</ele>
				<time>2000-01-01T00:00:00Z</time>
			</trkpt>
			<trkpt lat="60.00049" lon="9.43058">
				<ele>419.3395080566406</ele>
				<time>2000-01-01T00:00:00Z</time>
			</trkpt>
			<trkpt lat="60.000720561668594" lon="9.431644134064435">
				<ele>417.29998779296875</ele>
				<time>2000-01-01T00:00:00Z</time>
			</trkpt>
			<trkpt lat="60.00075" lon="9.43178">
				<ele>417.30633544921875</ele>
				<time>2000-01-01T00:00:00Z</time>
			</trkpt>
			<trkpt lat="60.00083" lon="9.43221">
				<ele>417.3260192871094</ele>
				<time>2000-01-01T00:00:00Z</time>
			</trkpt>
			<trkpt lat="60.00103" lon="9.43291">
				<ele>417.360595703125</ele>
				<time>2000-01-01T00:00:00Z</time>
			</trkpt>
			<trkpt lat="60.00119" lon="9.43324">
				<ele>417.38031005859375</ele>
				<time>2000-01-01T00:00:00Z</time>
			</trkpt>
			<trkpt lat="60.00132" lon="9.4334">
				<ele>417.3934020996094</ele>
				<time>2000-01-01T00:00:00Z</time>
			</trkpt>
			<trkpt lat="60.00139006737343" lon="9.43346228486873">
				<ele>417.3999938964844</ele>
				<time>2000-01-01T00:00:00Z</time>
			</trkpt>
			<trkpt lat="60.00168" lon="9.43372">
				<ele>417.6993713378906</ele>
				<time>2000-01-01T00:00:00Z</time>
			</trkpt>
			<trkpt lat="60.00179" lon="9.43391">
				<ele>417.8365478515625</ele>
				<time>2000-01-01T00:00:00Z</time>
			</trkpt>
			<trkpt lat="60.00202" lon="9.43451">
				<ele>418.1932373046875</ele>
				<time>2000-01-01T00:00:00Z</time>
			</trkpt>
			<trkpt lat="60.00217" lon="9.43484">
				<ele>418.4036560058594</ele>
				<time>2000-01-01T00:00:00Z</time>
			</trkpt>
			<trkpt lat="60.00223056674166" lon="9.43500439550557">
				<ele>418.5</ele>
				<time>2000-01-01T00:00:00Z</time>
			</trkpt>
			<trkpt lat="60.00224" lon="9.43503">
				<ele>418.4359130859375</ele>
				<time>2000-01-01T00:00:00Z</time>
			</trkpt>
			<trkpt lat="60.00234" lon="9.43543">
				<ele>417.53436279296875</ele>
				<time>2000-01-01T00:00:00Z</time>
			</trkpt>
			<trkpt lat="60.0024" lon="9.43584">
				<ele>416.6731872558594</ele>
				<time>2000-01-01T00:00:00Z</time>
			</trkpt>
			<trkpt lat="60.00237" lon="9.43686">
				<ele>414.613525390625</ele>
				<time>2000-01-01T00:00:00Z</time>
			</trkpt>
			<trkpt lat="60.00243" lon="9.437">
				<ele>414.2418518066406</ele>
				<time>2000-01-01T00:00:00Z</time>
			</trkpt>
			<trkpt lat="60.00249" lon="9.43705">
				<ele>413.9797668457031</ele>
				<time>2000-01-01T00:00:00Z</time>
			</trkpt>
			<trkpt lat="60.002533908560146" lon="9.437065498105646">
				<ele>413.79998779296875</ele>
				<time>2000-01-01T00:00:00Z</time>
			</trkpt>
			<trkpt lat="60.00283" lon="9.43717">
				<ele>410.60174560546875</ele>
				<time>2000-01-01T00:00:00Z</time>
			</trkpt>
			<trkpt lat="60.0029" lon="9.43732">
				<ele>409.5104675292969</ele>
				<time>2000-01-01T00:00:00Z</time>
			</trkpt>
			<trkpt lat="60.00297" lon="9.43767">
				<ele>407.50567626953125</ele>
				<time>2000-01-01T00:00:00Z</time>
			</trkpt>
			<trkpt lat="60.00303" lon="9.4381">
				<ele>405.1315002441406</ele>
				<time>2000-01-01T00:00:00Z</time>
			</trkpt>
			<trkpt lat="60.00312" lon="9.43845">
				<ele>403.03839111328125</ele>
				<time>2000-01-01T00:00:00Z</time>
			</trkpt>
			<trkpt lat="60.00319" lon="9.43867">
				<ele>401.6514587402344</ele>
				<time>2000-01-01T00:00:00Z</time>
			</trkpt>
			<trkpt lat="60.003208629692494" lon="9.438699115884218">
				<ele>401.3999938964844</ele>
				<time>2000-01-01T00:00:00Z</time>
			</trkpt>
			<trkpt lat="60.00351" lon="9.43917">
				<ele>398.7098693847656</ele>
				<time>2000-01-01T00:00:00Z</time>
			</trkpt>
			<trkpt lat="60.00365" lon="9.43952">
				<ele>397.1335144042969</ele>
				<time>2000-01-01T00:00:00Z</time>
			</trkpt>
			<trkpt lat="60.00377" lon="9.43989">
				<ele>395.58258056640625</ele>
				<time>2000-01-01T00:00:00Z</time>
			</trkpt>
			<trkpt lat="60.00385" lon="9.4403">
				<ele>394.0346984863281</ele>
				<time>2000-01-01T00:00:00Z</time>
			</trkpt>
			<trkpt lat="60.00387170604841" lon="9.440533345134678">
				<ele>393.20001220703125</ele>
				<time>2000-01-01T00:00:00Z</time>
			</trkpt>
			<trkpt lat="60.00389" lon="9.44073">
				<ele>392.8654479980469</ele>
				<time>2000-01-01T00:00:00Z</time>
			</trkpt>
			<trkpt lat="60.00398" lon="9.44112">
				<ele>392.14697265625</ele>
				<time>2000-01-01T00:00:00Z</time>
			</trkpt>
			<trkpt lat="60.00412" lon="9.44147">
				<ele>391.3972473144531</ele>
				<time>2000-01-01T00:00:00Z</time>
			</trkpt>
			<trkpt lat="60.00422" lon="9.44178">
				<ele>390.7801818847656</ele>
				<time>2000-01-01T00:00:00Z</time>
			</trkpt>
			<trkpt lat="60.00431" lon="9.44216">
				<ele>390.0768737792969</ele>
				<time>2000-01-01T00:00:00Z</time>
			</trkpt>
			<trkpt lat="60.00443518104611" lon="9.442551196712271">
				<ele>389.29998779296875</ele>
				<time>2000-01-01T00:00:00Z</time>
			</trkpt>
			<trkpt lat="60.00455" lon="9.44291">
				<ele>389.5009765625</ele>
				<time>2000-01-01T00:00:00Z</time>
			</trkpt>
			<trkpt lat="60.00481" lon="9.44361">
				<ele>389.912353515625</ele>
				<time>2000-01-01T00:00:00Z</time>
			</trkpt>
			<trkpt lat="60.00491" lon="9.444">
				<ele>390.119140625</ele>
				<time>2000-01-01T00:00:00Z</time>
			</trkpt>
			<trkpt lat="60.00498" lon="9.44435">
				<ele>390.2969665527344</ele>
				<time>2000-01-01T00:00:00Z</time>
			</trkpt>
			<trkpt lat="60.00499354457491" lon="9.444566715861423">
				<ele>390.3999938964844</ele>
				<time>2000-01-01T00:00:00Z</time>
			</trkpt>
			<trkpt lat="60.005" lon="9.44467">
				<ele>390.5205383300781</ele>
				<time>2000-01-01T00:00:00Z</time>
			</trkpt>
			<trkpt lat="60.00494" lon="9.44535">
				<ele>391.3200988769531</ele>
				<time>2000-01-01T00:00:00Z</time>
			</trkpt>
			<trkpt lat="60.00496" lon="9.44621">
				<ele>392.3169860839844</ele>
				<time>2000-01-01T00:00:00Z</time>
			</trkpt>
			<trkpt lat="60.00499" lon="9.44654">
				<ele>392.7053527832031</ele>
				<time>2000-01-01T00:00:00Z</time>
			</trkpt>
			<trkpt lat="60.00503992244822" lon="9.446865862091498">
				<ele>393.1000061035156</ele>
				<time>2000-01-01T00:00:00Z</time>
			</trkpt>
			<trkpt lat="60.00518" lon="9.44778">
				<ele>393.38702392578125</ele>
				<time>2000-01-01T00:00:00Z</time>
			</trkpt>
			<trkpt lat="60.00522" lon="9.4482">
				<ele>393.515380859375</ele>
				<time>2000-01-01T00:00:00Z</time>
			</trkpt>
			<trkpt lat="60.00521" lon="9.44849">
				<ele>393.6026306152344</ele>
				<time>2000-01-01T00:00:00Z</time>
			</trkpt>
			<trkpt lat="60.00518" lon="9.44874">
				<ele>393.6798400878906</ele>
				<time>2000-01-01T00:00:00Z</time>
			</trkpt>
			<trkpt lat="60.005080987692615" lon="9.449087844810931">
				<ele>393.79998779296875</ele>
				<time>2000-01-01T00:00:00Z</time>
			</trkpt>
			<trkpt lat="60.00481" lon="9.45004">
				<ele>392.62530517578125</ele>
				<time>2000-01-01T00:00:00Z</time>
			</trkpt>
			<trkpt lat="60.00457" lon="9.45065">
				<ele>391.79302978515625</ele>
				<time>2000-01-01T00:00:00Z</time>
			</trkpt>
			<trkpt lat="60.00441788255953" lon="9.450994795118456">
				<ele>391.29998779296875</ele>
				<time>2000-01-01T00:00:00Z</time>
			</trkpt>
			<trkpt lat="60.00427" lon="9.45133">
				<ele>389.84283447265625</ele>
				<time>2000-01-01T00:00:00Z</time>
			</trkpt>
			<trkpt lat="60.0041" lon="9.45162">
				<ele>388.38623046875</ele>
				<time>2000-01-01T00:00:00Z</time>
			</trkpt>
			<trkpt lat="60.00378" lon="9.45221">
				<ele>385.5487976074219</ele>
				<time>2000-01-01T00:00:00Z</time>
			</trkpt>
			<trkpt lat="60.00360203923576" lon="9.452651603781408">
				<ele>383.70001220703125</ele>
				<time>2000-01-01T00:00:00Z</time>
			</trkpt>
			<trkpt lat="60.00351" lon="9.45288">
				<ele>382.3915710449219</ele>
				<time>2000-01-01T00:00:00Z</time>
			</trkpt>
			<trkpt lat="60.00341" lon="9.45319">
				<ele>380.7459411621094</ele>
				<time>2000-01-01T00:00:00Z</time>
			</trkpt>
			<trkpt lat="60.00336" lon="9.45353">
				<ele>379.16522216796875</ele>
				<time>2000-01-01T00:00:00Z</time>
			</trkpt>
			<trkpt lat="60.00332" lon="9.45482">
				<ele>373.4002685546875</ele>
				<time>2000-01-01T00:00:00Z</time>
			</trkpt>
			<trkpt lat="60.0033213519495" lon="9.454842319572343">
				<ele>373.29998779296875</ele>
				<time>2000-01-01T00:00:00Z</time>
			</trkpt>
			<trkpt lat="60.00334" lon="9.45515">
				<ele>372.94110107421875</ele>
				<time>2000-01-01T00:00:00Z</time>
			</trkpt>
			<trkpt lat="60.00368" lon="9.45641">
				<ele>371.2830810546875</ele>
				<time>2000-01-01T00:00:00Z</time>
			</trkpt>
			<trkpt lat="60.00376" lon="9.45678">
				<ele>370.8162841796875</ele>
				<time>2000-01-01T00:00:00Z</time>
			</trkpt>
			<trkpt lat="60.003785657012415" lon="9.456959601557678">
				<ele>370.6000061035156</ele>
				<time>2000-01-01T00:00:00Z</time>
			</trkpt>
			<trkpt lat="60.00381" lon="9.45713">
				<ele>370.5163879394531</ele>
				<time>2000-01-01T00:00:00Z</time>
			</trkpt>
			<trkpt lat="60.00396" lon="9.45784">
				<ele>370.15277099609375</ele>
				<time>2000-01-01T00:00:00Z</time>
			</trkpt>
			<trkpt lat="60.00406" lon="9.45823">
				<ele>369.94598388671875</ele>
				<time>2000-01-01T00:00:00Z</time>
			</trkpt>
			<trkpt lat="60.00413" lon="9.45842">
				<ele>369.83465576171875</ele>
				<time>2000-01-01T00:00:00Z</time>
			</trkpt>
			<trkpt lat="60.00406" lon="9.4587">
				<ele>369.68695068359375</ele>
				<time>2000-01-01T00:00:00Z</time>
			</trkpt>
			<trkpt lat="60.00396" lon="9.45893">
				<ele>369.54315185546875</ele>
				<time>2000-01-01T00:00:00Z</time>
			</trkpt>
			<trkpt lat="60.003924179659705" lon="9.458986889646294">
				<ele>369.5</ele>
				<time>2000-01-01T00:00:00Z</time>
			</trkpt>
			<trkpt lat="60.00379" lon="9.4592">
				<ele>369.5588073730469</ele>
				<time>2000-01-01T00:00:00Z</time>
			</trkpt>
			<trkpt lat="60.00359" lon="9.45942">
				<ele>369.6371154785156</ele>
				<time>2000-01-01T00:00:00Z</time>
			</trkpt>
			<trkpt lat="60.00341" lon="9.45967">
				<ele>369.7123107910156</ele>
				<time>2000-01-01T00:00:00Z</time>
			</trkpt>
			<trkpt lat="60.00307" lon="9.4602">
				<ele>369.8602294921875</ele>
				<time>2000-01-01T00:00:00Z</time>
			</trkpt>
			<trkpt lat="60.00298307131299" lon="9.460353402760568">
				<ele>369.8999938964844</ele>
				<time>2000-01-01T00:00:00Z</time>
			</trkpt>
			<trkpt lat="60.0029" lon="9.4605">
				<ele>369.5388488769531</ele>
				<time>2000-01-01T00:00:00Z</time>
			</trkpt>
			<trkpt lat="60.00275" lon="9.46082">
				<ele>368.8239440917969</ele>
				<time>2000-01-01T00:00:00Z</time>
			</trkpt>
			<trkpt lat="60.00222" lon="9.4621">
				<ele>366.115234375</ele>
				<time>2000-01-01T00:00:00Z</time>
			</trkpt>
			<trkpt lat="60.00197" lon="9.46282">
				<ele>364.38897705078125</ele>
				<time>2000-01-01T00:00:00Z</time>
			</trkpt>
			<trkpt lat="60.00183" lon="9.46315">
				<ele>363.53509521484375</ele>
				<time>2000-01-01T00:00:00Z</time>
			</trkpt>
			<trkpt lat="60.00156" lon="9.46362">
				<ele>362.1225891113281</ele>
				<time>2000-01-01T00:00:00Z</time>
			</trkpt>
			<trkpt lat="60.00142470047843" lon="9.463782356961914">
				<ele>361.5</ele>
				<time>2000-01-01T00:00:00Z</time>
			</trkpt>
			<trkpt lat="60.00121" lon="9.46404">
				<ele>359.71728515625</ele>
				<time>2000-01-01T00:00:00Z</time>
			</trkpt>
			<trkpt lat="60.0011" lon="9.46426">
				<ele>358.609619140625</ele>
				<time>2000-01-01T00:00:00Z</time>
			</trkpt>
			<trkpt lat="60.001" lon="9.46465">
				<ele>357.0492858886719</ele>
				<time>2000-01-01T00:00:00Z</time>
			</trkpt>
			<trkpt lat="60.00094" lon="9.46505">
				<ele>355.5626525878906</ele>
				<time>2000-01-01T00:00:00Z</time>
			</trkpt>
			<trkpt lat="60.0009" lon="9.46549">
				<ele>353.97052001953125</ele>
				<time>2000-01-01T00:00:00Z</time>
			</trkpt>
			<trkpt lat="60.00085604247572" lon="9.465687791536237">
				<ele>353.20001220703125</ele>
				<time>2000-01-01T00:00:00Z</time>
			</trkpt>
			<trkpt lat="60.00072" lon="9.4663">
				<ele>352.452880859375</ele>
				<time>2000-01-01T00:00:00Z</time>
			</trkpt>
			<trkpt lat="60.0006" lon="9.46667">
				<ele>351.9610900878906</ele>
				<time>2000-01-01T00:00:00Z</time>
			</trkpt>
			<trkpt lat="60.00054" lon="9.46707">
				<ele>351.495361328125</ele>
				<time>2000-01-01T00:00:00Z</time>
			</trkpt>
			<trkpt lat="60.00049" lon="9.46749">
				<ele>351.0138854980469</ele>
				<time>2000-01-01T00:00:00Z</time>
			</trkpt>
			<trkpt lat="60.00049842330555" lon="9.46786074325156">
				<ele>350.6000061035156</ele>
				<time>2000-01-01T00:00:00Z</time>
			</trkpt>
			<trkpt lat="60.00051" lon="9.46837">
				<ele>349.6379089355469</ele>
				<time>2000-01-01T00:00:00Z</time>
			</trkpt>
			<trkpt lat="60.0005" lon="9.4697">
				<ele>347.12762451171875</ele>
				<time>2000-01-01T00:00:00Z</time>
			</trkpt>
			<trkpt lat="60.00052" lon="9.47012">
				<ele>346.3313903808594</ele>
				<time>2000-01-01T00:00:00Z</time>
			</trkpt>
			<trkpt lat="60.00051849853937" lon="9.470189546739324">
				<ele>346.20001220703125</ele>
				<time>2000-01-01T00:00:00Z</time>
			</trkpt>
			<trkpt lat="60.0005" lon="9.47105">
				<ele>344.87017822265625</ele>
				<time>2000-01-01T00:00:00Z</time>
			</trkpt>
			<trkpt lat="60.00054" lon="9.47204">
				<ele>343.33648681640625</ele>
				<time>2000-01-01T00:00:00Z</time>
			</trkpt>
			<trkpt lat="60.00061" lon="9.47249">
				<ele>342.6087951660156</ele>
				<time>2000-01-01T00:00:00Z</time>
			</trkpt>
			<trkpt lat="60.00076" lon="9.47326">
				<ele>342.2127990722656</ele>
				<time>2000-01-01T00:00:00Z</time>
			</trkpt>
			<trkpt lat="60.00095" lon="9.47403">
				<ele>341.80767822265625</ele>
				<time>2000-01-01T00:00:00Z</time>
			</trkpt>
			<trkpt lat="60.001047467671754" lon="9.474652299000569">
				<ele>341.5</ele>
				<time>2000-01-01T00:00:00Z</time>
			</trkpt>
			<trkpt lat="60.00108" lon="9.47486">
				<ele>341.3226318359375</ele>
				<time>2000-01-01T00:00:00Z</time>
			</trkpt>
			<trkpt lat="60.00117" lon="9.47615">
				<ele>340.26116943359375</ele>
				<time>2000-01-01T00:00:00Z</time>
			</trkpt>
			<trkpt lat="60.00117932264293" lon="9.476961087926288">
				<ele>339.6000061035156</ele>
				<time>2000-01-01T00:00:00Z</time>
			</trkpt>
			<trkpt lat="60.00118" lon="9.47702">
				<ele>339.5317687988281</ele>
				<time>2000-01-01T00:00:00Z</time>
			</trkpt>
			<trkpt lat="60.00117" lon="9.47747">
				<ele>339.0101013183594</ele>
				<time>2000-01-01T00:00:00Z</time>
			</trkpt>
			<trkpt lat="60.00105" lon="9.47919">
				<ele>336.99896240234375</ele>
				<time>2000-01-01T00:00:00Z</time>
			</trkpt>
			<trkpt lat="60.00104738389651" lon="9.47927529184622">
				<ele>336.8999938964844</ele>
				<time>2000-01-01T00:00:00Z</time>
			</trkpt>
			<trkpt lat="60.00101" lon="9.4805">
				<ele>336.1632385253906</ele>
				<time>2000-01-01T00:00:00Z</time>
			</trkpt>
			<trkpt lat="60.001" lon="9.48138">
				<ele>335.6346740722656</ele>
				<time>2000-01-01T00:00:00Z</time>
			</trkpt>
			<trkpt lat="60.000984674774884" lon="9.481602161012503">
				<ele>335.5</ele>
				<time>2000-01-01T00:00:00Z</time>
			</trkpt>
			<trkpt lat="60.00094" lon="9.48225">
				<ele>335.2195129394531</ele>
				<time>2000-01-01T00:00:00Z</time>
			</trkpt>
			<trkpt lat="60.0008" lon="9.48308">
				<ele>334.84381103515625</ele>
				<time>2000-01-01T00:00:00Z</time>
			</trkpt>
			<trkpt lat="60.0007" lon="9.48346">
				<ele>334.65960693359375</ele>
				<time>2000-01-01T00:00:00Z</time>
			</trkpt>
			<trkpt lat="60.00059679372376" lon="9.483769618568735">
				<ele>334.5</ele>
				<time>2000-01-01T00:00:00Z</time>
			</trkpt>
			<trkpt lat="60.00058" lon="9.48382">
				<ele>334.4922180175781</ele>
				<time>2000-01-01T00:00:00Z</time>
			</trkpt>
			<trkpt lat="60.00042" lon="9.48413">
				<ele>334.43487548828125</ele>
				<time>2000-01-01T00:00:00Z</time>
			</trkpt>
			<trkpt lat="60.00036" lon="9.48437">
				<ele>334.4003601074219</ele>
				<time>2000-01-01T00:00:00Z</time>
			</trkpt>
			<trkpt lat="60.000215188491765" lon="9.485899843071142">
				<ele>334.20001220703125</ele>
				<time>2000-01-01T00:00:00Z</time>
			</trkpt>
			<trkpt lat="60.00013" lon="9.4868">
				<ele>334.1214294433594</ele>
				<time>2000-01-01T00:00:00Z</time>
			</trkpt>
			<trkpt lat="60.00006" lon="9.4872">
				<ele>334.0850524902344</ele>
				<time>2000-01-01T00:00:00Z</time>
			</trkpt>
			<trkpt lat="59.99996" lon="9.48748">
				<ele>334.0555419921875</ele>
				<time>2000-01-01T00:00:00Z</time>
			</trkpt>
			<trkpt lat="59.99976" lon="9.48767">
				<ele>334.0175476074219</ele>
				<time>2000-01-01T00:00:00Z</time>
			</trkpt>
			<trkpt lat="59.999678176638035" lon="9.487792734528345">
				<ele>334.0</ele>
				<time>2000-01-01T00:00:00Z</time>
			</trkpt>
			<trkpt lat="59.9996" lon="9.48791">
				<ele>333.8490905761719</ele>
				<time>2000-01-01T00:00:00Z</time>
			</trkpt>
			<trkpt lat="59.99953" lon="9.48811">
				<ele>333.6606140136719</ele>
				<time>2000-01-01T00:00:00Z</time>
			</trkpt>
			<trkpt lat="59.99942" lon="9.48913">
				<ele>332.8550109863281</ele>
				<time>2000-01-01T00:00:00Z</time>
			</trkpt>
			<trkpt lat="59.99931" lon="9.48944">
				<ele>332.5615234375</ele>
				<time>2000-01-01T00:00:00Z</time>
			</trkpt>
			<trkpt lat="59.99922" lon="9.48961">
				<ele>332.370361328125</ele>
				<time>2000-01-01T00:00:00Z</time>
			</trkpt>
			<trkpt lat="59.99911971483051" lon="9.489701928053233">
				<ele>332.20001220703125</ele>
				<time>2000-01-01T00:00:00Z</time>
			</trkpt>
			<trkpt lat="59.9991" lon="9.48972">
				<ele>332.14788818359375</ele>
				<time>2000-01-01T00:00:00Z</time>
			</trkpt>
			<trkpt lat="59.99902" lon="9.48978">
				<ele>331.9427185058594</ele>
				<time>2000-01-01T00:00:00Z</time>
			</trkpt>
			<trkpt lat="59.99888" lon="9.48984">
				<ele>331.5987854003906</ele>
				<time>2000-01-01T00:00:00Z</time>
			</trkpt>
			<trkpt lat="59.99865" lon="9.49006">
				<ele>330.98638916015625</ele>
				<time>2000-01-01T00:00:00Z</time>
			</trkpt>
			<trkpt lat="59.99854" lon="9.49031">
				<ele>330.5864562988281</ele>
				<time>2000-01-01T00:00:00Z</time>
			</trkpt>
			<trkpt lat="59.99838" lon="9.4909">
				<ele>329.7803039550781</ele>
				<time>2000-01-01T00:00:00Z</time>
			</trkpt>
			<trkpt lat="59.99828" lon="9.49116">
				<ele>329.4009704589844</ele>
				<time>2000-01-01T00:00:00Z</time>
			</trkpt>
			<trkpt lat="59.99817" lon="9.49142">
				<ele>329.4302062988281</ele>
				<time>2000-01-01T00:00:00Z</time>
			</trkpt>
			<trkpt lat="59.99794" lon="9.49175">
				<ele>329.478759765625</ele>
				<time>2000-01-01T00:00:00Z</time>
			</trkpt>
			<trkpt lat="59.99785" lon="9.49192">
				<ele>329.5</ele>
				<time>2000-01-01T00:00:00Z</time>
			</trkpt>
			<trkpt lat="59.99783" lon="9.49218">
				<ele>329.5225830078125</ele>
				<time>2000-01-01T00:00:00Z</time>
			</trkpt>
			<trkpt lat="59.99783" lon="9.49237">
				<ele>329.53887939453125</ele>
				<time>2000-01-01T00:00:00Z</time>
			</trkpt>
			<trkpt lat="59.99793201101639" lon="9.493052694276424">
				<ele>329.6000061035156</ele>
				<time>2000-01-01T00:00:00Z</time>
			</trkpt>
			<trkpt lat="59.99796" lon="9.49324">
				<ele>329.3316955566406</ele>
				<time>2000-01-01T00:00:00Z</time>
			</trkpt>
			<trkpt lat="59.99795" lon="9.49352">
				<ele>328.94635009765625</ele>
				<time>2000-01-01T00:00:00Z</time>
			</trkpt>
			<trkpt lat="59.99781" lon="9.49415">
				<ele>328.0000305175781</ele>
				<time>2000-01-01T00:00:00Z</time>
			</trkpt>
			<trkpt lat="59.99767" lon="9.49462">
				<ele>327.2490539550781</ele>
				<time>2000-01-01T00:00:00Z</time>
			</trkpt>
			<trkpt lat="59.99753487127237" lon="9.49517641037167">
				<ele>326.3999938964844</ele>
				<time>2000-01-01T00:00:00Z</time>
			</trkpt>
			<trkpt lat="59.9975" lon="9.49532">
				<ele>326.07135009765625</ele>
				<time>2000-01-01T00:00:00Z</time>
			</trkpt>
			<trkpt lat="59.99725" lon="9.49603">
				<ele>324.2833557128906</ele>
				<time>2000-01-01T00:00:00Z</time>
			</trkpt>
			<trkpt lat="59.99693" lon="9.49714">
				<ele>321.64520263671875</ele>
				<time>2000-01-01T00:00:00Z</time>
			</trkpt>
			<trkpt lat="59.99692305522188" lon="9.49715700875592">
				<ele>321.6000061035156</ele>
				<time>2000-01-01T00:00:00Z</time>
			</trkpt>
			<trkpt lat="59.99662" lon="9.4979">
				<ele>319.46124267578125</ele>
				<time>2000-01-01T00:00:00Z</time>
			</trkpt>
			<trkpt lat="59.99641" lon="9.49832">
				<ele>318.1363830566406</ele>
				<time>2000-01-01T00:00:00Z</time>
			</trkpt>
			<trkpt lat="59.99622" lon="9.49878">
				<ele>316.80548095703125</ele>
				<time>2000-01-01T00:00:00Z</time>
			</trkpt>
			<trkpt lat="59.99617391495733" lon="9.4989366841162">
				<ele>316.3999938964844</ele>
				<time>2000-01-01T00:00:00Z</time>
			</trkpt>
			<trkpt lat="59.99607" lon="9.49929">
				<ele>315.8197326660156</ele>
				<time>2000-01-01T00:00:00Z</time>
			</trkpt>
			<trkpt lat="59.99597" lon="9.49954">
				<ele>315.3665466308594</ele>
				<time>2000-01-01T00:00:00Z</time>
			</trkpt>
			<trkpt lat="59.99578" lon="9.49979">
				<ele>314.72265625</ele>
				<time>2000-01-01T00:00:00Z</time>
			</trkpt>
			<trkpt lat="59.99524814891157" lon="9.500217380287209">
				<ele>313.1000061035156</ele>
				<time>2000-01-01T00:00:00Z</time>
			</trkpt>
			<trkpt lat="59.99522" lon="9.50024">
				<ele>313.0843811035156</ele>
				<time>2000-01-01T00:00:00Z</time>
			</trkpt>
			<trkpt lat="59.99514" lon="9.50036">
				<ele>313.0329284667969</ele>
				<time>2000-01-01T00:00:00Z</time>
			</trkpt>
			<trkpt lat="59.99501" lon="9.50061">
				<ele>312.9400939941406</ele>
				<time>2000-01-01T00:00:00Z</time>
			</trkpt>
			<trkpt lat="59.99479" lon="9.50129">
				<ele>312.73162841796875</ele>
				<time>2000-01-01T00:00:00Z</time>
			</trkpt>
			<trkpt lat="59.99471" lon="9.50148">
				<ele>312.6676940917969</ele>
				<time>2000-01-01T00:00:00Z</time>
			</trkpt>
			<trkpt lat="59.99460698817562" lon="9.502098068994249">
				<ele>312.5</ele>
				<time>2000-01-01T00:00:00Z</time>
			</trkpt>
			<trkpt lat="59.99459" lon="9.5022">
				<ele>312.4815673828125</ele>
				<time>2000-01-01T00:00:00Z</time>
			</trkpt>
			<trkpt lat="59.9945" lon="9.50297">
				<ele>312.34588623046875</ele>
				<time>2000-01-01T00:00:00Z</time>
			</trkpt>
			<trkpt lat="59.99444" lon="9.50331">
				<ele>312.28399658203125</ele>
				<time>2000-01-01T00:00:00Z</time>
			</trkpt>
			<trkpt lat="59.99479459329439" lon="9.504114322722826">
				<ele>312.1000061035156</ele>
				<time>2000-01-01T00:00:00Z</time>
			</trkpt>
			<trkpt lat="59.99485" lon="9.50424">
				<ele>312.2294006347656</ele>
				<time>2000-01-01T00:00:00Z</time>
			</trkpt>
			<trkpt lat="59.995" lon="9.50473">
				<ele>312.67303466796875</ele>
				<time>2000-01-01T00:00:00Z</time>
			</trkpt>
			<trkpt lat="59.99509" lon="9.50521">
				<ele>313.06884765625</ele>
				<time>2000-01-01T00:00:00Z</time>
			</trkpt>
			<trkpt lat="59.99518124554105" lon="9.506270824438042">
				<ele>313.8999938964844</ele>
				<time>2000-01-01T00:00:00Z</time>
			</trkpt>
			<trkpt lat="59.99525" lon="9.50707">
				<ele>313.8652038574219</ele>
				<time>2000-01-01T00:00:00Z</time>
			</trkpt>
			<trkpt lat="59.99534" lon="9.5075">
				<ele>313.84521484375</ele>
				<time>2000-01-01T00:00:00Z</time>
			</trkpt>
			<trkpt lat="59.99546" lon="9.50785">
				<ele>313.8269958496094</ele>
				<time>2000-01-01T00:00:00Z</time>
			</trkpt>
			<trkpt lat="59.99568123397797" lon="9.50829799696817">
				<ele>313.79998779296875</ele>
				<time>2000-01-01T00:00:00Z</time>
			</trkpt>
			<trkpt lat="59.99650049489739" lon="9.50995637834994">
				<ele>313.0</ele>
				<time>2000-01-01T00:00:00Z</time>
			</trkpt>
			<trkpt lat="59.99669" lon="9.51034">
				<ele>313.18505859375</ele>
				<time>2000-01-01T00:00:00Z</time>
			</trkpt>
			<trkpt lat="59.99685" lon="9.51066">
				<ele>313.34033203125</ele>
				<time>2000-01-01T00:00:00Z</time>
			</trkpt>
			<trkpt lat="59.99706" lon="9.51098">
				<ele>313.52154541015625</ele>
				<time>2000-01-01T00:00:00Z</time>
			</trkpt>
			<trkpt lat="59.99714" lon="9.51111">
				<ele>313.59228515625</ele>
				<time>2000-01-01T00:00:00Z</time>
			</trkpt>
			<trkpt lat="59.99739" lon="9.5114">
				<ele>313.7906188964844</ele>
				<time>2000-01-01T00:00:00Z</time>
			</trkpt>
			<trkpt lat="59.997402323382325" lon="9.511411699455898">
				<ele>313.79998779296875</ele>
				<time>2000-01-01T00:00:00Z</time>
			</trkpt>
			<trkpt lat="59.99845608504901" lon="9.512408459047371">
				<ele>316.0</ele>
				<time>2000-01-01T00:00:00Z</time>
			</trkpt>
			<trkpt lat="59.9985" lon="9.51245">
				<ele>316.27496337890625</ele>
				<time>2000-01-01T00:00:00Z</time>
			</trkpt>
			<trkpt lat="59.99874" lon="9.5127">
				<ele>317.8072204589844</ele>
				<time>2000-01-01T00:00:00Z</time>
			</trkpt>
			<trkpt lat="59.99888" lon="9.51287">
				<ele>318.7344055175781</ele>
				<time>2000-01-01T00:00:00Z</time>
			</trkpt>
			<trkpt lat="59.99912" lon="9.51322">
				<ele>320.4161376953125</ele>
				<time>2000-01-01T00:00:00Z</time>
			</trkpt>
			<trkpt lat="59.999413699341844" lon="9.513720083598002">
				<ele>322.6000061035156</ele>
				<time>2000-01-01T00:00:00Z</time>
			</trkpt>
			<trkpt lat="59.99949" lon="9.51385">
				<ele>322.91802978515625</ele>
				<time>2000-01-01T00:00:00Z</time>
			</trkpt>
			<trkpt lat="59.99975" lon="9.51437">
				<ele>324.0852355957031</ele>
				<time>2000-01-01T00:00:00Z</time>
			</trkpt>
			<trkpt lat="59.99993" lon="9.51481">
				<ele>324.9874572753906</ele>
				<time>2000-01-01T00:00:00Z</time>
			</trkpt>
			<trkpt lat="60.00018" lon="9.51549">
				<ele>326.31524658203125</ele>
				<time>2000-01-01T00:00:00Z</time>
			</trkpt>
			<trkpt lat="60.00032" lon="9.51593">
				<ele>326.7850036621094</ele>
				<time>2000-01-01T00:00:00Z</time>
			</trkpt>
			<trkpt lat="60.00051" lon="9.51671">
				<ele>327.5665588378906</ele>
				<time>2000-01-01T00:00:00Z</time>
			</trkpt>
			<trkpt lat="60.00066" lon="9.51755">
				<ele>328.3699645996094</ele>
				<time>2000-01-01T00:00:00Z</time>
			</trkpt>
			<trkpt lat="60.00066367597012" lon="9.51758252885618">
				<ele>328.3999938964844</ele>
				<time>2000-01-01T00:00:00Z</time>
			</trkpt>
			<trkpt lat="60.00082" lon="9.51896">
				<ele>330.2175598144531</ele>
				<time>2000-01-01T00:00:00Z</time>
			</trkpt>
			<trkpt lat="60.00097" lon="9.51978">
				<ele>331.341064453125</ele>
				<time>2000-01-01T00:00:00Z</time>
			</trkpt>
			<trkpt lat="60.0009801189348" lon="9.519821046972014">
				<ele>331.3999938964844</ele>
				<time>2000-01-01T00:00:00Z</time>
			</trkpt>
			<trkpt lat="60.00142" lon="9.5216">
				<ele>331.6553649902344</ele>
				<time>2000-01-01T00:00:00Z</time>
			</trkpt>
			<trkpt lat="60.00150833991801" lon="9.521898546610672">
				<ele>331.70001220703125</ele>
				<time>2000-01-01T00:00:00Z</time>
			</trkpt>
			<trkpt lat="60.00171" lon="9.52258">
				<ele>331.08868408203125</ele>
				<time>2000-01-01T00:00:00Z</time>
			</trkpt>
			<trkpt lat="60.0019" lon="9.52311">
				<ele>330.58514404296875</ele>
				<time>2000-01-01T00:00:00Z</time>
			</trkpt>
			<trkpt lat="60.002" lon="9.52334">
				<ele>330.3498229980469</ele>
				<time>2000-01-01T00:00:00Z</time>
			</trkpt>
			<trkpt lat="60.0021" lon="9.52353">
				<ele>330.1368408203125</ele>
				<time>2000-01-01T00:00:00Z</time>
			</trkpt>
			<trkpt lat="60.002221732351614" lon="9.523716656378152">
				<ele>329.8999938964844</ele>
				<time>2000-01-01T00:00:00Z</time>
			</trkpt>
			<trkpt lat="60.00225" lon="9.52376">
				<ele>329.9060974121094</ele>
				<time>2000-01-01T00:00:00Z</time>
			</trkpt>
			<trkpt lat="60.00321840255989" lon="9.52492500434021">
				<ele>330.1000061035156</ele>
				<time>2000-01-01T00:00:00Z</time>
			</trkpt>
			<trkpt lat="60.00358" lon="9.52536">
				<ele>330.8601379394531</ele>
				<time>2000-01-01T00:00:00Z</time>
			</trkpt>
			<trkpt lat="60.00371" lon="9.52555">
				<ele>331.1501770019531</ele>
				<time>2000-01-01T00:00:00Z</time>
			</trkpt>
			<trkpt lat="60.00382" lon="9.52577">
				<ele>331.430419921875</ele>
				<time>2000-01-01T00:00:00Z</time>
			</trkpt>
			<trkpt lat="60.00396" lon="9.52619">
				<ele>331.8850402832031</ele>
				<time>2000-01-01T00:00:00Z</time>
			</trkpt>
			<trkpt lat="60.00403" lon="9.52649">
				<ele>332.1832275390625</ele>
				<time>2000-01-01T00:00:00Z</time>
			</trkpt>
			<trkpt lat="60.00403253099347" lon="9.526507946920544">
				<ele>332.20001220703125</ele>
				<time>2000-01-01T00:00:00Z</time>
			</trkpt>
			<trkpt lat="60.0042" lon="9.52769">
				<ele>332.62152099609375</ele>
				<time>2000-01-01T00:00:00Z</time>
			</trkpt>
			<trkpt lat="60.00427" lon="9.52806">
				<ele>332.75726318359375</ele>
				<time>2000-01-01T00:00:00Z</time>
			</trkpt>
			<trkpt lat="60.00444" lon="9.52868">
				<ele>332.9998779296875</ele>
				<time>2000-01-01T00:00:00Z</time>
			</trkpt>
			<trkpt lat="60.00471" lon="9.52938">
				<ele>332.1661376953125</ele>
				<time>2000-01-01T00:00:00Z</time>
			</trkpt>
			<trkpt lat="60.00479" lon="9.52954">
				<ele>331.9526672363281</ele>
				<time>2000-01-01T00:00:00Z</time>
			</trkpt>
			<trkpt lat="60.00489" lon="9.5297">
				<ele>331.7109375</ele>
				<time>2000-01-01T00:00:00Z</time>
			</trkpt>
			<trkpt lat="60.00505" lon="9.52984">
				<ele>331.38140869140625</ele>
				<time>2000-01-01T00:00:00Z</time>
			</trkpt>
			<trkpt lat="60.00521" lon="9.52989">
				<ele>331.07574462890625</ele>
				<time>2000-01-01T00:00:00Z</time>
			</trkpt>
			<trkpt lat="60.00535610911694" lon="9.529885825417876">
				<ele>330.79998779296875</ele>
				<time>2000-01-01T00:00:00Z</time>
			</trkpt>
			<trkpt lat="60.00556" lon="9.52988">
				<ele>329.6453857421875</ele>
				<time>2000-01-01T00:00:00Z</time>
			</trkpt>
			<trkpt lat="60.00566" lon="9.52989">
				<ele>329.0784912109375</ele>
				<time>2000-01-01T00:00:00Z</time>
			</trkpt>
			<trkpt lat="60.00576" lon="9.52993">
				<ele>328.5011901855469</ele>
				<time>2000-01-01T00:00:00Z</time>
			</trkpt>
			<trkpt lat="60.00589" lon="9.53003">
				<ele>327.7126159667969</ele>
				<time>2000-01-01T00:00:00Z</time>
			</trkpt>
			<trkpt lat="60.00598" lon="9.53011">
				<ele>327.1549987792969</ele>
				<time>2000-01-01T00:00:00Z</time>
			</trkpt>
			<trkpt lat="60.00611" lon="9.53026">
				<ele>326.3052673339844</ele>
				<time>2000-01-01T00:00:00Z</time>
			</trkpt>
			<trkpt lat="60.00641438030976" lon="9.530687205747403">
				<ele>324.20001220703125</ele>
				<time>2000-01-01T00:00:00Z</time>
			</trkpt>
			<trkpt lat="60.00668" lon="9.53106">
				<ele>323.08660888671875</ele>
				<time>2000-01-01T00:00:00Z</time>
			</trkpt>
			<trkpt lat="60.00698" lon="9.53144">
				<ele>321.8681945800781</ele>
				<time>2000-01-01T00:00:00Z</time>
			</trkpt>
			<trkpt lat="60.00724" lon="9.53185">
				<ele>320.7321472167969</ele>
				<time>2000-01-01T00:00:00Z</time>
			</trkpt>
			<trkpt lat="60.00733769082904" lon="9.532090971515759">
				<ele>320.20001220703125</ele>
				<time>2000-01-01T00:00:00Z</time>
			</trkpt>
			<trkpt lat="60.00739" lon="9.53222">
				<ele>320.0076904296875</ele>
				<time>2000-01-01T00:00:00Z</time>
			</trkpt>
			<trkpt lat="60.00753" lon="9.53279">
				<ele>319.2723083496094</ele>
				<time>2000-01-01T00:00:00Z</time>
			</trkpt>
			<trkpt lat="60.00758" lon="9.53341">
				<ele>318.5451965332031</ele>
				<time>2000-01-01T00:00:00Z</time>
			</trkpt>
			<trkpt lat="60.00761" lon="9.53403">
				<ele>317.823974609375</ele>
				<time>2000-01-01T00:00:00Z</time>
			</trkpt>
			<trkpt lat="60.00763641673681" lon="9.534304741612447">
				<ele>317.5</ele>
				<time>2000-01-01T00:00:00Z</time>
			</trkpt>
			<trkpt lat="60.00766" lon="9.53455">
				<ele>317.35003662109375</ele>
				<time>2000-01-01T00:00:00Z</time>
			</trkpt>
			<trkpt lat="60.00793" lon="9.53599">
				<ele>316.4267883300781</ele>
				<time>2000-01-01T00:00:00Z</time>
			</trkpt>
			<trkpt lat="60.008056491141595" lon="9.536471876938506">
				<ele>316.1000061035156</ele>
				<time>2000-01-01T00:00:00Z</time>
			</trkpt>
			<trkpt lat="60.00814" lon="9.53679">
				<ele>315.3296203613281</ele>
				<time>2000-01-01T00:00:00Z</time>
			</trkpt>
			<trkpt lat="60.00823" lon="9.53707">
				<ele>314.6158447265625</ele>
				<time>2000-01-01T00:00:00Z</time>
			</trkpt>
			<trkpt lat="60.00837" lon="9.5374">
				<ele>313.6877746582031</ele>
				<time>2000-01-01T00:00:00Z</time>
			</trkpt>
			<trkpt lat="60.00846" lon="9.5376">
				<ele>313.1108093261719</ele>
				<time>2000-01-01T00:00:00Z</time>
			</trkpt>
			<trkpt lat="60.0086" lon="9.5378">
				<ele>312.3728942871094</ele>
				<time>2000-01-01T00:00:00Z</time>
			</trkpt>
			<trkpt lat="60.00884" lon="9.5381">
				<ele>311.1590270996094</ele>
				<time>2000-01-01T00:00:00Z</time>
			</trkpt>
			<trkpt lat="60.008852162096794" lon="9.538112878544004">
				<ele>311.1000061035156</ele>
				<time>2000-01-01T00:00:00Z</time>
			</trkpt>
			<trkpt lat="60.00901" lon="9.53828">
				<ele>310.51788330078125</ele>
				<time>2000-01-01T00:00:00Z</time>
			</trkpt>
			<trkpt lat="60.00937" lon="9.53859">
				<ele>309.2402038574219</ele>
				<time>2000-01-01T00:00:00Z</time>
			</trkpt>
			<trkpt lat="60.00993104391334" lon="9.538987406834115">
				<ele>307.29998779296875</ele>
				<time>2000-01-01T00:00:00Z</time>
			</trkpt>
			<trkpt lat="60.01009" lon="9.5391">
				<ele>306.7502746582031</ele>
				<time>2000-01-01T00:00:00Z</time>
			</trkpt>
			<trkpt lat="60.01028" lon="9.53927">
				<ele>306.07183837890625</ele>
				<time>2000-01-01T00:00:00Z</time>
			</trkpt>
			<trkpt lat="60.01038" lon="9.53937">
				<ele>305.7073974609375</ele>
				<time>2000-01-01T00:00:00Z</time>
			</trkpt>
			<trkpt lat="60.01059" lon="9.53962">
				<ele>304.91082763671875</ele>
				<time>2000-01-01T00:00:00Z</time>
			</trkpt>
			<trkpt lat="60.01078" lon="9.5399">
				<ele>304.14154052734375</ele>
				<time>2000-01-01T00:00:00Z</time>
			</trkpt>
			<trkpt lat="60.0109" lon="9.54009">
				<ele>303.6427001953125</ele>
				<time>2000-01-01T00:00:00Z</time>
			</trkpt>
			<trkpt lat="60.0109314225882" lon="9.540150999097943">
				<ele>303.5</ele>
				<time>2000-01-01T00:00:00Z</time>
			</trkpt>
			<trkpt lat="60.01107" lon="9.54042">
				<ele>302.9699401855469</ele>
				<time>2000-01-01T00:00:00Z</time>
			</trkpt>
			<trkpt lat="60.01136" lon="9.5412">
				<ele>301.6361083984375</ele>
				<time>2000-01-01T00:00:00Z</time>
			</trkpt>
			<trkpt lat="60.01163" lon="9.54185">
				<ele>300.4764099121094</ele>
				<time>2000-01-01T00:00:00Z</time>
			</trkpt>
			<trkpt lat="60.01167680763366" lon="9.541938110260949">
				<ele>300.29998779296875</ele>
				<time>2000-01-01T00:00:00Z</time>
			</trkpt>
			<trkpt lat="60.0118" lon="9.54217">
				<ele>300.18389892578125</ele>
				<time>2000-01-01T00:00:00Z</time>
			</trkpt>
			<trkpt lat="60.0122" lon="9.54284">
				<ele>299.8258972167969</ele>
				<time>2000-01-01T00:00:00Z</time>
			</trkpt>
			<trkpt lat="60.01236" lon="9.54313">
				<ele>299.6777648925781</ele>
				<time>2000-01-01T00:00:00Z</time>
			</trkpt>
			<trkpt lat="60.01253093221381" lon="9.543519345680323">
				<ele>299.5</ele>
				<time>2000-01-01T00:00:00Z</time>
			</trkpt>
			<trkpt lat="60.01254" lon="9.54354">
				<ele>299.5188903808594</ele>
				<time>2000-01-01T00:00:00Z</time>
			</trkpt>
			<trkpt lat="60.01271" lon="9.54415">
				<ele>299.9980163574219</ele>
				<time>2000-01-01T00:00:00Z</time>
			</trkpt>
			<trkpt lat="60.01276" lon="9.54451">
				<ele>300.25433349609375</ele>
				<time>2000-01-01T00:00:00Z</time>
			</trkpt>
			<trkpt lat="60.01278" lon="9.54506">
				<ele>300.6326599121094</ele>
				<time>2000-01-01T00:00:00Z</time>
			</trkpt>
			<trkpt lat="60.01273" lon="9.54562">
				<ele>301.02288818359375</ele>
				<time>2000-01-01T00:00:00Z</time>
			</trkpt>
			<trkpt lat="60.01270612937713" lon="9.54572175190045">
				<ele>301.1000061035156</ele>
				<time>2000-01-01T00:00:00Z</time>
			</trkpt>
			<trkpt lat="60.012215960558294" lon="9.547837867210783">
				<ele>300.79998779296875</ele>
				<time>2000-01-01T00:00:00Z</time>
			</trkpt>
			<trkpt lat="60.01172577251621" lon="9.549953856715373">
				<ele>298.5</ele>
				<time>2000-01-01T00:00:00Z</time>
			</trkpt>
			<trkpt lat="60.0114" lon="9.55136">
				<ele>295.3102111816406</ele>
				<time>2000-01-01T00:00:00Z</time>
			</trkpt>
			<trkpt lat="60.01132" lon="9.55206">
				<ele>293.83233642578125</ele>
				<time>2000-01-01T00:00:00Z</time>
			</trkpt>
			<trkpt lat="60.011319998527156" lon="9.55212426624744">
				<ele>293.70001220703125</ele>
				<time>2000-01-01T00:00:00Z</time>
			</trkpt>
			<trkpt lat="60.01132" lon="9.55255">
				<ele>293.49920654296875</ele>
				<time>2000-01-01T00:00:00Z</time>
			</trkpt>
			<trkpt lat="60.01134" lon="9.55288">
				<ele>293.3424377441406</ele>
				<time>2000-01-01T00:00:00Z</time>
			</trkpt>
			<trkpt lat="60.01138" lon="9.55311">
				<ele>293.2275695800781</ele>
				<time>2000-01-01T00:00:00Z</time>
			</trkpt>
			<trkpt lat="60.01164964130986" lon="9.554326306458368">
				<ele>292.6000061035156</ele>
				<time>2000-01-01T00:00:00Z</time>
			</trkpt>
			<trkpt lat="60.01185" lon="9.55523">
				<ele>292.7695617675781</ele>
				<time>2000-01-01T00:00:00Z</time>
			</trkpt>
			<trkpt lat="60.01197" lon="9.55561">
				<ele>292.8466491699219</ele>
				<time>2000-01-01T00:00:00Z</time>
			</trkpt>
			<trkpt lat="60.01206" lon="9.55577">
				<ele>292.8879699707031</ele>
				<time>2000-01-01T00:00:00Z</time>
			</trkpt>
			<trkpt lat="60.01221" lon="9.55593">
				<ele>292.9462890625</ele>
				<time>2000-01-01T00:00:00Z</time>
			</trkpt>
			<trkpt lat="60.012362669715756" lon="9.555998947977255">
				<ele>293.0</ele>
				<time>2000-01-01T00:00:00Z</time>
			</trkpt>
			<trkpt lat="60.01252" lon="9.55607">
				<ele>293.8717346191406</ele>
				<time>2000-01-01T00:00:00Z</time>
			</trkpt>
			<trkpt lat="60.01274" lon="9.55611">
				<ele>295.0654602050781</ele>
				<time>2000-01-01T00:00:00Z</time>
			</trkpt>
			<trkpt lat="60.01305" lon="9.55612">
				<ele>296.7411193847656</ele>
				<time>2000-01-01T00:00:00Z</time>
			</trkpt>
			<trkpt lat="60.0134" lon="9.55609">
				<ele>298.6343994140625</ele>
				<time>2000-01-01T00:00:00Z</time>
			</trkpt>
			<trkpt lat="60.01352315174051" lon="9.556086268089846">
				<ele>299.29998779296875</ele>
				<time>2000-01-01T00:00:00Z</time>
			</trkpt>
			<trkpt lat="60.01373" lon="9.55608">
				<ele>300.329345703125</ele>
				<time>2000-01-01T00:00:00Z</time>
			</trkpt>
			<trkpt lat="60.01416" lon="9.55618">
				<ele>302.4833068847656</ele>
				<time>2000-01-01T00:00:00Z</time>
			</trkpt>
			<trkpt lat="60.014685532434136" lon="9.556220425608068">
				<ele>305.1000061035156</ele>
				<time>2000-01-01T00:00:00Z</time>
			</trkpt>
			<trkpt lat="60.01481" lon="9.55623">
				<ele>305.708984375</ele>
				<time>2000-01-01T00:00:00Z</time>
			</trkpt>
			<trkpt lat="60.01505" lon="9.55628">
				<ele>306.888916015625</ele>
				<time>2000-01-01T00:00:00Z</time>
			</trkpt>
			<trkpt lat="60.01527" lon="9.55639">
				<ele>307.9976501464844</ele>
				<time>2000-01-01T00:00:00Z</time>
			</trkpt>
			<trkpt lat="60.01545" lon="9.5566">
				<ele>309.0165100097656</ele>
				<time>2000-01-01T00:00:00Z</time>
			</trkpt>
			<trkpt lat="60.01561" lon="9.55694">
				<ele>310.15771484375</ele>
				<time>2000-01-01T00:00:00Z</time>
			</trkpt>
			<trkpt lat="60.01569419640124" lon="9.557141711641375">
				<ele>310.79998779296875</ele>
				<time>2000-01-01T00:00:00Z</time>
			</trkpt>
			<trkpt lat="60.01637" lon="9.55876">
				<ele>313.4219665527344</ele>
				<time>2000-01-01T00:00:00Z</time>
			</trkpt>
			<trkpt lat="60.016431477748185" lon="9.558946724751126">
				<ele>313.70001220703125</ele>
				<time>2000-01-01T00:00:00Z</time>
			</trkpt>
			<trkpt lat="60.01664" lon="9.55958">
				<ele>312.5621032714844</ele>
				<time>2000-01-01T00:00:00Z</time>
			</trkpt>
			<trkpt lat="60.01676" lon="9.55992">
				<ele>311.9375</ele>
				<time>2000-01-01T00:00:00Z</time>
			</trkpt>
			<trkpt lat="60.01686" lon="9.56014">
				<ele>311.49127197265625</ele>
				<time>2000-01-01T00:00:00Z</time>
			</trkpt>
			<trkpt lat="60.01709" lon="9.56057">
				<ele>310.5461120605469</ele>
				<time>2000-01-01T00:00:00Z</time>
			</trkpt>
			<trkpt lat="60.01718639975265" lon="9.560696524957415">
				<ele>310.20001220703125</ele>
				<time>2000-01-01T00:00:00Z</time>
			</trkpt>
			<trkpt lat="60.01725" lon="9.56078">
				<ele>309.93255615234375</ele>
				<time>2000-01-01T00:00:00Z</time>
			</trkpt>
			<trkpt lat="60.01748" lon="9.56099">
				<ele>309.04339599609375</ele>
				<time>2000-01-01T00:00:00Z</time>
			</trkpt>
			<trkpt lat="60.01789" lon="9.56122">
				<ele>307.54571533203125</ele>
				<time>2000-01-01T00:00:00Z</time>
			</trkpt>
			<trkpt lat="60.01803" lon="9.56132">
				<ele>307.02288818359375</ele>
				<time>2000-01-01T00:00:00Z</time>
			</trkpt>
			<trkpt lat="60.01825801400942" lon="9.56157983203769">
				<ele>306.1000061035156</ele>
				<time>2000-01-01T00:00:00Z</time>
			</trkpt>
			<trkpt lat="60.01846" lon="9.56181">
				<ele>304.6443176269531</ele>
				<time>2000-01-01T00:00:00Z</time>
			</trkpt>
			<trkpt lat="60.01866" lon="9.56198">
				<ele>303.28369140625</ele>
				<time>2000-01-01T00:00:00Z</time>
			</trkpt>
			<trkpt lat="60.01883" lon="9.56204">
				<ele>302.20263671875</ele>
				<time>2000-01-01T00:00:00Z</time>
			</trkpt>
			<trkpt lat="60.01899" lon="9.56202">
				<ele>301.1985778808594</ele>
				<time>2000-01-01T00:00:00Z</time>
			</trkpt>
			<trkpt lat="60.01918" lon="9.56196">
				<ele>299.99395751953125</ele>
				<time>2000-01-01T00:00:00Z</time>
			</trkpt>
			<trkpt lat="60.01935" lon="9.56198">
				<ele>298.927490234375</ele>
				<time>2000-01-01T00:00:00Z</time>
			</trkpt>
			<trkpt lat="60.01936959034425" lon="9.56199119516294">
				<ele>298.79998779296875</ele>
				<time>2000-01-01T00:00:00Z</time>
			</trkpt>
			<trkpt lat="60.01956" lon="9.5621">
				<ele>297.72979736328125</ele>
				<time>2000-01-01T00:00:00Z</time>
			</trkpt>
			<trkpt lat="60.02024" lon="9.56262">
				<ele>293.7956848144531</ele>
				<time>2000-01-01T00:00:00Z</time>
			</trkpt>
			<trkpt lat="60.02036" lon="9.56275">
				<ele>293.0581970214844</ele>
				<time>2000-01-01T00:00:00Z</time>
			</trkpt>
			<trkpt lat="60.02043983651826" lon="9.56288116037588">
				<ele>292.5</ele>
				<time>2000-01-01T00:00:00Z</time>
			</trkpt>
			<trkpt lat="60.0205" lon="9.56298">
				<ele>292.0792236328125</ele>
				<time>2000-01-01T00:00:00Z</time>
			</trkpt>
			<trkpt lat="60.02057" lon="9.56313">
				<ele>291.5249938964844</ele>
				<time>2000-01-01T00:00:00Z</time>
			</trkpt>
			<trkpt lat="60.02108" lon="9.56473">
				<ele>286.3997802734375</ele>
				<time>2000-01-01T00:00:00Z</time>
			</trkpt>
			<trkpt lat="60.021103109224136" lon="9.564787775866003">
				<ele>286.20001220703125</ele>
				<time>2000-01-01T00:00:00Z</time>
			</trkpt>
			<trkpt lat="60.02122" lon="9.56508">
				<ele>284.65966796875</ele>
				<time>2000-01-01T00:00:00Z</time>
			</trkpt>
			<trkpt lat="60.02134" lon="9.56529">
				<ele>283.3470458984375</ele>
				<time>2000-01-01T00:00:00Z</time>
			</trkpt>
			<trkpt lat="60.02166" lon="9.56574">
				<ele>280.12615966796875</ele>
				<time>2000-01-01T00:00:00Z</time>
			</trkpt>
			<trkpt lat="60.02179" lon="9.56596">
				<ele>278.7239990234375</ele>
				<time>2000-01-01T00:00:00Z</time>
			</trkpt>
			<trkpt lat="60.02187" lon="9.56615">
				<ele>277.7017822265625</ele>
				<time>2000-01-01T00:00:00Z</time>
			</trkpt>
			<trkpt lat="60.02194122503883" lon="9.566376625970198">
				<ele>276.6000061035156</ele>
				<time>2000-01-01T00:00:00Z</time>
			</trkpt>
			<trkpt lat="60.02198" lon="9.5665">
				<ele>276.06903076171875</ele>
				<time>2000-01-01T00:00:00Z</time>
			</trkpt>
			<trkpt lat="60.02208" lon="9.56686">
				<ele>274.568359375</ele>
				<time>2000-01-01T00:00:00Z</time>
			</trkpt>
			<trkpt lat="60.02223" lon="9.56775">
				<ele>271.1459655761719</ele>
				<time>2000-01-01T00:00:00Z</time>
			</trkpt>
			<trkpt lat="60.02233" lon="9.56816">
				<ele>269.483642578125</ele>
				<time>2000-01-01T00:00:00Z</time>
			</trkpt>
			<trkpt lat="60.02243347078888" lon="9.568478372180532">
				<ele>268.1000061035156</ele>
				<time>2000-01-01T00:00:00Z</time>
			</trkpt>
			<trkpt lat="60.02246" lon="9.56856">
				<ele>267.85784912109375</ele>
				<time>2000-01-01T00:00:00Z</time>
			</trkpt>
			<trkpt lat="60.02263" lon="9.56892">
				<ele>266.62640380859375</ele>
				<time>2000-01-01T00:00:00Z</time>
			</trkpt>
			<trkpt lat="60.02276" lon="9.56914">
				<ele>265.7794189453125</ele>
				<time>2000-01-01T00:00:00Z</time>
			</trkpt>
			<trkpt lat="60.02284" lon="9.56924">
				<ele>265.31011962890625</ele>
				<time>2000-01-01T00:00:00Z</time>
			</trkpt>
			<trkpt lat="60.02309" lon="9.56948">
				<ele>263.9305419921875</ele>
				<time>2000-01-01T00:00:00Z</time>
			</trkpt>
			<trkpt lat="60.0232" lon="9.56955">
				<ele>263.35614013671875</ele>
				<time>2000-01-01T00:00:00Z</time>
			</trkpt>
			<trkpt lat="60.02337" lon="9.56961">
				<ele>262.4972229003906</ele>
				<time>2000-01-01T00:00:00Z</time>
			</trkpt>
			<trkpt lat="60.02340948184842" lon="9.569617178545544">
				<ele>262.29998779296875</ele>
				<time>2000-01-01T00:00:00Z</time>
			</trkpt>
			<trkpt lat="60.02348" lon="9.56963">
				<ele>262.1603088378906</ele>
				<time>2000-01-01T00:00:00Z</time>
			</trkpt>
			<trkpt lat="60.0237" lon="9.56964">
				<ele>261.72613525390625</ele>
				<time>2000-01-01T00:00:00Z</time>
			</trkpt>
			<trkpt lat="60.02383" lon="9.56967">
				<ele>261.4679260253906</ele>
				<time>2000-01-01T00:00:00Z</time>
			</trkpt>
			<trkpt lat="60.02394" lon="9.56974">
				<ele>261.24017333984375</ele>
				<time>2000-01-01T00:00:00Z</time>
			</trkpt>
			<trkpt lat="60.02409" lon="9.56991">
				<ele>260.9000549316406</ele>
				<time>2000-01-01T00:00:00Z</time>
			</trkpt>
			<trkpt lat="60.02423" lon="9.57018">
				<ele>260.5164794921875</ele>
				<time>2000-01-01T00:00:00Z</time>
			</trkpt>
			<trkpt lat="60.024407771974694" lon="9.570564583903424">
				<ele>260.0</ele>
				<time>2000-01-01T00:00:00Z</time>
			</trkpt>
			<trkpt lat="60.02472" lon="9.57124">
				<ele>257.6730041503906</ele>
				<time>2000-01-01T00:00:00Z</time>
			</trkpt>
			<trkpt lat="60.0252" lon="9.57218">
				<ele>254.27407836914062</ele>
				<time>2000-01-01T00:00:00Z</time>
			</trkpt>
			<trkpt lat="60.025218519116194" lon="9.572238032503009">
				<ele>254.10000610351562</ele>
				<time>2000-01-01T00:00:00Z</time>
			</trkpt>
			<trkpt lat="60.02535" lon="9.57265">
				<ele>251.92112731933594</ele>
				<time>2000-01-01T00:00:00Z</time>
			</trkpt>
			<trkpt lat="60.0255" lon="9.57337">
				<ele>248.4439239501953</ele>
				<time>2000-01-01T00:00:00Z</time>
			</trkpt>
			<trkpt lat="60.02555" lon="9.57353">
				<ele>247.60275268554688</ele>
				<time>2000-01-01T00:00:00Z</time>
			</trkpt>
			<trkpt lat="60.02565" lon="9.57374">
				<ele>246.3096923828125</ele>
				<time>2000-01-01T00:00:00Z</time>
			</trkpt>
			<trkpt lat="60.02576" lon="9.5739">
				<ele>245.09658813476562</ele>
				<time>2000-01-01T00:00:00Z</time>
			</trkpt>
			<trkpt lat="60.02590002963612" lon="9.574040031582218">
				<ele>243.6999969482422</ele>
				<time>2000-01-01T00:00:00Z</time>
			</trkpt>
			<trkpt lat="60.02612" lon="9.57426">
				<ele>241.4007110595703</ele>
				<time>2000-01-01T00:00:00Z</time>
			</trkpt>
			<trkpt lat="60.02636" lon="9.57454">
				<ele>238.80322265625</ele>
				<time>2000-01-01T00:00:00Z</time>
			</trkpt>
			<trkpt lat="60.02656" lon="9.57486">
				<ele>236.40907287597656</ele>
				<time>2000-01-01T00:00:00Z</time>
			</trkpt>
			<trkpt lat="60.02675" lon="9.57523">
				<ele>233.93016052246094</ele>
				<time>2000-01-01T00:00:00Z</time>
			</trkpt>
			<trkpt lat="60.02684248534361" lon="9.575385765779771">
				<ele>232.8000030517578</ele>
				<time>2000-01-01T00:00:00Z</time>
			</trkpt>
			<trkpt lat="60.02694" lon="9.57555">
				<ele>232.1987762451172</ele>
				<time>2000-01-01T00:00:00Z</time>
			</trkpt>
			<trkpt lat="60.02707" lon="9.57567">
				<ele>231.5233154296875</ele>
				<time>2000-01-01T00:00:00Z</time>
			</trkpt>
			<trkpt lat="60.02717" lon="9.57573">
				<ele>231.03076171875</ele>
				<time>2000-01-01T00:00:00Z</time>
			</trkpt>
			<trkpt lat="60.02749" lon="9.57587">
				<ele>229.48524475097656</ele>
				<time>2000-01-01T00:00:00Z</time>
			</trkpt>
			<trkpt lat="60.02757" lon="9.57592">
				<ele>229.08990478515625</ele>
				<time>2000-01-01T00:00:00Z</time>
			</trkpt>
			<trkpt lat="60.02765" lon="9.57599">
				<ele>228.67799377441406</ele>
				<time>2000-01-01T00:00:00Z</time>
			</trkpt>
			<trkpt lat="60.02771" lon="9.57607">
				<ele>228.33787536621094</ele>
				<time>2000-01-01T00:00:00Z</time>
			</trkpt>
			<trkpt lat="60.02778" lon="9.57619">
				<ele>227.9030303955078</ele>
				<time>2000-01-01T00:00:00Z</time>
			</trkpt>
			<trkpt lat="60.02785" lon="9.57638">
				<ele>227.3465576171875</ele>
				<time>2000-01-01T00:00:00Z</time>
			</trkpt>
			<trkpt lat="60.02785408209787" lon="9.576397962928318">
				<ele>227.3000030517578</ele>
				<time>2000-01-01T00:00:00Z</time>
			</trkpt>
			<trkpt lat="60.0279" lon="9.5766">
				<ele>226.5579833984375</ele>
				<time>2000-01-01T00:00:00Z</time>
			</trkpt>
			<trkpt lat="60.02801" lon="9.57726">
				<ele>224.23220825195312</ele>
				<time>2000-01-01T00:00:00Z</time>
			</trkpt>
			<trkpt lat="60.02812" lon="9.57761">
				<ele>222.85000610351562</ele>
				<time>2000-01-01T00:00:00Z</time>
			</trkpt>
			<trkpt lat="60.02822" lon="9.5778">
				<ele>221.92735290527344</ele>
				<time>2000-01-01T00:00:00Z</time>
			</trkpt>
			<trkpt lat="60.02833" lon="9.57796">
				<ele>221.0175018310547</ele>
				<time>2000-01-01T00:00:00Z</time>
			</trkpt>
			<trkpt lat="60.02852475237566" lon="9.578192622438875">
				<ele>219.5</ele>
				<time>2000-01-01T00:00:00Z</time>
			</trkpt>
			<trkpt lat="60.02869" lon="9.57839">
				<ele>218.5755615234375</ele>
				<time>2000-01-01T00:00:00Z</time>
			</trkpt>
			<trkpt lat="60.0294" lon="9.57957">
				<ele>214.14231872558594</ele>
				<time>2000-01-01T00:00:00Z</time>
			</trkpt>
			<trkpt lat="60.0294423007342" lon="9.579625002833692">
				<ele>213.89999389648438</ele>
				<time>2000-01-01T00:00:00Z</time>
			</trkpt>
			<trkpt lat="60.0299" lon="9.58022">
				<ele>210.01429748535156</ele>
				<time>2000-01-01T00:00:00Z</time>
			</trkpt>
			<trkpt lat="60.03044120951293" lon="9.580825421056433">
				<ele>205.60000610351562</ele>
				<time>2000-01-01T00:00:00Z</time>
			</trkpt>
			<trkpt lat="60.03049" lon="9.58088">
				<ele>205.13006591796875</ele>
				<time>2000-01-01T00:00:00Z</time>
			</trkpt>
			<trkpt lat="60.03093" lon="9.58143">
				<ele>200.76922607421875</ele>
				<time>2000-01-01T00:00:00Z</time>
			</trkpt>
			<trkpt lat="60.03106" lon="9.58154">
				<ele>199.58255004882812</ele>
				<time>2000-01-01T00:00:00Z</time>
			</trkpt>
			<trkpt lat="60.03118" lon="9.58161">
				<ele>198.53170776367188</ele>
				<time>2000-01-01T00:00:00Z</time>
			</trkpt>
			<trkpt lat="60.03128" lon="9.58165">
				<ele>197.6744842529297</ele>
				<time>2000-01-01T00:00:00Z</time>
			</trkpt>
			<trkpt lat="60.03148" lon="9.58168">
				<ele>195.98838806152344</ele>
				<time>2000-01-01T00:00:00Z</time>
			</trkpt>
			<trkpt lat="60.03150239473314" lon="9.581680799832926">
				<ele>195.8000030517578</ele>
				<time>2000-01-01T00:00:00Z</time>
			</trkpt>
			<trkpt lat="60.0326679333485" lon="9.581722211487858">
				<ele>188.8000030517578</ele>
				<time>2000-01-01T00:00:00Z</time>
			</trkpt>
			<trkpt lat="60.03345" lon="9.58175">
				<ele>183.2306365966797</ele>
				<time>2000-01-01T00:00:00Z</time>
			</trkpt>
			<trkpt lat="60.03358" lon="9.58174">
				<ele>182.30426025390625</ele>
				<time>2000-01-01T00:00:00Z</time>
			</trkpt>
			<trkpt lat="60.03381" lon="9.58166">
				<ele>180.64198303222656</ele>
				<time>2000-01-01T00:00:00Z</time>
			</trkpt>
			<trkpt lat="60.03382860184768" lon="9.581645531755766">
				<ele>180.5</ele>
				<time>2000-01-01T00:00:00Z</time>
			</trkpt>
			<trkpt lat="60.0339" lon="9.58159">
				<ele>180.05972290039062</ele>
				<time>2000-01-01T00:00:00Z</time>
			</trkpt>
			<trkpt lat="60.03426" lon="9.58126">
				<ele>177.7840576171875</ele>
				<time>2000-01-01T00:00:00Z</time>
			</trkpt>
			<trkpt lat="60.0344" lon="9.58117">
				<ele>176.9390411376953</ele>
				<time>2000-01-01T00:00:00Z</time>
			</trkpt>
			<trkpt lat="60.03452" lon="9.58113">
				<ele>176.2397918701172</ele>
				<time>2000-01-01T00:00:00Z</time>
			</trkpt>
			<trkpt lat="60.03465" lon="9.58113">
				<ele>175.4926300048828</ele>
				<time>2000-01-01T00:00:00Z</time>
			</trkpt>
			<trkpt lat="60.03474" lon="9.58116">
				<ele>174.96827697753906</ele>
				<time>2000-01-01T00:00:00Z</time>
			</trkpt>
			<trkpt lat="60.03484" lon="9.58122">
				<ele>174.36827087402344</ele>
				<time>2000-01-01T00:00:00Z</time>
			</trkpt>
			<trkpt lat="60.03492" lon="9.5813">
				<ele>173.85430908203125</ele>
				<time>2000-01-01T00:00:00Z</time>
			</trkpt>
			<trkpt lat="60.03492782611074" lon="9.581310555097273">
				<ele>173.8000030517578</ele>
				<time>2000-01-01T00:00:00Z</time>
			</trkpt>
			<trkpt lat="60.03541" lon="9.58196">
				<ele>168.76475524902344</ele>
				<time>2000-01-01T00:00:00Z</time>
			</trkpt>
			<trkpt lat="60.03555" lon="9.5821">
				<ele>167.4090118408203</ele>
				<time>2000-01-01T00:00:00Z</time>
			</trkpt>
			<trkpt lat="60.03588" lon="9.58239">
				<ele>164.28636169433594</ele>
				<time>2000-01-01T00:00:00Z</time>
			</trkpt>
			<trkpt lat="60.03593740830472" lon="9.582461760417285">
				<ele>163.6999969482422</ele>
				<time>2000-01-01T00:00:00Z</time>
			</trkpt>
			<trkpt lat="60.03596" lon="9.58249">
				<ele>163.58798217773438</ele>
				<time>2000-01-01T00:00:00Z</time>
			</trkpt>
			<trkpt lat="60.03604" lon="9.58264">
				<ele>163.12725830078125</ele>
				<time>2000-01-01T00:00:00Z</time>
			</trkpt>
			<trkpt lat="60.03609" lon="9.58282">
				<ele>162.69485473632812</ele>
				<time>2000-01-01T00:00:00Z</time>
			</trkpt>
			<trkpt lat="60.03613" lon="9.58311">
				<ele>162.06326293945312</ele>
				<time>2000-01-01T00:00:00Z</time>
			</trkpt>
			<trkpt lat="60.03616" lon="9.5834">
				<ele>161.4414520263672</ele>
				<time>2000-01-01T00:00:00Z</time>
			</trkpt>
			<trkpt lat="60.03623" lon="9.58458">
				<ele>158.94676208496094</ele>
				<time>2000-01-01T00:00:00Z</time>
			</trkpt>
			<trkpt lat="60.03623785656916" lon="9.584648093232834">
				<ele>158.8000030517578</ele>
				<time>2000-01-01T00:00:00Z</time>
			</trkpt>
			<trkpt lat="60.03626" lon="9.58484">
				<ele>158.09104919433594</ele>
				<time>2000-01-01T00:00:00Z</time>
			</trkpt>
			<trkpt lat="60.03631" lon="9.58506">
				<ele>157.22113037109375</ele>
				<time>2000-01-01T00:00:00Z</time>
			</trkpt>
			<trkpt lat="60.03639" lon="9.58529">
				<ele>156.21253967285156</ele>
				<time>2000-01-01T00:00:00Z</time>
			</trkpt>
			<trkpt lat="60.03649" lon="9.58551">
				<ele>155.141845703125</ele>
				<time>2000-01-01T00:00:00Z</time>
			</trkpt>
			<trkpt lat="60.03699130891885" lon="9.58636358734218">
				<ele>150.39999389648438</ele>
				<time>2000-01-01T00:00:00Z</time>
			</trkpt>
			<trkpt lat="60.03723" lon="9.58677">
				<ele>148.4915771484375</ele>
				<time>2000-01-01T00:00:00Z</time>
			</trkpt>
			<trkpt lat="60.03747" lon="9.58724">
				<ele>146.4468994140625</ele>
				<time>2000-01-01T00:00:00Z</time>
			</trkpt>
			<trkpt lat="60.03757" lon="9.58749">
				<ele>145.4724884033203</ele>
				<time>2000-01-01T00:00:00Z</time>
			</trkpt>
			<trkpt lat="60.03769" lon="9.58789">
				<ele>144.05308532714844</ele>
				<time>2000-01-01T00:00:00Z</time>
			</trkpt>
			<trkpt lat="60.037719328841334" lon="9.588130499646205">
				<ele>143.3000030517578</ele>
				<time>2000-01-01T00:00:00Z</time>
			</trkpt>
			<trkpt lat="60.03774" lon="9.5883">
				<ele>142.597412109375</ele>
				<time>2000-01-01T00:00:00Z</time>
			</trkpt>
			<trkpt lat="60.0378" lon="9.58889">
				<ele>140.17254638671875</ele>
				<time>2000-01-01T00:00:00Z</time>
			</trkpt>
			<trkpt lat="60.03786" lon="9.58925">
				<ele>138.6441192626953</ele>
				<time>2000-01-01T00:00:00Z</time>
			</trkpt>
			<trkpt lat="60.03793" lon="9.58946">
				<ele>137.62722778320312</ele>
				<time>2000-01-01T00:00:00Z</time>
			</trkpt>
			<trkpt lat="60.03805" lon="9.58974">
				<ele>136.14137268066406</ele>
				<time>2000-01-01T00:00:00Z</time>
			</trkpt>
			<trkpt lat="60.03819" lon="9.58995">
				<ele>134.7308807373047</ele>
				<time>2000-01-01T00:00:00Z</time>
			</trkpt>
			<trkpt lat="60.03827466553779" lon="9.590067591672423">
				<ele>133.89999389648438</ele>
				<time>2000-01-01T00:00:00Z</time>
			</trkpt>
			<trkpt lat="60.03837" lon="9.5902">
				<ele>133.0439453125</ele>
				<time>2000-01-01T00:00:00Z</time>
			</trkpt>
			<trkpt lat="60.03857" lon="9.59042">
				<ele>131.3605499267578</ele>
				<time>2000-01-01T00:00:00Z</time>
			</trkpt>
			<trkpt lat="60.03933711938871" lon="9.59100837530723">
				<ele>125.30000305175781</ele>
				<time>2000-01-01T00:00:00Z</time>
			</trkpt>
			<trkpt lat="60.0396" lon="9.59121">
				<ele>123.63375854492188</ele>
				<time>2000-01-01T00:00:00Z</time>
			</trkpt>
			<trkpt lat="60.03975" lon="9.5913">
				<ele>122.70697784423828</ele>
				<time>2000-01-01T00:00:00Z</time>
			</trkpt>
			<trkpt lat="60.03995" lon="9.59138">
				<ele>121.49971008300781</ele>
				<time>2000-01-01T00:00:00Z</time>
			</trkpt>
			<trkpt lat="60.04011" lon="9.59139">
				<ele>120.55215454101562</ele>
				<time>2000-01-01T00:00:00Z</time>
			</trkpt>
			<trkpt lat="60.04029" lon="9.59136">
				<ele>119.48307037353516</ele>
				<time>2000-01-01T00:00:00Z</time>
			</trkpt>
			<trkpt lat="60.040470031949404" lon="9.591294533817102">
				<ele>118.4000015258789</ele>
				<time>2000-01-01T00:00:00Z</time>
			</trkpt>
			<trkpt lat="60.04051" lon="9.59128">
				<ele>117.99237823486328</ele>
				<time>2000-01-01T00:00:00Z</time>
			</trkpt>
			<trkpt lat="60.04103" lon="9.59103">
				<ele>112.62461853027344</ele>
				<time>2000-01-01T00:00:00Z</time>
			</trkpt>
			<trkpt lat="60.04108" lon="9.59098">
				<ele>112.06391906738281</ele>
				<time>2000-01-01T00:00:00Z</time>
			</trkpt>
			<trkpt lat="60.04101" lon="9.59072">
				<ele>110.5833740234375</ele>
				<time>2000-01-01T00:00:00Z</time>
			</trkpt>
			<trkpt lat="60.04105" lon="9.59066">
				<ele>110.08161163330078</ele>
				<time>2000-01-01T00:00:00Z</time>
			</trkpt>
			<trkpt lat="60.041341453533384" lon="9.590321537784064">
				<ele>106.69999694824219</ele>
				<time>2000-01-01T00:00:00Z</time>
			</trkpt>
			<trkpt lat="60.04136" lon="9.5903">
				<ele>106.68528747558594</ele>
				<time>2000-01-01T00:00:00Z</time>
			</trkpt>
			<trkpt lat="60.04194" lon="9.58968">
				<ele>106.23409271240234</ele>
				<time>2000-01-01T00:00:00Z</time>
			</trkpt>
			<trkpt lat="60.04205" lon="9.58958">
				<ele>106.15119171142578</ele>
				<time>2000-01-01T00:00:00Z</time>
			</trkpt>
			<trkpt lat="60.04213" lon="9.58954">
				<ele>106.09459686279297</ele>
				<time>2000-01-01T00:00:00Z</time>
			</trkpt>
			<trkpt lat="60.04219" lon="9.58954">
				<ele>106.05342102050781</ele>
				<time>2000-01-01T00:00:00Z</time>
			</trkpt>
			<trkpt lat="60.04222812093753" lon="9.589098866940702">
				<ele>105.9000015258789</ele>
				<time>2000-01-01T00:00:00Z</time>
			</trkpt>
			<trkpt lat="60.04226" lon="9.58873">
				<ele>106.2528076171875</ele>
				<time>2000-01-01T00:00:00Z</time>
			</trkpt>
			<trkpt lat="60.04236" lon="9.58807">
				<ele>106.90283203125</ele>
				<time>2000-01-01T00:00:00Z</time>
			</trkpt>
			<trkpt lat="60.04262649217709" lon="9.586917233243414">
				<ele>108.0999984741211</ele>
				<time>2000-01-01T00:00:00Z</time>
			</trkpt>
			<trkpt lat="60.04279" lon="9.58621">
				<ele>109.83602142333984</ele>
				<time>2000-01-01T00:00:00Z</time>
			</trkpt>
			<trkpt lat="60.04285" lon="9.58599">
				<ele>110.39439392089844</ele>
				<time>2000-01-01T00:00:00Z</time>
			</trkpt>
			<trkpt lat="60.04295" lon="9.58577">
				<ele>111.05721282958984</ele>
				<time>2000-01-01T00:00:00Z</time>
			</trkpt>
			<trkpt lat="60.04303" lon="9.58567">
				<ele>111.47781372070312</ele>
				<time>2000-01-01T00:00:00Z</time>
			</trkpt>
			<trkpt lat="60.04315" lon="9.58557">
				<ele>112.05757141113281</ele>
				<time>2000-01-01T00:00:00Z</time>
			</trkpt>
			<trkpt lat="60.04341728692196" lon="9.585413314548434">
				<ele>113.30000305175781</ele>
				<time>2000-01-01T00:00:00Z</time>
			</trkpt>
			<trkpt lat="60.04344" lon="9.5854">
				<ele>113.38929748535156</ele>
				<time>2000-01-01T00:00:00Z</time>
			</trkpt>
			<trkpt lat="60.04414" lon="9.58502">
				<ele>116.1268539428711</ele>
				<time>2000-01-01T00:00:00Z</time>
			</trkpt>
			<trkpt lat="60.04443" lon="9.58484">
				<ele>117.27278137207031</ele>
				<time>2000-01-01T00:00:00Z</time>
			</trkpt>
			<trkpt lat="60.044534936759774" lon="9.584755050857554">
				<ele>117.69999694824219</ele>
				<time>2000-01-01T00:00:00Z</time>
			</trkpt>
			<trkpt lat="60.04464" lon="9.58467">
				<ele>117.72916412353516</ele>
				<time>2000-01-01T00:00:00Z</time>
			</trkpt>
			<trkpt lat="60.04483" lon="9.58443">
				<ele>117.78697204589844</ele>
				<time>2000-01-01T00:00:00Z</time>
			</trkpt>
			<trkpt lat="60.04494" lon="9.58427">
				<ele>117.82196044921875</ele>
				<time>2000-01-01T00:00:00Z</time>
			</trkpt>
			<trkpt lat="60.04523" lon="9.58376">
				<ele>117.9212875366211</ele>
				<time>2000-01-01T00:00:00Z</time>
			</trkpt>
			<trkpt lat="60.04538" lon="9.58338">
				<ele>117.9835433959961</ele>
				<time>2000-01-01T00:00:00Z</time>
			</trkpt>
			<trkpt lat="60.045411680709464" lon="9.583268695033711">
				<ele>118.0</ele>
				<time>2000-01-01T00:00:00Z</time>
			</trkpt>
			<trkpt lat="60.04585" lon="9.58173">
				<ele>116.25479125976562</ele>
				<time>2000-01-01T00:00:00Z</time>
			</trkpt>
			<trkpt lat="60.04593" lon="9.58149">
				<ele>115.97054290771484</ele>
				<time>2000-01-01T00:00:00Z</time>
			</trkpt>
			<trkpt lat="60.046027020286516" lon="9.581295959368521">
				<ele>115.69999694824219</ele>
				<time>2000-01-01T00:00:00Z</time>
			</trkpt>
			<trkpt lat="60.04604" lon="9.58127">
				<ele>115.6480712890625</ele>
				<time>2000-01-01T00:00:00Z</time>
			</trkpt>
			<trkpt lat="60.04615" lon="9.58107">
				<ele>115.22753143310547</ele>
				<time>2000-01-01T00:00:00Z</time>
			</trkpt>
			<trkpt lat="60.04642" lon="9.58071">
				<ele>114.30924987792969</ele>
				<time>2000-01-01T00:00:00Z</time>
			</trkpt>
			<trkpt lat="60.04659" lon="9.58044">
				<ele>113.69506072998047</ele>
				<time>2000-01-01T00:00:00Z</time>
			</trkpt>
			<trkpt lat="60.04678" lon="9.57999">
				<ele>112.86204528808594</ele>
				<time>2000-01-01T00:00:00Z</time>
			</trkpt>
			<trkpt lat="60.046872461875836" lon="9.57972064814928">
				<ele>112.4000015258789</ele>
				<time>2000-01-01T00:00:00Z</time>
			</trkpt>
			<trkpt lat="60.04701" lon="9.57932">
				<ele>111.33789825439453</ele>
				<time>2000-01-01T00:00:00Z</time>
			</trkpt>
			<trkpt lat="60.04713" lon="9.57907">
				<ele>110.58038330078125</ele>
				<time>2000-01-01T00:00:00Z</time>
			</trkpt>
			<trkpt lat="60.04736" lon="9.57875">
				<ele>109.3552017211914</ele>
				<time>2000-01-01T00:00:00Z</time>
			</trkpt>
			<trkpt lat="60.04774" lon="9.57836">
				<ele>107.48709869384766</ele>
				<time>2000-01-01T00:00:00Z</time>
			</trkpt>
			<trkpt lat="60.047776697648864" lon="9.578315962160174">
				<ele>107.30000305175781</ele>
				<time>2000-01-01T00:00:00Z</time>
			</trkpt>
			<trkpt lat="60.04789" lon="9.57818">
				<ele>107.1980209350586</ele>
				<time>2000-01-01T00:00:00Z</time>
			</trkpt>
			<trkpt lat="60.04838" lon="9.5773">
				<ele>106.68989562988281</ele>
				<time>2000-01-01T00:00:00Z</time>
			</trkpt>
			<trkpt lat="60.04856" lon="9.57703">
				<ele>106.51627349853516</ele>
				<time>2000-01-01T00:00:00Z</time>
			</trkpt>
			<trkpt lat="60.04866790182881" lon="9.576819590179852">
				<ele>106.4000015258789</ele>
				<time>2000-01-01T00:00:00Z</time>
			</trkpt>
			<trkpt lat="60.04876" lon="9.57664">
				<ele>106.34486389160156</ele>
				<time>2000-01-01T00:00:00Z</time>
			</trkpt>
			<trkpt lat="60.04886" lon="9.57642">
				<ele>106.2811508178711</ele>
				<time>2000-01-01T00:00:00Z</time>
			</trkpt>
			<trkpt lat="60.04896" lon="9.57612">
				<ele>106.20390319824219</ele>
				<time>2000-01-01T00:00:00Z</time>
			</trkpt>
			<trkpt lat="60.0491" lon="9.57555">
				<ele>106.06786346435547</ele>
				<time>2000-01-01T00:00:00Z</time>
			</trkpt>
			<trkpt lat="60.04921260730222" lon="9.574799249252958">
				<ele>105.9000015258789</ele>
				<time>2000-01-01T00:00:00Z</time>
			</trkpt>
			<trkpt lat="60.04931" lon="9.57415">
				<ele>109.00652313232422</ele>
				<time>2000-01-01T00:00:00Z</time>
			</trkpt>
			<trkpt lat="60.04937" lon="9.57394">
				<ele>110.11558532714844</ele>
				<time>2000-01-01T00:00:00Z</time>
			</trkpt>
			<trkpt lat="60.04945" lon="9.57377">
				<ele>111.18606567382812</ele>
				<time>2000-01-01T00:00:00Z</time>
			</trkpt>
			<trkpt lat="60.04956" lon="9.57364">
				<ele>112.35826110839844</ele>
				<time>2000-01-01T00:00:00Z</time>
			</trkpt>
			<trkpt lat="60.04963" lon="9.5736">
				<ele>113.02632141113281</ele>
				<time>2000-01-01T00:00:00Z</time>
			</trkpt>
			<trkpt lat="60.04977" lon="9.57356">
				<ele>114.32447814941406</ele>
				<time>2000-01-01T00:00:00Z</time>
			</trkpt>
			<trkpt lat="60.04988" lon="9.57357">
				<ele>115.3353271484375</ele>
				<time>2000-01-01T00:00:00Z</time>
			</trkpt>
			<trkpt lat="60.050016307762824" lon="9.573610387651">
				<ele>116.5999984741211</ele>
				<time>2000-01-01T00:00:00Z</time>
			</trkpt>
			<trkpt lat="60.05015" lon="9.57365">
				<ele>116.80867767333984</ele>
				<time>2000-01-01T00:00:00Z</time>
			</trkpt>
			<trkpt lat="60.05034" lon="9.57368">
				<ele>117.10297393798828</ele>
				<time>2000-01-01T00:00:00Z</time>
			</trkpt>
			<trkpt lat="60.05051" lon="9.57367">
				<ele>117.36561584472656</ele>
				<time>2000-01-01T00:00:00Z</time>
			</trkpt>
			<trkpt lat="60.05061" lon="9.57364">
				<ele>117.521728515625</ele>
				<time>2000-01-01T00:00:00Z</time>
			</trkpt>
			<trkpt lat="60.05083" lon="9.57356">
				<ele>117.86698150634766</ele>
				<time>2000-01-01T00:00:00Z</time>
			</trkpt>
			<trkpt lat="60.05099" lon="9.57347">
				<ele>118.12361907958984</ele>
				<time>2000-01-01T00:00:00Z</time>
			</trkpt>
			<trkpt lat="60.05111" lon="9.57337">
				<ele>118.32431030273438</ele>
				<time>2000-01-01T00:00:00Z</time>
			</trkpt>
			<trkpt lat="60.05115399254825" lon="9.573326741986046">
				<ele>118.4000015258789</ele>
				<time>2000-01-01T00:00:00Z</time>
			</trkpt>
			<trkpt lat="60.0517" lon="9.57279">
				<ele>117.56521606445312</ele>
				<time>2000-01-01T00:00:00Z</time>
			</trkpt>
			<trkpt lat="60.0522134499896" lon="9.572354872622503">
				<ele>116.80000305175781</ele>
				<time>2000-01-01T00:00:00Z</time>
			</trkpt>
			<trkpt lat="60.05229" lon="9.57229">
				<ele>116.75008392333984</ele>
				<time>2000-01-01T00:00:00Z</time>
			</trkpt>
			<trkpt lat="60.05259" lon="9.57201">
				<ele>116.55134582519531</ele>
				<time>2000-01-01T00:00:00Z</time>
			</trkpt>
			<trkpt lat="60.05286" lon="9.57168">
				<ele>116.36139678955078</ele>
				<time>2000-01-01T00:00:00Z</time>
			</trkpt>
			<trkpt lat="60.05311" lon="9.57129">
				<ele>116.17113494873047</ele>
				<time>2000-01-01T00:00:00Z</time>
			</trkpt>
			<trkpt lat="60.05319602711896" lon="9.571126889149886">
				<ele>116.0999984741211</ele>
				<time>2000-01-01T00:00:00Z</time>
			</trkpt>
			<trkpt lat="60.05359" lon="9.57038">
				<ele>116.053466796875</ele>
				<time>2000-01-01T00:00:00Z</time>
			</trkpt>
			<trkpt lat="60.05379" lon="9.56995">
				<ele>116.0282974243164</ele>
				<time>2000-01-01T00:00:00Z</time>
			</trkpt>
			<trkpt lat="60.05400168786491" lon="9.569443092523418">
				<ele>116.0</ele>
				<time>2000-01-01T00:00:00Z</time>
			</trkpt>
			<trkpt lat="60.0545" lon="9.56825">
				<ele>115.40043640136719</ele>
				<time>2000-01-01T00:00:00Z</time>
			</trkpt>
			<trkpt lat="60.05462" lon="9.56802">
				<ele>115.27222442626953</ele>
				<time>2000-01-01T00:00:00Z</time>
			</trkpt>
			<trkpt lat="60.05478" lon="9.56779">
				<ele>115.12017059326172</ele>
				<time>2000-01-01T00:00:00Z</time>
			</trkpt>
			<trkpt lat="60.05480283211281" lon="9.567764500887208">
				<ele>115.0999984741211</ele>
				<time>2000-01-01T00:00:00Z</time>
			</trkpt>
			<trkpt lat="60.05547" lon="9.56702">
				<ele>114.64139556884766</ele>
				<time>2000-01-01T00:00:00Z</time>
			</trkpt>
			<trkpt lat="60.05580960968549" lon="9.566589077068278">
				<ele>114.4000015258789</ele>
				<time>2000-01-01T00:00:00Z</time>
			</trkpt>
			<trkpt lat="60.0564" lon="9.56584">
				<ele>115.17933654785156</ele>
				<time>2000-01-01T00:00:00Z</time>
			</trkpt>
			<trkpt lat="60.05679840546814" lon="9.565352294573865">
				<ele>115.69999694824219</ele>
				<time>2000-01-01T00:00:00Z</time>
			</trkpt>
			<trkpt lat="60.05698" lon="9.56513">
				<ele>116.1746826171875</ele>
				<time>2000-01-01T00:00:00Z</time>
			</trkpt>
			<trkpt lat="60.05739" lon="9.5646">
				<ele>117.26299285888672</ele>
				<time>2000-01-01T00:00:00Z</time>
			</trkpt>
			<trkpt lat="60.05766" lon="9.56426">
				<ele>117.9742431640625</ele>
				<time>2000-01-01T00:00:00Z</time>
			</trkpt>
			<trkpt lat="60.05778984896723" lon="9.564126106747214">
				<ele>118.30000305175781</ele>
				<time>2000-01-01T00:00:00Z</time>
			</trkpt>
			<trkpt lat="60.05863" lon="9.56326">
				<ele>121.70418548583984</ele>
				<time>2000-01-01T00:00:00Z</time>
			</trkpt>
			<trkpt lat="60.05875" lon="9.56311">
				<ele>122.2137451171875</ele>
				<time>2000-01-01T00:00:00Z</time>
			</trkpt>
			<trkpt lat="60.05881497470318" lon="9.563018428176738">
				<ele>122.5</ele>
				<time>2000-01-01T00:00:00Z</time>
			</trkpt>
			<trkpt lat="60.05968" lon="9.5618">
				<ele>122.77213287353516</ele>
				<time>2000-01-01T00:00:00Z</time>
			</trkpt>
			<trkpt lat="60.059770617428995" lon="9.561681194269813">
				<ele>122.80000305175781</ele>
				<time>2000-01-01T00:00:00Z</time>
			</trkpt>
			<trkpt lat="60.06074624697806" lon="9.560402847440256">
				<ele>119.30000305175781</ele>
				<time>2000-01-01T00:00:00Z</time>
			</trkpt>
			<trkpt lat="60.06084" lon="9.56028">
				<ele>119.05018615722656</ele>
				<time>2000-01-01T00:00:00Z</time>
			</trkpt>
			<trkpt lat="60.06136" lon="9.55964">
				<ele>117.68896484375</ele>
				<time>2000-01-01T00:00:00Z</time>
			</trkpt>
			<trkpt lat="60.06171" lon="9.55912">
				<ele>116.71712493896484</ele>
				<time>2000-01-01T00:00:00Z</time>
			</trkpt>
			<trkpt lat="60.06189" lon="9.55879">
				<ele>116.49730682373047</ele>
				<time>2000-01-01T00:00:00Z</time>
			</trkpt>
			<trkpt lat="60.06207" lon="9.55831">
				<ele>116.240234375</ele>
				<time>2000-01-01T00:00:00Z</time>
			</trkpt>
			<trkpt lat="60.0622" lon="9.55787">
				<ele>116.02133178710938</ele>
				<time>2000-01-01T00:00:00Z</time>
			</trkpt>
			<trkpt lat="60.062367765409746" lon="9.557198922436594">
				<ele>115.69999694824219</ele>
				<time>2000-01-01T00:00:00Z</time>
			</trkpt>
			<trkpt lat="60.0625" lon="9.55667">
				<ele>114.53501892089844</ele>
				<time>2000-01-01T00:00:00Z</time>
			</trkpt>
			<trkpt lat="60.06261" lon="9.55633">
				<ele>113.73703002929688</ele>
				<time>2000-01-01T00:00:00Z</time>
			</trkpt>
			<trkpt lat="60.06300598028862" lon="9.55525130482302">
				<ele>111.0999984741211</ele>
				<time>2000-01-01T00:00:00Z</time>
			</trkpt>
			<trkpt lat="60.06366" lon="9.55347">
				<ele>107.1236801147461</ele>
				<time>2000-01-01T00:00:00Z</time>
			</trkpt>
			<trkpt lat="60.063696186681156" lon="9.553368941046013">
				<ele>106.9000015258789</ele>
				<time>2000-01-01T00:00:00Z</time>
			</trkpt>
			<trkpt lat="60.06428" lon="9.55174">
				<ele>105.44049835205078</ele>
				<time>2000-01-01T00:00:00Z</time>
			</trkpt>
			<trkpt lat="60.06436" lon="9.55145">
				<ele>105.20127868652344</ele>
				<time>2000-01-01T00:00:00Z</time>
			</trkpt>
			<trkpt lat="60.06441" lon="9.55121">
				<ele>105.56871032714844</ele>
				<time>2000-01-01T00:00:00Z</time>
			</trkpt>
			<trkpt lat="60.06464" lon="9.5498">
				<ele>107.6643295288086</ele>
				<time>2000-01-01T00:00:00Z</time>
			</trkpt>
			<trkpt lat="60.06472" lon="9.54947">
				<ele>108.18262481689453</ele>
				<time>2000-01-01T00:00:00Z</time>
			</trkpt>
			<trkpt lat="60.064776570165115" lon="9.549276044959043">
				<ele>108.5</ele>
				<time>2000-01-01T00:00:00Z</time>
			</trkpt>
			<trkpt lat="60.06479" lon="9.54923">
				<ele>108.5319595336914</ele>
				<time>2000-01-01T00:00:00Z</time>
			</trkpt>
			<trkpt lat="60.06488" lon="9.54904">
				<ele>108.68896484375</ele>
				<time>2000-01-01T00:00:00Z</time>
			</trkpt>
			<trkpt lat="60.06503" lon="9.5488">
				<ele>108.91947937011719</ele>
				<time>2000-01-01T00:00:00Z</time>
			</trkpt>
			<trkpt lat="60.06514" lon="9.5487">
				<ele>109.06454467773438</ele>
				<time>2000-01-01T00:00:00Z</time>
			</trkpt>
			<trkpt lat="60.06561" lon="9.54834">
				<ele>109.66881561279297</ele>
				<time>2000-01-01T00:00:00Z</time>
			</trkpt>
			<trkpt lat="60.06571" lon="9.54823">
				<ele>109.80583190917969</ele>
				<time>2000-01-01T00:00:00Z</time>
			</trkpt>
			<trkpt lat="60.06577208882976" lon="9.5481340443229">
				<ele>109.9000015258789</ele>
				<time>2000-01-01T00:00:00Z</time>
			</trkpt>
			<trkpt lat="60.06582" lon="9.54806">
				<ele>110.09728240966797</ele>
				<time>2000-01-01T00:00:00Z</time>
			</trkpt>
			<trkpt lat="60.06591" lon="9.54782">
				<ele>110.58561706542969</ele>
				<time>2000-01-01T00:00:00Z</time>
			</trkpt>
			<trkpt lat="60.06622" lon="9.54665">
				<ele>112.74042510986328</ele>
				<time>2000-01-01T00:00:00Z</time>
			</trkpt>
			<trkpt lat="60.06632" lon="9.54632">
				<ele>113.36851501464844</ele>
				<time>2000-01-01T00:00:00Z</time>
			</trkpt>
			<trkpt lat="60.06638447214991" lon="9.546162401200474">
				<ele>113.69999694824219</ele>
				<time>2000-01-01T00:00:00Z</time>
			</trkpt>
			<trkpt lat="60.06641" lon="9.5461">
				<ele>113.81053161621094</ele>
				<time>2000-01-01T00:00:00Z</time>
			</trkpt>
			<trkpt lat="60.0666" lon="9.5457">
				<ele>114.5669937133789</ele>
				<time>2000-01-01T00:00:00Z</time>
			</trkpt>
			<trkpt lat="60.06721533813643" lon="9.54452526261596">
				<ele>116.9000015258789</ele>
				<time>2000-01-01T00:00:00Z</time>
			</trkpt>
			<trkpt lat="60.06726" lon="9.54444">
				<ele>117.16464233398438</ele>
				<time>2000-01-01T00:00:00Z</time>
			</trkpt>
			<trkpt lat="60.06765" lon="9.54379">
				<ele>119.34017181396484</ele>
				<time>2000-01-01T00:00:00Z</time>
			</trkpt>
			<trkpt lat="60.06781" lon="9.54359">
				<ele>120.14899444580078</ele>
				<time>2000-01-01T00:00:00Z</time>
			</trkpt>
			<trkpt lat="60.06789" lon="9.5435">
				<ele>120.54252624511719</ele>
				<time>2000-01-01T00:00:00Z</time>
			</trkpt>
			<trkpt lat="60.06815" lon="9.54331">
				<ele>121.72953796386719</ele>
				<time>2000-01-01T00:00:00Z</time>
			</trkpt>
			<trkpt lat="60.06818782531133" lon="9.543285584955283">
				<ele>121.9000015258789</ele>
				<time>2000-01-01T00:00:00Z</time>
			</trkpt>
			<trkpt lat="60.06922" lon="9.54262">
				<ele>128.87628173828125</ele>
				<time>2000-01-01T00:00:00Z</time>
			</trkpt>
			<trkpt lat="60.06929560130016" lon="9.542559518793375">
				<ele>129.39999389648438</ele>
				<time>2000-01-01T00:00:00Z</time>
			</trkpt>
			<trkpt lat="60.06937" lon="9.5425">
				<ele>129.61990356445312</ele>
				<time>2000-01-01T00:00:00Z</time>
			</trkpt>
			<trkpt lat="60.06979" lon="9.54207">
				<ele>130.9145050048828</ele>
				<time>2000-01-01T00:00:00Z</time>
			</trkpt>
			<trkpt lat="60.06997" lon="9.54186">
				<ele>131.48631286621094</ele>
				<time>2000-01-01T00:00:00Z</time>
			</trkpt>
			<trkpt lat="60.07029913638264" lon="9.541384549249997">
				<ele>132.60000610351562</ele>
				<time>2000-01-01T00:00:00Z</time>
			</trkpt>
			<trkpt lat="60.07096" lon="9.54043">
				<ele>133.15904235839844</ele>
				<time>2000-01-01T00:00:00Z</time>
			</trkpt>
			<trkpt lat="60.071266643438186" lon="9.54008728075992">
				<ele>133.39999389648438</ele>
				<time>2000-01-01T00:00:00Z</time>
			</trkpt>
			<trkpt lat="60.0713" lon="9.54005">
				<ele>133.39999389648438</ele>
				<time>2000-01-01T00:00:00Z</time>
			</trkpt>
			<trkpt lat="60.0717" lon="9.53971">
				<ele>133.39999389648438</ele>
				<time>2000-01-01T00:00:00Z</time>
			</trkpt>
			<trkpt lat="60.072354641477105" lon="9.539253992713899">
				<ele>133.39999389648438</ele>
				<time>2000-01-01T00:00:00Z</time>
			</trkpt>
			<trkpt lat="60.07315" lon="9.5387">
				<ele>132.74990844726562</ele>
				<time>2000-01-01T00:00:00Z</time>
			</trkpt>
			<trkpt lat="60.07345028262002" lon="9.538457836588298">
				<ele>132.5</ele>
				<time>2000-01-01T00:00:00Z</time>
			</trkpt>
			<trkpt lat="60.07346" lon="9.53845">
				<ele>132.51170349121094</ele>
				<time>2000-01-01T00:00:00Z</time>
			</trkpt>
			<trkpt lat="60.07368" lon="9.53823">
				<ele>132.7858428955078</ele>
				<time>2000-01-01T00:00:00Z</time>
			</trkpt>
			<trkpt lat="60.07379" lon="9.5381">
				<ele>132.9282684326172</ele>
				<time>2000-01-01T00:00:00Z</time>
			</trkpt>
			<trkpt lat="60.07396" lon="9.53779">
				<ele>133.18455505371094</ele>
				<time>2000-01-01T00:00:00Z</time>
			</trkpt>
			<trkpt lat="60.07411" lon="9.53746">
				<ele>133.43295288085938</ele>
				<time>2000-01-01T00:00:00Z</time>
			</trkpt>
			<trkpt lat="60.07426" lon="9.537">
				<ele>133.73870849609375</ele>
				<time>2000-01-01T00:00:00Z</time>
			</trkpt>
			<trkpt lat="60.07428402155327" lon="9.536900908685057">
				<ele>133.8000030517578</ele>
				<time>2000-01-01T00:00:00Z</time>
			</trkpt>
			<trkpt lat="60.07434" lon="9.53667">
				<ele>134.01976013183594</ele>
				<time>2000-01-01T00:00:00Z</time>
			</trkpt>
			<trkpt lat="60.07459" lon="9.5353">
				<ele>135.26834106445312</ele>
				<time>2000-01-01T00:00:00Z</time>
			</trkpt>
			<trkpt lat="60.07471" lon="9.53488">
				<ele>135.68258666992188</ele>
				<time>2000-01-01T00:00:00Z</time>
			</trkpt>
			<trkpt lat="60.07475246947571" lon="9.534772408074614">
				<ele>135.8000030517578</ele>
				<time>2000-01-01T00:00:00Z</time>
			</trkpt>
			<trkpt lat="60.07486" lon="9.5345">
				<ele>135.8446044921875</ele>
				<time>2000-01-01T00:00:00Z</time>
			</trkpt>
			<trkpt lat="60.07551791456329" lon="9.533010686453851">
				<ele>136.10000610351562</ele>
				<time>2000-01-01T00:00:00Z</time>
			</trkpt>
			<trkpt lat="60.07615" lon="9.53158">
				<ele>136.4271240234375</ele>
				<time>2000-01-01T00:00:00Z</time>
			</trkpt>
			<trkpt lat="60.076287415489205" lon="9.531255444359731">
				<ele>136.5</ele>
				<time>2000-01-01T00:00:00Z</time>
			</trkpt>
			<trkpt lat="60.07662" lon="9.53047">
				<ele>136.5881805419922</ele>
				<time>2000-01-01T00:00:00Z</time>
			</trkpt>
			<trkpt lat="60.07673" lon="9.53024">
				<ele>136.61544799804688</ele>
				<time>2000-01-01T00:00:00Z</time>
			</trkpt>
			<trkpt lat="60.0769" lon="9.52995">
				<ele>136.65374755859375</ele>
				<time>2000-01-01T00:00:00Z</time>
			</trkpt>
			<trkpt lat="60.07704" lon="9.52974">
				<ele>136.68374633789062</ele>
				<time>2000-01-01T00:00:00Z</time>
			</trkpt>
			<trkpt lat="60.07712088341412" lon="9.52964114193918">
				<ele>136.6999969482422</ele>
				<time>2000-01-01T00:00:00Z</time>
			</trkpt>
			<trkpt lat="60.07722" lon="9.52952">
				<ele>136.46102905273438</ele>
				<time>2000-01-01T00:00:00Z</time>
			</trkpt>
			<trkpt lat="60.07772" lon="9.52898">
				<ele>135.29168701171875</ele>
				<time>2000-01-01T00:00:00Z</time>
			</trkpt>
			<trkpt lat="60.078147422719056" lon="9.52853470277681">
				<ele>134.3000030517578</ele>
				<time>2000-01-01T00:00:00Z</time>
			</trkpt>
			<trkpt lat="60.079181824554915" lon="9.527457262818999">
				<ele>128.6999969482422</ele>
				<time>2000-01-01T00:00:00Z</time>
			</trkpt>
			<trkpt lat="60.0794" lon="9.52723">
				<ele>128.13055419921875</ele>
				<time>2000-01-01T00:00:00Z</time>
			</trkpt>
			<trkpt lat="60.07974" lon="9.52677">
				<ele>127.18049621582031</ele>
				<time>2000-01-01T00:00:00Z</time>
			</trkpt>
			<trkpt lat="60.07991" lon="9.52648">
				<ele>126.66351318359375</ele>
				<time>2000-01-01T00:00:00Z</time>
			</trkpt>
			<trkpt lat="60.08006" lon="9.52617">
				<ele>126.16455078125</ele>
				<time>2000-01-01T00:00:00Z</time>
			</trkpt>
			<trkpt lat="60.08010321749136" lon="9.526056967770923">
				<ele>126.0</ele>
				<time>2000-01-01T00:00:00Z</time>
			</trkpt>
			<trkpt lat="60.08019" lon="9.52583">
				<ele>126.2569808959961</ele>
				<time>2000-01-01T00:00:00Z</time>
			</trkpt>
			<trkpt lat="60.08033" lon="9.52531">
				<ele>126.78795623779297</ele>
				<time>2000-01-01T00:00:00Z</time>
			</trkpt>
			<trkpt lat="60.08042" lon="9.52473">
				<ele>127.33377075195312</ele>
				<time>2000-01-01T00:00:00Z</time>
			</trkpt>
			<trkpt lat="60.08045" lon="9.52437">
				<ele>127.6617202758789</ele>
				<time>2000-01-01T00:00:00Z</time>
			</trkpt>
			<trkpt lat="60.08046677854508" lon="9.523883415301079">
				<ele>128.10000610351562</ele>
				<time>2000-01-01T00:00:00Z</time>
			</trkpt>
			<trkpt lat="60.08047" lon="9.52379">
				<ele>128.1841278076172</ele>
				<time>2000-01-01T00:00:00Z</time>
			</trkpt>
			<trkpt lat="60.0804" lon="9.52215">
				<ele>129.6632080078125</ele>
				<time>2000-01-01T00:00:00Z</time>
			</trkpt>
			<trkpt lat="60.08041" lon="9.52171">
				<ele>130.05892944335938</ele>
				<time>2000-01-01T00:00:00Z</time>
			</trkpt>
			<trkpt lat="60.0804244624569" lon="9.52155573047559">
				<ele>130.1999969482422</ele>
				<time>2000-01-01T00:00:00Z</time>
			</trkpt>
			<trkpt lat="60.08044" lon="9.52139">
				<ele>130.15670776367188</ele>
				<time>2000-01-01T00:00:00Z</time>
			</trkpt>
			<trkpt lat="60.08052" lon="9.52091">
				<ele>130.0267791748047</ele>
				<time>2000-01-01T00:00:00Z</time>
			</trkpt>
			<trkpt lat="60.080848058268295" lon="9.51938322245805">
				<ele>129.60000610351562</ele>
				<time>2000-01-01T00:00:00Z</time>
			</trkpt>
			<trkpt lat="60.08127" lon="9.51742">
				<ele>126.30706024169922</ele>
				<time>2000-01-01T00:00:00Z</time>
			</trkpt>
			<trkpt lat="60.08129490436329" lon="9.517226977400975">
				<ele>126.0</ele>
				<time>2000-01-01T00:00:00Z</time>
			</trkpt>
			<trkpt lat="60.08135" lon="9.5168">
				<ele>125.35840606689453</ele>
				<time>2000-01-01T00:00:00Z</time>
			</trkpt>
			<trkpt lat="60.08136" lon="9.5164">
				<ele>124.7757797241211</ele>
				<time>2000-01-01T00:00:00Z</time>
			</trkpt>
			<trkpt lat="60.08131" lon="9.5153">
				<ele>123.1689453125</ele>
				<time>2000-01-01T00:00:00Z</time>
			</trkpt>
			<trkpt lat="60.08125962200464" lon="9.514922170402626">
				<ele>122.5999984741211</ele>
				<time>2000-01-01T00:00:00Z</time>
			</trkpt>
			<trkpt lat="60.08123" lon="9.5147">
				<ele>122.62952423095703</ele>
				<time>2000-01-01T00:00:00Z</time>
			</trkpt>
			<trkpt lat="60.08117" lon="9.51447">
				<ele>122.66283416748047</ele>
				<time>2000-01-01T00:00:00Z</time>
			</trkpt>
			<trkpt lat="60.08097" lon="9.51383">
				<ele>122.75978088378906</ele>
				<time>2000-01-01T00:00:00Z</time>
			</trkpt>
			<trkpt lat="60.080660968965134" lon="9.512930385829124">
				<ele>122.9000015258789</ele>
				<time>2000-01-01T00:00:00Z</time>
			</trkpt>
			<trkpt lat="60.08052" lon="9.51252">
				<ele>124.1152572631836</ele>
				<time>2000-01-01T00:00:00Z</time>
			</trkpt>
			<trkpt lat="60.08041" lon="9.51202">
				<ele>125.44805908203125</ele>
				<time>2000-01-01T00:00:00Z</time>
			</trkpt>
			<trkpt lat="60.08026097996364" lon="9.510762647728717">
				<ele>128.60000610351562</ele>
				<time>2000-01-01T00:00:00Z</time>
			</trkpt>
			<trkpt lat="60.08025" lon="9.51067">
				<ele>128.84445190429688</ele>
				<time>2000-01-01T00:00:00Z</time>
			</trkpt>
			<trkpt lat="60.07985071547677" lon="9.508575988729307">
				<ele>134.60000610351562</ele>
				<time>2000-01-01T00:00:00Z</time>
			</trkpt>
			<trkpt lat="60.0798" lon="9.50831">
				<ele>135.96453857421875</ele>
				<time>2000-01-01T00:00:00Z</time>
			</trkpt>
			<trkpt lat="60.07967" lon="9.5074">
				<ele>140.50108337402344</ele>
				<time>2000-01-01T00:00:00Z</time>
			</trkpt>
			<trkpt lat="60.07964" lon="9.50702">
				<ele>142.34494018554688</ele>
				<time>2000-01-01T00:00:00Z</time>
			</trkpt>
			<trkpt lat="60.07969" lon="9.50665">
				<ele>144.18212890625</ele>
				<time>2000-01-01T00:00:00Z</time>
			</trkpt>
			<trkpt lat="60.0797851215268" lon="9.506371428849269">
				<ele>145.8000030517578</ele>
				<time>2000-01-01T00:00:00Z</time>
			</trkpt>
			<trkpt lat="60.07983" lon="9.50624">
				<ele>146.42022705078125</ele>
				<time>2000-01-01T00:00:00Z</time>
			</trkpt>
			<trkpt lat="60.08022" lon="9.50525">
				<ele>151.33213806152344</ele>
				<time>2000-01-01T00:00:00Z</time>
			</trkpt>
			<trkpt lat="60.08032" lon="9.50502">
				<ele>152.52024841308594</ele>
				<time>2000-01-01T00:00:00Z</time>
			</trkpt>
			<trkpt lat="60.08039" lon="9.50492">
				<ele>153.19119262695312</ele>
				<time>2000-01-01T00:00:00Z</time>
			</trkpt>
			<trkpt lat="60.08055" lon="9.50476">
				<ele>154.5870361328125</ele>
				<time>2000-01-01T00:00:00Z</time>
			</trkpt>
			<trkpt lat="60.08058907774357" lon="9.504741960702336">
				<ele>154.89999389648438</ele>
				<time>2000-01-01T00:00:00Z</time>
			</trkpt>
			<trkpt lat="60.08107" lon="9.50452">
				<ele>159.68382263183594</ele>
				<time>2000-01-01T00:00:00Z</time>
			</trkpt>
			<trkpt lat="60.08125" lon="9.50441">
				<ele>161.5081024169922</ele>
				<time>2000-01-01T00:00:00Z</time>
			</trkpt>
			<trkpt lat="60.08139" lon="9.50429">
				<ele>162.9841766357422</ele>
				<time>2000-01-01T00:00:00Z</time>
			</trkpt>
			<trkpt lat="60.08151" lon="9.50415">
				<ele>164.3299102783203</ele>
				<time>2000-01-01T00:00:00Z</time>
			</trkpt>
			<trkpt lat="60.08163" lon="9.50397">
				<ele>165.78274536132812</ele>
				<time>2000-01-01T00:00:00Z</time>
			</trkpt>
			<trkpt lat="60.08166263862348" lon="9.503913720202027">
				<ele>166.1999969482422</ele>
				<time>2000-01-01T00:00:00Z</time>
			</trkpt>
			<trkpt lat="60.08253" lon="9.50242">
				<ele>175.22369384765625</ele>
				<time>2000-01-01T00:00:00Z</time>
			</trkpt>
			<trkpt lat="60.08254622764247" lon="9.502389249530511">
				<ele>175.39999389648438</ele>
				<time>2000-01-01T00:00:00Z</time>
			</trkpt>
			<trkpt lat="60.08272" lon="9.50206">
				<ele>175.6666259765625</ele>
				<time>2000-01-01T00:00:00Z</time>
			</trkpt>
			<trkpt lat="60.08302" lon="9.5014">
				<ele>176.16331481933594</ele>
				<time>2000-01-01T00:00:00Z</time>
			</trkpt>
			<trkpt lat="60.08312" lon="9.50124">
				<ele>176.30601501464844</ele>
				<time>2000-01-01T00:00:00Z</time>
			</trkpt>
			<trkpt lat="60.08338" lon="9.50095">
				<ele>176.6378173828125</ele>
				<time>2000-01-01T00:00:00Z</time>
			</trkpt>
			<trkpt lat="60.0834308799102" lon="9.500904207994814">
				<ele>176.6999969482422</ele>
				<time>2000-01-01T00:00:00Z</time>
			</trkpt>
			<trkpt lat="60.08348" lon="9.50086">
				<ele>176.10873413085938</ele>
				<time>2000-01-01T00:00:00Z</time>
			</trkpt>
			<trkpt lat="60.08359" lon="9.50079">
				<ele>174.8415069580078</ele>
				<time>2000-01-01T00:00:00Z</time>
			</trkpt>
			<trkpt lat="60.08371" lon="9.50073">
				<ele>173.48350524902344</ele>
				<time>2000-01-01T00:00:00Z</time>
			</trkpt>
			<trkpt lat="60.08401" lon="9.50065">
				<ele>170.1605682373047</ele>
				<time>2000-01-01T00:00:00Z</time>
			</trkpt>
			<trkpt lat="60.08411" lon="9.5006">
				<ele>169.0287628173828</ele>
				<time>2000-01-01T00:00:00Z</time>
			</trkpt>
			<trkpt lat="60.08428" lon="9.50048">
				<ele>167.04974365234375</ele>
				<time>2000-01-01T00:00:00Z</time>
			</trkpt>
			<trkpt lat="60.08444" lon="9.50026">
				<ele>164.91964721679688</ele>
				<time>2000-01-01T00:00:00Z</time>
			</trkpt>
			<trkpt lat="60.084501781537234" lon="9.500120988228698">
				<ele>163.89999389648438</ele>
				<time>2000-01-01T00:00:00Z</time>
			</trkpt>
			<trkpt lat="60.08464" lon="9.49981">
				<ele>162.2247314453125</ele>
				<time>2000-01-01T00:00:00Z</time>
			</trkpt>
			<trkpt lat="60.08474" lon="9.49954">
				<ele>160.87217712402344</ele>
				<time>2000-01-01T00:00:00Z</time>
			</trkpt>
			<trkpt lat="60.08520152932694" lon="9.498253840121944">
				<ele>154.5</ele>
				<time>2000-01-01T00:00:00Z</time>
			</trkpt>
			<trkpt lat="60.08549" lon="9.49745">
				<ele>153.31370544433594</ele>
				<time>2000-01-01T00:00:00Z</time>
			</trkpt>
			<trkpt lat="60.08568" lon="9.49688">
				<ele>152.49241638183594</ele>
				<time>2000-01-01T00:00:00Z</time>
			</trkpt>
			<trkpt lat="60.08582" lon="9.49629">
				<ele>151.7096710205078</ele>
				<time>2000-01-01T00:00:00Z</time>
			</trkpt>
			<trkpt lat="60.08623662484882" lon="9.494098178721">
				<ele>149.3000030517578</ele>
				<time>2000-01-01T00:00:00Z</time>
			</trkpt>
			<trkpt lat="60.08628" lon="9.49387">
				<ele>148.52700805664062</ele>
				<time>2000-01-01T00:00:00Z</time>
			</trkpt>
			<trkpt lat="60.08639" lon="9.49336">
				<ele>146.76776123046875</ele>
				<time>2000-01-01T00:00:00Z</time>
			</trkpt>
			<trkpt lat="60.08646" lon="9.4932">
				<ele>146.09400939941406</ele>
				<time>2000-01-01T00:00:00Z</time>
			</trkpt>
			<trkpt lat="60.08653" lon="9.49308">
				<ele>145.5093536376953</ele>
				<time>2000-01-01T00:00:00Z</time>
			</trkpt>
			<trkpt lat="60.08681" lon="9.49275">
				<ele>143.44752502441406</ele>
				<time>2000-01-01T00:00:00Z</time>
			</trkpt>
			<trkpt lat="60.0869" lon="9.49259">
				<ele>142.68402099609375</ele>
				<time>2000-01-01T00:00:00Z</time>
			</trkpt>
			<trkpt lat="60.08697" lon="9.49242">
				<ele>141.98622131347656</ele>
				<time>2000-01-01T00:00:00Z</time>
			</trkpt>
			<trkpt lat="60.086977205903686" lon="9.492396940439619">
				<ele>141.89999389648438</ele>
				<time>2000-01-01T00:00:00Z</time>
			</trkpt>
			<trkpt lat="60.08702" lon="9.49226">
				<ele>141.53355407714844</ele>
				<time>2000-01-01T00:00:00Z</time>
			</trkpt>
			<trkpt lat="60.08706" lon="9.49189">
				<ele>140.67526245117188</ele>
				<time>2000-01-01T00:00:00Z</time>
			</trkpt>
			<trkpt lat="60.087" lon="9.49077">
				<ele>138.1212158203125</ele>
				<time>2000-01-01T00:00:00Z</time>
			</trkpt>
			<trkpt lat="60.08701" lon="9.49013">
				<ele>136.6695098876953</ele>
				<time>2000-01-01T00:00:00Z</time>
			</trkpt>
			<trkpt lat="60.08701402678735" lon="9.49010044607716">
				<ele>136.60000610351562</ele>
				<time>2000-01-01T00:00:00Z</time>
			</trkpt>
			<trkpt lat="60.0871" lon="9.48947">
				<ele>133.9716796875</ele>
				<time>2000-01-01T00:00:00Z</time>
			</trkpt>
			<trkpt lat="60.08734" lon="9.48794">
				<ele>127.52188110351562</ele>
				<time>2000-01-01T00:00:00Z</time>
			</trkpt>
			<trkpt lat="60.08735641393749" lon="9.487867044450324">
				<ele>127.19999694824219</ele>
				<time>2000-01-01T00:00:00Z</time>
			</trkpt>
			<trkpt lat="60.08743" lon="9.48754">
				<ele>126.3558578491211</ele>
				<time>2000-01-01T00:00:00Z</time>
			</trkpt>
			<trkpt lat="60.08755" lon="9.48721">
				<ele>125.39485931396484</ele>
				<time>2000-01-01T00:00:00Z</time>
			</trkpt>
			<trkpt lat="60.08766" lon="9.48703">
				<ele>124.7249526977539</ele>
				<time>2000-01-01T00:00:00Z</time>
			</trkpt>
			<trkpt lat="60.0882" lon="9.48635">
				<ele>121.716552734375</ele>
				<time>2000-01-01T00:00:00Z</time>
			</trkpt>
			<trkpt lat="60.08832" lon="9.48614">
				<ele>120.67123413085938</ele>
				<time>2000-01-01T00:00:00Z</time>
			</trkpt>
			<trkpt lat="60.08844" lon="9.48582">
				<ele>119.35240936279297</ele>
				<time>2000-01-01T00:00:00Z</time>
			</trkpt>
			<trkpt lat="60.08854" lon="9.48544">
				<ele>117.93697357177734</ele>
				<time>2000-01-01T00:00:00Z</time>
			</trkpt>
			<trkpt lat="60.08862" lon="9.48496">
				<ele>116.27001953125</ele>
				<time>2000-01-01T00:00:00Z</time>
			</trkpt>
			<trkpt lat="60.08871781032088" lon="9.48429936825039">
				<ele>114.0</ele>
				<time>2000-01-01T00:00:00Z</time>
			</trkpt>
			<trkpt lat="60.089049840641096" lon="9.482058544311913">
				<ele>113.19999694824219</ele>
				<time>2000-01-01T00:00:00Z</time>
			</trkpt>
			<trkpt lat="60.0891" lon="9.48172">
				<ele>114.2121353149414</ele>
				<time>2000-01-01T00:00:00Z</time>
			</trkpt>
			<trkpt lat="60.08913" lon="9.48111">
				<ele>115.96885681152344</ele>
				<time>2000-01-01T00:00:00Z</time>
			</trkpt>
			<trkpt lat="60.08915" lon="9.47976">
				<ele>119.8396987915039</ele>
				<time>2000-01-01T00:00:00Z</time>
			</trkpt>
			<trkpt lat="60.08914979489516" lon="9.479738981828833">
				<ele>119.9000015258789</ele>
				<time>2000-01-01T00:00:00Z</time>
			</trkpt>
			<trkpt lat="60.089149912259714" lon="9.47740130412712">
				<ele>125.80000305175781</ele>
				<time>2000-01-01T00:00:00Z</time>
			</trkpt>
			<trkpt lat="60.08914998840058" lon="9.47506355674256">
				<ele>125.5999984741211</ele>
				<time>2000-01-01T00:00:00Z</time>
			</trkpt>
			<trkpt lat="60.08915" lon="9.47453">
				<ele>124.70990753173828</ele>
				<time>2000-01-01T00:00:00Z</time>
			</trkpt>
			<trkpt lat="60.08917" lon="9.47418">
				<ele>124.12212371826172</ele>
				<time>2000-01-01T00:00:00Z</time>
			</trkpt>
			<trkpt lat="60.08921" lon="9.47383">
				<ele>123.5230712890625</ele>
				<time>2000-01-01T00:00:00Z</time>
			</trkpt>
			<trkpt lat="60.089431798295514" lon="9.472831860194944">
				<ele>121.69999694824219</ele>
				<time>2000-01-01T00:00:00Z</time>
			</trkpt>
			<trkpt lat="60.08963" lon="9.47194">
				<ele>119.40280151367188</ele>
				<time>2000-01-01T00:00:00Z</time>
			</trkpt>
			<trkpt lat="60.08974" lon="9.47095">
				<ele>117.01659393310547</ele>
				<time>2000-01-01T00:00:00Z</time>
			</trkpt>
			<trkpt lat="60.08979249506283" lon="9.470619274064159">
				<ele>116.19999694824219</ele>
				<time>2000-01-01T00:00:00Z</time>
			</trkpt>
			<trkpt lat="60.08984" lon="9.47032">
				<ele>115.6222915649414</ele>
				<time>2000-01-01T00:00:00Z</time>
			</trkpt>
			<trkpt lat="60.09008" lon="9.46927">
				<ele>113.49766540527344</ele>
				<time>2000-01-01T00:00:00Z</time>
			</trkpt>
			<trkpt lat="60.090276121321494" lon="9.468495541426694">
				<ele>111.9000015258789</ele>
				<time>2000-01-01T00:00:00Z</time>
			</trkpt>
			<trkpt lat="60.09047" lon="9.46773">
				<ele>111.4592514038086</ele>
				<time>2000-01-01T00:00:00Z</time>
			</trkpt>
			<trkpt lat="60.09071" lon="9.46695">
				<ele>110.98878479003906</ele>
				<time>2000-01-01T00:00:00Z</time>
			</trkpt>
			<trkpt lat="60.09088553059488" lon="9.46651114090143">
				<ele>110.69999694824219</ele>
				<time>2000-01-01T00:00:00Z</time>
			</trkpt>
			<trkpt lat="60.09127" lon="9.46555">
				<ele>110.69999694824219</ele>
				<time>2000-01-01T00:00:00Z</time>
			</trkpt>
			<trkpt lat="60.09143" lon="9.46517">
				<ele>110.69999694824219</ele>
				<time>2000-01-01T00:00:00Z</time>
			</trkpt>
			<trkpt lat="60.09159" lon="9.46486">
				<ele>110.69999694824219</ele>
				<time>2000-01-01T00:00:00Z</time>
			</trkpt>
			<trkpt lat="60.09153137974378" lon="9.464748314869965">
				<ele>110.69999694824219</ele>
				<time>2000-01-01T00:00:00Z</time>
			</trkpt>
			<trkpt lat="60.09106" lon="9.46385">
				<ele>110.14218139648438</ele>
				<time>2000-01-01T00:00:00Z</time>
			</trkpt>
			<trkpt lat="60.09092" lon="9.46368">
				<ele>110.00177764892578</ele>
				<time>2000-01-01T00:00:00Z</time>
			</trkpt>
			<trkpt lat="60.09081" lon="9.46358">
				<ele>109.89815521240234</ele>
				<time>2000-01-01T00:00:00Z</time>
			</trkpt>
			<trkpt lat="60.09088" lon="9.46329">
				<ele>109.76034545898438</ele>
				<time>2000-01-01T00:00:00Z</time>
			</trkpt>
			<trkpt lat="60.09092228137055" lon="9.463177249554679">
				<ele>109.69999694824219</ele>
				<time>2000-01-01T00:00:00Z</time>
			</trkpt>
			<trkpt lat="60.09094" lon="9.46313">
				<ele>109.73036193847656</ele>
				<time>2000-01-01T00:00:00Z</time>
			</trkpt>
			<trkpt lat="60.09101" lon="9.46299">
				<ele>109.83209991455078</ele>
				<time>2000-01-01T00:00:00Z</time>
			</trkpt>
			<trkpt lat="60.09113" lon="9.46284">
				<ele>109.97765350341797</ele>
				<time>2000-01-01T00:00:00Z</time>
			</trkpt>
			<trkpt lat="60.09128" lon="9.4627">
				<ele>110.14799499511719</ele>
				<time>2000-01-01T00:00:00Z</time>
			</trkpt>
			<trkpt lat="60.09196123345161" lon="9.462170882923106">
				<ele>110.9000015258789</ele>
				<time>2000-01-01T00:00:00Z</time>
			</trkpt>
			<trkpt lat="60.09231" lon="9.4619">
				<ele>113.08181762695312</ele>
				<time>2000-01-01T00:00:00Z</time>
			</trkpt>
			<trkpt lat="60.0925" lon="9.46172">
				<ele>114.3074951171875</ele>
				<time>2000-01-01T00:00:00Z</time>
			</trkpt>
			<trkpt lat="60.09266" lon="9.46149">
				<ele>115.45596313476562</ele>
				<time>2000-01-01T00:00:00Z</time>
			</trkpt>
			<trkpt lat="60.09291218947263" lon="9.46090735467963">
				<ele>117.69999694824219</ele>
				<time>2000-01-01T00:00:00Z</time>
			</trkpt>
			<trkpt lat="60.09295" lon="9.46082">
				<ele>118.46185302734375</ele>
				<time>2000-01-01T00:00:00Z</time>
			</trkpt>
			<trkpt lat="60.0931" lon="9.46062">
				<ele>120.84149932861328</ele>
				<time>2000-01-01T00:00:00Z</time>
			</trkpt>
			<trkpt lat="60.09316" lon="9.46058">
				<ele>121.6767807006836</ele>
				<time>2000-01-01T00:00:00Z</time>
			</trkpt>
			<trkpt lat="60.09332" lon="9.46052">
				<ele>123.82695770263672</ele>
				<time>2000-01-01T00:00:00Z</time>
			</trkpt>
			<trkpt lat="60.09367" lon="9.46049">
				<ele>128.45498657226562</ele>
				<time>2000-01-01T00:00:00Z</time>
			</trkpt>
			<trkpt lat="60.09402007723628" lon="9.460424360033247">
				<ele>133.10000610351562</ele>
				<time>2000-01-01T00:00:00Z</time>
			</trkpt>
			<trkpt lat="60.09431" lon="9.46037">
				<ele>134.99853515625</ele>
				<time>2000-01-01T00:00:00Z</time>
			</trkpt>
			<trkpt lat="60.09518260635948" lon="9.460254613573774">
				<ele>140.6999969482422</ele>
				<time>2000-01-01T00:00:00Z</time>
			</trkpt>
			<trkpt lat="60.09552" lon="9.46021">
				<ele>143.919677734375</ele>
				<time>2000-01-01T00:00:00Z</time>
			</trkpt>
			<trkpt lat="60.09577" lon="9.46016">
				<ele>146.31202697753906</ele>
				<time>2000-01-01T00:00:00Z</time>
			</trkpt>
			<trkpt lat="60.09601" lon="9.46008">
				<ele>148.6286163330078</ele>
				<time>2000-01-01T00:00:00Z</time>
			</trkpt>
			<trkpt lat="60.09625" lon="9.45998">
				<ele>150.96275329589844</ele>
				<time>2000-01-01T00:00:00Z</time>
			</trkpt>
			<trkpt lat="60.09633407378457" lon="9.459928261641013">
				<ele>151.8000030517578</ele>
				<time>2000-01-01T00:00:00Z</time>
			</trkpt>
			<trkpt lat="60.09651" lon="9.45982">
				<ele>152.60511779785156</ele>
				<time>2000-01-01T00:00:00Z</time>
			</trkpt>
			<trkpt lat="60.09684" lon="9.45957">
				<ele>154.14845275878906</ele>
				<time>2000-01-01T00:00:00Z</time>
			</trkpt>
			<trkpt lat="60.09742637892286" lon="9.459113926880582">
				<ele>156.89999389648438</ele>
				<time>2000-01-01T00:00:00Z</time>
			</trkpt>
			<trkpt lat="60.09756" lon="9.45901">
				<ele>156.96145629882812</ele>
				<time>2000-01-01T00:00:00Z</time>
			</trkpt>
			<trkpt lat="60.09792" lon="9.45867">
				<ele>157.13214111328125</ele>
				<time>2000-01-01T00:00:00Z</time>
			</trkpt>
			<trkpt lat="60.09805" lon="9.45852">
				<ele>157.19647216796875</ele>
				<time>2000-01-01T00:00:00Z</time>
			</trkpt>
			<trkpt lat="60.09827" lon="9.45822">
				<ele>157.31057739257812</ele>
				<time>2000-01-01T00:00:00Z</time>
			</trkpt>
			<trkpt lat="60.09842904343733" lon="9.45794962588713">
				<ele>157.39999389648438</ele>
				<time>2000-01-01T00:00:00Z</time>
			</trkpt>
			<trkpt lat="60.09847" lon="9.45788">
				<ele>157.4506378173828</ele>
				<time>2000-01-01T00:00:00Z</time>
			</trkpt>
			<trkpt lat="60.09869" lon="9.45744">
				<ele>157.7438201904297</ele>
				<time>2000-01-01T00:00:00Z</time>
			</trkpt>
			<trkpt lat="60.09887" lon="9.45704">
				<ele>157.99728393554688</ele>
				<time>2000-01-01T00:00:00Z</time>
			</trkpt>
			<trkpt lat="60.099" lon="9.45669">
				<ele>158.20260620117188</ele>
				<time>2000-01-01T00:00:00Z</time>
			</trkpt>
			<trkpt lat="60.09915259799281" lon="9.456136832047408">
				<ele>158.5</ele>
				<time>2000-01-01T00:00:00Z</time>
			</trkpt>
			<trkpt lat="60.09916" lon="9.45611">
				<ele>158.46591186523438</ele>
				<time>2000-01-01T00:00:00Z</time>
			</trkpt>
			<trkpt lat="60.09926" lon="9.45556">
				<ele>157.81494140625</ele>
				<time>2000-01-01T00:00:00Z</time>
			</trkpt>
			<trkpt lat="60.09932" lon="9.45486">
				<ele>157.0252685546875</ele>
				<time>2000-01-01T00:00:00Z</time>
			</trkpt>
			<trkpt lat="60.09935940952793" lon="9.453851075405819">
				<ele>155.89999389648438</ele>
				<time>2000-01-01T00:00:00Z</time>
			</trkpt>
			<trkpt lat="60.09937" lon="9.45358">
				<ele>154.70223999023438</ele>
				<time>2000-01-01T00:00:00Z</time>
			</trkpt>
			<trkpt lat="60.0994" lon="9.45339">
				<ele>153.82464599609375</ele>
				<time>2000-01-01T00:00:00Z</time>
			</trkpt>
			<trkpt lat="60.0995" lon="9.45306">
				<ele>152.1234893798828</ele>
				<time>2000-01-01T00:00:00Z</time>
			</trkpt>
			<trkpt lat="60.09956" lon="9.45297">
				<ele>151.46168518066406</ele>
				<time>2000-01-01T00:00:00Z</time>
			</trkpt>
			<trkpt lat="60.09964" lon="9.45289">
				<ele>150.671875</ele>
				<time>2000-01-01T00:00:00Z</time>
			</trkpt>
			<trkpt lat="60.0997" lon="9.45285">
				<ele>150.11322021484375</ele>
				<time>2000-01-01T00:00:00Z</time>
			</trkpt>
			<trkpt lat="60.09987" lon="9.45282">
				<ele>148.60513305664062</ele>
				<time>2000-01-01T00:00:00Z</time>
			</trkpt>
			<trkpt lat="60.10006" lon="9.45286">
				<ele>146.9171600341797</ele>
				<time>2000-01-01T00:00:00Z</time>
			</trkpt>
			<trkpt lat="60.100208010052064" lon="9.452895727954706">
				<ele>145.60000610351562</ele>
				<time>2000-01-01T00:00:00Z</time>
			</trkpt>
			<trkpt lat="60.10064" lon="9.453">
				<ele>145.56268310546875</ele>
				<time>2000-01-01T00:00:00Z</time>
			</trkpt>
			<trkpt lat="60.10081" lon="9.45306">
				<ele>145.54786682128906</ele>
				<time>2000-01-01T00:00:00Z</time>
			</trkpt>
			<trkpt lat="60.10106" lon="9.45318">
				<ele>145.52581787109375</ele>
				<time>2000-01-01T00:00:00Z</time>
			</trkpt>
			<trkpt lat="60.10134631979445" lon="9.453365721124689">
				<ele>145.5</ele>
				<time>2000-01-01T00:00:00Z</time>
			</trkpt>
			<trkpt lat="60.10143" lon="9.45342">
				<ele>146.35987854003906</ele>
				<time>2000-01-01T00:00:00Z</time>
			</trkpt>
			<trkpt lat="60.10209" lon="9.45389">
				<ele>153.20904541015625</ele>
				<time>2000-01-01T00:00:00Z</time>
			</trkpt>
			<trkpt lat="60.10237" lon="9.45407">
				<ele>156.0842742919922</ele>
				<time>2000-01-01T00:00:00Z</time>
			</trkpt>
			<trkpt lat="60.10245131112257" lon="9.454107267971173">
				<ele>156.89999389648438</ele>
				<time>2000-01-01T00:00:00Z</time>
			</trkpt>
			<trkpt lat="60.10261" lon="9.45418">
				<ele>158.15689086914062</ele>
				<time>2000-01-01T00:00:00Z</time>
			</trkpt>
			<trkpt lat="60.10299" lon="9.45431">
				<ele>161.13311767578125</ele>
				<time>2000-01-01T00:00:00Z</time>
			</trkpt>
			<trkpt lat="60.10319" lon="9.45441">
				<ele>162.7244873046875</ele>
				<time>2000-01-01T00:00:00Z</time>
			</trkpt>
			<trkpt lat="60.10343" lon="9.45459">
				<ele>164.70263671875</ele>
				<time>2000-01-01T00:00:00Z</time>
			</trkpt>
			<trkpt lat="60.10357109596878" lon="9.454719145630458">
				<ele>165.89999389648438</ele>
				<time>2000-01-01T00:00:00Z</time>
			</trkpt>
			<trkpt lat="60.10402" lon="9.45513">
				<ele>169.75192260742188</ele>
				<time>2000-01-01T00:00:00Z</time>
			</trkpt>
			<trkpt lat="60.10415" lon="9.45523">
				<ele>170.83863830566406</ele>
				<time>2000-01-01T00:00:00Z</time>
			</trkpt>
			<trkpt lat="60.10431" lon="9.45533">
				<ele>172.1469268798828</ele>
				<time>2000-01-01T00:00:00Z</time>
			</trkpt>
			<trkpt lat="60.1046" lon="9.45542">
				<ele>174.4377899169922</ele>
				<time>2000-01-01T00:00:00Z</time>
			</trkpt>
			<trkpt lat="60.104671838509745" lon="9.455430262664555">
				<ele>175.0</ele>
				<time>2000-01-01T00:00:00Z</time>
			</trkpt>
			<trkpt lat="60.10474" lon="9.45544">
				<ele>175.005859375</ele>
				<time>2000-01-01T00:00:00Z</time>
			</trkpt>
			<trkpt lat="60.10501" lon="9.45541">
				<ele>175.02906799316406</ele>
				<time>2000-01-01T00:00:00Z</time>
			</trkpt>
			<trkpt lat="60.10551" lon="9.45529">
				<ele>175.072265625</ele>
				<time>2000-01-01T00:00:00Z</time>
			</trkpt>
			<trkpt lat="60.10582947716291" lon="9.45518911184876">
				<ele>175.10000610351562</ele>
				<time>2000-01-01T00:00:00Z</time>
			</trkpt>
			<trkpt lat="60.10608" lon="9.45511">
				<ele>174.86068725585938</ele>
				<time>2000-01-01T00:00:00Z</time>
			</trkpt>
			<trkpt lat="60.10635" lon="9.45498">
				<ele>174.59864807128906</ele>
				<time>2000-01-01T00:00:00Z</time>
			</trkpt>
			<trkpt lat="60.1068" lon="9.45471">
				<ele>174.15545654296875</ele>
				<time>2000-01-01T00:00:00Z</time>
			</trkpt>
			<trkpt lat="60.10695646173525" lon="9.454606619806901">
				<ele>174.0</ele>
				<time>2000-01-01T00:00:00Z</time>
			</trkpt>
			<trkpt lat="60.10736" lon="9.45434">
				<ele>173.2346649169922</ele>
				<time>2000-01-01T00:00:00Z</time>
			</trkpt>
			<trkpt lat="60.10755" lon="9.45427">
				<ele>172.88662719726562</ele>
				<time>2000-01-01T00:00:00Z</time>
			</trkpt>
			<trkpt lat="60.10773" lon="9.45424">
				<ele>172.56126403808594</ele>
				<time>2000-01-01T00:00:00Z</time>
			</trkpt>
			<trkpt lat="60.10785" lon="9.45426">
				<ele>172.34434509277344</ele>
				<time>2000-01-01T00:00:00Z</time>
			</trkpt>
			<trkpt lat="60.10799" lon="9.45429">
				<ele>172.09068298339844</ele>
				<time>2000-01-01T00:00:00Z</time>
			</trkpt>
			<trkpt lat="60.10809243157785" lon="9.454343654838553">
				<ele>171.89999389648438</ele>
				<time>2000-01-01T00:00:00Z</time>
			</trkpt>
			<trkpt lat="60.1082" lon="9.4544">
				<ele>171.97628784179688</ele>
				<time>2000-01-01T00:00:00Z</time>
			</trkpt>
			<trkpt lat="60.10895" lon="9.45514">
				<ele>172.54986572265625</ele>
				<time>2000-01-01T00:00:00Z</time>
			</trkpt>
			<trkpt lat="60.10915869078737" lon="9.455271576712562">
				<ele>172.6999969482422</ele>
				<time>2000-01-01T00:00:00Z</time>
			</trkpt>
			<trkpt lat="60.10987" lon="9.45572">
				<ele>174.2350616455078</ele>
				<time>2000-01-01T00:00:00Z</time>
			</trkpt>
			<trkpt lat="60.10999" lon="9.45578">
				<ele>174.48960876464844</ele>
				<time>2000-01-01T00:00:00Z</time>
			</trkpt>
			<trkpt lat="60.11024" lon="9.45587">
				<ele>175.0125274658203</ele>
				<time>2000-01-01T00:00:00Z</time>
			</trkpt>
			<trkpt lat="60.11028229126732" lon="9.455877929692322">
				<ele>175.10000610351562</ele>
				<time>2000-01-01T00:00:00Z</time>
			</trkpt>
			<trkpt lat="60.1104" lon="9.4559">
				<ele>175.1405792236328</ele>
				<time>2000-01-01T00:00:00Z</time>
			</trkpt>
			<trkpt lat="60.11083" lon="9.4559">
				<ele>175.28811645507812</ele>
				<time>2000-01-01T00:00:00Z</time>
			</trkpt>
			<trkpt lat="60.111446847470795" lon="9.455844552831806">
				<ele>175.5</ele>
				<time>2000-01-01T00:00:00Z</time>
			</trkpt>
			<trkpt lat="60.11172" lon="9.45582">
				<ele>175.03085327148438</ele>
				<time>2000-01-01T00:00:00Z</time>
			</trkpt>
			<trkpt lat="60.11197" lon="9.45576">
				<ele>174.59889221191406</ele>
				<time>2000-01-01T00:00:00Z</time>
			</trkpt>
			<trkpt lat="60.11222" lon="9.45564">
				<ele>174.15786743164062</ele>
				<time>2000-01-01T00:00:00Z</time>
			</trkpt>
			<trkpt lat="60.11243" lon="9.4555">
				<ele>173.77818298339844</ele>
				<time>2000-01-01T00:00:00Z</time>
			</trkpt>
			<trkpt lat="60.112578777166554" lon="9.45537062831395">
				<ele>173.5</ele>
				<time>2000-01-01T00:00:00Z</time>
			</trkpt>
			<trkpt lat="60.11266" lon="9.4553">
				<ele>172.97604370117188</ele>
				<time>2000-01-01T00:00:00Z</time>
			</trkpt>
			<trkpt lat="60.113624134355724" lon="9.454335846953663">
				<ele>166.60000610351562</ele>
				<time>2000-01-01T00:00:00Z</time>
			</trkpt>
			<trkpt lat="60.11428" lon="9.45368">
				<ele>163.8968963623047</ele>
				<time>2000-01-01T00:00:00Z</time>
			</trkpt>
			<trkpt lat="60.11439" lon="9.45358">
				<ele>163.45144653320312</ele>
				<time>2000-01-01T00:00:00Z</time>
			</trkpt>
			<trkpt lat="60.11456" lon="9.45347">
				<ele>162.79261779785156</ele>
				<time>2000-01-01T00:00:00Z</time>
			</trkpt>
			<trkpt lat="60.11469071699021" lon="9.453415182763901">
				<ele>162.3000030517578</ele>
				<time>2000-01-01T00:00:00Z</time>
			</trkpt>
			<trkpt lat="60.11487" lon="9.45334">
				<ele>162.3157196044922</ele>
				<time>2000-01-01T00:00:00Z</time>
			</trkpt>
			<trkpt lat="60.11501" lon="9.45332">
				<ele>162.3277587890625</ele>
				<time>2000-01-01T00:00:00Z</time>
			</trkpt>
			<trkpt lat="60.1152" lon="9.45331">
				<ele>162.34405517578125</ele>
				<time>2000-01-01T00:00:00Z</time>
			</trkpt>
			<trkpt lat="60.11534" lon="9.45331">
				<ele>162.35606384277344</ele>
				<time>2000-01-01T00:00:00Z</time>
			</trkpt>
			<trkpt lat="60.11549" lon="9.45335">
				<ele>162.36904907226562</ele>
				<time>2000-01-01T00:00:00Z</time>
			</trkpt>
			<trkpt lat="60.11584449998654" lon="9.453485048544087">
				<ele>162.39999389648438</ele>
				<time>2000-01-01T00:00:00Z</time>
			</trkpt>
			<trkpt lat="60.11612" lon="9.45359">
				<ele>163.62689208984375</ele>
				<time>2000-01-01T00:00:00Z</time>
			</trkpt>
			<trkpt lat="60.11649" lon="9.45379">
				<ele>165.3033905029297</ele>
				<time>2000-01-01T00:00:00Z</time>
			</trkpt>
			<trkpt lat="60.116971693050246" lon="9.454074278234224">
				<ele>167.5</ele>
				<time>2000-01-01T00:00:00Z</time>
			</trkpt>
			<trkpt lat="60.1171" lon="9.45415">
				<ele>168.3949432373047</ele>
				<time>2000-01-01T00:00:00Z</time>
			</trkpt>
			<trkpt lat="60.11726" lon="9.45423">
				<ele>169.49818420410156</ele>
				<time>2000-01-01T00:00:00Z</time>
			</trkpt>
			<trkpt lat="60.1175" lon="9.45427">
				<ele>171.1095428466797</ele>
				<time>2000-01-01T00:00:00Z</time>
			</trkpt>
			<trkpt lat="60.11769" lon="9.45426">
				<ele>172.3813018798828</ele>
				<time>2000-01-01T00:00:00Z</time>
			</trkpt>
			<trkpt lat="60.11797" lon="9.4542">
				<ele>174.2655792236328</ele>
				<time>2000-01-01T00:00:00Z</time>
			</trkpt>
			<trkpt lat="60.118122862853376" lon="9.45415346182624">
				<ele>175.3000030517578</ele>
				<time>2000-01-01T00:00:00Z</time>
			</trkpt>
			<trkpt lat="60.119275416869165" lon="9.453803226342574">
				<ele>174.0</ele>
				<time>2000-01-01T00:00:00Z</time>
			</trkpt>
			<trkpt lat="60.120427969960105" lon="9.453452966334709">
				<ele>170.89999389648438</ele>
				<time>2000-01-01T00:00:00Z</time>
			</trkpt>
			<trkpt lat="60.12103" lon="9.45327">
				<ele>166.72129821777344</ele>
				<time>2000-01-01T00:00:00Z</time>
			</trkpt>
			<trkpt lat="60.121580402675704" lon="9.45310064481236">
				<ele>162.89999389648438</ele>
				<time>2000-01-01T00:00:00Z</time>
			</trkpt>
			<trkpt lat="60.12181" lon="9.45303">
				<ele>160.19004821777344</ele>
				<time>2000-01-01T00:00:00Z</time>
			</trkpt>
			<trkpt lat="60.12202" lon="9.45295">
				<ele>157.69613647460938</ele>
				<time>2000-01-01T00:00:00Z</time>
			</trkpt>
			<trkpt lat="60.12213" lon="9.4529">
				<ele>156.38047790527344</ele>
				<time>2000-01-01T00:00:00Z</time>
			</trkpt>
			<trkpt lat="60.1223" lon="9.45276">
				<ele>154.23675537109375</ele>
				<time>2000-01-01T00:00:00Z</time>
			</trkpt>
			<trkpt lat="60.122687119640965" lon="9.452417119139584">
				<ele>149.3000030517578</ele>
				<time>2000-01-01T00:00:00Z</time>
			</trkpt>
			<trkpt lat="60.123" lon="9.45214">
				<ele>147.65713500976562</ele>
				<time>2000-01-01T00:00:00Z</time>
			</trkpt>
			<trkpt lat="60.12334" lon="9.45184">
				<ele>145.87307739257812</ele>
				<time>2000-01-01T00:00:00Z</time>
			</trkpt>
			<trkpt lat="60.12336" lon="9.45184">
				<ele>145.77694702148438</ele>
				<time>2000-01-01T00:00:00Z</time>
			</trkpt>
			<trkpt lat="60.1235" lon="9.45175">
				<ele>145.07083129882812</ele>
				<time>2000-01-01T00:00:00Z</time>
			</trkpt>
			<trkpt lat="60.12355" lon="9.45173">
				<ele>144.82583618164062</ele>
				<time>2000-01-01T00:00:00Z</time>
			</trkpt>
			<trkpt lat="60.12354" lon="9.45166">
				<ele>144.651611328125</ele>
				<time>2000-01-01T00:00:00Z</time>
			</trkpt>
			<trkpt lat="60.12353" lon="9.45156">
				<ele>144.40744018554688</ele>
				<time>2000-01-01T00:00:00Z</time>
			</trkpt>
			<trkpt lat="60.12353" lon="9.45148">
				<ele>144.2160186767578</ele>
				<time>2000-01-01T00:00:00Z</time>
			</trkpt>
			<trkpt lat="60.12354" lon="9.4514">
				<ele>144.0187530517578</ele>
				<time>2000-01-01T00:00:00Z</time>
			</trkpt>
			<trkpt lat="60.12355" lon="9.4513">
				<ele>143.77459716796875</ele>
				<time>2000-01-01T00:00:00Z</time>
			</trkpt>
			<trkpt lat="60.123556969502026" lon="9.45127212186743">
				<ele>143.6999969482422</ele>
				<time>2000-01-01T00:00:00Z</time>
			</trkpt>
			<trkpt lat="60.12357" lon="9.45122">
				<ele>143.7099609375</ele>
				<time>2000-01-01T00:00:00Z</time>
			</trkpt>
			<trkpt lat="60.12358" lon="9.45118">
				<ele>143.71762084960938</ele>
				<time>2000-01-01T00:00:00Z</time>
			</trkpt>
			<trkpt lat="60.12362" lon="9.45111">
				<ele>143.73582458496094</ele>
				<time>2000-01-01T00:00:00Z</time>
			</trkpt>
			<trkpt lat="60.12365" lon="9.45103">
				<ele>143.75294494628906</ele>
				<time>2000-01-01T00:00:00Z</time>
			</trkpt>
			<trkpt lat="60.1237" lon="9.45097">
				<ele>143.77293395996094</ele>
				<time>2000-01-01T00:00:00Z</time>
			</trkpt>
			<trkpt lat="60.12393" lon="9.45072">
				<ele>143.86268615722656</ele>
				<time>2000-01-01T00:00:00Z</time>
			</trkpt>
			<trkpt lat="60.124560011511186" lon="9.45014726136055">
				<ele>144.10000610351562</ele>
				<time>2000-01-01T00:00:00Z</time>
			</trkpt>
			<trkpt lat="60.1247" lon="9.45002">
				<ele>144.13954162597656</ele>
				<time>2000-01-01T00:00:00Z</time>
			</trkpt>
			<trkpt lat="60.12487" lon="9.44984">
				<ele>144.1890106201172</ele>
				<time>2000-01-01T00:00:00Z</time>
			</trkpt>
			<trkpt lat="60.12526" lon="9.4494">
				<ele>144.30413818359375</ele>
				<time>2000-01-01T00:00:00Z</time>
			</trkpt>
			<trkpt lat="60.1255768613613" lon="9.449006854096933">
				<ele>144.39999389648438</ele>
				<time>2000-01-01T00:00:00Z</time>
			</trkpt>
			<trkpt lat="60.1258" lon="9.44873">
				<ele>144.1974639892578</ele>
				<time>2000-01-01T00:00:00Z</time>
			</trkpt>
			<trkpt lat="60.12626" lon="9.4481">
				<ele>143.76754760742188</ele>
				<time>2000-01-01T00:00:00Z</time>
			</trkpt>
			<trkpt lat="60.12634" lon="9.44798">
				<ele>143.69044494628906</ele>
				<time>2000-01-01T00:00:00Z</time>
			</trkpt>
			<trkpt lat="60.12651813731248" lon="9.447637427103459">
				<ele>143.5</ele>
				<time>2000-01-01T00:00:00Z</time>
			</trkpt>
			<trkpt lat="60.1266" lon="9.44748">
				<ele>143.3541259765625</ele>
				<time>2000-01-01T00:00:00Z</time>
			</trkpt>
			<trkpt lat="60.12686" lon="9.44684">
				<ele>142.8247833251953</ele>
				<time>2000-01-01T00:00:00Z</time>
			</trkpt>
			<trkpt lat="60.1271" lon="9.44607">
				<ele>142.24261474609375</ele>
				<time>2000-01-01T00:00:00Z</time>
			</trkpt>
			<trkpt lat="60.12717696413251" lon="9.445724427616403">
				<ele>142.0</ele>
				<time>2000-01-01T00:00:00Z</time>
			</trkpt>
			<trkpt lat="60.12765325097582" lon="9.443588228990627">
				<ele>139.1999969482422</ele>
				<time>2000-01-01T00:00:00Z</time>
			</trkpt>
			<trkpt lat="60.1278" lon="9.44293">
				<ele>139.07675170898438</ele>
				<time>2000-01-01T00:00:00Z</time>
			</trkpt>
			<trkpt lat="60.1279" lon="9.44259">
				<ele>139.00926208496094</ele>
				<time>2000-01-01T00:00:00Z</time>
			</trkpt>
			<trkpt lat="60.12811" lon="9.442">
				<ele>138.88531494140625</ele>
				<time>2000-01-01T00:00:00Z</time>
			</trkpt>
			<trkpt lat="60.12829514309626" lon="9.441666742344504">
				<ele>138.8000030517578</ele>
				<time>2000-01-01T00:00:00Z</time>
			</trkpt>
			<trkpt lat="60.12831" lon="9.44164">
				<ele>138.80856323242188</ele>
				<time>2000-01-01T00:00:00Z</time>
			</trkpt>
			<trkpt lat="60.12845" lon="9.44144">
				<ele>138.88226318359375</ele>
				<time>2000-01-01T00:00:00Z</time>
			</trkpt>
			<trkpt lat="60.1288" lon="9.44105">
				<ele>139.05393981933594</ele>
				<time>2000-01-01T00:00:00Z</time>
			</trkpt>
			<trkpt lat="60.129320294634" lon="9.440564865578416">
				<ele>139.3000030517578</ele>
				<time>2000-01-01T00:00:00Z</time>
			</trkpt>
			<trkpt lat="60.13037770035542" lon="9.439579730948486">
				<ele>139.60000610351562</ele>
				<time>2000-01-01T00:00:00Z</time>
			</trkpt>
			<trkpt lat="60.131435130274475" lon="9.438594503641582">
				<ele>139.6999969482422</ele>
				<time>2000-01-01T00:00:00Z</time>
			</trkpt>
			<trkpt lat="60.13232" lon="9.43777">
				<ele>140.70419311523438</ele>
				<time>2000-01-01T00:00:00Z</time>
			</trkpt>
			<trkpt lat="60.13247" lon="9.43765">
				<ele>140.87042236328125</ele>
				<time>2000-01-01T00:00:00Z</time>
			</trkpt>
			<trkpt lat="60.132497556945836" lon="9.437633715623374">
				<ele>140.89999389648438</ele>
				<time>2000-01-01T00:00:00Z</time>
			</trkpt>
			<trkpt lat="60.13269" lon="9.43752">
				<ele>141.22694396972656</ele>
				<time>2000-01-01T00:00:00Z</time>
			</trkpt>
			<trkpt lat="60.13307" lon="9.43741">
				<ele>141.85276794433594</ele>
				<time>2000-01-01T00:00:00Z</time>
			</trkpt>
			<trkpt lat="60.13338" lon="9.43738">
				<ele>142.35861206054688</ele>
				<time>2000-01-01T00:00:00Z</time>
			</trkpt>
			<trkpt lat="60.13365066631761" lon="9.43739691664949">
				<ele>142.8000030517578</ele>
				<time>2000-01-01T00:00:00Z</time>
			</trkpt>
			<trkpt lat="60.1337" lon="9.4374">
				<ele>142.863525390625</ele>
				<time>2000-01-01T00:00:00Z</time>
			</trkpt>
			<trkpt lat="60.13431" lon="9.43753">
				<ele>143.65284729003906</ele>
				<time>2000-01-01T00:00:00Z</time>
			</trkpt>
			<trkpt lat="60.13468" lon="9.43763">
				<ele>144.1332244873047</ele>
				<time>2000-01-01T00:00:00Z</time>
			</trkpt>
			<trkpt lat="60.13480785385111" lon="9.437672618261955">
				<ele>144.3000030517578</ele>
				<time>2000-01-01T00:00:00Z</time>
			</trkpt>
			<trkpt lat="60.13498" lon="9.43773">
				<ele>144.16526794433594</ele>
				<time>2000-01-01T00:00:00Z</time>
			</trkpt>
			<trkpt lat="60.13511" lon="9.43779">
				<ele>144.06227111816406</ele>
				<time>2000-01-01T00:00:00Z</time>
			</trkpt>
			<trkpt lat="60.13533" lon="9.43792">
				<ele>143.88522338867188</ele>
				<time>2000-01-01T00:00:00Z</time>
			</trkpt>
			<trkpt lat="60.13559" lon="9.43813">
				<ele>143.6688690185547</ele>
				<time>2000-01-01T00:00:00Z</time>
			</trkpt>
			<trkpt lat="60.135901121009475" lon="9.438444133861156">
				<ele>143.39999389648438</ele>
				<time>2000-01-01T00:00:00Z</time>
			</trkpt>
			<trkpt lat="60.13663" lon="9.43918">
				<ele>141.9303436279297</ele>
				<time>2000-01-01T00:00:00Z</time>
			</trkpt>
			<trkpt lat="60.13688" lon="9.43939">
				<ele>141.44219970703125</ele>
				<time>2000-01-01T00:00:00Z</time>
			</trkpt>
			<trkpt lat="60.136957329010826" lon="9.4394218414713">
				<ele>141.3000030517578</ele>
				<time>2000-01-01T00:00:00Z</time>
			</trkpt>
			<trkpt lat="60.13705" lon="9.43946">
				<ele>141.33245849609375</ele>
				<time>2000-01-01T00:00:00Z</time>
			</trkpt>
			<trkpt lat="60.13718" lon="9.43948">
				<ele>141.377197265625</ele>
				<time>2000-01-01T00:00:00Z</time>
			</trkpt>
			<trkpt lat="60.13736" lon="9.43945">
				<ele>141.43917846679688</ele>
				<time>2000-01-01T00:00:00Z</time>
			</trkpt>
			<trkpt lat="60.13754" lon="9.43935">
				<ele>141.50326538085938</ele>
				<time>2000-01-01T00:00:00Z</time>
			</trkpt>
			<trkpt lat="60.13769" lon="9.4392">
				<ele>141.56076049804688</ele>
				<time>2000-01-01T00:00:00Z</time>
			</trkpt>
			<trkpt lat="60.13776" lon="9.43911">
				<ele>141.58929443359375</ele>
				<time>2000-01-01T00:00:00Z</time>
			</trkpt>
			<trkpt lat="60.13800778243234" lon="9.438694961757554">
				<ele>141.6999969482422</ele>
				<time>2000-01-01T00:00:00Z</time>
			</trkpt>
			<trkpt lat="60.13816" lon="9.43844">
				<ele>142.8561248779297</ele>
				<time>2000-01-01T00:00:00Z</time>
			</trkpt>
			<trkpt lat="60.13832" lon="9.43822">
				<ele>143.98733520507812</ele>
				<time>2000-01-01T00:00:00Z</time>
			</trkpt>
			<trkpt lat="60.13841" lon="9.43813">
				<ele>144.5738067626953</ele>
				<time>2000-01-01T00:00:00Z</time>
			</trkpt>
			<trkpt lat="60.13877" lon="9.43788">
				<ele>146.7957000732422</ele>
				<time>2000-01-01T00:00:00Z</time>
			</trkpt>
			<trkpt lat="60.13895" lon="9.43768">
				<ele>147.9958038330078</ele>
				<time>2000-01-01T00:00:00Z</time>
			</trkpt>
			<trkpt lat="60.13901871399916" lon="9.437574637971245">
				<ele>148.5</ele>
				<time>2000-01-01T00:00:00Z</time>
			</trkpt>
			<trkpt lat="60.1391" lon="9.43745">
				<ele>148.88604736328125</ele>
				<time>2000-01-01T00:00:00Z</time>
			</trkpt>
			<trkpt lat="60.13937" lon="9.43695">
				<ele>150.27224731445312</ele>
				<time>2000-01-01T00:00:00Z</time>
			</trkpt>
			<trkpt lat="60.13968" lon="9.43657">
				<ele>151.64309692382812</ele>
				<time>2000-01-01T00:00:00Z</time>
			</trkpt>
			<trkpt lat="60.13993" lon="9.4363">
				<ele>152.71444702148438</ele>
				<time>2000-01-01T00:00:00Z</time>
			</trkpt>
			<trkpt lat="60.13997443127761" lon="9.436257828057226">
				<ele>152.89999389648438</ele>
				<time>2000-01-01T00:00:00Z</time>
			</trkpt>
			<trkpt lat="60.14071" lon="9.43556">
				<ele>155.34243774414062</ele>
				<time>2000-01-01T00:00:00Z</time>
			</trkpt>
			<trkpt lat="60.14102198187519" lon="9.435231597744131">
				<ele>156.39999389648438</ele>
				<time>2000-01-01T00:00:00Z</time>
			</trkpt>
			<trkpt lat="60.14109" lon="9.43516">
				<ele>156.511962890625</ele>
				<time>2000-01-01T00:00:00Z</time>
			</trkpt>
			<trkpt lat="60.142068627048936" lon="9.434200945401026">
				<ele>158.10000610351562</ele>
				<time>2000-01-01T00:00:00Z</time>
			</trkpt>
			<trkpt lat="60.14209" lon="9.43418">
				<ele>158.197998046875</ele>
				<time>2000-01-01T00:00:00Z</time>
			</trkpt>
			<trkpt lat="60.14237" lon="9.43387">
				<ele>159.51437377929688</ele>
				<time>2000-01-01T00:00:00Z</time>
			</trkpt>
			<trkpt lat="60.14261" lon="9.43357">
				<ele>160.6783905029297</ele>
				<time>2000-01-01T00:00:00Z</time>
			</trkpt>
			<trkpt lat="60.14287" lon="9.4332">
				<ele>161.99046325683594</ele>
				<time>2000-01-01T00:00:00Z</time>
			</trkpt>
			<trkpt lat="60.1430414439019" lon="9.432920275658587">
				<ele>162.89999389648438</ele>
				<time>2000-01-01T00:00:00Z</time>
			</trkpt>
			<trkpt lat="60.14306" lon="9.43289">
				<ele>163.0189208984375</ele>
				<time>2000-01-01T00:00:00Z</time>
			</trkpt>
			<trkpt lat="60.14384" lon="9.43144">
				<ele>168.3067626953125</ele>
				<time>2000-01-01T00:00:00Z</time>
			</trkpt>
			<trkpt lat="60.14390249939119" lon="9.43134277528318">
				<ele>168.6999969482422</ele>
				<time>2000-01-01T00:00:00Z</time>
			</trkpt>
			<trkpt lat="60.14411" lon="9.43102">
				<ele>169.2628173828125</ele>
				<time>2000-01-01T00:00:00Z</time>
			</trkpt>
			<trkpt lat="60.14424" lon="9.43084">
				<ele>169.60145568847656</ele>
				<time>2000-01-01T00:00:00Z</time>
			</trkpt>
			<trkpt lat="60.14452" lon="9.43051">
				<ele>170.29771423339844</ele>
				<time>2000-01-01T00:00:00Z</time>
			</trkpt>
			<trkpt lat="60.14475" lon="9.43028">
				<ele>170.84869384765625</ele>
				<time>2000-01-01T00:00:00Z</time>
			</trkpt>
			<trkpt lat="60.14490545878845" lon="9.43017636063219">
				<ele>171.1999969482422</ele>
				<time>2000-01-01T00:00:00Z</time>
			</trkpt>
			<trkpt lat="60.14499" lon="9.43012">
				<ele>171.2382049560547</ele>
				<time>2000-01-01T00:00:00Z</time>
			</trkpt>
			<trkpt lat="60.14557" lon="9.42991">
				<ele>171.49098205566406</ele>
				<time>2000-01-01T00:00:00Z</time>
			</trkpt>
			<trkpt lat="60.14603640005215" lon="9.429626376727473">
				<ele>171.6999969482422</ele>
				<time>2000-01-01T00:00:00Z</time>
			</trkpt>
			<trkpt lat="60.14631" lon="9.42946">
				<ele>171.82260131835938</ele>
				<time>2000-01-01T00:00:00Z</time>
			</trkpt>
			<trkpt lat="60.14674" lon="9.42924">
				<ele>172.012939453125</ele>
				<time>2000-01-01T00:00:00Z</time>
			</trkpt>
			<trkpt lat="60.14716912559644" lon="9.429083933996713">
				<ele>172.1999969482422</ele>
				<time>2000-01-01T00:00:00Z</time>
			</trkpt>
			<trkpt lat="60.148316210000964" lon="9.428666832288666">
				<ele>173.10000610351562</ele>
				<time>2000-01-01T00:00:00Z</time>
			</trkpt>
			<trkpt lat="60.1485" lon="9.4286">
				<ele>173.19613647460938</ele>
				<time>2000-01-01T00:00:00Z</time>
			</trkpt>
			<trkpt lat="60.14882" lon="9.42846">
				<ele>173.3647003173828</ele>
				<time>2000-01-01T00:00:00Z</time>
			</trkpt>
			<trkpt lat="60.14908" lon="9.42831">
				<ele>173.5039520263672</ele>
				<time>2000-01-01T00:00:00Z</time>
			</trkpt>
			<trkpt lat="60.149442293417984" lon="9.428073721437626">
				<ele>173.6999969482422</ele>
				<time>2000-01-01T00:00:00Z</time>
			</trkpt>
			<trkpt lat="60.14954" lon="9.42801">
				<ele>173.7264404296875</ele>
				<time>2000-01-01T00:00:00Z</time>
			</trkpt>
			<trkpt lat="60.1499" lon="9.42775">
				<ele>173.82489013671875</ele>
				<time>2000-01-01T00:00:00Z</time>
			</trkpt>
			<trkpt lat="60.15033" lon="9.4274">
				<ele>173.9442901611328</ele>
				<time>2000-01-01T00:00:00Z</time>
			</trkpt>
			<trkpt lat="60.15052824092094" lon="9.427225357504527">
				<ele>174.0</ele>
				<time>2000-01-01T00:00:00Z</time>
			</trkpt>
			<trkpt lat="60.15075" lon="9.42703">
				<ele>173.85459899902344</ele>
				<time>2000-01-01T00:00:00Z</time>
			</trkpt>
			<trkpt lat="60.15102" lon="9.42675">
				<ele>173.67214965820312</ele>
				<time>2000-01-01T00:00:00Z</time>
			</trkpt>
			<trkpt lat="60.15126" lon="9.42648">
				<ele>173.50697326660156</ele>
				<time>2000-01-01T00:00:00Z</time>
			</trkpt>
			<trkpt lat="60.151544584108" lon="9.426089293223155">
				<ele>173.3000030517578</ele>
				<time>2000-01-01T00:00:00Z</time>
			</trkpt>
			<trkpt lat="60.15185" lon="9.42567">
				<ele>173.17306518554688</ele>
				<time>2000-01-01T00:00:00Z</time>
			</trkpt>
			<trkpt lat="60.15212" lon="9.42533">
				<ele>173.063720703125</ele>
				<time>2000-01-01T00:00:00Z</time>
			</trkpt>
			<trkpt lat="60.15242" lon="9.42503">
				<ele>172.94874572753906</ele>
				<time>2000-01-01T00:00:00Z</time>
			</trkpt>
			<trkpt lat="60.15255219900687" lon="9.424925632256222">
				<ele>172.89999389648438</ele>
				<time>2000-01-01T00:00:00Z</time>
			</trkpt>
			<trkpt lat="60.15261" lon="9.42488">
				<ele>172.91064453125</ele>
				<time>2000-01-01T00:00:00Z</time>
			</trkpt>
			<trkpt lat="60.15277" lon="9.42477">
				<ele>172.93966674804688</ele>
				<time>2000-01-01T00:00:00Z</time>
			</trkpt>
			<trkpt lat="60.15324" lon="9.42452">
				<ele>173.02308654785156</ele>
				<time>2000-01-01T00:00:00Z</time>
			</trkpt>
			<trkpt lat="60.15348" lon="9.42441">
				<ele>173.06532287597656</ele>
				<time>2000-01-01T00:00:00Z</time>
			</trkpt>
			<trkpt lat="60.15367966410801" lon="9.424346390113122">
				<ele>173.10000610351562</ele>
				<time>2000-01-01T00:00:00Z</time>
			</trkpt>
			<trkpt lat="60.15483" lon="9.42398">
				<ele>173.39974975585938</ele>
				<time>2000-01-01T00:00:00Z</time>
			</trkpt>
			<trkpt lat="60.15514" lon="9.42387">
				<ele>173.4807586669922</ele>
				<time>2000-01-01T00:00:00Z</time>
			</trkpt>
			<trkpt lat="60.15536" lon="9.42372">
				<ele>173.54054260253906</ele>
				<time>2000-01-01T00:00:00Z</time>
			</trkpt>
			<trkpt lat="60.15592" lon="9.42328">
				<ele>173.69528198242188</ele>
				<time>2000-01-01T00:00:00Z</time>
			</trkpt>
			<trkpt lat="60.15593769708293" lon="9.423270560168818">
				<ele>173.6999969482422</ele>
				<time>2000-01-01T00:00:00Z</time>
			</trkpt>
			<trkpt lat="60.15622" lon="9.42312">
				<ele>173.8002166748047</ele>
				<time>2000-01-01T00:00:00Z</time>
			</trkpt>
			<trkpt lat="60.15689" lon="9.42287">
				<ele>174.03407287597656</ele>
				<time>2000-01-01T00:00:00Z</time>
			</trkpt>
			<trkpt lat="60.15705" lon="9.42278">
				<ele>174.09107971191406</ele>
				<time>2000-01-01T00:00:00Z</time>
			</trkpt>
			<trkpt lat="60.15707369641252" lon="9.422758456509792">
				<ele>174.10000610351562</ele>
				<time>2000-01-01T00:00:00Z</time>
			</trkpt>
			<trkpt lat="60.15727" lon="9.42258">
				<ele>174.13697814941406</ele>
				<time>2000-01-01T00:00:00Z</time>
			</trkpt>
			<trkpt lat="60.15762" lon="9.42216">
				<ele>174.2069091796875</ele>
				<time>2000-01-01T00:00:00Z</time>
			</trkpt>
			<trkpt lat="60.15806835707995" lon="9.421545945679558">
				<ele>174.3000030517578</ele>
				<time>2000-01-01T00:00:00Z</time>
			</trkpt>
			<trkpt lat="60.15808" lon="9.42153">
				<ele>174.29879760742188</ele>
				<time>2000-01-01T00:00:00Z</time>
			</trkpt>
			<trkpt lat="60.15832" lon="9.42115">
				<ele>174.2725830078125</ele>
				<time>2000-01-01T00:00:00Z</time>
			</trkpt>
			<trkpt lat="60.15878" lon="9.42038">
				<ele>174.22122192382812</ele>
				<time>2000-01-01T00:00:00Z</time>
			</trkpt>
			<trkpt lat="60.15896213045095" lon="9.420043445388357">
				<ele>174.1999969482422</ele>
				<time>2000-01-01T00:00:00Z</time>
			</trkpt>
			<trkpt lat="60.15924" lon="9.41953">
				<ele>174.00572204589844</ele>
				<time>2000-01-01T00:00:00Z</time>
			</trkpt>
			<trkpt lat="60.15967" lon="9.41863">
				<ele>173.6861572265625</ele>
				<time>2000-01-01T00:00:00Z</time>
			</trkpt>
			<trkpt lat="60.15977894434998" lon="9.418374653068316">
				<ele>173.60000610351562</ele>
				<time>2000-01-01T00:00:00Z</time>
			</trkpt>
			<trkpt lat="60.15999" lon="9.41788">
				<ele>173.5721893310547</ele>
				<time>2000-01-01T00:00:00Z</time>
			</trkpt>
			<trkpt lat="60.16048587455454" lon="9.41651364238023">
				<ele>173.5</ele>
				<time>2000-01-01T00:00:00Z</time>
			</trkpt>
			<trkpt lat="60.16093" lon="9.41529">
				<ele>173.62930297851562</ele>
				<time>2000-01-01T00:00:00Z</time>
			</trkpt>
			<trkpt lat="60.16108" lon="9.41498">
				<ele>173.6662139892578</ele>
				<time>2000-01-01T00:00:00Z</time>
			</trkpt>
			<trkpt lat="60.16123157588447" lon="9.414727373381638">
				<ele>173.6999969482422</ele>
				<time>2000-01-01T00:00:00Z</time>
			</trkpt>
			<trkpt lat="60.16126" lon="9.41468">
				<ele>173.70632934570312</ele>
				<time>2000-01-01T00:00:00Z</time>
			</trkpt>
			<trkpt lat="60.16148" lon="9.41445">
				<ele>173.74887084960938</ele>
				<time>2000-01-01T00:00:00Z</time>
			</trkpt>
			<trkpt lat="60.16159" lon="9.41436">
				<ele>173.76925659179688</ele>
				<time>2000-01-01T00:00:00Z</time>
			</trkpt>
			<trkpt lat="60.16208" lon="9.41409">
				<ele>173.85643005371094</ele>
				<time>2000-01-01T00:00:00Z</time>
			</trkpt>
			<trkpt lat="60.16222" lon="9.414">
				<ele>173.8816375732422</ele>
				<time>2000-01-01T00:00:00Z</time>
			</trkpt>
			<trkpt lat="60.16231808437913" lon="9.413914169296365">
				<ele>173.89999389648438</ele>
				<time>2000-01-01T00:00:00Z</time>
			</trkpt>
			<trkpt lat="60.16278" lon="9.41351">
				<ele>174.2025146484375</ele>
				<time>2000-01-01T00:00:00Z</time>
			</trkpt>
			<trkpt lat="60.16298" lon="9.4134">
				<ele>174.32704162597656</ele>
				<time>2000-01-01T00:00:00Z</time>
			</trkpt>
			<trkpt lat="60.16312" lon="9.41337">
				<ele>174.41160583496094</ele>
				<time>2000-01-01T00:00:00Z</time>
			</trkpt>
			<trkpt lat="60.16331" lon="9.41336">
				<ele>174.52574157714844</ele>
				<time>2000-01-01T00:00:00Z</time>
			</trkpt>
			<trkpt lat="60.16343320566875" lon="9.413381903813109">
				<ele>174.60000610351562</ele>
				<time>2000-01-01T00:00:00Z</time>
			</trkpt>
			<trkpt lat="60.16376" lon="9.41344">
				<ele>174.68443298339844</ele>
				<time>2000-01-01T00:00:00Z</time>
			</trkpt>
			<trkpt lat="60.16399" lon="9.41346">
				<ele>174.74368286132812</ele>
				<time>2000-01-01T00:00:00Z</time>
			</trkpt>
			<trkpt lat="60.1642" lon="9.41343">
				<ele>174.7978515625</ele>
				<time>2000-01-01T00:00:00Z</time>
			</trkpt>
			<trkpt lat="60.16437" lon="9.41339">
				<ele>174.84190368652344</ele>
				<time>2000-01-01T00:00:00Z</time>
			</trkpt>
			<trkpt lat="60.16459074945131" lon="9.413295393040551">
				<ele>174.89999389648438</ele>
				<time>2000-01-01T00:00:00Z</time>
			</trkpt>
			<trkpt lat="60.16465" lon="9.41327">
				<ele>174.86880493164062</ele>
				<time>2000-01-01T00:00:00Z</time>
			</trkpt>
			<trkpt lat="60.16485" lon="9.41314">
				<ele>174.76063537597656</ele>
				<time>2000-01-01T00:00:00Z</time>
			</trkpt>
			<trkpt lat="60.16503" lon="9.413">
				<ele>174.66128540039062</ele>
				<time>2000-01-01T00:00:00Z</time>
			</trkpt>
			<trkpt lat="60.16566478285434" lon="9.412397769071607">
				<ele>174.3000030517578</ele>
				<time>2000-01-01T00:00:00Z</time>
			</trkpt>
			<trkpt lat="60.16581" lon="9.41226">
				<ele>174.3000030517578</ele>
				<time>2000-01-01T00:00:00Z</time>
			</trkpt>
			<trkpt lat="60.16607" lon="9.41202">
				<ele>174.3000030517578</ele>
				<time>2000-01-01T00:00:00Z</time>
			</trkpt>
			<trkpt lat="60.16673838204357" lon="9.411487291406916">
				<ele>174.3000030517578</ele>
				<time>2000-01-01T00:00:00Z</time>
			</trkpt>
			<trkpt lat="60.1674" lon="9.41096">
				<ele>174.66632080078125</ele>
				<time>2000-01-01T00:00:00Z</time>
			</trkpt>
			<trkpt lat="60.1676" lon="9.41079">
				<ele>174.778076171875</ele>
				<time>2000-01-01T00:00:00Z</time>
			</trkpt>
			<trkpt lat="60.1678" lon="9.41057">
				<ele>174.8954315185547</ele>
				<time>2000-01-01T00:00:00Z</time>
			</trkpt>
			<trkpt lat="60.16791" lon="9.41043">
				<ele>174.94161987304688</ele>
				<time>2000-01-01T00:00:00Z</time>
			</trkpt>
			<trkpt lat="60.16822" lon="9.40994">
				<ele>175.0769500732422</ele>
				<time>2000-01-01T00:00:00Z</time>
			</trkpt>
			<trkpt lat="60.16855" lon="9.40927">
				<ele>175.23789978027344</ele>
				<time>2000-01-01T00:00:00Z</time>
			</trkpt>
			<trkpt lat="60.16867290059305" lon="9.409002925509968">
				<ele>175.3000030517578</ele>
				<time>2000-01-01T00:00:00Z</time>
			</trkpt>
			<trkpt lat="60.16942" lon="9.40738">
				<ele>174.82821655273438</ele>
				<time>2000-01-01T00:00:00Z</time>
			</trkpt>
			<trkpt lat="60.16946899297523" lon="9.407291811528825">
				<ele>174.8000030517578</ele>
				<time>2000-01-01T00:00:00Z</time>
			</trkpt>
			<trkpt lat="60.16957" lon="9.40711">
				<ele>174.54409790039062</ele>
				<time>2000-01-01T00:00:00Z</time>
			</trkpt>
			<trkpt lat="60.16969" lon="9.40693">
				<ele>174.26158142089844</ele>
				<time>2000-01-01T00:00:00Z</time>
			</trkpt>
			<trkpt lat="60.1698" lon="9.40681">
				<ele>174.0253448486328</ele>
				<time>2000-01-01T00:00:00Z</time>
			</trkpt>
			<trkpt lat="60.17017" lon="9.4065">
				<ele>173.2688446044922</ele>
				<time>2000-01-01T00:00:00Z</time>
			</trkpt>
			<trkpt lat="60.17036" lon="9.40637">
				<ele>172.89007568359375</ele>
				<time>2000-01-01T00:00:00Z</time>
			</trkpt>
			<trkpt lat="60.17049" lon="9.40629">
				<ele>172.63343811035156</ele>
				<time>2000-01-01T00:00:00Z</time>
			</trkpt>
			<trkpt lat="60.170507473120665" lon="9.406283973982747">
				<ele>172.60000610351562</ele>
				<time>2000-01-01T00:00:00Z</time>
			</trkpt>
			<trkpt lat="60.17078" lon="9.40619">
				<ele>172.60000610351562</ele>
				<time>2000-01-01T00:00:00Z</time>
			</trkpt>
			<trkpt lat="60.17106" lon="9.40619">
				<ele>172.60000610351562</ele>
				<time>2000-01-01T00:00:00Z</time>
			</trkpt>
			<trkpt lat="60.17131" lon="9.40622">
				<ele>172.60000610351562</ele>
				<time>2000-01-01T00:00:00Z</time>
			</trkpt>
			<trkpt lat="60.17166761321297" lon="9.406277011343393">
				<ele>172.60000610351562</ele>
				<time>2000-01-01T00:00:00Z</time>
			</trkpt>
			<trkpt lat="60.172" lon="9.40633">
				<ele>172.71441650390625</ele>
				<time>2000-01-01T00:00:00Z</time>
			</trkpt>
			<trkpt lat="60.17283051096881" lon="9.40643941147497">
				<ele>173.0</ele>
				<time>2000-01-01T00:00:00Z</time>
			</trkpt>
			<trkpt lat="60.17367" lon="9.40655">
				<ele>173.28868103027344</ele>
				<time>2000-01-01T00:00:00Z</time>
			</trkpt>
			<trkpt lat="60.1739" lon="9.40656">
				<ele>173.36761474609375</ele>
				<time>2000-01-01T00:00:00Z</time>
			</trkpt>
			<trkpt lat="60.17399432590455" lon="9.406556226934292">
				<ele>173.39999389648438</ele>
				<time>2000-01-01T00:00:00Z</time>
			</trkpt>
			<trkpt lat="60.17415" lon="9.40655">
				<ele>173.49349975585938</ele>
				<time>2000-01-01T00:00:00Z</time>
			</trkpt>
			<trkpt lat="60.17438" lon="9.4065">
				<ele>173.63241577148438</ele>
				<time>2000-01-01T00:00:00Z</time>
			</trkpt>
			<trkpt lat="60.17447" lon="9.40646">
				<ele>173.68775939941406</ele>
				<time>2000-01-01T00:00:00Z</time>
			</trkpt>
			<trkpt lat="60.17456" lon="9.40641">
				<ele>173.74383544921875</ele>
				<time>2000-01-01T00:00:00Z</time>
			</trkpt>
			<trkpt lat="60.17474" lon="9.40627">
				<ele>173.85972595214844</ele>
				<time>2000-01-01T00:00:00Z</time>
			</trkpt>
			<trkpt lat="60.175" lon="9.406">
				<ele>174.03546142578125</ele>
				<time>2000-01-01T00:00:00Z</time>
			</trkpt>
			<trkpt lat="60.17509027618756" lon="9.405882638331049">
				<ele>174.10000610351562</ele>
				<time>2000-01-01T00:00:00Z</time>
			</trkpt>
			<trkpt lat="60.1753" lon="9.40561">
				<ele>174.14285278320312</ele>
				<time>2000-01-01T00:00:00Z</time>
			</trkpt>
			<trkpt lat="60.17587" lon="9.40478">
				<ele>174.2635955810547</ele>
				<time>2000-01-01T00:00:00Z</time>
			</trkpt>
			<trkpt lat="60.17601" lon="9.4046">
				<ele>174.2921142578125</ele>
				<time>2000-01-01T00:00:00Z</time>
			</trkpt>
			<trkpt lat="60.17605118419155" lon="9.40455881534191">
				<ele>174.3000030517578</ele>
				<time>2000-01-01T00:00:00Z</time>
			</trkpt>
			<trkpt lat="60.17616" lon="9.40445">
				<ele>174.28958129882812</ele>
				<time>2000-01-01T00:00:00Z</time>
			</trkpt>
			<trkpt lat="60.17635" lon="9.40433">
				<ele>174.27249145507812</ele>
				<time>2000-01-01T00:00:00Z</time>
			</trkpt>
			<trkpt lat="60.1765" lon="9.40425">
				<ele>174.25917053222656</ele>
				<time>2000-01-01T00:00:00Z</time>
			</trkpt>
			<trkpt lat="60.177182467196936" lon="9.404047570971551">
				<ele>174.1999969482422</ele>
				<time>2000-01-01T00:00:00Z</time>
			</trkpt>
			<trkpt lat="60.17768" lon="9.4039">
				<ele>174.6314239501953</ele>
				<time>2000-01-01T00:00:00Z</time>
			</trkpt>
			<trkpt lat="60.17809" lon="9.4037">
				<ele>174.99334716796875</ele>
				<time>2000-01-01T00:00:00Z</time>
			</trkpt>
			<trkpt lat="60.17831" lon="9.40356">
				<ele>175.1913299560547</ele>
				<time>2000-01-01T00:00:00Z</time>
			</trkpt>
			<trkpt lat="60.17831942499488" lon="9.403552558306778">
				<ele>175.1999969482422</ele>
				<time>2000-01-01T00:00:00Z</time>
			</trkpt>
			<trkpt lat="60.1785" lon="9.40341">
				<ele>175.3997039794922</ele>
				<time>2000-01-01T00:00:00Z</time>
			</trkpt>
			<trkpt lat="60.17864" lon="9.40329">
				<ele>175.55638122558594</ele>
				<time>2000-01-01T00:00:00Z</time>
			</trkpt>
			<trkpt lat="60.17909" lon="9.40279">
				<ele>176.08563232421875</ele>
				<time>2000-01-01T00:00:00Z</time>
			</trkpt>
			<trkpt lat="60.17928" lon="9.4026">
				<ele>176.3040771484375</ele>
				<time>2000-01-01T00:00:00Z</time>
			</trkpt>
			<trkpt lat="60.179367175932754" lon="9.402533805384437">
				<ele>176.39999389648438</ele>
				<time>2000-01-01T00:00:00Z</time>
			</trkpt>
			<trkpt lat="60.17982" lon="9.40219">
				<ele>176.52456665039062</ele>
				<time>2000-01-01T00:00:00Z</time>
			</trkpt>
			<trkpt lat="60.18003" lon="9.40199">
				<ele>176.58436584472656</ele>
				<time>2000-01-01T00:00:00Z</time>
			</trkpt>
			<trkpt lat="60.180416135205355" lon="9.401527900739854">
				<ele>176.6999969482422</ele>
				<time>2000-01-01T00:00:00Z</time>
			</trkpt>
			<trkpt lat="60.18064" lon="9.40126">
				<ele>176.610595703125</ele>
				<time>2000-01-01T00:00:00Z</time>
			</trkpt>
			<trkpt lat="60.18106" lon="9.40078">
				<ele>176.44483947753906</ele>
				<time>2000-01-01T00:00:00Z</time>
			</trkpt>
			<trkpt lat="60.18128" lon="9.40049">
				<ele>176.35458374023438</ele>
				<time>2000-01-01T00:00:00Z</time>
			</trkpt>
			<trkpt lat="60.18140325769272" lon="9.40028785578876">
				<ele>176.3000030517578</ele>
				<time>2000-01-01T00:00:00Z</time>
			</trkpt>
			<trkpt lat="60.18153" lon="9.40008">
				<ele>176.27194213867188</ele>
				<time>2000-01-01T00:00:00Z</time>
			</trkpt>
			<trkpt lat="60.18196" lon="9.39927">
				<ele>176.17086791992188</ele>
				<time>2000-01-01T00:00:00Z</time>
			</trkpt>
			<trkpt lat="60.18226" lon="9.39887">
				<ele>176.10910034179688</ele>
				<time>2000-01-01T00:00:00Z</time>
			</trkpt>
			<trkpt lat="60.18230567531058" lon="9.398815695108796">
				<ele>176.10000610351562</ele>
				<time>2000-01-01T00:00:00Z</time>
			</trkpt>
			<trkpt lat="60.18279" lon="9.39824">
				<ele>176.10000610351562</ele>
				<time>2000-01-01T00:00:00Z</time>
			</trkpt>
			<trkpt lat="60.18309" lon="9.39783">
				<ele>176.10000610351562</ele>
				<time>2000-01-01T00:00:00Z</time>
			</trkpt>
			<trkpt lat="60.183281801856374" lon="9.397538600059844">
				<ele>176.10000610351562</ele>
				<time>2000-01-01T00:00:00Z</time>
			</trkpt>
			<trkpt lat="60.18361" lon="9.39704">
				<ele>176.02943420410156</ele>
				<time>2000-01-01T00:00:00Z</time>
			</trkpt>
			<trkpt lat="60.18382" lon="9.39664">
				<ele>175.9798126220703</ele>
				<time>2000-01-01T00:00:00Z</time>
			</trkpt>
			<trkpt lat="60.18399" lon="9.39621">
				<ele>175.9329376220703</ele>
				<time>2000-01-01T00:00:00Z</time>
			</trkpt>
			<trkpt lat="60.184102484382905" lon="9.395896995495269">
				<ele>175.89999389648438</ele>
				<time>2000-01-01T00:00:00Z</time>
			</trkpt>
			<trkpt lat="60.18422" lon="9.39557">
				<ele>175.83114624023438</ele>
				<time>2000-01-01T00:00:00Z</time>
			</trkpt>
			<trkpt lat="60.18446" lon="9.39476">
				<ele>175.67027282714844</ele>
				<time>2000-01-01T00:00:00Z</time>
			</trkpt>
			<trkpt lat="60.184694545192954" lon="9.393880441638647">
				<ele>175.5</ele>
				<time>2000-01-01T00:00:00Z</time>
			</trkpt>
			<trkpt lat="60.18482" lon="9.39341">
				<ele>175.47723388671875</ele>
				<time>2000-01-01T00:00:00Z</time>
			</trkpt>
			<trkpt lat="60.18509" lon="9.39248">
				<ele>175.43128967285156</ele>
				<time>2000-01-01T00:00:00Z</time>
			</trkpt>
			<trkpt lat="60.185248871034275" lon="9.391819428977415">
				<ele>175.39999389648438</ele>
				<time>2000-01-01T00:00:00Z</time>
			</trkpt>
			<trkpt lat="60.18528" lon="9.39169">
				<ele>175.44906616210938</ele>
				<time>2000-01-01T00:00:00Z</time>
			</trkpt>
			<trkpt lat="60.18553" lon="9.39029">
				<ele>175.95663452148438</ele>
				<time>2000-01-01T00:00:00Z</time>
			</trkpt>
			<trkpt lat="60.18566" lon="9.38981">
				<ele>176.14315795898438</ele>
				<time>2000-01-01T00:00:00Z</time>
			</trkpt>
			<trkpt lat="60.1857119230854" lon="9.38968019204799">
				<ele>176.1999969482422</ele>
				<time>2000-01-01T00:00:00Z</time>
			</trkpt>
			<trkpt lat="60.18574" lon="9.38961">
				<ele>176.26145935058594</ele>
				<time>2000-01-01T00:00:00Z</time>
			</trkpt>
			<trkpt lat="60.18597" lon="9.3892">
				<ele>176.68333435058594</ele>
				<time>2000-01-01T00:00:00Z</time>
			</trkpt>
			<trkpt lat="60.18627" lon="9.38882">
				<ele>177.16995239257812</ele>
				<time>2000-01-01T00:00:00Z</time>
			</trkpt>
			<trkpt lat="60.18663" lon="9.38843">
				<ele>177.731201171875</ele>
				<time>2000-01-01T00:00:00Z</time>
			</trkpt>
			<trkpt lat="60.186676858995526" lon="9.388394166236514">
				<ele>177.8000030517578</ele>
				<time>2000-01-01T00:00:00Z</time>
			</trkpt>
			<trkpt lat="60.1868" lon="9.3883">
				<ele>177.68699645996094</ele>
				<time>2000-01-01T00:00:00Z</time>
			</trkpt>
			<trkpt lat="60.18701" lon="9.38818">
				<ele>177.49972534179688</ele>
				<time>2000-01-01T00:00:00Z</time>
			</trkpt>
			<trkpt lat="60.18738" lon="9.38805">
				<ele>177.17750549316406</ele>
				<time>2000-01-01T00:00:00Z</time>
			</trkpt>
			<trkpt lat="60.18768" lon="9.38798">
				<ele>176.91844177246094</ele>
				<time>2000-01-01T00:00:00Z</time>
			</trkpt>
			<trkpt lat="60.18781772602434" lon="9.387960782049973">
				<ele>176.8000030517578</ele>
				<time>2000-01-01T00:00:00Z</time>
			</trkpt>
			<trkpt lat="60.18811" lon="9.38792">
				<ele>176.22195434570312</ele>
				<time>2000-01-01T00:00:00Z</time>
			</trkpt>
			<trkpt lat="60.18839" lon="9.38791">
				<ele>175.66940307617188</ele>
				<time>2000-01-01T00:00:00Z</time>
			</trkpt>
			<trkpt lat="60.18859" lon="9.38793">
				<ele>175.2742919921875</ele>
				<time>2000-01-01T00:00:00Z</time>
			</trkpt>
			<trkpt lat="60.18873" lon="9.38797">
				<ele>174.99525451660156</ele>
				<time>2000-01-01T00:00:00Z</time>
			</trkpt>
			<trkpt lat="60.18884" lon="9.38801">
				<ele>174.7747344970703</ele>
				<time>2000-01-01T00:00:00Z</time>
			</trkpt>
			<trkpt lat="60.18897461581468" lon="9.38808151526058">
				<ele>174.5</ele>
				<time>2000-01-01T00:00:00Z</time>
			</trkpt>
			<trkpt lat="60.18916" lon="9.38818">
				<ele>174.1875</ele>
				<time>2000-01-01T00:00:00Z</time>
			</trkpt>
			<trkpt lat="60.190088260992795" lon="9.38877322308881">
				<ele>172.60000610351562</ele>
				<time>2000-01-01T00:00:00Z</time>
			</trkpt>
			<trkpt lat="60.19119925350029" lon="9.389483073807803">
				<ele>172.1999969482422</ele>
				<time>2000-01-01T00:00:00Z</time>
			</trkpt>
			<trkpt lat="60.19193" lon="9.38995">
				<ele>172.39732360839844</ele>
				<time>2000-01-01T00:00:00Z</time>
			</trkpt>
			<trkpt lat="60.19231189898878" lon="9.390182460402821">
				<ele>172.5</ele>
				<time>2000-01-01T00:00:00Z</time>
			</trkpt>
			<trkpt lat="60.19239" lon="9.39023">
				<ele>172.51400756835938</ele>
				<time>2000-01-01T00:00:00Z</time>
			</trkpt>
			<trkpt lat="60.193421215963134" lon="9.390902788270965">
				<ele>172.6999969482422</ele>
				<time>2000-01-01T00:00:00Z</time>
			</trkpt>
			<trkpt lat="60.19426" lon="9.39145">
				<ele>172.47305297851562</ele>
				<time>2000-01-01T00:00:00Z</time>
			</trkpt>
			<trkpt lat="60.19437" lon="9.39151">
				<ele>172.4437255859375</ele>
				<time>2000-01-01T00:00:00Z</time>
			</trkpt>
			<trkpt lat="60.19448" lon="9.39156">
				<ele>172.41470336914062</ele>
				<time>2000-01-01T00:00:00Z</time>
			</trkpt>
			<trkpt lat="60.19447" lon="9.39165">
				<ele>172.4029083251953</ele>
				<time>2000-01-01T00:00:00Z</time>
			</trkpt>
			<trkpt lat="60.194466321419256" lon="9.391671538350082">
				<ele>172.39999389648438</ele>
				<time>2000-01-01T00:00:00Z</time>
			</trkpt>
			<trkpt lat="60.1944" lon="9.39206">
				<ele>172.36495971679688</ele>
				<time>2000-01-01T00:00:00Z</time>
			</trkpt>
			<trkpt lat="60.19433" lon="9.39236">
				<ele>172.33670043945312</ele>
				<time>2000-01-01T00:00:00Z</time>
			</trkpt>
			<trkpt lat="60.19415" lon="9.39317">
				<ele>172.26104736328125</ele>
				<time>2000-01-01T00:00:00Z</time>
			</trkpt>
			<trkpt lat="60.194" lon="9.39381">
				<ele>172.20069885253906</ele>
				<time>2000-01-01T00:00:00Z</time>
			</trkpt>
			<trkpt lat="60.1939" lon="9.39419">
				<ele>172.21798706054688</ele>
				<time>2000-01-01T00:00:00Z</time>
			</trkpt>
			<trkpt lat="60.19387" lon="9.39432">
				<ele>172.22409057617188</ele>
				<time>2000-01-01T00:00:00Z</time>
			</trkpt>
			<trkpt lat="60.1938" lon="9.39462">
				<ele>172.23822021484375</ele>
				<time>2000-01-01T00:00:00Z</time>
			</trkpt>
			<trkpt lat="60.19373" lon="9.39493">
				<ele>172.25274658203125</ele>
				<time>2000-01-01T00:00:00Z</time>
			</trkpt>
			<trkpt lat="60.19369" lon="9.39509">
				<ele>172.26039123535156</ele>
				<time>2000-01-01T00:00:00Z</time>
			</trkpt>
			<trkpt lat="60.19364" lon="9.39535">
				<ele>172.27227783203125</ele>
				<time>2000-01-01T00:00:00Z</time>
			</trkpt>
			<trkpt lat="60.1936" lon="9.39559">
				<ele>172.28306579589844</ele>
				<time>2000-01-01T00:00:00Z</time>
			</trkpt>
			<trkpt lat="60.19357" lon="9.39579">
				<ele>172.29197692871094</ele>
				<time>2000-01-01T00:00:00Z</time>
			</trkpt>
			<trkpt lat="60.19355" lon="9.39592">
				<ele>172.2977752685547</ele>
				<time>2000-01-01T00:00:00Z</time>
			</trkpt>
			<trkpt lat="60.193545712337986" lon="9.39597145134856">
				<ele>172.3000030517578</ele>
				<time>2000-01-01T00:00:00Z</time>
			</trkpt>
			<trkpt lat="60.19354" lon="9.39604">
				<ele>172.31777954101562</ele>
				<time>2000-01-01T00:00:00Z</time>
			</trkpt>
			<trkpt lat="60.19355" lon="9.39617">
				<ele>172.3514404296875</ele>
				<time>2000-01-01T00:00:00Z</time>
			</trkpt>
			<trkpt lat="60.19355" lon="9.39628">
				<ele>172.3795928955078</ele>
				<time>2000-01-01T00:00:00Z</time>
			</trkpt>
			<trkpt lat="60.19357" lon="9.39641">
				<ele>172.41439819335938</ele>
				<time>2000-01-01T00:00:00Z</time>
			</trkpt>
			<trkpt lat="60.19358" lon="9.39651">
				<ele>172.44049072265625</ele>
				<time>2000-01-01T00:00:00Z</time>
			</trkpt>
			<trkpt lat="60.1936" lon="9.39663">
				<ele>172.47286987304688</ele>
				<time>2000-01-01T00:00:00Z</time>
			</trkpt>
			<trkpt lat="60.19365" lon="9.39683">
				<ele>172.5301513671875</ele>
				<time>2000-01-01T00:00:00Z</time>
			</trkpt>
			<trkpt lat="60.19368" lon="9.39695">
				<ele>172.56451416015625</ele>
				<time>2000-01-01T00:00:00Z</time>
			</trkpt>
			<trkpt lat="60.19369" lon="9.39702">
				<ele>172.58314514160156</ele>
				<time>2000-01-01T00:00:00Z</time>
			</trkpt>
			<trkpt lat="60.19375" lon="9.39704">
				<ele>172.6144561767578</ele>
				<time>2000-01-01T00:00:00Z</time>
			</trkpt>
			<trkpt lat="60.19379" lon="9.39704">
				<ele>172.63504028320312</ele>
				<time>2000-01-01T00:00:00Z</time>
			</trkpt>
			<trkpt lat="60.19425607923613" lon="9.397479697629986">
				<ele>172.89999389648438</ele>
				<time>2000-01-01T00:00:00Z</time>
			</trkpt>
			<trkpt lat="60.19432" lon="9.39754">
				<ele>173.11801147460938</ele>
				<time>2000-01-01T00:00:00Z</time>
			</trkpt>
			<trkpt lat="60.19465" lon="9.39793">
				<ele>174.30001831054688</ele>
				<time>2000-01-01T00:00:00Z</time>
			</trkpt>
			<trkpt lat="60.19477" lon="9.398">
				<ele>174.6858367919922</ele>
				<time>2000-01-01T00:00:00Z</time>
			</trkpt>
			<trkpt lat="60.19489" lon="9.398">
				<ele>175.05641174316406</ele>
				<time>2000-01-01T00:00:00Z</time>
			</trkpt>
			<trkpt lat="60.19504" lon="9.39796">
				<ele>175.52377319335938</ele>
				<time>2000-01-01T00:00:00Z</time>
			</trkpt>
			<trkpt lat="60.19533658361202" lon="9.397739954083551">
				<ele>176.5</ele>
				<time>2000-01-01T00:00:00Z</time>
			</trkpt>
			<trkpt lat="60.19535" lon="9.39773">
				<ele>176.51104736328125</ele>
				<time>2000-01-01T00:00:00Z</time>
			</trkpt>
			<trkpt lat="60.19548" lon="9.39766">
				<ele>176.61492919921875</ele>
				<time>2000-01-01T00:00:00Z</time>
			</trkpt>
			<trkpt lat="60.19561" lon="9.39768">
				<ele>176.71559143066406</ele>
				<time>2000-01-01T00:00:00Z</time>
			</trkpt>
			<trkpt lat="60.19606" lon="9.39788">
				<ele>177.0714111328125</ele>
				<time>2000-01-01T00:00:00Z</time>
			</trkpt>
			<trkpt lat="60.19633" lon="9.39796">
				<ele>177.28208923339844</ele>
				<time>2000-01-01T00:00:00Z</time>
			</trkpt>
			<trkpt lat="60.19647841717593" lon="9.398032306736424">
				<ele>177.39999389648438</ele>
				<time>2000-01-01T00:00:00Z</time>
			</trkpt>
			<trkpt lat="60.19672" lon="9.39815">
				<ele>177.5492706298828</ele>
				<time>2000-01-01T00:00:00Z</time>
			</trkpt>
			<trkpt lat="60.19705" lon="9.39847">
				<ele>177.7692413330078</ele>
				<time>2000-01-01T00:00:00Z</time>
			</trkpt>
			<trkpt lat="60.197538383255335" lon="9.398982402963574">
				<ele>178.10000610351562</ele>
				<time>2000-01-01T00:00:00Z</time>
			</trkpt>
			<trkpt lat="60.19766" lon="9.39911">
				<ele>178.1352996826172</ele>
				<time>2000-01-01T00:00:00Z</time>
			</trkpt>
			<trkpt lat="60.19783" lon="9.39927">
				<ele>178.18359375</ele>
				<time>2000-01-01T00:00:00Z</time>
			</trkpt>
			<trkpt lat="60.19818" lon="9.39946">
				<ele>178.2769012451172</ele>
				<time>2000-01-01T00:00:00Z</time>
			</trkpt>
			<trkpt lat="60.19847" lon="9.39959">
				<ele>178.35336303710938</ele>
				<time>2000-01-01T00:00:00Z</time>
			</trkpt>
			<trkpt lat="60.19861" lon="9.39963">
				<ele>178.38975524902344</ele>
				<time>2000-01-01T00:00:00Z</time>
			</trkpt>
			<trkpt lat="60.19864981625008" lon="9.399631106093745">
				<ele>178.39999389648438</ele>
				<time>2000-01-01T00:00:00Z</time>
			</trkpt>
			<trkpt lat="60.19897" lon="9.39964">
				<ele>177.90550231933594</ele>
				<time>2000-01-01T00:00:00Z</time>
			</trkpt>
			<trkpt lat="60.19922" lon="9.39964">
				<ele>177.51947021484375</ele>
				<time>2000-01-01T00:00:00Z</time>
			</trkpt>
			<trkpt lat="60.19943" lon="9.39961">
				<ele>177.1943817138672</ele>
				<time>2000-01-01T00:00:00Z</time>
			</trkpt>
			<trkpt lat="60.19965" lon="9.39962">
				<ele>176.85459899902344</ele>
				<time>2000-01-01T00:00:00Z</time>
			</trkpt>
			<trkpt lat="60.19981363031139" lon="9.399660907588432">
				<ele>176.60000610351562</ele>
				<time>2000-01-01T00:00:00Z</time>
			</trkpt>
			<trkpt lat="60.19985" lon="9.39967">
				<ele>176.568603515625</ele>
				<time>2000-01-01T00:00:00Z</time>
			</trkpt>
			<trkpt lat="60.20009" lon="9.39969">
				<ele>176.36248779296875</ele>
				<time>2000-01-01T00:00:00Z</time>
			</trkpt>
			<trkpt lat="60.20021" lon="9.39967">
				<ele>176.2592010498047</ele>
				<time>2000-01-01T00:00:00Z</time>
			</trkpt>
			<trkpt lat="60.20052" lon="9.39967">
				<ele>175.99331665039062</ele>
				<time>2000-01-01T00:00:00Z</time>
			</trkpt>
			<trkpt lat="60.20079" lon="9.39961">
				<ele>175.76026916503906</ele>
				<time>2000-01-01T00:00:00Z</time>
			</trkpt>
			<trkpt lat="60.20097672294531" lon="9.399596168655016">
				<ele>175.60000610351562</ele>
				<time>2000-01-01T00:00:00Z</time>
			</trkpt>
			<trkpt lat="60.20106" lon="9.39959">
				<ele>175.72149658203125</ele>
				<time>2000-01-01T00:00:00Z</time>
			</trkpt>
			<trkpt lat="60.2013" lon="9.3996">
				<ele>176.07159423828125</ele>
				<time>2000-01-01T00:00:00Z</time>
			</trkpt>
			<trkpt lat="60.20159" lon="9.39956">
				<ele>176.49554443359375</ele>
				<time>2000-01-01T00:00:00Z</time>
			</trkpt>
			<trkpt lat="60.20202" lon="9.39955">
				<ele>177.1226806640625</ele>
				<time>2000-01-01T00:00:00Z</time>
			</trkpt>
			<trkpt lat="60.20214140838535" lon="9.399563490187555">
				<ele>177.3000030517578</ele>
				<time>2000-01-01T00:00:00Z</time>
			</trkpt>
			<trkpt lat="60.20247" lon="9.3996">
				<ele>177.77989196777344</ele>
				<time>2000-01-01T00:00:00Z</time>
			</trkpt>
			<trkpt lat="60.20267" lon="9.39959">
				<ele>178.0717315673828</ele>
				<time>2000-01-01T00:00:00Z</time>
			</trkpt>
			<trkpt lat="60.20295" lon="9.39953">
				<ele>178.48231506347656</ele>
				<time>2000-01-01T00:00:00Z</time>
			</trkpt>
			<trkpt lat="60.20313" lon="9.39944">
				<ele>178.7528533935547</ele>
				<time>2000-01-01T00:00:00Z</time>
			</trkpt>
			<trkpt lat="60.20328312461543" lon="9.399293835401458">
				<ele>179.0</ele>
				<time>2000-01-01T00:00:00Z</time>
			</trkpt>
			<trkpt lat="60.20335" lon="9.39923">
				<ele>178.9365234375</ele>
				<time>2000-01-01T00:00:00Z</time>
			</trkpt>
			<trkpt lat="60.20351" lon="9.39895">
				<ele>178.75460815429688</ele>
				<time>2000-01-01T00:00:00Z</time>
			</trkpt>
			<trkpt lat="60.20364" lon="9.39848">
				<ele>178.52529907226562</ele>
				<time>2000-01-01T00:00:00Z</time>
			</trkpt>
			<trkpt lat="60.20373" lon="9.39802">
				<ele>178.31454467773438</ele>
				<time>2000-01-01T00:00:00Z</time>
			</trkpt>
			<trkpt lat="60.20379533250948" lon="9.397293904390358">
				<ele>178.0</ele>
				<time>2000-01-01T00:00:00Z</time>
			</trkpt>
			<trkpt lat="60.20391" lon="9.39602">
				<ele>177.5033416748047</ele>
				<time>2000-01-01T00:00:00Z</time>
			</trkpt>
			<trkpt lat="60.20397" lon="9.3951">
				<ele>177.14736938476562</ele>
				<time>2000-01-01T00:00:00Z</time>
			</trkpt>
			<trkpt lat="60.20396370135309" lon="9.394977189382155">
				<ele>177.10000610351562</ele>
				<time>2000-01-01T00:00:00Z</time>
			</trkpt>
			<trkpt lat="60.20395" lon="9.39471">
				<ele>177.23741149902344</ele>
				<time>2000-01-01T00:00:00Z</time>
			</trkpt>
			<trkpt lat="60.20392" lon="9.39447">
				<ele>177.364013671875</ele>
				<time>2000-01-01T00:00:00Z</time>
			</trkpt>
			<trkpt lat="60.20376" lon="9.39363">
				<ele>177.82420349121094</ele>
				<time>2000-01-01T00:00:00Z</time>
			</trkpt>
			<trkpt lat="60.20373" lon="9.39327">
				<ele>178.01089477539062</ele>
				<time>2000-01-01T00:00:00Z</time>
			</trkpt>
			<trkpt lat="60.20379" lon="9.39283">
				<ele>178.24427795410156</ele>
				<time>2000-01-01T00:00:00Z</time>
			</trkpt>
			<trkpt lat="60.20381123858416" lon="9.392729872621313">
				<ele>178.3000030517578</ele>
				<time>2000-01-01T00:00:00Z</time>
			</trkpt>
			<trkpt lat="60.20386" lon="9.3925">
				<ele>178.6410369873047</ele>
				<time>2000-01-01T00:00:00Z</time>
			</trkpt>
			<trkpt lat="60.20395" lon="9.39224">
				<ele>179.07325744628906</ele>
				<time>2000-01-01T00:00:00Z</time>
			</trkpt>
			<trkpt lat="60.20444" lon="9.39116">
				<ele>181.06817626953125</ele>
				<time>2000-01-01T00:00:00Z</time>
			</trkpt>
			<trkpt lat="60.20452" lon="9.39105">
				<ele>181.3340606689453</ele>
				<time>2000-01-01T00:00:00Z</time>
			</trkpt>
			<trkpt lat="60.20457328309576" lon="9.390992617936837">
				<ele>181.5</ele>
				<time>2000-01-01T00:00:00Z</time>
			</trkpt>
			<trkpt lat="60.20465" lon="9.39091">
				<ele>181.39552307128906</ele>
				<time>2000-01-01T00:00:00Z</time>
			</trkpt>
			<trkpt lat="60.20487" lon="9.39077">
				<ele>181.11839294433594</ele>
				<time>2000-01-01T00:00:00Z</time>
			</trkpt>
			<trkpt lat="60.20493" lon="9.39075">
				<ele>181.04537963867188</ele>
				<time>2000-01-01T00:00:00Z</time>
			</trkpt>
			<trkpt lat="60.20569" lon="9.39067">
				<ele>180.1313018798828</ele>
				<time>2000-01-01T00:00:00Z</time>
			</trkpt>
			<trkpt lat="60.205715948214646" lon="9.390664657094801">
				<ele>180.10000610351562</ele>
				<time>2000-01-01T00:00:00Z</time>
			</trkpt>
			<trkpt lat="60.20603" lon="9.3906">
				<ele>179.47705078125</ele>
				<time>2000-01-01T00:00:00Z</time>
			</trkpt>
			<trkpt lat="60.2061" lon="9.39057">
				<ele>179.33584594726562</ele>
				<time>2000-01-01T00:00:00Z</time>
			</trkpt>
			<trkpt lat="60.2062" lon="9.39051">
				<ele>179.1300811767578</ele>
				<time>2000-01-01T00:00:00Z</time>
			</trkpt>
			<trkpt lat="60.20642" lon="9.39035">
				<ele>178.66848754882812</ele>
				<time>2000-01-01T00:00:00Z</time>
			</trkpt>
			<trkpt lat="60.20665" lon="9.39037">
				<ele>178.21429443359375</ele>
				<time>2000-01-01T00:00:00Z</time>
			</trkpt>
			<trkpt lat="60.20655" lon="9.39042">
				<ele>178.010986328125</ele>
				<time>2000-01-01T00:00:00Z</time>
			</trkpt>
			<trkpt lat="60.20649" lon="9.39042">
				<ele>177.89254760742188</ele>
				<time>2000-01-01T00:00:00Z</time>
			</trkpt>
			<trkpt lat="60.20649" lon="9.39034">
				<ele>177.81411743164062</ele>
				<time>2000-01-01T00:00:00Z</time>
			</trkpt>
			<trkpt lat="60.20645" lon="9.39028">
				<ele>177.78900146484375</ele>
				<time>2000-01-01T00:00:00Z</time>
			</trkpt>
			<trkpt lat="60.20656" lon="9.3902">
				<ele>177.7589111328125</ele>
				<time>2000-01-01T00:00:00Z</time>
			</trkpt>
			<trkpt lat="60.2065" lon="9.39026">
				<ele>177.7416534423828</ele>
				<time>2000-01-01T00:00:00Z</time>
			</trkpt>
			<trkpt lat="60.20647" lon="9.39032">
				<ele>177.7307891845703</ele>
				<time>2000-01-01T00:00:00Z</time>
			</trkpt>
			<trkpt lat="60.20651" lon="9.39026">
				<ele>177.7179412841797</ele>
				<time>2000-01-01T00:00:00Z</time>
			</trkpt>
			<trkpt lat="60.20656" lon="9.39022">
				<ele>177.70408630371094</ele>
				<time>2000-01-01T00:00:00Z</time>
			</trkpt>
			<trkpt lat="60.2066" lon="9.39015">
				<ele>177.69044494628906</ele>
				<time>2000-01-01T00:00:00Z</time>
			</trkpt>
			<trkpt lat="60.20671" lon="9.39007">
				<ele>177.6603546142578</ele>
				<time>2000-01-01T00:00:00Z</time>
			</trkpt>
			<trkpt lat="60.20677" lon="9.38999">
				<ele>177.64183044433594</ele>
				<time>2000-01-01T00:00:00Z</time>
			</trkpt>
			<trkpt lat="60.20699" lon="9.38939">
				<ele>177.54649353027344</ele>
				<time>2000-01-01T00:00:00Z</time>
			</trkpt>
			<trkpt lat="60.20703" lon="9.38906">
				<ele>177.50303649902344</ele>
				<time>2000-01-01T00:00:00Z</time>
			</trkpt>
			<trkpt lat="60.207026013884104" lon="9.389037547963321">
				<ele>177.5</ele>
				<time>2000-01-01T00:00:00Z</time>
			</trkpt>
			<trkpt lat="60.20673" lon="9.38736">
				<ele>177.0447235107422</ele>
				<time>2000-01-01T00:00:00Z</time>
			</trkpt>
			<trkpt lat="60.20669" lon="9.38709">
				<ele>176.97267150878906</ele>
				<time>2000-01-01T00:00:00Z</time>
			</trkpt>
			<trkpt lat="60.20667571965153" lon="9.386807339321546">
				<ele>176.89999389648438</ele>
				<time>2000-01-01T00:00:00Z</time>
			</trkpt>
			<trkpt lat="60.20664" lon="9.3861">
				<ele>176.96060180664062</ele>
				<time>2000-01-01T00:00:00Z</time>
			</trkpt>
			<trkpt lat="60.2065" lon="9.38496">
				<ele>177.06072998046875</ele>
				<time>2000-01-01T00:00:00Z</time>
			</trkpt>
			<trkpt lat="60.20649" lon="9.38471">
				<ele>177.0821075439453</ele>
				<time>2000-01-01T00:00:00Z</time>
			</trkpt>
			<trkpt lat="60.206501281513795" lon="9.384501285986712">
				<ele>177.10000610351562</ele>
				<time>2000-01-01T00:00:00Z</time>
			</trkpt>
			<trkpt lat="60.20651" lon="9.38434">
				<ele>177.31434631347656</ele>
				<time>2000-01-01T00:00:00Z</time>
			</trkpt>
			<trkpt lat="60.2066" lon="9.38378">
				<ele>178.09207153320312</ele>
				<time>2000-01-01T00:00:00Z</time>
			</trkpt>
			<trkpt lat="60.20671" lon="9.38335">
				<ele>178.73121643066406</ele>
				<time>2000-01-01T00:00:00Z</time>
			</trkpt>
			<trkpt lat="60.20682" lon="9.38303">
				<ele>179.24525451660156</ele>
				<time>2000-01-01T00:00:00Z</time>
			</trkpt>
			<trkpt lat="60.20698" lon="9.38268">
				<ele>179.87368774414062</ele>
				<time>2000-01-01T00:00:00Z</time>
			</trkpt>
			<trkpt lat="60.207068465334736" lon="9.38250896143999">
				<ele>180.1999969482422</ele>
				<time>2000-01-01T00:00:00Z</time>
			</trkpt>
			<trkpt lat="60.20728" lon="9.3821">
				<ele>181.2066192626953</ele>
				<time>2000-01-01T00:00:00Z</time>
			</trkpt>
			<trkpt lat="60.20746" lon="9.38184">
				<ele>181.96670532226562</ele>
				<time>2000-01-01T00:00:00Z</time>
			</trkpt>
			<trkpt lat="60.20772" lon="9.38156">
				<ele>182.9785614013672</ele>
				<time>2000-01-01T00:00:00Z</time>
			</trkpt>
			<trkpt lat="60.20798" lon="9.38136">
				<ele>183.93368530273438</ele>
				<time>2000-01-01T00:00:00Z</time>
			</trkpt>
			<trkpt lat="60.20805409452203" lon="9.38131369033743">
				<ele>184.1999969482422</ele>
				<time>2000-01-01T00:00:00Z</time>
			</trkpt>
			<trkpt lat="60.20822" lon="9.38121">
				<ele>184.36390686035156</ele>
				<time>2000-01-01T00:00:00Z</time>
			</trkpt>
			<trkpt lat="60.20877" lon="9.38075">
				<ele>184.9259033203125</ele>
				<time>2000-01-01T00:00:00Z</time>
			</trkpt>
			<trkpt lat="60.20902" lon="9.38046">
				<ele>185.19818115234375</ele>
				<time>2000-01-01T00:00:00Z</time>
			</trkpt>
			<trkpt lat="60.20910651045158" lon="9.380330234060374">
				<ele>185.3000030517578</ele>
				<time>2000-01-01T00:00:00Z</time>
			</trkpt>
			<trkpt lat="60.20916" lon="9.38025">
				<ele>185.55177307128906</ele>
				<time>2000-01-01T00:00:00Z</time>
			</trkpt>
			<trkpt lat="60.20951" lon="9.37986">
				<ele>187.0618896484375</ele>
				<time>2000-01-01T00:00:00Z</time>
			</trkpt>
			<trkpt lat="60.20966" lon="9.37975">
				<ele>187.66456604003906</ele>
				<time>2000-01-01T00:00:00Z</time>
			</trkpt>
			<trkpt lat="60.20982" lon="9.37969">
				<ele>188.27879333496094</ele>
				<time>2000-01-01T00:00:00Z</time>
			</trkpt>
			<trkpt lat="60.21016" lon="9.37975">
				<ele>189.56703186035156</ele>
				<time>2000-01-01T00:00:00Z</time>
			</trkpt>
			<trkpt lat="60.21019465741047" lon="9.379737397239822">
				<ele>189.6999969482422</ele>
				<time>2000-01-01T00:00:00Z</time>
			</trkpt>
			<trkpt lat="60.21027" lon="9.37971">
				<ele>190.19920349121094</ele>
				<time>2000-01-01T00:00:00Z</time>
			</trkpt>
			<trkpt lat="60.21034" lon="9.37966">
				<ele>190.68345642089844</ele>
				<time>2000-01-01T00:00:00Z</time>
			</trkpt>
			<trkpt lat="60.21043" lon="9.37959">
				<ele>191.31268310546875</ele>
				<time>2000-01-01T00:00:00Z</time>
			</trkpt>
			<trkpt lat="60.21054" lon="9.37943">
				<ele>192.1973876953125</ele>
				<time>2000-01-01T00:00:00Z</time>
			</trkpt>
			<trkpt lat="60.21061" lon="9.3794">
				<ele>192.6639862060547</ele>
				<time>2000-01-01T00:00:00Z</time>
			</trkpt>
			<trkpt lat="60.21072" lon="9.37956">
				<ele>193.54869079589844</ele>
				<time>2000-01-01T00:00:00Z</time>
			</trkpt>
			<trkpt lat="60.21084" lon="9.37958">
				<ele>194.33375549316406</ele>
				<time>2000-01-01T00:00:00Z</time>
			</trkpt>
			<trkpt lat="60.21088" lon="9.37955">
				<ele>194.6123504638672</ele>
				<time>2000-01-01T00:00:00Z</time>
			</trkpt>
			<trkpt lat="60.21104" lon="9.37959">
				<ele>195.66331481933594</ele>
				<time>2000-01-01T00:00:00Z</time>
			</trkpt>
			<trkpt lat="60.21116" lon="9.37958">
				<ele>196.44654846191406</ele>
				<time>2000-01-01T00:00:00Z</time>
			</trkpt>
			<trkpt lat="60.21128" lon="9.37945">
				<ele>197.32891845703125</ele>
				<time>2000-01-01T00:00:00Z</time>
			</trkpt>
			<trkpt lat="60.2116" lon="9.37899">
				<ele>199.45394897460938</ele>
				<time>2000-01-01T00:00:00Z</time>
			</trkpt>
			<trkpt lat="60.21179" lon="9.37878">
				<ele>200.6255645751953</ele>
				<time>2000-01-01T00:00:00Z</time>
			</trkpt>
			<trkpt lat="60.212227269955484" lon="9.3781072723544">
				<ele>203.60000610351562</ele>
				<time>2000-01-01T00:00:00Z</time>
			</trkpt>
			<trkpt lat="60.21244" lon="9.37778">
				<ele>204.1741180419922</ele>
				<time>2000-01-01T00:00:00Z</time>
			</trkpt>
			<trkpt lat="60.21264" lon="9.37753">
				<ele>204.67909240722656</ele>
				<time>2000-01-01T00:00:00Z</time>
			</trkpt>
			<trkpt lat="60.21302" lon="9.3772">
				<ele>205.5665740966797</ele>
				<time>2000-01-01T00:00:00Z</time>
			</trkpt>
			<trkpt lat="60.21316" lon="9.37712">
				<ele>205.8787384033203</ele>
				<time>2000-01-01T00:00:00Z</time>
			</trkpt>
			<trkpt lat="60.21326201582151" lon="9.377088610275052">
				<ele>206.10000610351562</ele>
				<time>2000-01-01T00:00:00Z</time>
			</trkpt>
			<trkpt lat="60.21342" lon="9.37704">
				<ele>206.23709106445312</ele>
				<time>2000-01-01T00:00:00Z</time>
			</trkpt>
			<trkpt lat="60.21384" lon="9.37674">
				<ele>206.61941528320312</ele>
				<time>2000-01-01T00:00:00Z</time>
			</trkpt>
			<trkpt lat="60.214358407776935" lon="9.376312540821298">
				<ele>207.10000610351562</ele>
				<time>2000-01-01T00:00:00Z</time>
			</trkpt>
			<trkpt lat="60.21441" lon="9.37627">
				<ele>207.18605041503906</ele>
				<time>2000-01-01T00:00:00Z</time>
			</trkpt>
			<trkpt lat="60.21459" lon="9.37616">
				<ele>207.47659301757812</ele>
				<time>2000-01-01T00:00:00Z</time>
			</trkpt>
			<trkpt lat="60.21485" lon="9.37591">
				<ele>207.92152404785156</ele>
				<time>2000-01-01T00:00:00Z</time>
			</trkpt>
			<trkpt lat="60.21508" lon="9.37573">
				<ele>208.30250549316406</ele>
				<time>2000-01-01T00:00:00Z</time>
			</trkpt>
			<trkpt lat="60.21544885487395" lon="9.375494785874027">
				<ele>208.89999389648438</ele>
				<time>2000-01-01T00:00:00Z</time>
			</trkpt>
			<trkpt lat="60.21577" lon="9.37529">
				<ele>209.47792053222656</ele>
				<time>2000-01-01T00:00:00Z</time>
			</trkpt>
			<trkpt lat="60.21639" lon="9.37497">
				<ele>210.5760955810547</ele>
				<time>2000-01-01T00:00:00Z</time>
			</trkpt>
			<trkpt lat="60.21652" lon="9.37486">
				<ele>210.81809997558594</ele>
				<time>2000-01-01T00:00:00Z</time>
			</trkpt>
			<trkpt lat="60.21656225995803" lon="9.374815253465343">
				<ele>210.89999389648438</ele>
				<time>2000-01-01T00:00:00Z</time>
			</trkpt>
			<trkpt lat="60.21669" lon="9.37468">
				<ele>210.82571411132812</ele>
				<time>2000-01-01T00:00:00Z</time>
			</trkpt>
			<trkpt lat="60.21683" lon="9.37445">
				<ele>210.73269653320312</ele>
				<time>2000-01-01T00:00:00Z</time>
			</trkpt>
			<trkpt lat="60.21697" lon="9.37431">
				<ele>210.65223693847656</ele>
				<time>2000-01-01T00:00:00Z</time>
			</trkpt>
			<trkpt lat="60.21731" lon="9.37411">
				<ele>210.46990966796875</ele>
				<time>2000-01-01T00:00:00Z</time>
			</trkpt>
			<trkpt lat="60.21762302603374" lon="9.373898889063845">
				<ele>210.3000030517578</ele>
				<time>2000-01-01T00:00:00Z</time>
			</trkpt>
			<trkpt lat="60.21774" lon="9.37382">
				<ele>210.85012817382812</ele>
				<time>2000-01-01T00:00:00Z</time>
			</trkpt>
			<trkpt lat="60.21785" lon="9.37373">
				<ele>211.37979125976562</ele>
				<time>2000-01-01T00:00:00Z</time>
			</trkpt>
			<trkpt lat="60.21805" lon="9.37352">
				<ele>212.38613891601562</ele>
				<time>2000-01-01T00:00:00Z</time>
			</trkpt>
			<trkpt lat="60.21842" lon="9.37301">
				<ele>214.3861083984375</ele>
				<time>2000-01-01T00:00:00Z</time>
			</trkpt>
			<trkpt lat="60.21854" lon="9.37287">
				<ele>215.00503540039062</ele>
				<time>2000-01-01T00:00:00Z</time>
			</trkpt>
			<trkpt lat="60.218649891587575" lon="9.372838602395205">
				<ele>215.5</ele>
				<time>2000-01-01T00:00:00Z</time>
			</trkpt>
			<trkpt lat="60.21868" lon="9.37283">
				<ele>215.70101928710938</ele>
				<time>2000-01-01T00:00:00Z</time>
			</trkpt>
			<trkpt lat="60.21874" lon="9.37284">
				<ele>216.09848022460938</ele>
				<time>2000-01-01T00:00:00Z</time>
			</trkpt>
			<trkpt lat="60.21888" lon="9.37292">
				<ele>217.0600128173828</ele>
				<time>2000-01-01T00:00:00Z</time>
			</trkpt>
			<trkpt lat="60.2191" lon="9.37315">
				<ele>218.69712829589844</ele>
				<time>2000-01-01T00:00:00Z</time>
			</trkpt>
			<trkpt lat="60.21917" lon="9.3732">
				<ele>219.18775939941406</ele>
				<time>2000-01-01T00:00:00Z</time>
			</trkpt>
			<trkpt lat="60.21922" lon="9.37321">
				<ele>219.52005004882812</ele>
				<time>2000-01-01T00:00:00Z</time>
			</trkpt>
			<trkpt lat="60.21926" lon="9.3732">
				<ele>219.78623962402344</ele>
				<time>2000-01-01T00:00:00Z</time>
			</trkpt>
			<trkpt lat="60.21935" lon="9.37324">
				<ele>220.3948211669922</ele>
				<time>2000-01-01T00:00:00Z</time>
			</trkpt>
			<trkpt lat="60.21964" lon="9.37356">
				<ele>222.57948303222656</ele>
				<time>2000-01-01T00:00:00Z</time>
			</trkpt>
			<trkpt lat="60.219710430519" lon="9.373685213951832">
				<ele>223.1999969482422</ele>
				<time>2000-01-01T00:00:00Z</time>
			</trkpt>
			<trkpt lat="60.21991" lon="9.37404">
				<ele>225.52975463867188</ele>
				<time>2000-01-01T00:00:00Z</time>
			</trkpt>
			<trkpt lat="60.2199" lon="9.37397">
				<ele>225.8459014892578</ele>
				<time>2000-01-01T00:00:00Z</time>
			</trkpt>
			<trkpt lat="60.21974" lon="9.37373">
				<ele>227.59201049804688</ele>
				<time>2000-01-01T00:00:00Z</time>
			</trkpt>
			<trkpt lat="60.21976" lon="9.3738">
				<ele>227.94281005859375</ele>
				<time>2000-01-01T00:00:00Z</time>
			</trkpt>
			<trkpt lat="60.21986" lon="9.37394">
				<ele>229.0085906982422</ele>
				<time>2000-01-01T00:00:00Z</time>
			</trkpt>
			<trkpt lat="60.22008" lon="9.37432">
				<ele>231.54505920410156</ele>
				<time>2000-01-01T00:00:00Z</time>
			</trkpt>
			<trkpt lat="60.22024" lon="9.37447">
				<ele>233.08932495117188</ele>
				<time>2000-01-01T00:00:00Z</time>
			</trkpt>
			<trkpt lat="60.220274891017944" lon="9.374483084156124">
				<ele>233.39999389648438</ele>
				<time>2000-01-01T00:00:00Z</time>
			</trkpt>
			<trkpt lat="60.22032" lon="9.3745">
				<ele>234.11598205566406</ele>
				<time>2000-01-01T00:00:00Z</time>
			</trkpt>
			<trkpt lat="60.22038" lon="9.37437">
				<ele>235.49261474609375</ele>
				<time>2000-01-01T00:00:00Z</time>
			</trkpt>
			<trkpt lat="60.22039" lon="9.37431">
				<ele>235.9829559326172</ele>
				<time>2000-01-01T00:00:00Z</time>
			</trkpt>
			<trkpt lat="60.22037" lon="9.37396">
				<ele>238.71560668945312</ele>
				<time>2000-01-01T00:00:00Z</time>
			</trkpt>
			<trkpt lat="60.22037" lon="9.37345">
				<ele>242.66976928710938</ele>
				<time>2000-01-01T00:00:00Z</time>
			</trkpt>
			<trkpt lat="60.22034" lon="9.37288">
				<ele>247.1153564453125</ele>
				<time>2000-01-01T00:00:00Z</time>
			</trkpt>
			<trkpt lat="60.22025" lon="9.37236">
				<ele>251.3852081298828</ele>
				<time>2000-01-01T00:00:00Z</time>
			</trkpt>
			<trkpt lat="60.22025356914623" lon="9.372333230391643">
				<ele>251.60000610351562</ele>
				<time>2000-01-01T00:00:00Z</time>
			</trkpt>
			<trkpt lat="60.22027" lon="9.37221">
				<ele>252.31756591796875</ele>
				<time>2000-01-01T00:00:00Z</time>
			</trkpt>
			<trkpt lat="60.22042" lon="9.37203">
				<ele>254.29476928710938</ele>
				<time>2000-01-01T00:00:00Z</time>
			</trkpt>
			<trkpt lat="60.22067" lon="9.37195">
				<ele>257.1618347167969</ele>
				<time>2000-01-01T00:00:00Z</time>
			</trkpt>
			<trkpt lat="60.22102" lon="9.37191">
				<ele>261.1311950683594</ele>
				<time>2000-01-01T00:00:00Z</time>
			</trkpt>
			<trkpt lat="60.22129" lon="9.37187">
				<ele>264.196533203125</ele>
				<time>2000-01-01T00:00:00Z</time>
			</trkpt>
			<trkpt lat="60.22134195680872" lon="9.371846383218605">
				<ele>264.79998779296875</ele>
				<time>2000-01-01T00:00:00Z</time>
			</trkpt>
			<trkpt lat="60.2214" lon="9.37182">
				<ele>265.03466796875</ele>
				<time>2000-01-01T00:00:00Z</time>
			</trkpt>
			<trkpt lat="60.22156" lon="9.37179">
				<ele>265.6688232421875</ele>
				<time>2000-01-01T00:00:00Z</time>
			</trkpt>
			<trkpt lat="60.22171" lon="9.37181">
				<ele>266.2621154785156</ele>
				<time>2000-01-01T00:00:00Z</time>
			</trkpt>
			<trkpt lat="60.22235" lon="9.37171">
				<ele>268.795166015625</ele>
				<time>2000-01-01T00:00:00Z</time>
			</trkpt>
			<trkpt lat="60.22250221840495" lon="9.371673257483499">
				<ele>269.3999938964844</ele>
				<time>2000-01-01T00:00:00Z</time>
			</trkpt>
			<trkpt lat="60.22264" lon="9.37164">
				<ele>269.6142578125</ele>
				<time>2000-01-01T00:00:00Z</time>
			</trkpt>
			<trkpt lat="60.22279" lon="9.37163">
				<ele>269.84600830078125</ele>
				<time>2000-01-01T00:00:00Z</time>
			</trkpt>
			<trkpt lat="60.22348" lon="9.3716">
				<ele>270.9117126464844</ele>
				<time>2000-01-01T00:00:00Z</time>
			</trkpt>
			<trkpt lat="60.2236" lon="9.37159">
				<ele>271.09722900390625</ele>
				<time>2000-01-01T00:00:00Z</time>
			</trkpt>
			<trkpt lat="60.22367" lon="9.37155">
				<ele>271.193115234375</ele>
				<time>2000-01-01T00:00:00Z</time>
			</trkpt>
			<trkpt lat="60.22373" lon="9.37148">
				<ele>271.11578369140625</ele>
				<time>2000-01-01T00:00:00Z</time>
			</trkpt>
			<trkpt lat="60.22383" lon="9.37098">
				<ele>270.8172302246094</ele>
				<time>2000-01-01T00:00:00Z</time>
			</trkpt>
			<trkpt lat="60.22387" lon="9.37091">
				<ele>270.7581787109375</ele>
				<time>2000-01-01T00:00:00Z</time>
			</trkpt>
			<trkpt lat="60.22432" lon="9.37054">
				<ele>270.216064453125</ele>
				<time>2000-01-01T00:00:00Z</time>
			</trkpt>
			<trkpt lat="60.22458904265154" lon="9.370360638201396">
				<ele>269.8999938964844</ele>
				<time>2000-01-01T00:00:00Z</time>
			</trkpt>
			<trkpt lat="60.22462" lon="9.37034">
				<ele>269.9279479980469</ele>
				<time>2000-01-01T00:00:00Z</time>
			</trkpt>
			<trkpt lat="60.2249" lon="9.37021">
				<ele>270.1744689941406</ele>
				<time>2000-01-01T00:00:00Z</time>
			</trkpt>
			<trkpt lat="60.22529" lon="9.36999">
				<ele>270.52191162109375</ele>
				<time>2000-01-01T00:00:00Z</time>
			</trkpt>
			<trkpt lat="60.22539" lon="9.36995">
				<ele>270.6093444824219</ele>
				<time>2000-01-01T00:00:00Z</time>
			</trkpt>
			<trkpt lat="60.22549" lon="9.36999">
				<ele>270.6968688964844</ele>
				<time>2000-01-01T00:00:00Z</time>
			</trkpt>
			<trkpt lat="60.2256" lon="9.37001">
				<ele>270.79156494140625</ele>
				<time>2000-01-01T00:00:00Z</time>
			</trkpt>
			<trkpt lat="60.2257" lon="9.37001">
				<ele>270.8774108886719</ele>
				<time>2000-01-01T00:00:00Z</time>
			</trkpt>
			<trkpt lat="60.22572623446289" lon="9.370004753103924">
				<ele>270.8999938964844</ele>
				<time>2000-01-01T00:00:00Z</time>
			</trkpt>
			<trkpt lat="60.22575" lon="9.37">
				<ele>270.9512634277344</ele>
				<time>2000-01-01T00:00:00Z</time>
			</trkpt>
			<trkpt lat="60.22593" lon="9.36991">
				<ele>271.34893798828125</ele>
				<time>2000-01-01T00:00:00Z</time>
			</trkpt>
			<trkpt lat="60.22644" lon="9.36961">
				<ele>272.4883728027344</ele>
				<time>2000-01-01T00:00:00Z</time>
			</trkpt>
			<trkpt lat="60.22686" lon="9.36943">
				<ele>273.3940734863281</ele>
				<time>2000-01-01T00:00:00Z</time>
			</trkpt>
			<trkpt lat="60.22701" lon="9.36938">
				<ele>273.1854248046875</ele>
				<time>2000-01-01T00:00:00Z</time>
			</trkpt>
			<trkpt lat="60.22723" lon="9.36924">
				<ele>272.8686828613281</ele>
				<time>2000-01-01T00:00:00Z</time>
			</trkpt>
			<trkpt lat="60.22744" lon="9.36906">
				<ele>272.555419921875</ele>
				<time>2000-01-01T00:00:00Z</time>
			</trkpt>
			<trkpt lat="60.22762" lon="9.3688">
				<ele>272.2513732910156</ele>
				<time>2000-01-01T00:00:00Z</time>
			</trkpt>
			<trkpt lat="60.22771" lon="9.36864">
				<ele>272.0865783691406</ele>
				<time>2000-01-01T00:00:00Z</time>
			</trkpt>
			<trkpt lat="60.2278" lon="9.36842">
				<ele>271.8923034667969</ele>
				<time>2000-01-01T00:00:00Z</time>
			</trkpt>
			<trkpt lat="60.22782881036667" lon="9.368297555760048">
				<ele>271.79998779296875</ele>
				<time>2000-01-01T00:00:00Z</time>
			</trkpt>
			<trkpt lat="60.22784" lon="9.36825">
				<ele>271.6430969238281</ele>
				<time>2000-01-01T00:00:00Z</time>
			</trkpt>
			<trkpt lat="60.228" lon="9.36786">
				<ele>270.1347961425781</ele>
				<time>2000-01-01T00:00:00Z</time>
			</trkpt>
			<trkpt lat="60.22821" lon="9.36743">
				<ele>268.3360900878906</ele>
				<time>2000-01-01T00:00:00Z</time>
			</trkpt>
			<trkpt lat="60.22835" lon="9.36721">
				<ele>267.2700500488281</ele>
				<time>2000-01-01T00:00:00Z</time>
			</trkpt>
			<trkpt lat="60.22868851227478" lon="9.366739520494278">
				<ele>264.79998779296875</ele>
				<time>2000-01-01T00:00:00Z</time>
			</trkpt>
			<trkpt lat="60.22894" lon="9.36639">
				<ele>264.118408203125</ele>
				<time>2000-01-01T00:00:00Z</time>
			</trkpt>
			<trkpt lat="60.22927" lon="9.36584">
				<ele>263.16302490234375</ele>
				<time>2000-01-01T00:00:00Z</time>
			</trkpt>
			<trkpt lat="60.22941" lon="9.3657">
				<ele>262.8144836425781</ele>
				<time>2000-01-01T00:00:00Z</time>
			</trkpt>
			<trkpt lat="60.2296" lon="9.36557">
				<ele>262.3669128417969</ele>
				<time>2000-01-01T00:00:00Z</time>
			</trkpt>
			<trkpt lat="60.22966755264428" lon="9.365505260944225">
				<ele>262.20001220703125</ele>
				<time>2000-01-01T00:00:00Z</time>
			</trkpt>
			<trkpt lat="60.22984" lon="9.36534">
				<ele>260.92193603515625</ele>
				<time>2000-01-01T00:00:00Z</time>
			</trkpt>
			<trkpt lat="60.23014" lon="9.36497">
				<ele>258.5680236816406</ele>
				<time>2000-01-01T00:00:00Z</time>
			</trkpt>
			<trkpt lat="60.23043" lon="9.3645">
				<ele>256.0774230957031</ele>
				<time>2000-01-01T00:00:00Z</time>
			</trkpt>
			<trkpt lat="60.23056" lon="9.36425">
				<ele>254.8746795654297</ele>
				<time>2000-01-01T00:00:00Z</time>
			</trkpt>
			<trkpt lat="60.230614462140224" lon="9.36415840203427">
				<ele>254.39999389648438</ele>
				<time>2000-01-01T00:00:00Z</time>
			</trkpt>
			<trkpt lat="60.23078" lon="9.36388">
				<ele>252.66094970703125</ele>
				<time>2000-01-01T00:00:00Z</time>
			</trkpt>
			<trkpt lat="60.23087" lon="9.36365">
				<ele>251.48834228515625</ele>
				<time>2000-01-01T00:00:00Z</time>
			</trkpt>
			<trkpt lat="60.23095" lon="9.36311">
				<ele>249.2327423095703</ele>
				<time>2000-01-01T00:00:00Z</time>
			</trkpt>
			<trkpt lat="60.23097" lon="9.36288">
				<ele>248.29766845703125</ele>
				<time>2000-01-01T00:00:00Z</time>
			</trkpt>
			<trkpt lat="60.23097" lon="9.36282">
				<ele>248.0573272705078</ele>
				<time>2000-01-01T00:00:00Z</time>
			</trkpt>
			<trkpt lat="60.23116" lon="9.36273">
				<ele>246.4835662841797</ele>
				<time>2000-01-01T00:00:00Z</time>
			</trkpt>
			<trkpt lat="60.23128" lon="9.36266">
				<ele>245.47621154785156</ele>
				<time>2000-01-01T00:00:00Z</time>
			</trkpt>
			<trkpt lat="60.23127" lon="9.3626">
				<ele>245.2229766845703</ele>
				<time>2000-01-01T00:00:00Z</time>
			</trkpt>
			<trkpt lat="60.23126396340824" lon="9.362545677878545">
				<ele>245.0</ele>
				<time>2000-01-01T00:00:00Z</time>
			</trkpt>
			<trkpt lat="60.23123" lon="9.36224">
				<ele>245.46688842773438</ele>
				<time>2000-01-01T00:00:00Z</time>
			</trkpt>
			<trkpt lat="60.23121" lon="9.36213">
				<ele>245.64151000976562</ele>
				<time>2000-01-01T00:00:00Z</time>
			</trkpt>
			<trkpt lat="60.23116" lon="9.36184">
				<ele>246.09921264648438</ele>
				<time>2000-01-01T00:00:00Z</time>
			</trkpt>
			<trkpt lat="60.23107" lon="9.36169">
				<ele>246.4499053955078</ele>
				<time>2000-01-01T00:00:00Z</time>
			</trkpt>
			<trkpt lat="60.231" lon="9.36158">
				<ele>246.71652221679688</ele>
				<time>2000-01-01T00:00:00Z</time>
			</trkpt>
			<trkpt lat="60.2308" lon="9.36131">
				<ele>247.43959045410156</ele>
				<time>2000-01-01T00:00:00Z</time>
			</trkpt>
			<trkpt lat="60.23069" lon="9.36113">
				<ele>247.86495971679688</ele>
				<time>2000-01-01T00:00:00Z</time>
			</trkpt>
			<trkpt lat="60.23066" lon="9.36106">
				<ele>248.00286865234375</ele>
				<time>2000-01-01T00:00:00Z</time>
			</trkpt>
			<trkpt lat="60.23062" lon="9.36091">
				<ele>248.25674438476562</ele>
				<time>2000-01-01T00:00:00Z</time>
			</trkpt>
			<trkpt lat="60.23063" lon="9.36074">
				<ele>248.5281982421875</ele>
				<time>2000-01-01T00:00:00Z</time>
			</trkpt>
			<trkpt lat="60.23066" lon="9.36061">
				<ele>249.03529357910156</ele>
				<time>2000-01-01T00:00:00Z</time>
			</trkpt>
			<trkpt lat="60.23071" lon="9.36053">
				<ele>249.4899444580078</ele>
				<time>2000-01-01T00:00:00Z</time>
			</trkpt>
			<trkpt lat="60.23078" lon="9.36045">
				<ele>250.06283569335938</ele>
				<time>2000-01-01T00:00:00Z</time>
			</trkpt>
			<trkpt lat="60.2308" lon="9.36041">
				<ele>250.26368713378906</ele>
				<time>2000-01-01T00:00:00Z</time>
			</trkpt>
			<trkpt lat="60.23082" lon="9.36033">
				<ele>250.580322265625</ele>
				<time>2000-01-01T00:00:00Z</time>
			</trkpt>
			<trkpt lat="60.23085" lon="9.36032">
				<ele>250.7965087890625</ele>
				<time>2000-01-01T00:00:00Z</time>
			</trkpt>
			<trkpt lat="60.23098" lon="9.36031">
				<ele>251.72312927246094</ele>
				<time>2000-01-01T00:00:00Z</time>
			</trkpt>
			<trkpt lat="60.2312" lon="9.3602">
				<ele>253.3369140625</ele>
				<time>2000-01-01T00:00:00Z</time>
			</trkpt>
			<trkpt lat="60.23145" lon="9.36021">
				<ele>255.117431640625</ele>
				<time>2000-01-01T00:00:00Z</time>
			</trkpt>
			<trkpt lat="60.23154" lon="9.3602">
				<ele>255.75909423828125</ele>
				<time>2000-01-01T00:00:00Z</time>
			</trkpt>
			<trkpt lat="60.23154" lon="9.36002">
				<ele>256.3952941894531</ele>
				<time>2000-01-01T00:00:00Z</time>
			</trkpt>
			<trkpt lat="60.23156968666284" lon="9.35992245735157">
				<ele>256.79998779296875</ele>
				<time>2000-01-01T00:00:00Z</time>
			</trkpt>
			<trkpt lat="60.23161" lon="9.35979">
				<ele>257.1109619140625</ele>
				<time>2000-01-01T00:00:00Z</time>
			</trkpt>
			<trkpt lat="60.23182" lon="9.35942">
				<ele>258.23602294921875</ele>
				<time>2000-01-01T00:00:00Z</time>
			</trkpt>
			<trkpt lat="60.23213" lon="9.35902">
				<ele>259.7202453613281</ele>
				<time>2000-01-01T00:00:00Z</time>
			</trkpt>
			<trkpt lat="60.23229" lon="9.35885">
				<ele>260.4497375488281</ele>
				<time>2000-01-01T00:00:00Z</time>
			</trkpt>
			<trkpt lat="60.23244" lon="9.35864">
				<ele>261.1862487792969</ele>
				<time>2000-01-01T00:00:00Z</time>
			</trkpt>
			<trkpt lat="60.23251103972302" lon="9.358576064216006">
				<ele>261.5</ele>
				<time>2000-01-01T00:00:00Z</time>
			</trkpt>
			<trkpt lat="60.23254" lon="9.35855">
				<ele>261.4754943847656</ele>
				<time>2000-01-01T00:00:00Z</time>
			</trkpt>
			<trkpt lat="60.23272" lon="9.35853">
				<ele>261.3363342285156</ele>
				<time>2000-01-01T00:00:00Z</time>
			</trkpt>
			<trkpt lat="60.23296" lon="9.35831">
				<ele>261.1327819824219</ele>
				<time>2000-01-01T00:00:00Z</time>
			</trkpt>
			<trkpt lat="60.2331" lon="9.35826">
				<ele>261.0229797363281</ele>
				<time>2000-01-01T00:00:00Z</time>
			</trkpt>
			<trkpt lat="60.23329" lon="9.35818">
				<ele>260.8731384277344</ele>
				<time>2000-01-01T00:00:00Z</time>
			</trkpt>
			<trkpt lat="60.23339" lon="9.3581">
				<ele>260.7900695800781</ele>
				<time>2000-01-01T00:00:00Z</time>
			</trkpt>
			<trkpt lat="60.23355420574372" lon="9.357730536627082">
				<ele>260.6000061035156</ele>
				<time>2000-01-01T00:00:00Z</time>
			</trkpt>
			<trkpt lat="60.23359" lon="9.35765">
				<ele>260.5401916503906</ele>
				<time>2000-01-01T00:00:00Z</time>
			</trkpt>
			<trkpt lat="60.23364" lon="9.35719">
				<ele>260.2794494628906</ele>
				<time>2000-01-01T00:00:00Z</time>
			</trkpt>
			<trkpt lat="60.23364" lon="9.35653">
				<ele>259.91400146484375</ele>
				<time>2000-01-01T00:00:00Z</time>
			</trkpt>
			<trkpt lat="60.23366" lon="9.35631">
				<ele>259.7901916503906</ele>
				<time>2000-01-01T00:00:00Z</time>
			</trkpt>
			<trkpt lat="60.23371" lon="9.35612">
				<ele>259.67108154296875</ele>
				<time>2000-01-01T00:00:00Z</time>
			</trkpt>
			<trkpt lat="60.23396073561042" lon="9.355679295250686">
				<ele>259.29998779296875</ele>
				<time>2000-01-01T00:00:00Z</time>
			</trkpt>
			<trkpt lat="60.23437" lon="9.35496">
				<ele>258.9738464355469</ele>
				<time>2000-01-01T00:00:00Z</time>
			</trkpt>
			<trkpt lat="60.23439" lon="9.35488">
				<ele>258.9471435546875</ele>
				<time>2000-01-01T00:00:00Z</time>
			</trkpt>
			<trkpt lat="60.23458" lon="9.35451">
				<ele>258.7884216308594</ele>
				<time>2000-01-01T00:00:00Z</time>
			</trkpt>
			<trkpt lat="60.23462" lon="9.35432">
				<ele>258.7269287109375</ele>
				<time>2000-01-01T00:00:00Z</time>
			</trkpt>
			<trkpt lat="60.23464" lon="9.35414">
				<ele>258.67193603515625</ele>
				<time>2000-01-01T00:00:00Z</time>
			</trkpt>
			<trkpt lat="60.234683676664346" lon="9.353915375749006">
				<ele>258.6000061035156</ele>
				<time>2000-01-01T00:00:00Z</time>
			</trkpt>
			<trkpt lat="60.23471" lon="9.35378">
				<ele>258.6247863769531</ele>
				<time>2000-01-01T00:00:00Z</time>
			</trkpt>
			<trkpt lat="60.23473" lon="9.35331">
				<ele>258.70513916015625</ele>
				<time>2000-01-01T00:00:00Z</time>
			</trkpt>
			<trkpt lat="60.23471" lon="9.35323">
				<ele>258.72039794921875</ele>
				<time>2000-01-01T00:00:00Z</time>
			</trkpt>
			<trkpt lat="60.23468" lon="9.35295">
				<ele>258.7691955566406</ele>
				<time>2000-01-01T00:00:00Z</time>
			</trkpt>
			<trkpt lat="60.23468" lon="9.35272">
				<ele>258.808349609375</ele>
				<time>2000-01-01T00:00:00Z</time>
			</trkpt>
			<trkpt lat="60.23475" lon="9.35245">
				<ele>258.8602600097656</ele>
				<time>2000-01-01T00:00:00Z</time>
			</trkpt>
			<trkpt lat="60.23485" lon="9.35225">
				<ele>258.9085998535156</ele>
				<time>2000-01-01T00:00:00Z</time>
			</trkpt>
			<trkpt lat="60.23492" lon="9.35212">
				<ele>258.9412841796875</ele>
				<time>2000-01-01T00:00:00Z</time>
			</trkpt>
			<trkpt lat="60.23502" lon="9.35185">
				<ele>258.9986572265625</ele>
				<time>2000-01-01T00:00:00Z</time>
			</trkpt>
			<trkpt lat="60.23524" lon="9.35141">
				<ele>259.28887939453125</ele>
				<time>2000-01-01T00:00:00Z</time>
			</trkpt>
			<trkpt lat="60.23532" lon="9.35118">
				<ele>259.42047119140625</ele>
				<time>2000-01-01T00:00:00Z</time>
			</trkpt>
			<trkpt lat="60.2358" lon="9.35052">
				<ele>259.9688720703125</ele>
				<time>2000-01-01T00:00:00Z</time>
			</trkpt>
			<trkpt lat="60.235920869381594" lon="9.350381863534034">
				<ele>260.1000061035156</ele>
				<time>2000-01-01T00:00:00Z</time>
			</trkpt>
			<trkpt lat="60.23594" lon="9.35036">
				<ele>260.1075744628906</ele>
				<time>2000-01-01T00:00:00Z</time>
			</trkpt>
			<trkpt lat="60.23606" lon="9.35026">
				<ele>260.1521301269531</ele>
				<time>2000-01-01T00:00:00Z</time>
			</trkpt>
			<trkpt lat="60.23614" lon="9.35022">
				<ele>260.1803894042969</ele>
				<time>2000-01-01T00:00:00Z</time>
			</trkpt>
			<trkpt lat="60.23638" lon="9.34999">
				<ele>260.2715759277344</ele>
				<time>2000-01-01T00:00:00Z</time>
			</trkpt>
			<trkpt lat="60.23661" lon="9.34982">
				<ele>260.35565185546875</ele>
				<time>2000-01-01T00:00:00Z</time>
			</trkpt>
			<trkpt lat="60.23671" lon="9.34972">
				<ele>260.3939514160156</ele>
				<time>2000-01-01T00:00:00Z</time>
			</trkpt>
			<trkpt lat="60.23678" lon="9.34969">
				<ele>260.41851806640625</ele>
				<time>2000-01-01T00:00:00Z</time>
			</trkpt>
			<trkpt lat="60.23682" lon="9.34966">
				<ele>260.43316650390625</ele>
				<time>2000-01-01T00:00:00Z</time>
			</trkpt>
			<trkpt lat="60.23684" lon="9.34967">
				<ele>260.44024658203125</ele>
				<time>2000-01-01T00:00:00Z</time>
			</trkpt>
			<trkpt lat="60.23692" lon="9.34967">
				<ele>260.4676818847656</ele>
				<time>2000-01-01T00:00:00Z</time>
			</trkpt>
			<trkpt lat="60.237" lon="9.34969">
				<ele>260.4953308105469</ele>
				<time>2000-01-01T00:00:00Z</time>
			</trkpt>
			<trkpt lat="60.23701290063105" lon="9.349698600555996">
				<ele>260.5</ele>
				<time>2000-01-01T00:00:00Z</time>
			</trkpt>
			<trkpt lat="60.23709" lon="9.34975">
				<ele>260.62542724609375</ele>
				<time>2000-01-01T00:00:00Z</time>
			</trkpt>
			<trkpt lat="60.23718" lon="9.34976">
				<ele>260.76458740234375</ele>
				<time>2000-01-01T00:00:00Z</time>
			</trkpt>
			<trkpt lat="60.23723" lon="9.34979">
				<ele>260.84515380859375</ele>
				<time>2000-01-01T00:00:00Z</time>
			</trkpt>
			<trkpt lat="60.23752" lon="9.34979">
				<ele>261.29296875</ele>
				<time>2000-01-01T00:00:00Z</time>
			</trkpt>
			<trkpt lat="60.23765" lon="9.34973">
				<ele>261.4988708496094</ele>
				<time>2000-01-01T00:00:00Z</time>
			</trkpt>
			<trkpt lat="60.23768" lon="9.3497">
				<ele>261.5505676269531</ele>
				<time>2000-01-01T00:00:00Z</time>
			</trkpt>
			<trkpt lat="60.23773" lon="9.3496">
				<ele>261.65936279296875</ele>
				<time>2000-01-01T00:00:00Z</time>
			</trkpt>
			<trkpt lat="60.23783" lon="9.34959">
				<ele>261.81396484375</ele>
				<time>2000-01-01T00:00:00Z</time>
			</trkpt>
			<trkpt lat="60.23794" lon="9.34962">
				<ele>261.98541259765625</ele>
				<time>2000-01-01T00:00:00Z</time>
			</trkpt>
			<trkpt lat="60.23801" lon="9.34966">
				<ele>262.0977478027344</ele>
				<time>2000-01-01T00:00:00Z</time>
			</trkpt>
			<trkpt lat="60.23811" lon="9.34982">
				<ele>262.2949523925781</ele>
				<time>2000-01-01T00:00:00Z</time>
			</trkpt>
			<trkpt lat="60.23817" lon="9.35">
				<ele>262.5327453613281</ele>
				<time>2000-01-01T00:00:00Z</time>
			</trkpt>
			<trkpt lat="60.23825" lon="9.35015">
				<ele>262.7765197753906</ele>
				<time>2000-01-01T00:00:00Z</time>
			</trkpt>
			<trkpt lat="60.23831" lon="9.35041">
				<ele>263.09393310546875</ele>
				<time>2000-01-01T00:00:00Z</time>
			</trkpt>
			<trkpt lat="60.23855" lon="9.35115">
				<ele>264.07275390625</ele>
				<time>2000-01-01T00:00:00Z</time>
			</trkpt>
			<trkpt lat="60.2386" lon="9.35162">
				<ele>264.60491943359375</ele>
				<time>2000-01-01T00:00:00Z</time>
			</trkpt>
			<trkpt lat="60.23860782613868" lon="9.351886092631485">
				<ele>264.8999938964844</ele>
				<time>2000-01-01T00:00:00Z</time>
			</trkpt>
			<trkpt lat="60.23861" lon="9.35196">
				<ele>264.9441223144531</ele>
				<time>2000-01-01T00:00:00Z</time>
			</trkpt>
			<trkpt lat="60.23858" lon="9.35224">
				<ele>265.1148681640625</ele>
				<time>2000-01-01T00:00:00Z</time>
			</trkpt>
			<trkpt lat="60.23858" lon="9.35238">
				<ele>265.1983947753906</ele>
				<time>2000-01-01T00:00:00Z</time>
			</trkpt>
			<trkpt lat="60.2386" lon="9.35249">
				<ele>265.2681579589844</ele>
				<time>2000-01-01T00:00:00Z</time>
			</trkpt>
			<trkpt lat="60.23866" lon="9.35261">
				<ele>265.3697204589844</ele>
				<time>2000-01-01T00:00:00Z</time>
			</trkpt>
			<trkpt lat="60.23882" lon="9.353">
				<ele>265.67138671875</ele>
				<time>2000-01-01T00:00:00Z</time>
			</trkpt>
			<trkpt lat="60.23889" lon="9.35319">
				<ele>265.8124084472656</ele>
				<time>2000-01-01T00:00:00Z</time>
			</trkpt>
			<trkpt lat="60.23892" lon="9.35341">
				<ele>265.94842529296875</ele>
				<time>2000-01-01T00:00:00Z</time>
			</trkpt>
			<trkpt lat="60.23891" lon="9.3536">
				<ele>266.06231689453125</ele>
				<time>2000-01-01T00:00:00Z</time>
			</trkpt>
			<trkpt lat="60.23887" lon="9.35383">
				<ele>266.2076110839844</ele>
				<time>2000-01-01T00:00:00Z</time>
			</trkpt>
			<trkpt lat="60.238892136513456" lon="9.353978331542502">
				<ele>266.29998779296875</ele>
				<time>2000-01-01T00:00:00Z</time>
			</trkpt>
			<trkpt lat="60.23897" lon="9.3545">
				<ele>266.0447998046875</ele>
				<time>2000-01-01T00:00:00Z</time>
			</trkpt>
			<trkpt lat="60.23898" lon="9.35487">
				<ele>265.8712463378906</ele>
				<time>2000-01-01T00:00:00Z</time>
			</trkpt>
			<trkpt lat="60.23902" lon="9.35519">
				<ele>265.71673583984375</ele>
				<time>2000-01-01T00:00:00Z</time>
			</trkpt>
			<trkpt lat="60.23918" lon="9.35572">
				<ele>265.4261474609375</ele>
				<time>2000-01-01T00:00:00Z</time>
			</trkpt>
			<trkpt lat="60.2392" lon="9.35583">
				<ele>265.37127685546875</ele>
				<time>2000-01-01T00:00:00Z</time>
			</trkpt>
			<trkpt lat="60.23934" lon="9.35572">
				<ele>265.2294616699219</ele>
				<time>2000-01-01T00:00:00Z</time>
			</trkpt>
			<trkpt lat="60.23937097666337" lon="9.355712255772588">
				<ele>265.20001220703125</ele>
				<time>2000-01-01T00:00:00Z</time>
			</trkpt>
			<trkpt lat="60.23946" lon="9.35569">
				<ele>265.0076599121094</ele>
				<time>2000-01-01T00:00:00Z</time>
			</trkpt>
			<trkpt lat="60.23964" lon="9.35572">
				<ele>264.6202392578125</ele>
				<time>2000-01-01T00:00:00Z</time>
			</trkpt>
			<trkpt lat="60.24031" lon="9.35587">
				<ele>263.1745910644531</ele>
				<time>2000-01-01T00:00:00Z</time>
			</trkpt>
			<trkpt lat="60.24043" lon="9.35589">
				<ele>262.9163818359375</ele>
				<time>2000-01-01T00:00:00Z</time>
			</trkpt>
			<trkpt lat="60.24051530526192" lon="9.355781429617185">
				<ele>262.70001220703125</ele>
				<time>2000-01-01T00:00:00Z</time>
			</trkpt>
			<trkpt lat="60.24054" lon="9.35575">
				<ele>262.70751953125</ele>
				<time>2000-01-01T00:00:00Z</time>
			</trkpt>
			<trkpt lat="60.24062" lon="9.35569">
				<ele>262.7294921875</ele>
				<time>2000-01-01T00:00:00Z</time>
			</trkpt>
			<trkpt lat="60.24065" lon="9.35565">
				<ele>262.73876953125</ele>
				<time>2000-01-01T00:00:00Z</time>
			</trkpt>
			<trkpt lat="60.24069" lon="9.35562">
				<ele>262.7497253417969</ele>
				<time>2000-01-01T00:00:00Z</time>
			</trkpt>
			<trkpt lat="60.24077" lon="9.35547">
				<ele>262.7778625488281</ele>
				<time>2000-01-01T00:00:00Z</time>
			</trkpt>
			<trkpt lat="60.24091" lon="9.3553">
				<ele>262.8199462890625</ele>
				<time>2000-01-01T00:00:00Z</time>
			</trkpt>
			<trkpt lat="60.24099" lon="9.3552">
				<ele>262.84417724609375</ele>
				<time>2000-01-01T00:00:00Z</time>
			</trkpt>
			<trkpt lat="60.24105" lon="9.35517">
				<ele>262.8600769042969</ele>
				<time>2000-01-01T00:00:00Z</time>
			</trkpt>
			<trkpt lat="60.24113" lon="9.35515">
				<ele>262.88079833984375</ele>
				<time>2000-01-01T00:00:00Z</time>
			</trkpt>
			<trkpt lat="60.24113" lon="9.35509">
				<ele>262.88848876953125</ele>
				<time>2000-01-01T00:00:00Z</time>
			</trkpt>
			<trkpt lat="60.24116" lon="9.35495">
				<ele>262.907958984375</ele>
				<time>2000-01-01T00:00:00Z</time>
			</trkpt>
			<trkpt lat="60.24118" lon="9.3545">
				<ele>262.9656677246094</ele>
				<time>2000-01-01T00:00:00Z</time>
			</trkpt>
			<trkpt lat="60.24116398925977" lon="9.354233165142489">
				<ele>263.0</ele>
				<time>2000-01-01T00:00:00Z</time>
			</trkpt>
			<trkpt lat="60.24115" lon="9.354">
				<ele>263.2700500488281</ele>
				<time>2000-01-01T00:00:00Z</time>
			</trkpt>
			<trkpt lat="60.24114" lon="9.35354">
				<ele>263.79937744140625</ele>
				<time>2000-01-01T00:00:00Z</time>
			</trkpt>
			<trkpt lat="60.24118" lon="9.35346">
				<ele>263.92987060546875</ele>
				<time>2000-01-01T00:00:00Z</time>
			</trkpt>
			<trkpt lat="60.24136" lon="9.35336">
				<ele>264.36248779296875</ele>
				<time>2000-01-01T00:00:00Z</time>
			</trkpt>
			<trkpt lat="60.24145" lon="9.35327">
				<ele>264.5951843261719</ele>
				<time>2000-01-01T00:00:00Z</time>
			</trkpt>
			<trkpt lat="60.2417" lon="9.35329">
				<ele>265.1747131347656</ele>
				<time>2000-01-01T00:00:00Z</time>
			</trkpt>
			<trkpt lat="60.24183" lon="9.35334">
				<ele>265.48114013671875</ele>
				<time>2000-01-01T00:00:00Z</time>
			</trkpt>
			<trkpt lat="60.2419242172457" lon="9.35335395825118">
				<ele>265.70001220703125</ele>
				<time>2000-01-01T00:00:00Z</time>
			</trkpt>
			<trkpt lat="60.2421" lon="9.35338">
				<ele>266.6375732421875</ele>
				<time>2000-01-01T00:00:00Z</time>
			</trkpt>
			<trkpt lat="60.24215" lon="9.35341">
				<ele>266.91510009765625</ele>
				<time>2000-01-01T00:00:00Z</time>
			</trkpt>
			<trkpt lat="60.24223" lon="9.35338">
				<ele>267.34783935546875</ele>
				<time>2000-01-01T00:00:00Z</time>
			</trkpt>
			<trkpt lat="60.24234" lon="9.35336">
				<ele>267.93505859375</ele>
				<time>2000-01-01T00:00:00Z</time>
			</trkpt>
			<trkpt lat="60.2427" lon="9.35336">
				<ele>269.85009765625</ele>
				<time>2000-01-01T00:00:00Z</time>
			</trkpt>
			<trkpt lat="60.24275" lon="9.35336">
				<ele>270.11578369140625</ele>
				<time>2000-01-01T00:00:00Z</time>
			</trkpt>
			<trkpt lat="60.24289" lon="9.35331">
				<ele>270.87225341796875</ele>
				<time>2000-01-01T00:00:00Z</time>
			</trkpt>
			<trkpt lat="60.24296" lon="9.35331">
				<ele>271.2444152832031</ele>
				<time>2000-01-01T00:00:00Z</time>
			</trkpt>
			<trkpt lat="60.24307183979343" lon="9.353414383870644">
				<ele>271.8999938964844</ele>
				<time>2000-01-01T00:00:00Z</time>
			</trkpt>
			<trkpt lat="60.24311" lon="9.35345">
				<ele>272.0730895996094</ele>
				<time>2000-01-01T00:00:00Z</time>
			</trkpt>
			<trkpt lat="60.24316" lon="9.35345">
				<ele>272.279052734375</ele>
				<time>2000-01-01T00:00:00Z</time>
			</trkpt>
			<trkpt lat="60.24327" lon="9.35352">
				<ele>272.75396728515625</ele>
				<time>2000-01-01T00:00:00Z</time>
			</trkpt>
			<trkpt lat="60.24337" lon="9.35356">
				<ele>273.1736755371094</ele>
				<time>2000-01-01T00:00:00Z</time>
			</trkpt>
			<trkpt lat="60.24349" lon="9.35363">
				<ele>273.68804931640625</ele>
				<time>2000-01-01T00:00:00Z</time>
			</trkpt>
			<trkpt lat="60.24357" lon="9.35371">
				<ele>274.05596923828125</ele>
				<time>2000-01-01T00:00:00Z</time>
			</trkpt>
			<trkpt lat="60.24364" lon="9.35382">
				<ele>274.4216003417969</ele>
				<time>2000-01-01T00:00:00Z</time>
			</trkpt>
			<trkpt lat="60.24373" lon="9.35389">
				<ele>274.8186950683594</ele>
				<time>2000-01-01T00:00:00Z</time>
			</trkpt>
			<trkpt lat="60.24387" lon="9.35393">
				<ele>275.40087890625</ele>
				<time>2000-01-01T00:00:00Z</time>
			</trkpt>
			<trkpt lat="60.24394" lon="9.35393">
				<ele>275.68927001953125</ele>
				<time>2000-01-01T00:00:00Z</time>
			</trkpt>
			<trkpt lat="60.24405" lon="9.35396">
				<ele>276.1461486816406</ele>
				<time>2000-01-01T00:00:00Z</time>
			</trkpt>
			<trkpt lat="60.24418054577497" lon="9.354025273480746">
				<ele>276.70001220703125</ele>
				<time>2000-01-01T00:00:00Z</time>
			</trkpt>
			<trkpt lat="60.24437" lon="9.35412">
				<ele>278.0227355957031</ele>
				<time>2000-01-01T00:00:00Z</time>
			</trkpt>
			<trkpt lat="60.24462" lon="9.35439">
				<ele>279.9453430175781</ele>
				<time>2000-01-01T00:00:00Z</time>
			</trkpt>
			<trkpt lat="60.24467" lon="9.35448">
				<ele>280.3997497558594</ele>
				<time>2000-01-01T00:00:00Z</time>
			</trkpt>
			<trkpt lat="60.24474" lon="9.35468">
				<ele>281.22283935546875</ele>
				<time>2000-01-01T00:00:00Z</time>
			</trkpt>
			<trkpt lat="60.24483" lon="9.35501">
				<ele>282.4890441894531</ele>
				<time>2000-01-01T00:00:00Z</time>
			</trkpt>
			<trkpt lat="60.24482" lon="9.35511">
				<ele>282.8323059082031</ele>
				<time>2000-01-01T00:00:00Z</time>
			</trkpt>
			<trkpt lat="60.244803082096375" lon="9.355634447033754">
				<ele>284.6000061035156</ele>
				<time>2000-01-01T00:00:00Z</time>
			</trkpt>
			<trkpt lat="60.2448" lon="9.35573">
				<ele>284.8976135253906</ele>
				<time>2000-01-01T00:00:00Z</time>
			</trkpt>
			<trkpt lat="60.24479" lon="9.35579">
				<ele>285.09429931640625</ele>
				<time>2000-01-01T00:00:00Z</time>
			</trkpt>
			<trkpt lat="60.24477" lon="9.35584">
				<ele>285.29400634765625</ele>
				<time>2000-01-01T00:00:00Z</time>
			</trkpt>
			<trkpt lat="60.24476" lon="9.35588">
				<ele>285.4332580566406</ele>
				<time>2000-01-01T00:00:00Z</time>
			</trkpt>
			<trkpt lat="60.24471" lon="9.35596">
				<ele>285.8331298828125</ele>
				<time>2000-01-01T00:00:00Z</time>
			</trkpt>
			<trkpt lat="60.24461" lon="9.35604">
				<ele>286.5066833496094</ele>
				<time>2000-01-01T00:00:00Z</time>
			</trkpt>
			<trkpt lat="60.2445" lon="9.35611">
				<ele>287.22900390625</ele>
				<time>2000-01-01T00:00:00Z</time>
			</trkpt>
			<trkpt lat="60.24446" lon="9.35612">
				<ele>287.4813537597656</ele>
				<time>2000-01-01T00:00:00Z</time>
			</trkpt>
			<trkpt lat="60.2448" lon="9.35623">
				<ele>289.63824462890625</ele>
				<time>2000-01-01T00:00:00Z</time>
			</trkpt>
			<trkpt lat="60.24491" lon="9.35625">
				<ele>290.32965087890625</ele>
				<time>2000-01-01T00:00:00Z</time>
			</trkpt>
			<trkpt lat="60.24503" lon="9.35631">
				<ele>291.1041564941406</ele>
				<time>2000-01-01T00:00:00Z</time>
			</trkpt>
			<trkpt lat="60.24505" lon="9.35632">
				<ele>291.23297119140625</ele>
				<time>2000-01-01T00:00:00Z</time>
			</trkpt>
			<trkpt lat="60.24515038212401" lon="9.356391702333848">
				<ele>291.8999938964844</ele>
				<time>2000-01-01T00:00:00Z</time>
			</trkpt>
			<trkpt lat="60.24533" lon="9.35652">
				<ele>292.9136962890625</ele>
				<time>2000-01-01T00:00:00Z</time>
			</trkpt>
			<trkpt lat="60.24545" lon="9.35659">
				<ele>293.578125</ele>
				<time>2000-01-01T00:00:00Z</time>
			</trkpt>
			<trkpt lat="60.24549" lon="9.35662">
				<ele>293.8050537109375</ele>
				<time>2000-01-01T00:00:00Z</time>
			</trkpt>
			<trkpt lat="60.24561" lon="9.35666">
				<ele>294.4521484375</ele>
				<time>2000-01-01T00:00:00Z</time>
			</trkpt>
			<trkpt lat="60.24559" lon="9.35666">
				<ele>294.5581970214844</ele>
				<time>2000-01-01T00:00:00Z</time>
			</trkpt>
			<trkpt lat="60.24565" lon="9.35668">
				<ele>294.8819274902344</ele>
				<time>2000-01-01T00:00:00Z</time>
			</trkpt>
			<trkpt lat="60.2457" lon="9.35668">
				<ele>295.14764404296875</ele>
				<time>2000-01-01T00:00:00Z</time>
			</trkpt>
			<trkpt lat="60.24574" lon="9.35668">
				<ele>295.3605041503906</ele>
				<time>2000-01-01T00:00:00Z</time>
			</trkpt>
			<trkpt lat="60.24578" lon="9.35667">
				<ele>295.5748291015625</ele>
				<time>2000-01-01T00:00:00Z</time>
			</trkpt>
			<trkpt lat="60.24584" lon="9.35662">
				<ele>295.9203796386719</ele>
				<time>2000-01-01T00:00:00Z</time>
			</trkpt>
			<trkpt lat="60.24596" lon="9.35653">
				<ele>296.6011047363281</ele>
				<time>2000-01-01T00:00:00Z</time>
			</trkpt>
			<trkpt lat="60.24619" lon="9.3563">
				<ele>297.96697998046875</ele>
				<time>2000-01-01T00:00:00Z</time>
			</trkpt>
			<trkpt lat="60.24621198759617" lon="9.356275947194812">
				<ele>298.1000061035156</ele>
				<time>2000-01-01T00:00:00Z</time>
			</trkpt>
			<trkpt lat="60.24651" lon="9.35595">
				<ele>298.2163391113281</ele>
				<time>2000-01-01T00:00:00Z</time>
			</trkpt>
			<trkpt lat="60.2466" lon="9.35581">
				<ele>298.25537109375</ele>
				<time>2000-01-01T00:00:00Z</time>
			</trkpt>
			<trkpt lat="60.24665" lon="9.35573">
				<ele>298.27728271484375</ele>
				<time>2000-01-01T00:00:00Z</time>
			</trkpt>
			<trkpt lat="60.24668" lon="9.35566">
				<ele>298.29302978515625</ele>
				<time>2000-01-01T00:00:00Z</time>
			</trkpt>
			<trkpt lat="60.2467" lon="9.35558">
				<ele>298.30828857421875</ele>
				<time>2000-01-01T00:00:00Z</time>
			</trkpt>
			<trkpt lat="60.24675" lon="9.35539">
				<ele>298.34490966796875</ele>
				<time>2000-01-01T00:00:00Z</time>
			</trkpt>
			<trkpt lat="60.24681" lon="9.35516">
				<ele>298.38916015625</ele>
				<time>2000-01-01T00:00:00Z</time>
			</trkpt>
			<trkpt lat="60.24684" lon="9.35501">
				<ele>298.41668701171875</ele>
				<time>2000-01-01T00:00:00Z</time>
			</trkpt>
			<trkpt lat="60.24688190013302" lon="9.354528140272484">
				<ele>298.5</ele>
				<time>2000-01-01T00:00:00Z</time>
			</trkpt>
			<trkpt lat="60.2469" lon="9.35432">
				<ele>298.2571716308594</ele>
				<time>2000-01-01T00:00:00Z</time>
			</trkpt>
			<trkpt lat="60.24692" lon="9.35408">
				<ele>297.97747802734375</ele>
				<time>2000-01-01T00:00:00Z</time>
			</trkpt>
			<trkpt lat="60.24694" lon="9.35396">
				<ele>297.83184814453125</ele>
				<time>2000-01-01T00:00:00Z</time>
			</trkpt>
			<trkpt lat="60.24698" lon="9.35373">
				<ele>297.55181884765625</ele>
				<time>2000-01-01T00:00:00Z</time>
			</trkpt>
			<trkpt lat="60.24704" lon="9.35351">
				<ele>297.2632751464844</ele>
				<time>2000-01-01T00:00:00Z</time>
			</trkpt>
			<trkpt lat="60.24709" lon="9.35338">
				<ele>297.0741882324219</ele>
				<time>2000-01-01T00:00:00Z</time>
			</trkpt>
			<trkpt lat="60.2472" lon="9.35308">
				<ele>296.6454772949219</ele>
				<time>2000-01-01T00:00:00Z</time>
			</trkpt>
			<trkpt lat="60.24723" lon="9.35297">
				<ele>296.5011291503906</ele>
				<time>2000-01-01T00:00:00Z</time>
			</trkpt>
			<trkpt lat="60.24728" lon="9.35275">
				<ele>296.2230529785156</ele>
				<time>2000-01-01T00:00:00Z</time>
			</trkpt>
			<trkpt lat="60.2473" lon="9.35263">
				<ele>296.07757568359375</ele>
				<time>2000-01-01T00:00:00Z</time>
			</trkpt>
			<trkpt lat="60.2473252943627" lon="9.352393918775924">
				<ele>295.79998779296875</ele>
				<time>2000-01-01T00:00:00Z</time>
			</trkpt>
			<trkpt lat="60.24733" lon="9.35235">
				<ele>295.7808532714844</ele>
				<time>2000-01-01T00:00:00Z</time>
			</trkpt>
			<trkpt lat="60.24733" lon="9.35222">
				<ele>295.7255554199219</ele>
				<time>2000-01-01T00:00:00Z</time>
			</trkpt>
			<trkpt lat="60.24732" lon="9.3517">
				<ele>295.5039978027344</ele>
				<time>2000-01-01T00:00:00Z</time>
			</trkpt>
			<trkpt lat="60.24731" lon="9.35146">
				<ele>295.4014587402344</ele>
				<time>2000-01-01T00:00:00Z</time>
			</trkpt>
			<trkpt lat="60.24734" lon="9.35063">
				<ele>295.04718017578125</ele>
				<time>2000-01-01T00:00:00Z</time>
			</trkpt>
			<trkpt lat="60.24734" lon="9.35026">
				<ele>294.8896484375</ele>
				<time>2000-01-01T00:00:00Z</time>
			</trkpt>
			<trkpt lat="60.24733" lon="9.35007">
				<ele>294.8082580566406</ele>
				<time>2000-01-01T00:00:00Z</time>
			</trkpt>
			<trkpt lat="60.247329999618316" lon="9.350050470528997">
				<ele>294.79998779296875</ele>
				<time>2000-01-01T00:00:00Z</time>
			</trkpt>
			<trkpt lat="60.24733" lon="9.34983">
				<ele>294.79058837890625</ele>
				<time>2000-01-01T00:00:00Z</time>
			</trkpt>
			<trkpt lat="60.24734" lon="9.34955">
				<ele>294.7786560058594</ele>
				<time>2000-01-01T00:00:00Z</time>
			</trkpt>
			<trkpt lat="60.24736" lon="9.34934">
				<ele>294.7695617675781</ele>
				<time>2000-01-01T00:00:00Z</time>
			</trkpt>
			<trkpt lat="60.24741" lon="9.34912">
				<ele>294.7592468261719</ele>
				<time>2000-01-01T00:00:00Z</time>
			</trkpt>
			<trkpt lat="60.24745" lon="9.34894">
				<ele>294.7508544921875</ele>
				<time>2000-01-01T00:00:00Z</time>
			</trkpt>
			<trkpt lat="60.2476" lon="9.34839">
				<ele>294.7241516113281</ele>
				<time>2000-01-01T00:00:00Z</time>
			</trkpt>
			<trkpt lat="60.24765" lon="9.3482">
				<ele>294.7149963378906</ele>
				<time>2000-01-01T00:00:00Z</time>
			</trkpt>
			<trkpt lat="60.24768" lon="9.34798">
				<ele>294.7052917480469</ele>
				<time>2000-01-01T00:00:00Z</time>
			</trkpt>
			<trkpt lat="60.24769" lon="9.34792">
				<ele>294.7026062011719</ele>
				<time>2000-01-01T00:00:00Z</time>
			</trkpt>
			<trkpt lat="60.24769376081403" lon="9.34785982539618">
				<ele>294.70001220703125</ele>
				<time>2000-01-01T00:00:00Z</time>
			</trkpt>
			<trkpt lat="60.2477" lon="9.34776">
				<ele>294.66143798828125</ele>
				<time>2000-01-01T00:00:00Z</time>
			</trkpt>
			<trkpt lat="60.2477" lon="9.34754">
				<ele>294.5771484375</ele>
				<time>2000-01-01T00:00:00Z</time>
			</trkpt>
			<trkpt lat="60.24769" lon="9.34745">
				<ele>294.54180908203125</ele>
				<time>2000-01-01T00:00:00Z</time>
			</trkpt>
			<trkpt lat="60.24763" lon="9.34684">
				<ele>294.3035583496094</ele>
				<time>2000-01-01T00:00:00Z</time>
			</trkpt>
			<trkpt lat="60.24762" lon="9.34663">
				<ele>294.22271728515625</ele>
				<time>2000-01-01T00:00:00Z</time>
			</trkpt>
			<trkpt lat="60.2476" lon="9.3463">
				<ele>294.0953674316406</ele>
				<time>2000-01-01T00:00:00Z</time>
			</trkpt>
			<trkpt lat="60.24761" lon="9.34611">
				<ele>294.0221252441406</ele>
				<time>2000-01-01T00:00:00Z</time>
			</trkpt>
			<trkpt lat="60.24762" lon="9.34601">
				<ele>293.9830322265625</ele>
				<time>2000-01-01T00:00:00Z</time>
			</trkpt>
			<trkpt lat="60.24765" lon="9.34571">
				<ele>293.8658142089844</ele>
				<time>2000-01-01T00:00:00Z</time>
			</trkpt>
			<trkpt lat="60.2476818599084" lon="9.345550700263697">
				<ele>293.79998779296875</ele>
				<time>2000-01-01T00:00:00Z</time>
			</trkpt>
			<trkpt lat="60.24769" lon="9.34551">
				<ele>293.7850646972656</ele>
				<time>2000-01-01T00:00:00Z</time>
			</trkpt>
			<trkpt lat="60.24778" lon="9.3451">
				<ele>293.63238525390625</ele>
				<time>2000-01-01T00:00:00Z</time>
			</trkpt>
			<trkpt lat="60.24796" lon="9.34427">
				<ele>293.3238525390625</ele>
				<time>2000-01-01T00:00:00Z</time>
			</trkpt>
			<trkpt lat="60.24804" lon="9.34393">
				<ele>293.19573974609375</ele>
				<time>2000-01-01T00:00:00Z</time>
			</trkpt>
			<trkpt lat="60.24808" lon="9.3437">
				<ele>293.11273193359375</ele>
				<time>2000-01-01T00:00:00Z</time>
			</trkpt>
			<trkpt lat="60.24812" lon="9.34352">
				<ele>293.0455322265625</ele>
				<time>2000-01-01T00:00:00Z</time>
			</trkpt>
			<trkpt lat="60.24813450538154" lon="9.343389451173715">
				<ele>293.0</ele>
				<time>2000-01-01T00:00:00Z</time>
			</trkpt>
			<trkpt lat="60.24814" lon="9.34334">
				<ele>292.9611511230469</ele>
				<time>2000-01-01T00:00:00Z</time>
			</trkpt>
			<trkpt lat="60.24817" lon="9.34313">
				<ele>292.793701171875</ele>
				<time>2000-01-01T00:00:00Z</time>
			</trkpt>
			<trkpt lat="60.24818" lon="9.34293">
				<ele>292.6397399902344</ele>
				<time>2000-01-01T00:00:00Z</time>
			</trkpt>
			<trkpt lat="60.24818" lon="9.34272">
				<ele>292.47882080078125</ele>
				<time>2000-01-01T00:00:00Z</time>
			</trkpt>
			<trkpt lat="60.24818" lon="9.34169">
				<ele>291.6895446777344</ele>
				<time>2000-01-01T00:00:00Z</time>
			</trkpt>
			<trkpt lat="60.2482" lon="9.3414">
				<ele>291.4652099609375</ele>
				<time>2000-01-01T00:00:00Z</time>
			</trkpt>
			<trkpt lat="60.24821" lon="9.34121">
				<ele>291.3188781738281</ele>
				<time>2000-01-01T00:00:00Z</time>
			</trkpt>
			<trkpt lat="60.24823278990986" lon="9.341061864510547">
				<ele>291.20001220703125</ele>
				<time>2000-01-01T00:00:00Z</time>
			</trkpt>
			<trkpt lat="60.24825" lon="9.34095">
				<ele>291.16015625</ele>
				<time>2000-01-01T00:00:00Z</time>
			</trkpt>
			<trkpt lat="60.24833" lon="9.34055">
				<ele>291.0132141113281</ele>
				<time>2000-01-01T00:00:00Z</time>
			</trkpt>
			<trkpt lat="60.24836" lon="9.34037">
				<ele>290.9485778808594</ele>
				<time>2000-01-01T00:00:00Z</time>
			</trkpt>
			<trkpt lat="60.2484" lon="9.33988">
				<ele>290.77947998046875</ele>
				<time>2000-01-01T00:00:00Z</time>
			</trkpt>
			<trkpt lat="60.24846" lon="9.33997">
				<ele>290.7281188964844</ele>
				<time>2000-01-01T00:00:00Z</time>
			</trkpt>
			<trkpt lat="60.24859" lon="9.33932">
				<ele>290.48944091796875</ele>
				<time>2000-01-01T00:00:00Z</time>
			</trkpt>
			<trkpt lat="60.24866639348694" lon="9.33910718817543">
				<ele>290.3999938964844</ele>
				<time>2000-01-01T00:00:00Z</time>
			</trkpt>
			<trkpt lat="60.24873" lon="9.33893">
				<ele>290.7537841796875</ele>
				<time>2000-01-01T00:00:00Z</time>
			</trkpt>
			<trkpt lat="60.2489" lon="9.33855">
				<ele>291.5814208984375</ele>
				<time>2000-01-01T00:00:00Z</time>
			</trkpt>
			<trkpt lat="60.24901" lon="9.33815">
				<ele>292.3211669921875</ele>
				<time>2000-01-01T00:00:00Z</time>
			</trkpt>
			<trkpt lat="60.2491" lon="9.33737">
				<ele>293.6165466308594</ele>
				<time>2000-01-01T00:00:00Z</time>
			</trkpt>
			<trkpt lat="60.24910487005913" lon="9.337009497367843">
				<ele>294.20001220703125</ele>
				<time>2000-01-01T00:00:00Z</time>
			</trkpt>
			<trkpt lat="60.24911" lon="9.33663">
				<ele>295.54119873046875</ele>
				<time>2000-01-01T00:00:00Z</time>
			</trkpt>
			<trkpt lat="60.24907" lon="9.33592">
				<ele>298.0662841796875</ele>
				<time>2000-01-01T00:00:00Z</time>
			</trkpt>
			<trkpt lat="60.249" lon="9.33553">
				<ele>299.5316467285156</ele>
				<time>2000-01-01T00:00:00Z</time>
			</trkpt>
			<trkpt lat="60.248828159201494" lon="9.334764531959458">
				<ele>302.5</ele>
				<time>2000-01-01T00:00:00Z</time>
			</trkpt>
			<trkpt lat="60.24878" lon="9.33455">
				<ele>303.26190185546875</ele>
				<time>2000-01-01T00:00:00Z</time>
			</trkpt>
			<trkpt lat="60.2487" lon="9.33415">
				<ele>304.6570739746094</ele>
				<time>2000-01-01T00:00:00Z</time>
			</trkpt>
			<trkpt lat="60.24858" lon="9.33324">
				<ele>307.70330810546875</ele>
				<time>2000-01-01T00:00:00Z</time>
			</trkpt>
			<trkpt lat="60.24854" lon="9.33263">
				<ele>309.6936950683594</ele>
				<time>2000-01-01T00:00:00Z</time>
			</trkpt>
			<trkpt lat="60.248543798009116" lon="9.332504652084818">
				<ele>310.1000061035156</ele>
				<time>2000-01-01T00:00:00Z</time>
			</trkpt>
			<trkpt lat="60.24855" lon="9.3323">
				<ele>310.9289855957031</ele>
				<time>2000-01-01T00:00:00Z</time>
			</trkpt>
			<trkpt lat="60.24867" lon="9.33127">
				<ele>315.2081604003906</ele>
				<time>2000-01-01T00:00:00Z</time>
			</trkpt>
			<trkpt lat="60.24882" lon="9.33033">
				<ele>319.20135498046875</ele>
				<time>2000-01-01T00:00:00Z</time>
			</trkpt>
			<trkpt lat="60.24883777565136" lon="9.330238126196923">
				<ele>319.6000061035156</ele>
				<time>2000-01-01T00:00:00Z</time>
			</trkpt>
			<trkpt lat="60.249" lon="9.3294">
				<ele>320.8638000488281</ele>
				<time>2000-01-01T00:00:00Z</time>
			</trkpt>
			<trkpt lat="60.24907" lon="9.32896">
				<ele>321.51287841796875</ele>
				<time>2000-01-01T00:00:00Z</time>
			</trkpt>
			<trkpt lat="60.24914" lon="9.32819">
				<ele>322.61260986328125</ele>
				<time>2000-01-01T00:00:00Z</time>
			</trkpt>
			<trkpt lat="60.24914458855296" lon="9.327985628332948">
				<ele>322.8999938964844</ele>
				<time>2000-01-01T00:00:00Z</time>
			</trkpt>
			<trkpt lat="60.24916" lon="9.3273">
				<ele>323.27984619140625</ele>
				<time>2000-01-01T00:00:00Z</time>
			</trkpt>
			<trkpt lat="60.24908" lon="9.32577">
				<ele>324.1311950683594</ele>
				<time>2000-01-01T00:00:00Z</time>
			</trkpt>
			<trkpt lat="60.24907572427769" lon="9.325646012335932">
				<ele>324.20001220703125</ele>
				<time>2000-01-01T00:00:00Z</time>
			</trkpt>
			<trkpt lat="60.24907" lon="9.32548">
				<ele>324.7315368652344</ele>
				<time>2000-01-01T00:00:00Z</time>
			</trkpt>
			<trkpt lat="60.24909" lon="9.32513">
				<ele>325.8562927246094</ele>
				<time>2000-01-01T00:00:00Z</time>
			</trkpt>
			<trkpt lat="60.24916" lon="9.32439">
				<ele>328.2613830566406</ele>
				<time>2000-01-01T00:00:00Z</time>
			</trkpt>
			<trkpt lat="60.24923" lon="9.32391">
				<ele>329.858642578125</ele>
				<time>2000-01-01T00:00:00Z</time>
			</trkpt>
			<trkpt lat="60.24933" lon="9.3235">
				<ele>331.3173522949219</ele>
				<time>2000-01-01T00:00:00Z</time>
			</trkpt>
			<trkpt lat="60.24936135074049" lon="9.32339810365842">
				<ele>331.70001220703125</ele>
				<time>2000-01-01T00:00:00Z</time>
			</trkpt>
			<trkpt lat="60.24949" lon="9.32298">
				<ele>334.1504821777344</ele>
				<time>2000-01-01T00:00:00Z</time>
			</trkpt>
			<trkpt lat="60.24959" lon="9.32256">
				<ele>336.4698181152344</ele>
				<time>2000-01-01T00:00:00Z</time>
			</trkpt>
			<trkpt lat="60.24972" lon="9.32192">
				<ele>339.91400146484375</ele>
				<time>2000-01-01T00:00:00Z</time>
			</trkpt>
			<trkpt lat="60.24982861996062" lon="9.321255194424799">
				<ele>343.3999938964844</ele>
				<time>2000-01-01T00:00:00Z</time>
			</trkpt>
			<trkpt lat="60.24997" lon="9.32039">
				<ele>346.850830078125</ele>
				<time>2000-01-01T00:00:00Z</time>
			</trkpt>
			<trkpt lat="60.25019" lon="9.31942">
				<ele>350.89154052734375</ele>
				<time>2000-01-01T00:00:00Z</time>
			</trkpt>
			<trkpt lat="60.25022" lon="9.3192">
				<ele>351.7562255859375</ele>
				<time>2000-01-01T00:00:00Z</time>
			</trkpt>
			<trkpt lat="60.250230646761125" lon="9.319058034521042">
				<ele>352.29998779296875</ele>
				<time>2000-01-01T00:00:00Z</time>
			</trkpt>
			<trkpt lat="60.25025" lon="9.3188">
				<ele>353.4888000488281</ele>
				<time>2000-01-01T00:00:00Z</time>
			</trkpt>
			<trkpt lat="60.25021" lon="9.31788">
				<ele>357.6949462890625</ele>
				<time>2000-01-01T00:00:00Z</time>
			</trkpt>
			<trkpt lat="60.25023" lon="9.31749">
				<ele>359.4807434082031</ele>
				<time>2000-01-01T00:00:00Z</time>
			</trkpt>
			<trkpt lat="60.25028" lon="9.31696">
				<ele>361.9381103515625</ele>
				<time>2000-01-01T00:00:00Z</time>
			</trkpt>
			<trkpt lat="60.25032495397734" lon="9.316745217095646">
				<ele>363.0</ele>
				<time>2000-01-01T00:00:00Z</time>
			</trkpt>
			<trkpt lat="60.25037" lon="9.31653">
				<ele>363.5567626953125</ele>
				<time>2000-01-01T00:00:00Z</time>
			</trkpt>
			<trkpt lat="60.25047" lon="9.3162">
				<ele>364.47869873046875</ele>
				<time>2000-01-01T00:00:00Z</time>
			</trkpt>
			<trkpt lat="60.25055" lon="9.31606">
				<ele>364.98773193359375</ele>
				<time>2000-01-01T00:00:00Z</time>
			</trkpt>
			<trkpt lat="60.25066" lon="9.31592">
				<ele>365.6125793457031</ele>
				<time>2000-01-01T00:00:00Z</time>
			</trkpt>
			<trkpt lat="60.25076" lon="9.31584">
				<ele>366.1292724609375</ele>
				<time>2000-01-01T00:00:00Z</time>
			</trkpt>
			<trkpt lat="60.25086" lon="9.3158">
				<ele>366.6192932128906</ele>
				<time>2000-01-01T00:00:00Z</time>
			</trkpt>
			<trkpt lat="60.25103" lon="9.31576">
				<ele>367.44140625</ele>
				<time>2000-01-01T00:00:00Z</time>
			</trkpt>
			<trkpt lat="60.25127088687222" lon="9.315736688353">
				<ele>368.6000061035156</ele>
				<time>2000-01-01T00:00:00Z</time>
			</trkpt>
			<trkpt lat="60.25134" lon="9.31573">
				<ele>369.2233581542969</ele>
				<time>2000-01-01T00:00:00Z</time>
			</trkpt>
			<trkpt lat="60.25172" lon="9.31567">
				<ele>372.65679931640625</ele>
				<time>2000-01-01T00:00:00Z</time>
			</trkpt>
			<trkpt lat="60.25186" lon="9.31569">
				<ele>373.9210510253906</ele>
				<time>2000-01-01T00:00:00Z</time>
			</trkpt>
			<trkpt lat="60.25204" lon="9.31581">
				<ele>375.6283874511719</ele>
				<time>2000-01-01T00:00:00Z</time>
			</trkpt>
			<trkpt lat="60.25219" lon="9.31599">
				<ele>377.201171875</ele>
				<time>2000-01-01T00:00:00Z</time>
			</trkpt>
			<trkpt lat="60.25233" lon="9.31627">
				<ele>378.97796630859375</ele>
				<time>2000-01-01T00:00:00Z</time>
			</trkpt>
			<trkpt lat="60.25234180831899" lon="9.31628349538177">
				<ele>379.1000061035156</ele>
				<time>2000-01-01T00:00:00Z</time>
			</trkpt>
			<trkpt lat="60.2524" lon="9.31635">
				<ele>379.3927307128906</ele>
				<time>2000-01-01T00:00:00Z</time>
			</trkpt>
			<trkpt lat="60.25246" lon="9.31639">
				<ele>379.6690368652344</ele>
				<time>2000-01-01T00:00:00Z</time>
			</trkpt>
			<trkpt lat="60.25253" lon="9.31639">
				<ele>379.9754333496094</ele>
				<time>2000-01-01T00:00:00Z</time>
			</trkpt>
			<trkpt lat="60.25262" lon="9.31629">
				<ele>380.4250183105469</ele>
				<time>2000-01-01T00:00:00Z</time>
			</trkpt>
			<trkpt lat="60.25269" lon="9.31606">
				<ele>381.0107727050781</ele>
				<time>2000-01-01T00:00:00Z</time>
			</trkpt>
			<trkpt lat="60.25269" lon="9.31577">
				<ele>381.6402893066406</ele>
				<time>2000-01-01T00:00:00Z</time>
			</trkpt>
			<trkpt lat="60.25262" lon="9.31493">
				<ele>383.489013671875</ele>
				<time>2000-01-01T00:00:00Z</time>
			</trkpt>
			<trkpt lat="60.252585580631894" lon="9.314609933936866">
				<ele>384.20001220703125</ele>
				<time>2000-01-01T00:00:00Z</time>
			</trkpt>
			<trkpt lat="60.25252" lon="9.314">
				<ele>385.953369140625</ele>
				<time>2000-01-01T00:00:00Z</time>
			</trkpt>
			<trkpt lat="60.25251" lon="9.31352">
				<ele>387.3031005859375</ele>
				<time>2000-01-01T00:00:00Z</time>
			</trkpt>
			<trkpt lat="60.25254" lon="9.31302">
				<ele>388.7177429199219</ele>
				<time>2000-01-01T00:00:00Z</time>
			</trkpt>
			<trkpt lat="60.25266047681657" lon="9.312319722404869">
				<ele>390.79998779296875</ele>
				<time>2000-01-01T00:00:00Z</time>
			</trkpt>
			<trkpt lat="60.2527" lon="9.31209">
				<ele>391.7416076660156</ele>
				<time>2000-01-01T00:00:00Z</time>
			</trkpt>
			<trkpt lat="60.25271" lon="9.31177">
				<ele>392.9837341308594</ele>
				<time>2000-01-01T00:00:00Z</time>
			</trkpt>
			<trkpt lat="60.25269" lon="9.31142">
				<ele>394.3484191894531</ele>
				<time>2000-01-01T00:00:00Z</time>
			</trkpt>
			<trkpt lat="60.25264" lon="9.31103">
				<ele>395.90838623046875</ele>
				<time>2000-01-01T00:00:00Z</time>
			</trkpt>
			<trkpt lat="60.252435144461444" lon="9.310085885620094">
				<ele>399.8999938964844</ele>
				<time>2000-01-01T00:00:00Z</time>
			</trkpt>
			<trkpt lat="60.25241" lon="9.30997">
				<ele>399.9645690917969</ele>
				<time>2000-01-01T00:00:00Z</time>
			</trkpt>
			<trkpt lat="60.25238" lon="9.30943">
				<ele>400.2421875</ele>
				<time>2000-01-01T00:00:00Z</time>
			</trkpt>
			<trkpt lat="60.2524" lon="9.3089">
				<ele>400.51361083984375</ele>
				<time>2000-01-01T00:00:00Z</time>
			</trkpt>
			<trkpt lat="60.25246" lon="9.3083">
				<ele>400.8262634277344</ele>
				<time>2000-01-01T00:00:00Z</time>
			</trkpt>
			<trkpt lat="60.25256063841162" lon="9.30780399298925">
				<ele>401.1000061035156</ele>
				<time>2000-01-01T00:00:00Z</time>
			</trkpt>
			<trkpt lat="60.2526" lon="9.30761">
				<ele>401.8494873046875</ele>
				<time>2000-01-01T00:00:00Z</time>
			</trkpt>
			<trkpt lat="60.2527" lon="9.30733">
				<ele>403.0826110839844</ele>
				<time>2000-01-01T00:00:00Z</time>
			</trkpt>
			<trkpt lat="60.2528" lon="9.30714">
				<ele>404.0729064941406</ele>
				<time>2000-01-01T00:00:00Z</time>
			</trkpt>
			<trkpt lat="60.25288" lon="9.30703">
				<ele>404.77081298828125</ele>
				<time>2000-01-01T00:00:00Z</time>
			</trkpt>
			<trkpt lat="60.25293" lon="9.30698">
				<ele>405.1728515625</ele>
				<time>2000-01-01T00:00:00Z</time>
			</trkpt>
			<trkpt lat="60.25307" lon="9.30689">
				<ele>406.2317199707031</ele>
				<time>2000-01-01T00:00:00Z</time>
			</trkpt>
			<trkpt lat="60.25351341180623" lon="9.306697839282906">
				<ele>409.5</ele>
				<time>2000-01-01T00:00:00Z</time>
			</trkpt>
			<trkpt lat="60.25457" lon="9.30624">
				<ele>411.16876220703125</ele>
				<time>2000-01-01T00:00:00Z</time>
			</trkpt>
			<trkpt lat="60.25465267994515" lon="9.30620062834435">
				<ele>411.29998779296875</ele>
				<time>2000-01-01T00:00:00Z</time>
			</trkpt>
			<trkpt lat="60.25478" lon="9.30614">
				<ele>411.6591491699219</ele>
				<time>2000-01-01T00:00:00Z</time>
			</trkpt>
			<trkpt lat="60.25495" lon="9.30599">
				<ele>412.1686096191406</ele>
				<time>2000-01-01T00:00:00Z</time>
			</trkpt>
			<trkpt lat="60.25512" lon="9.30574">
				<ele>412.74615478515625</ele>
				<time>2000-01-01T00:00:00Z</time>
			</trkpt>
			<trkpt lat="60.25525" lon="9.30537">
				<ele>413.36376953125</ele>
				<time>2000-01-01T00:00:00Z</time>
			</trkpt>
			<trkpt lat="60.25529" lon="9.30517">
				<ele>413.6575012207031</ele>
				<time>2000-01-01T00:00:00Z</time>
			</trkpt>
			<trkpt lat="60.25533" lon="9.3049">
				<ele>414.041259765625</ele>
				<time>2000-01-01T00:00:00Z</time>
			</trkpt>
			<trkpt lat="60.25533960663152" lon="9.304563716877318">
				<ele>414.5</ele>
				<time>2000-01-01T00:00:00Z</time>
			</trkpt>
			<trkpt lat="60.25535" lon="9.3042">
				<ele>414.8720703125</ele>
				<time>2000-01-01T00:00:00Z</time>
			</trkpt>
			<trkpt lat="60.255357999102195" lon="9.302214850229722">
				<ele>416.8999938964844</ele>
				<time>2000-01-01T00:00:00Z</time>
			</trkpt>
			<trkpt lat="60.25536" lon="9.30172">
				<ele>418.01641845703125</ele>
				<time>2000-01-01T00:00:00Z</time>
			</trkpt>
			<trkpt lat="60.25531" lon="9.30097">
				<ele>419.7232666015625</ele>
				<time>2000-01-01T00:00:00Z</time>
			</trkpt>
			<trkpt lat="60.25513" lon="9.30001">
				<ele>422.03826904296875</ele>
				<time>2000-01-01T00:00:00Z</time>
			</trkpt>
			<trkpt lat="60.255129999617516" lon="9.29993834525468">
				<ele>422.20001220703125</ele>
				<time>2000-01-01T00:00:00Z</time>
			</trkpt>
			<trkpt lat="60.25513" lon="9.29973">
				<ele>422.3330383300781</ele>
				<time>2000-01-01T00:00:00Z</time>
			</trkpt>
			<trkpt lat="60.25518" lon="9.29942">
				<ele>422.54107666015625</ele>
				<time>2000-01-01T00:00:00Z</time>
			</trkpt>
			<trkpt lat="60.25528" lon="9.29921">
				<ele>422.7269592285156</ele>
				<time>2000-01-01T00:00:00Z</time>
			</trkpt>
			<trkpt lat="60.25542" lon="9.29907">
				<ele>422.9280090332031</ele>
				<time>2000-01-01T00:00:00Z</time>
			</trkpt>
			<trkpt lat="60.25600728805503" lon="9.298822718993378">
				<ele>423.70001220703125</ele>
				<time>2000-01-01T00:00:00Z</time>
			</trkpt>
			<trkpt lat="60.25637" lon="9.29867">
				<ele>424.0814514160156</ele>
				<time>2000-01-01T00:00:00Z</time>
			</trkpt>
			<trkpt lat="60.25653" lon="9.29858">
				<ele>424.2524719238281</ele>
				<time>2000-01-01T00:00:00Z</time>
			</trkpt>
			<trkpt lat="60.25662" lon="9.29848">
				<ele>424.3582458496094</ele>
				<time>2000-01-01T00:00:00Z</time>
			</trkpt>
			<trkpt lat="60.25666" lon="9.29839">
				<ele>424.41998291015625</ele>
				<time>2000-01-01T00:00:00Z</time>
			</trkpt>
			<trkpt lat="60.25671" lon="9.29825">
				<ele>424.5080261230469</ele>
				<time>2000-01-01T00:00:00Z</time>
			</trkpt>
			<trkpt lat="60.25682" lon="9.29755">
				<ele>424.883056640625</ele>
				<time>2000-01-01T00:00:00Z</time>
			</trkpt>
			<trkpt lat="60.25682774375862" lon="9.297520742148416">
				<ele>424.8999938964844</ele>
				<time>2000-01-01T00:00:00Z</time>
			</trkpt>
			<trkpt lat="60.25691" lon="9.29721">
				<ele>425.1698303222656</ele>
				<time>2000-01-01T00:00:00Z</time>
			</trkpt>
			<trkpt lat="60.257" lon="9.29692">
				<ele>425.43182373046875</ele>
				<time>2000-01-01T00:00:00Z</time>
			</trkpt>
			<trkpt lat="60.25716" lon="9.29658">
				<ele>425.79083251953125</ele>
				<time>2000-01-01T00:00:00Z</time>
			</trkpt>
			<trkpt lat="60.25731" lon="9.29633">
				<ele>426.0914611816406</ele>
				<time>2000-01-01T00:00:00Z</time>
			</trkpt>
			<trkpt lat="60.257643753786084" lon="9.295907460547593">
				<ele>426.70001220703125</ele>
				<time>2000-01-01T00:00:00Z</time>
			</trkpt>
			<trkpt lat="60.25825" lon="9.29514">
				<ele>427.0684509277344</ele>
				<time>2000-01-01T00:00:00Z</time>
			</trkpt>
			<trkpt lat="60.25848" lon="9.2948">
				<ele>427.21527099609375</ele>
				<time>2000-01-01T00:00:00Z</time>
			</trkpt>
			<trkpt lat="60.25858805757074" lon="9.29454975989985">
				<ele>427.29998779296875</ele>
				<time>2000-01-01T00:00:00Z</time>
			</trkpt>
			<trkpt lat="60.25867" lon="9.29436">
				<ele>427.1822509765625</ele>
				<time>2000-01-01T00:00:00Z</time>
			</trkpt>
			<trkpt lat="60.2589" lon="9.2936">
				<ele>426.7654724121094</ele>
				<time>2000-01-01T00:00:00Z</time>
			</trkpt>
			<trkpt lat="60.25903" lon="9.29323">
				<ele>426.5532531738281</ele>
				<time>2000-01-01T00:00:00Z</time>
			</trkpt>
			<trkpt lat="60.25912" lon="9.29303">
				<ele>426.4268493652344</ele>
				<time>2000-01-01T00:00:00Z</time>
			</trkpt>
			<trkpt lat="60.25927" lon="9.29274">
				<ele>426.23077392578125</ele>
				<time>2000-01-01T00:00:00Z</time>
			</trkpt>
			<trkpt lat="60.259296791974435" lon="9.2927025762181">
				<ele>426.20001220703125</ele>
				<time>2000-01-01T00:00:00Z</time>
			</trkpt>
			<trkpt lat="60.2598" lon="9.292">
				<ele>425.4123229980469</ele>
				<time>2000-01-01T00:00:00Z</time>
			</trkpt>
			<trkpt lat="60.26009" lon="9.29159">
				<ele>424.9565124511719</ele>
				<time>2000-01-01T00:00:00Z</time>
			</trkpt>
			<trkpt lat="60.26026009660253" lon="9.291380408359668">
				<ele>424.70001220703125</ele>
				<time>2000-01-01T00:00:00Z</time>
			</trkpt>
			<trkpt lat="60.26065" lon="9.2909">
				<ele>424.3863830566406</ele>
				<time>2000-01-01T00:00:00Z</time>
			</trkpt>
			<trkpt lat="60.26081" lon="9.29061">
				<ele>424.2387390136719</ele>
				<time>2000-01-01T00:00:00Z</time>
			</trkpt>
			<trkpt lat="60.26091" lon="9.29037">
				<ele>424.13201904296875</ele>
				<time>2000-01-01T00:00:00Z</time>
			</trkpt>
			<trkpt lat="60.26098" lon="9.29006">
				<ele>424.01605224609375</ele>
				<time>2000-01-01T00:00:00Z</time>
			</trkpt>
			<trkpt lat="60.26102132565746" lon="9.289729391827699">
				<ele>423.8999938964844</ele>
				<time>2000-01-01T00:00:00Z</time>
			</trkpt>
			<trkpt lat="60.26104" lon="9.28958">
				<ele>424.0376892089844</ele>
				<time>2000-01-01T00:00:00Z</time>
			</trkpt>
			<trkpt lat="60.26105" lon="9.28918">
				<ele>424.3955383300781</ele>
				<time>2000-01-01T00:00:00Z</time>
			</trkpt>
			<trkpt lat="60.26102" lon="9.28857">
				<ele>424.94342041015625</ele>
				<time>2000-01-01T00:00:00Z</time>
			</trkpt>
			<trkpt lat="60.26095" lon="9.28805">
				<ele>425.4248352050781</ele>
				<time>2000-01-01T00:00:00Z</time>
			</trkpt>
			<trkpt lat="60.2608125487579" lon="9.287469134540162">
				<ele>426.0</ele>
				<time>2000-01-01T00:00:00Z</time>
			</trkpt>
			<trkpt lat="60.26031112974531" lon="9.285347735533923">
				<ele>428.5</ele>
				<time>2000-01-01T00:00:00Z</time>
			</trkpt>
			<trkpt lat="60.25995" lon="9.28382">
				<ele>427.1318054199219</ele>
				<time>2000-01-01T00:00:00Z</time>
			</trkpt>
			<trkpt lat="60.2599" lon="9.28355">
				<ele>426.89874267578125</ele>
				<time>2000-01-01T00:00:00Z</time>
			</trkpt>
			<trkpt lat="60.25988" lon="9.28329">
				<ele>426.6860656738281</ele>
				<time>2000-01-01T00:00:00Z</time>
			</trkpt>
			<trkpt lat="60.25988770018616" lon="9.283184752725116">
				<ele>426.6000061035156</ele>
				<time>2000-01-01T00:00:00Z</time>
			</trkpt>
			<trkpt lat="60.25991" lon="9.28288">
				<ele>426.36407470703125</ele>
				<time>2000-01-01T00:00:00Z</time>
			</trkpt>
			<trkpt lat="60.25999" lon="9.28237">
				<ele>425.9543151855469</ele>
				<time>2000-01-01T00:00:00Z</time>
			</trkpt>
			<trkpt lat="60.26003" lon="9.28204">
				<ele>425.69403076171875</ele>
				<time>2000-01-01T00:00:00Z</time>
			</trkpt>
			<trkpt lat="60.26004" lon="9.28096">
				<ele>424.8666076660156</ele>
				<time>2000-01-01T00:00:00Z</time>
			</trkpt>
			<trkpt lat="60.26004382325496" lon="9.280873311283607">
				<ele>424.79998779296875</ele>
				<time>2000-01-01T00:00:00Z</time>
			</trkpt>
			<trkpt lat="60.26011" lon="9.27938">
				<ele>425.75701904296875</ele>
				<time>2000-01-01T00:00:00Z</time>
			</trkpt>
			<trkpt lat="60.26015" lon="9.27892">
				<ele>426.0550842285156</ele>
				<time>2000-01-01T00:00:00Z</time>
			</trkpt>
			<trkpt lat="60.26020567228468" lon="9.27855318032066">
				<ele>426.29998779296875</ele>
				<time>2000-01-01T00:00:00Z</time>
			</trkpt>
			<trkpt lat="60.26032" lon="9.2778">
				<ele>427.1714172363281</ele>
				<time>2000-01-01T00:00:00Z</time>
			</trkpt>
			<trkpt lat="60.2604" lon="9.27753">
				<ele>427.51947021484375</ele>
				<time>2000-01-01T00:00:00Z</time>
			</trkpt>
			<trkpt lat="60.2605" lon="9.27731">
				<ele>427.8495788574219</ele>
				<time>2000-01-01T00:00:00Z</time>
			</trkpt>
			<trkpt lat="60.26078" lon="9.27695">
				<ele>428.5903625488281</ele>
				<time>2000-01-01T00:00:00Z</time>
			</trkpt>
			<trkpt lat="60.26088527059596" lon="9.276767530690552">
				<ele>428.8999938964844</ele>
				<time>2000-01-01T00:00:00Z</time>
			</trkpt>
			<trkpt lat="60.26093" lon="9.27669">
				<ele>428.8594970703125</ele>
				<time>2000-01-01T00:00:00Z</time>
			</trkpt>
			<trkpt lat="60.26101" lon="9.27646">
				<ele>428.76385498046875</ele>
				<time>2000-01-01T00:00:00Z</time>
			</trkpt>
			<trkpt lat="60.26107" lon="9.27606">
				<ele>428.6216125488281</ele>
				<time>2000-01-01T00:00:00Z</time>
			</trkpt>
			<trkpt lat="60.26105" lon="9.2757">
				<ele>428.4983215332031</ele>
				<time>2000-01-01T00:00:00Z</time>
			</trkpt>
			<trkpt lat="60.26097" lon="9.27521">
				<ele>428.32269287109375</ele>
				<time>2000-01-01T00:00:00Z</time>
			</trkpt>
			<trkpt lat="60.26093" lon="9.275">
				<ele>428.24609375</ele>
				<time>2000-01-01T00:00:00Z</time>
			</trkpt>
			<trkpt lat="60.26082" lon="9.27466">
				<ele>428.10791015625</ele>
				<time>2000-01-01T00:00:00Z</time>
			</trkpt>
			<trkpt lat="60.26081295245577" lon="9.274641605227083">
				<ele>428.1000061035156</ele>
				<time>2000-01-01T00:00:00Z</time>
			</trkpt>
			<trkpt lat="60.26051" lon="9.27385">
				<ele>428.1850891113281</ele>
				<time>2000-01-01T00:00:00Z</time>
			</trkpt>
			<trkpt lat="60.26042" lon="9.2735">
				<ele>428.2186279296875</ele>
				<time>2000-01-01T00:00:00Z</time>
			</trkpt>
			<trkpt lat="60.26038" lon="9.27324">
				<ele>428.2417907714844</ele>
				<time>2000-01-01T00:00:00Z</time>
			</trkpt>
			<trkpt lat="60.26036" lon="9.27286">
				<ele>428.2743225097656</ele>
				<time>2000-01-01T00:00:00Z</time>
			</trkpt>
			<trkpt lat="60.26037870551801" lon="9.272560711286506">
				<ele>428.29998779296875</ele>
				<time>2000-01-01T00:00:00Z</time>
			</trkpt>
			<trkpt lat="60.26038" lon="9.27254">
				<ele>428.3275146484375</ele>
				<time>2000-01-01T00:00:00Z</time>
			</trkpt>
			<trkpt lat="60.26043" lon="9.27234">
				<ele>428.62298583984375</ele>
				<time>2000-01-01T00:00:00Z</time>
			</trkpt>
			<trkpt lat="60.26054" lon="9.27207">
				<ele>429.08380126953125</ele>
				<time>2000-01-01T00:00:00Z</time>
			</trkpt>
			<trkpt lat="60.26064" lon="9.27193">
				<ele>429.40771484375</ele>
				<time>2000-01-01T00:00:00Z</time>
			</trkpt>
			<trkpt lat="60.26114" lon="9.27136">
				<ele>430.9352722167969</ele>
				<time>2000-01-01T00:00:00Z</time>
			</trkpt>
			<trkpt lat="60.261285759323684" lon="9.271165652641793">
				<ele>431.3999938964844</ele>
				<time>2000-01-01T00:00:00Z</time>
			</trkpt>
			<trkpt lat="60.26144" lon="9.27096">
				<ele>431.59033203125</ele>
				<time>2000-01-01T00:00:00Z</time>
			</trkpt>
			<trkpt lat="60.2616" lon="9.27081">
				<ele>431.7720031738281</ele>
				<time>2000-01-01T00:00:00Z</time>
			</trkpt>
			<trkpt lat="60.26171" lon="9.27075">
				<ele>431.8893127441406</ele>
				<time>2000-01-01T00:00:00Z</time>
			</trkpt>
			<trkpt lat="60.26184" lon="9.27071">
				<ele>432.02471923828125</ele>
				<time>2000-01-01T00:00:00Z</time>
			</trkpt>
			<trkpt lat="60.26235" lon="9.27079">
				<ele>432.5513000488281</ele>
				<time>2000-01-01T00:00:00Z</time>
			</trkpt>
			<trkpt lat="60.262396908664996" lon="9.270777655446588">
				<ele>432.6000061035156</ele>
				<time>2000-01-01T00:00:00Z</time>
			</trkpt>
			<trkpt lat="60.26254" lon="9.27074">
				<ele>432.55047607421875</ele>
				<time>2000-01-01T00:00:00Z</time>
			</trkpt>
			<trkpt lat="60.26267" lon="9.27066">
				<ele>432.50384521484375</ele>
				<time>2000-01-01T00:00:00Z</time>
			</trkpt>
			<trkpt lat="60.26278" lon="9.27055">
				<ele>432.46173095703125</ele>
				<time>2000-01-01T00:00:00Z</time>
			</trkpt>
			<trkpt lat="60.26289" lon="9.2704">
				<ele>432.4161376953125</ele>
				<time>2000-01-01T00:00:00Z</time>
			</trkpt>
			<trkpt lat="60.26316" lon="9.26995">
				<ele>432.2959289550781</ele>
				<time>2000-01-01T00:00:00Z</time>
			</trkpt>
			<trkpt lat="60.26326" lon="9.26981">
				<ele>432.254150390625</ele>
				<time>2000-01-01T00:00:00Z</time>
			</trkpt>
			<trkpt lat="60.26339" lon="9.26966">
				<ele>432.2027587890625</ele>
				<time>2000-01-01T00:00:00Z</time>
			</trkpt>
			<trkpt lat="60.26368" lon="9.26945">
				<ele>432.40594482421875</ele>
				<time>2000-01-01T00:00:00Z</time>
			</trkpt>
			<trkpt lat="60.26428" lon="9.26908">
				<ele>432.8365478515625</ele>
				<time>2000-01-01T00:00:00Z</time>
			</trkpt>
			<trkpt lat="60.264506156411805" lon="9.268929221209019">
				<ele>433.0</ele>
				<time>2000-01-01T00:00:00Z</time>
			</trkpt>
			<trkpt lat="60.26509" lon="9.26854">
				<ele>434.8462829589844</ele>
				<time>2000-01-01T00:00:00Z</time>
			</trkpt>
			<trkpt lat="60.26534" lon="9.26836">
				<ele>435.6434020996094</ele>
				<time>2000-01-01T00:00:00Z</time>
			</trkpt>
			<trkpt lat="60.26559913066213" lon="9.268119378639623">
				<ele>436.5</ele>
				<time>2000-01-01T00:00:00Z</time>
			</trkpt>
			<trkpt lat="60.26562" lon="9.2681">
				<ele>436.5572204589844</ele>
				<time>2000-01-01T00:00:00Z</time>
			</trkpt>
			<trkpt lat="60.26625" lon="9.26731">
				<ele>438.4028015136719</ele>
				<time>2000-01-01T00:00:00Z</time>
			</trkpt>
			<trkpt lat="60.26655" lon="9.26697">
				<ele>439.2591247558594</ele>
				<time>2000-01-01T00:00:00Z</time>
			</trkpt>
			<trkpt lat="60.26660174053702" lon="9.266923433433037">
				<ele>439.3999938964844</ele>
				<time>2000-01-01T00:00:00Z</time>
			</trkpt>
			<trkpt lat="60.26665" lon="9.26688">
				<ele>439.4317321777344</ele>
				<time>2000-01-01T00:00:00Z</time>
			</trkpt>
			<trkpt lat="60.26685" lon="9.26675">
				<ele>439.55792236328125</ele>
				<time>2000-01-01T00:00:00Z</time>
			</trkpt>
			<trkpt lat="60.26772325793787" lon="9.266288917179667">
				<ele>440.1000061035156</ele>
				<time>2000-01-01T00:00:00Z</time>
			</trkpt>
			<trkpt lat="60.2681" lon="9.26609">
				<ele>441.302734375</ele>
				<time>2000-01-01T00:00:00Z</time>
			</trkpt>
			<trkpt lat="60.26884823809282" lon="9.265673367043663">
				<ele>443.70001220703125</ele>
				<time>2000-01-01T00:00:00Z</time>
			</trkpt>
			<trkpt lat="60.26898" lon="9.2656">
				<ele>444.59100341796875</ele>
				<time>2000-01-01T00:00:00Z</time>
			</trkpt>
			<trkpt lat="60.26925" lon="9.26548">
				<ele>446.3938293457031</ele>
				<time>2000-01-01T00:00:00Z</time>
			</trkpt>
			<trkpt lat="60.26966" lon="9.26534">
				<ele>449.10443115234375</ele>
				<time>2000-01-01T00:00:00Z</time>
			</trkpt>
			<trkpt lat="60.26999361793767" lon="9.265247662516646">
				<ele>451.29998779296875</ele>
				<time>2000-01-01T00:00:00Z</time>
			</trkpt>
			<trkpt lat="60.27114848548642" lon="9.264928134629107">
				<ele>458.3999938964844</ele>
				<time>2000-01-01T00:00:00Z</time>
			</trkpt>
			<trkpt lat="60.27172" lon="9.26477">
				<ele>463.94293212890625</ele>
				<time>2000-01-01T00:00:00Z</time>
			</trkpt>
			<trkpt lat="60.27196" lon="9.26473">
				<ele>466.256103515625</ele>
				<time>2000-01-01T00:00:00Z</time>
			</trkpt>
			<trkpt lat="60.27216" lon="9.26476">
				<ele>468.18341064453125</ele>
				<time>2000-01-01T00:00:00Z</time>
			</trkpt>
			<trkpt lat="60.27230311402334" lon="9.264831557241152">
				<ele>469.6000061035156</ele>
				<time>2000-01-01T00:00:00Z</time>
			</trkpt>
			<trkpt lat="60.27242" lon="9.26489">
				<ele>470.34375</ele>
				<time>2000-01-01T00:00:00Z</time>
			</trkpt>
			<trkpt lat="60.27282" lon="9.26516">
				<ele>472.94915771484375</ele>
				<time>2000-01-01T00:00:00Z</time>
			</trkpt>
			<trkpt lat="60.27296" lon="9.26521">
				<ele>473.82720947265625</ele>
				<time>2000-01-01T00:00:00Z</time>
			</trkpt>
			<trkpt lat="60.27301" lon="9.26522">
				<ele>474.1379089355469</ele>
				<time>2000-01-01T00:00:00Z</time>
			</trkpt>
			<trkpt lat="60.27312" lon="9.26521">
				<ele>474.8177185058594</ele>
				<time>2000-01-01T00:00:00Z</time>
			</trkpt>
			<trkpt lat="60.27329" lon="9.26514">
				<ele>475.8893127441406</ele>
				<time>2000-01-01T00:00:00Z</time>
			</trkpt>
			<trkpt lat="60.27342816223931" lon="9.265036378027576">
				<ele>476.79998779296875</ele>
				<time>2000-01-01T00:00:00Z</time>
			</trkpt>
			<trkpt lat="60.27353" lon="9.26496">
				<ele>477.8533935546875</ele>
				<time>2000-01-01T00:00:00Z</time>
			</trkpt>
			<trkpt lat="60.2738" lon="9.26472">
				<ele>480.7132568359375</ele>
				<time>2000-01-01T00:00:00Z</time>
			</trkpt>
			<trkpt lat="60.27414" lon="9.26437">
				<ele>484.4136962890625</ele>
				<time>2000-01-01T00:00:00Z</time>
			</trkpt>
			<trkpt lat="60.27428" lon="9.26411">
				<ele>486.25921630859375</ele>
				<time>2000-01-01T00:00:00Z</time>
			</trkpt>
			<trkpt lat="60.27438403822872" lon="9.263789553904447">
				<ele>488.1000061035156</ele>
				<time>2000-01-01T00:00:00Z</time>
			</trkpt>
			<trkpt lat="60.27453" lon="9.26334">
				<ele>490.1800231933594</ele>
				<time>2000-01-01T00:00:00Z</time>
			</trkpt>
			<trkpt lat="60.27464" lon="9.26309">
				<ele>491.4736022949219</ele>
				<time>2000-01-01T00:00:00Z</time>
			</trkpt>
			<trkpt lat="60.2747" lon="9.26297">
				<ele>492.13311767578125</ele>
				<time>2000-01-01T00:00:00Z</time>
			</trkpt>
			<trkpt lat="60.27479" lon="9.26287">
				<ele>492.935302734375</ele>
				<time>2000-01-01T00:00:00Z</time>
			</trkpt>
			<trkpt lat="60.27492" lon="9.26278">
				<ele>494.00811767578125</ele>
				<time>2000-01-01T00:00:00Z</time>
			</trkpt>
			<trkpt lat="60.27508" lon="9.26269">
				<ele>495.304931640625</ele>
				<time>2000-01-01T00:00:00Z</time>
			</trkpt>
			<trkpt lat="60.2753" lon="9.26263">
				<ele>497.037841796875</ele>
				<time>2000-01-01T00:00:00Z</time>
			</trkpt>
			<trkpt lat="60.27532076029363" lon="9.26262870244457">
				<ele>497.20001220703125</ele>
				<time>2000-01-01T00:00:00Z</time>
			</trkpt>
			<trkpt lat="60.27546" lon="9.26262">
				<ele>497.6182861328125</ele>
				<time>2000-01-01T00:00:00Z</time>
			</trkpt>
			<trkpt lat="60.27629" lon="9.2627">
				<ele>500.1131591796875</ele>
				<time>2000-01-01T00:00:00Z</time>
			</trkpt>
			<trkpt lat="60.27648532691136" lon="9.262713021926471">
				<ele>500.70001220703125</ele>
				<time>2000-01-01T00:00:00Z</time>
			</trkpt>
			<trkpt lat="60.27674" lon="9.26273">
				<ele>501.0497131347656</ele>
				<time>2000-01-01T00:00:00Z</time>
			</trkpt>
			<trkpt lat="60.277650840179966" lon="9.262713878908873">
				<ele>502.29998779296875</ele>
				<time>2000-01-01T00:00:00Z</time>
			</trkpt>
			<trkpt lat="60.27787" lon="9.26271">
				<ele>503.0895690917969</ele>
				<time>2000-01-01T00:00:00Z</time>
			</trkpt>
			<trkpt lat="60.27809" lon="9.26276">
				<ele>503.8874206542969</ele>
				<time>2000-01-01T00:00:00Z</time>
			</trkpt>
			<trkpt lat="60.27868" lon="9.26304">
				<ele>506.0711669921875</ele>
				<time>2000-01-01T00:00:00Z</time>
			</trkpt>
			<trkpt lat="60.27879761231223" lon="9.263076753865718">
				<ele>506.5</ele>
				<time>2000-01-01T00:00:00Z</time>
			</trkpt>
			<trkpt lat="60.27884" lon="9.26309">
				<ele>506.8015441894531</ele>
				<time>2000-01-01T00:00:00Z</time>
			</trkpt>
			<trkpt lat="60.27899" lon="9.2631">
				<ele>507.8572082519531</ele>
				<time>2000-01-01T00:00:00Z</time>
			</trkpt>
			<trkpt lat="60.27937" lon="9.26308">
				<ele>510.5310974121094</ele>
				<time>2000-01-01T00:00:00Z</time>
			</trkpt>
			<trkpt lat="60.27988" lon="9.26301">
				<ele>514.126708984375</ele>
				<time>2000-01-01T00:00:00Z</time>
			</trkpt>
			<trkpt lat="60.279961379256775" lon="9.26300212372755">
				<ele>514.7000122070312</ele>
				<time>2000-01-01T00:00:00Z</time>
			</trkpt>
			<trkpt lat="60.2805" lon="9.26295">
				<ele>517.4293212890625</ele>
				<time>2000-01-01T00:00:00Z</time>
			</trkpt>
			<trkpt lat="60.28109" lon="9.26296">
				<ele>520.4157104492188</ele>
				<time>2000-01-01T00:00:00Z</time>
			</trkpt>
			<trkpt lat="60.28112638938994" lon="9.262963308861146">
				<ele>520.5999755859375</ele>
				<time>2000-01-01T00:00:00Z</time>
			</trkpt>
			<trkpt lat="60.28164" lon="9.26301">
				<ele>524.5255737304688</ele>
				<time>2000-01-01T00:00:00Z</time>
			</trkpt>
			<trkpt lat="60.28175" lon="9.26299">
				<ele>525.3685302734375</ele>
				<time>2000-01-01T00:00:00Z</time>
			</trkpt>
			<trkpt lat="60.28184" lon="9.26295">
				<ele>526.072509765625</ele>
				<time>2000-01-01T00:00:00Z</time>
			</trkpt>
			<trkpt lat="60.28195" lon="9.26288">
				<ele>526.953125</ele>
				<time>2000-01-01T00:00:00Z</time>
			</trkpt>
			<trkpt lat="60.28208" lon="9.26277">
				<ele>528.0294799804688</ele>
				<time>2000-01-01T00:00:00Z</time>
			</trkpt>
			<trkpt lat="60.282241343780576" lon="9.262557702507996">
				<ele>529.5</ele>
				<time>2000-01-01T00:00:00Z</time>
			</trkpt>
			<trkpt lat="60.28246" lon="9.26227">
				<ele>530.7316284179688</ele>
				<time>2000-01-01T00:00:00Z</time>
			</trkpt>
			<trkpt lat="60.28303" lon="9.26145">
				<ele>534.0348510742188</ele>
				<time>2000-01-01T00:00:00Z</time>
			</trkpt>
			<trkpt lat="60.28318617784561" lon="9.261183578911906">
				<ele>535.0</ele>
				<time>2000-01-01T00:00:00Z</time>
			</trkpt>
			<trkpt lat="60.2832" lon="9.26116">
				<ele>535.129150390625</ele>
				<time>2000-01-01T00:00:00Z</time>
			</trkpt>
			<trkpt lat="60.28326" lon="9.26098">
				<ele>535.8944702148438</ele>
				<time>2000-01-01T00:00:00Z</time>
			</trkpt>
			<trkpt lat="60.28331" lon="9.26078">
				<ele>536.68505859375</ele>
				<time>2000-01-01T00:00:00Z</time>
			</trkpt>
			<trkpt lat="60.28334" lon="9.26046">
				<ele>537.8347778320312</ele>
				<time>2000-01-01T00:00:00Z</time>
			</trkpt>
			<trkpt lat="60.28328" lon="9.25919">
				<ele>542.3372802734375</ele>
				<time>2000-01-01T00:00:00Z</time>
			</trkpt>
			<trkpt lat="60.28328" lon="9.25896">
				<ele>543.1491088867188</ele>
				<time>2000-01-01T00:00:00Z</time>
			</trkpt>
			<trkpt lat="60.283286383205706" lon="9.258919294999952">
				<ele>543.2999877929688</ele>
				<time>2000-01-01T00:00:00Z</time>
			</trkpt>
			<trkpt lat="60.28336" lon="9.25845">
				<ele>545.0582885742188</ele>
				<time>2000-01-01T00:00:00Z</time>
			</trkpt>
			<trkpt lat="60.28349" lon="9.25805">
				<ele>546.7665405273438</ele>
				<time>2000-01-01T00:00:00Z</time>
			</trkpt>
			<trkpt lat="60.28358" lon="9.25789">
				<ele>547.6311645507812</ele>
				<time>2000-01-01T00:00:00Z</time>
			</trkpt>
			<trkpt lat="60.28367" lon="9.25774">
				<ele>548.4722900390625</ele>
				<time>2000-01-01T00:00:00Z</time>
			</trkpt>
			<trkpt lat="60.28404536443457" lon="9.257246848340055">
				<ele>551.7000122070312</ele>
				<time>2000-01-01T00:00:00Z</time>
			</trkpt>
			<trkpt lat="60.28469" lon="9.2564">
				<ele>553.8118896484375</ele>
				<time>2000-01-01T00:00:00Z</time>
			</trkpt>
			<trkpt lat="60.28501852818742" lon="9.25595243080712">
				<ele>554.9000244140625</ele>
				<time>2000-01-01T00:00:00Z</time>
			</trkpt>
			<trkpt lat="60.28538" lon="9.25546">
				<ele>556.471435546875</ele>
				<time>2000-01-01T00:00:00Z</time>
			</trkpt>
			<trkpt lat="60.28556" lon="9.25521">
				<ele>557.2589721679688</ele>
				<time>2000-01-01T00:00:00Z</time>
			</trkpt>
			<trkpt lat="60.28572" lon="9.25492">
				<ele>558.0337524414062</ele>
				<time>2000-01-01T00:00:00Z</time>
			</trkpt>
			<trkpt lat="60.28583" lon="9.25468">
				<ele>558.6175537109375</ele>
				<time>2000-01-01T00:00:00Z</time>
			</trkpt>
			<trkpt lat="60.28591077232064" lon="9.254464607072746">
				<ele>559.0999755859375</ele>
				<time>2000-01-01T00:00:00Z</time>
			</trkpt>
			<trkpt lat="60.28592" lon="9.25444">
				<ele>559.221923828125</ele>
				<time>2000-01-01T00:00:00Z</time>
			</trkpt>
			<trkpt lat="60.28603" lon="9.25407">
				<ele>560.9281616210938</ele>
				<time>2000-01-01T00:00:00Z</time>
			</trkpt>
			<trkpt lat="60.28625" lon="9.25308">
				<ele>565.2186889648438</ele>
				<time>2000-01-01T00:00:00Z</time>
			</trkpt>
			<trkpt lat="60.28632" lon="9.25288">
				<ele>566.1865844726562</ele>
				<time>2000-01-01T00:00:00Z</time>
			</trkpt>
			<trkpt lat="60.2864" lon="9.25273">
				<ele>567.0579833984375</ele>
				<time>2000-01-01T00:00:00Z</time>
			</trkpt>
			<trkpt lat="60.28654" lon="9.25257">
				<ele>568.341796875</ele>
				<time>2000-01-01T00:00:00Z</time>
			</trkpt>
			<trkpt lat="60.28669" lon="9.25247">
				<ele>570.13232421875</ele>
				<time>2000-01-01T00:00:00Z</time>
			</trkpt>
			<trkpt lat="60.28748" lon="9.25207">
				<ele>579.4942626953125</ele>
				<time>2000-01-01T00:00:00Z</time>
			</trkpt>
			<trkpt lat="60.28766800218113" lon="9.25192899827806">
				<ele>581.7999877929688</ele>
				<time>2000-01-01T00:00:00Z</time>
			</trkpt>
			<trkpt lat="60.28772" lon="9.25189">
				<ele>582.256591796875</ele>
				<time>2000-01-01T00:00:00Z</time>
			</trkpt>
			<trkpt lat="60.2879" lon="9.25172">
				<ele>583.8937377929688</ele>
				<time>2000-01-01T00:00:00Z</time>
			</trkpt>
			<trkpt lat="60.28869711473958" lon="9.250828175638311">
				<ele>591.4000244140625</ele>
				<time>2000-01-01T00:00:00Z</time>
			</trkpt>
			<trkpt lat="60.28891" lon="9.25059">
				<ele>592.8616333007812</ele>
				<time>2000-01-01T00:00:00Z</time>
			</trkpt>
			<trkpt lat="60.28905" lon="9.25042">
				<ele>593.8429565429688</ele>
				<time>2000-01-01T00:00:00Z</time>
			</trkpt>
			<trkpt lat="60.2892" lon="9.25015">
				<ele>595.050048828125</ele>
				<time>2000-01-01T00:00:00Z</time>
			</trkpt>
			<trkpt lat="60.28933" lon="9.24978">
				<ele>596.3997802734375</ele>
				<time>2000-01-01T00:00:00Z</time>
			</trkpt>
			<trkpt lat="60.28943" lon="9.24934">
				<ele>597.8405151367188</ele>
				<time>2000-01-01T00:00:00Z</time>
			</trkpt>
			<trkpt lat="60.289465064274395" lon="9.249165862729608">
				<ele>598.4000244140625</ele>
				<time>2000-01-01T00:00:00Z</time>
			</trkpt>
			<trkpt lat="60.28971" lon="9.24795">
				<ele>604.147705078125</ele>
				<time>2000-01-01T00:00:00Z</time>
			</trkpt>
			<trkpt lat="60.28992576744897" lon="9.247006015318009">
				<ele>608.7000122070312</ele>
				<time>2000-01-01T00:00:00Z</time>
			</trkpt>
			<trkpt lat="60.28995" lon="9.2469">
				<ele>609.21142578125</ele>
				<time>2000-01-01T00:00:00Z</time>
			</trkpt>
			<trkpt lat="60.29003" lon="9.24624">
				<ele>612.1865234375</ele>
				<time>2000-01-01T00:00:00Z</time>
			</trkpt>
			<trkpt lat="60.29007" lon="9.24545">
				<ele>615.6644897460938</ele>
				<time>2000-01-01T00:00:00Z</time>
			</trkpt>
			<trkpt lat="60.29011" lon="9.24523">
				<ele>616.6903686523438</ele>
				<time>2000-01-01T00:00:00Z</time>
			</trkpt>
			<trkpt lat="60.29018" lon="9.24502">
				<ele>617.7985229492188</ele>
				<time>2000-01-01T00:00:00Z</time>
			</trkpt>
			<trkpt lat="60.29022" lon="9.24494">
				<ele>618.2964477539062</ele>
				<time>2000-01-01T00:00:00Z</time>
			</trkpt>
			<trkpt lat="60.29027" lon="9.24487">
				<ele>618.834228515625</ele>
				<time>2000-01-01T00:00:00Z</time>
			</trkpt>
			<trkpt lat="60.29028714021483" lon="9.244854573576156">
				<ele>619.0</ele>
				<time>2000-01-01T00:00:00Z</time>
			</trkpt>
			<trkpt lat="60.29037" lon="9.24478">
				<ele>619.6149291992188</ele>
				<time>2000-01-01T00:00:00Z</time>
			</trkpt>
			<trkpt lat="60.29118" lon="9.24432">
				<ele>625.3175048828125</ele>
				<time>2000-01-01T00:00:00Z</time>
			</trkpt>
			<trkpt lat="60.29128" lon="9.24426">
				<ele>626.0242309570312</ele>
				<time>2000-01-01T00:00:00Z</time>
			</trkpt>
			<trkpt lat="60.29139910701162" lon="9.244158829040122">
				<ele>626.9000244140625</ele>
				<time>2000-01-01T00:00:00Z</time>
			</trkpt>
			<trkpt lat="60.29201" lon="9.24364">
				<ele>629.6292114257812</ele>
				<time>2000-01-01T00:00:00Z</time>
			</trkpt>
			<trkpt lat="60.29226" lon="9.24337">
				<ele>630.7967529296875</ele>
				<time>2000-01-01T00:00:00Z</time>
			</trkpt>
			<trkpt lat="60.292443722925746" lon="9.243128256789765">
				<ele>631.7000122070312</ele>
				<time>2000-01-01T00:00:00Z</time>
			</trkpt>
			<trkpt lat="60.29264" lon="9.24287">
				<ele>631.8206176757812</ele>
				<time>2000-01-01T00:00:00Z</time>
			</trkpt>
			<trkpt lat="60.29304" lon="9.24227">
				<ele>632.0771484375</ele>
				<time>2000-01-01T00:00:00Z</time>
			</trkpt>
			<trkpt lat="60.29319" lon="9.24197">
				<ele>632.1858520507812</ele>
				<time>2000-01-01T00:00:00Z</time>
			</trkpt>
			<trkpt lat="60.29333913849346" lon="9.241638798665559">
				<ele>632.2999877929688</ele>
				<time>2000-01-01T00:00:00Z</time>
			</trkpt>
			<trkpt lat="60.29412324156917" lon="9.239898200487202">
				<ele>636.2000122070312</ele>
				<time>2000-01-01T00:00:00Z</time>
			</trkpt>
			<trkpt lat="60.29419" lon="9.23975">
				<ele>636.906494140625</ele>
				<time>2000-01-01T00:00:00Z</time>
			</trkpt>
			<trkpt lat="60.29456" lon="9.23888">
				<ele>640.9518432617188</ele>
				<time>2000-01-01T00:00:00Z</time>
			</trkpt>
			<trkpt lat="60.29483" lon="9.23845">
				<ele>643.4006958007812</ele>
				<time>2000-01-01T00:00:00Z</time>
			</trkpt>
			<trkpt lat="60.2949600088842" lon="9.238282071068232">
				<ele>644.5</ele>
				<time>2000-01-01T00:00:00Z</time>
			</trkpt>
			<trkpt lat="60.29507" lon="9.23814">
				<ele>645.250732421875</ele>
				<time>2000-01-01T00:00:00Z</time>
			</trkpt>
			<trkpt lat="60.29522" lon="9.23798">
				<ele>646.2255249023438</ele>
				<time>2000-01-01T00:00:00Z</time>
			</trkpt>
			<trkpt lat="60.29542" lon="9.23783">
				<ele>647.4518432617188</ele>
				<time>2000-01-01T00:00:00Z</time>
			</trkpt>
			<trkpt lat="60.29559" lon="9.23779">
				<ele>648.4358520507812</ele>
				<time>2000-01-01T00:00:00Z</time>
			</trkpt>
			<trkpt lat="60.29591" lon="9.23782">
				<ele>650.2767333984375</ele>
				<time>2000-01-01T00:00:00Z</time>
			</trkpt>
			<trkpt lat="60.29601" lon="9.23781">
				<ele>650.8521728515625</ele>
				<time>2000-01-01T00:00:00Z</time>
			</trkpt>
			<trkpt lat="60.29606672420828" lon="9.237767456827534">
				<ele>651.2000122070312</ele>
				<time>2000-01-01T00:00:00Z</time>
			</trkpt>
			<trkpt lat="60.29609" lon="9.23775">
				<ele>651.3128051757812</ele>
				<time>2000-01-01T00:00:00Z</time>
			</trkpt>
			<trkpt lat="60.29618" lon="9.23762">
				<ele>651.8160400390625</ele>
				<time>2000-01-01T00:00:00Z</time>
			</trkpt>
			<trkpt lat="60.29622" lon="9.23743">
				<ele>652.2813720703125</ele>
				<time>2000-01-01T00:00:00Z</time>
			</trkpt>
			<trkpt lat="60.29618" lon="9.23713">
				<ele>652.9810791015625</ele>
				<time>2000-01-01T00:00:00Z</time>
			</trkpt>
			<trkpt lat="60.29613" lon="9.23696">
				<ele>653.426513671875</ele>
				<time>2000-01-01T00:00:00Z</time>
			</trkpt>
			<trkpt lat="60.29595" lon="9.23659">
				<ele>654.5947875976562</ele>
				<time>2000-01-01T00:00:00Z</time>
			</trkpt>
			<trkpt lat="60.29591" lon="9.23641">
				<ele>655.0392456054688</ele>
				<time>2000-01-01T00:00:00Z</time>
			</trkpt>
			<trkpt lat="60.29589" lon="9.23614">
				<ele>655.654296875</ele>
				<time>2000-01-01T00:00:00Z</time>
			</trkpt>
			<trkpt lat="60.29591" lon="9.23592">
				<ele>656.158203125</ele>
				<time>2000-01-01T00:00:00Z</time>
			</trkpt>
			<trkpt lat="60.29594" lon="9.2358">
				<ele>656.4608154296875</ele>
				<time>2000-01-01T00:00:00Z</time>
			</trkpt>
			<trkpt lat="60.29604" lon="9.23555">
				<ele>656.7843017578125</ele>
				<time>2000-01-01T00:00:00Z</time>
			</trkpt>
			<trkpt lat="60.29645" lon="9.23485">
				<ele>657.7977905273438</ele>
				<time>2000-01-01T00:00:00Z</time>
			</trkpt>
			<trkpt lat="60.29666" lon="9.23443">
				<ele>658.3557739257812</ele>
				<time>2000-01-01T00:00:00Z</time>
			</trkpt>
			<trkpt lat="60.29677603580311" lon="9.234146054661467">
				<ele>658.7000122070312</ele>
				<time>2000-01-01T00:00:00Z</time>
			</trkpt>
			<trkpt lat="60.29751804243871" lon="9.232331674003792">
				<ele>665.2000122070312</ele>
				<time>2000-01-01T00:00:00Z</time>
			</trkpt>
			<trkpt lat="60.29776" lon="9.23174">
				<ele>666.6673583984375</ele>
				<time>2000-01-01T00:00:00Z</time>
			</trkpt>
			<trkpt lat="60.29799" lon="9.23112">
				<ele>668.148681640625</ele>
				<time>2000-01-01T00:00:00Z</time>
			</trkpt>
			<trkpt lat="60.29808" lon="9.23077">
				<ele>668.9028930664062</ele>
				<time>2000-01-01T00:00:00Z</time>
			</trkpt>
			<trkpt lat="60.29815" lon="9.23047">
				<ele>669.5372314453125</ele>
				<time>2000-01-01T00:00:00Z</time>
			</trkpt>
			<trkpt lat="60.2981659155548" lon="9.230391155926203">
				<ele>669.7000122070312</ele>
				<time>2000-01-01T00:00:00Z</time>
			</trkpt>
			<trkpt lat="60.29860691618037" lon="9.228213385563421">
				<ele>674.0999755859375</ele>
				<time>2000-01-01T00:00:00Z</time>
			</trkpt>
			<trkpt lat="60.29864" lon="9.22805">
				<ele>674.4451904296875</ele>
				<time>2000-01-01T00:00:00Z</time>
			</trkpt>
			<trkpt lat="60.29872" lon="9.22776">
				<ele>675.0941772460938</ele>
				<time>2000-01-01T00:00:00Z</time>
			</trkpt>
			<trkpt lat="60.29882" lon="9.22746">
				<ele>675.801025390625</ele>
				<time>2000-01-01T00:00:00Z</time>
			</trkpt>
			<trkpt lat="60.299324709329376" lon="9.22638264366091">
				<ele>678.7000122070312</ele>
				<time>2000-01-01T00:00:00Z</time>
			</trkpt>
			<trkpt lat="60.30001" lon="9.22492">
				<ele>681.609130859375</ele>
				<time>2000-01-01T00:00:00Z</time>
			</trkpt>
			<trkpt lat="60.300135306661836" lon="9.224693253659373">
				<ele>682.0999755859375</ele>
				<time>2000-01-01T00:00:00Z</time>
			</trkpt>
			<trkpt lat="60.30022" lon="9.22454">
				<ele>682.802490234375</ele>
				<time>2000-01-01T00:00:00Z</time>
			</trkpt>
			<trkpt lat="60.30056" lon="9.22407">
				<ele>685.3478393554688</ele>
				<time>2000-01-01T00:00:00Z</time>
			</trkpt>
			<trkpt lat="60.30059" lon="9.22402">
				<ele>685.5881958007812</ele>
				<time>2000-01-01T00:00:00Z</time>
			</trkpt>
			<trkpt lat="60.30110559642617" lon="9.223396961787335">
				<ele>689.2999877929688</ele>
				<time>2000-01-01T00:00:00Z</time>
			</trkpt>
			<trkpt lat="60.30179" lon="9.22257">
				<ele>692.8579711914062</ele>
				<time>2000-01-01T00:00:00Z</time>
			</trkpt>
			<trkpt lat="60.30212589015723" lon="9.222266090460927">
				<ele>694.5</ele>
				<time>2000-01-01T00:00:00Z</time>
			</trkpt>
			<trkpt lat="60.30263" lon="9.22181">
				<ele>697.6278686523438</ele>
				<time>2000-01-01T00:00:00Z</time>
			</trkpt>
			<trkpt lat="60.30307" lon="9.22138">
				<ele>700.3958129882812</ele>
				<time>2000-01-01T00:00:00Z</time>
			</trkpt>
			<trkpt lat="60.303179827718544" lon="9.221262088325341">
				<ele>701.0999755859375</ele>
				<time>2000-01-01T00:00:00Z</time>
			</trkpt>
			<trkpt lat="60.30420917705837" lon="9.220157828784322">
				<ele>704.7999877929688</ele>
				<time>2000-01-01T00:00:00Z</time>
			</trkpt>
			<trkpt lat="60.30458" lon="9.21976">
				<ele>706.0248413085938</ele>
				<time>2000-01-01T00:00:00Z</time>
			</trkpt>
			<trkpt lat="60.3051" lon="9.21924">
				<ele>707.7174682617188</ele>
				<time>2000-01-01T00:00:00Z</time>
			</trkpt>
			<trkpt lat="60.30525140863381" lon="9.219105414043591">
				<ele>708.2000122070312</ele>
				<time>2000-01-01T00:00:00Z</time>
			</trkpt>
			<trkpt lat="60.30537" lon="9.219">
				<ele>708.2333374023438</ele>
				<time>2000-01-01T00:00:00Z</time>
			</trkpt>
			<trkpt lat="60.30601" lon="9.2185">
				<ele>708.4099731445312</ele>
				<time>2000-01-01T00:00:00Z</time>
			</trkpt>
			<trkpt lat="60.30632892679997" lon="9.218209687292605">
				<ele>708.5</ele>
				<time>2000-01-01T00:00:00Z</time>
			</trkpt>
			<trkpt lat="60.30679" lon="9.21779">
				<ele>707.63232421875</ele>
				<time>2000-01-01T00:00:00Z</time>
			</trkpt>
			<trkpt lat="60.30708" lon="9.21756">
				<ele>707.0977172851562</ele>
				<time>2000-01-01T00:00:00Z</time>
			</trkpt>
			<trkpt lat="60.30741413901851" lon="9.217360801004247">
				<ele>706.5</ele>
				<time>2000-01-01T00:00:00Z</time>
			</trkpt>
			<trkpt lat="60.3076" lon="9.21725">
				<ele>706.4501342773438</ele>
				<time>2000-01-01T00:00:00Z</time>
			</trkpt>
			<trkpt lat="60.30849" lon="9.21669">
				<ele>706.210205078125</ele>
				<time>2000-01-01T00:00:00Z</time>
			</trkpt>
			<trkpt lat="60.30852841950662" lon="9.216670077862355">
				<ele>706.2000122070312</ele>
				<time>2000-01-01T00:00:00Z</time>
			</trkpt>
			<trkpt lat="60.30876" lon="9.21655">
				<ele>707.0614624023438</ele>
				<time>2000-01-01T00:00:00Z</time>
			</trkpt>
			<trkpt lat="60.30914" lon="9.2164">
				<ele>708.4566040039062</ele>
				<time>2000-01-01T00:00:00Z</time>
			</trkpt>
			<trkpt lat="60.30929" lon="9.21632">
				<ele>709.015625</ele>
				<time>2000-01-01T00:00:00Z</time>
			</trkpt>
			<trkpt lat="60.30957" lon="9.21612">
				<ele>710.0855712890625</ele>
				<time>2000-01-01T00:00:00Z</time>
			</trkpt>
			<trkpt lat="60.30965036430678" lon="9.21605145185084">
				<ele>710.4000244140625</ele>
				<time>2000-01-01T00:00:00Z</time>
			</trkpt>
			<trkpt lat="60.30991" lon="9.21583">
				<ele>712.0927734375</ele>
				<time>2000-01-01T00:00:00Z</time>
			</trkpt>
			<trkpt lat="60.3101" lon="9.21561">
				<ele>713.4078979492188</ele>
				<time>2000-01-01T00:00:00Z</time>
			</trkpt>
			<trkpt lat="60.3104" lon="9.21522">
				<ele>715.5504150390625</ele>
				<time>2000-01-01T00:00:00Z</time>
			</trkpt>
			<trkpt lat="60.31052" lon="9.21504">
				<ele>716.4483032226562</ele>
				<time>2000-01-01T00:00:00Z</time>
			</trkpt>
			<trkpt lat="60.31063696938197" lon="9.214824054007492">
				<ele>717.4000244140625</ele>
				<time>2000-01-01T00:00:00Z</time>
			</trkpt>
			<trkpt lat="60.31078" lon="9.21456">
				<ele>718.0150756835938</ele>
				<time>2000-01-01T00:00:00Z</time>
			</trkpt>
			<trkpt lat="60.31093" lon="9.21435">
				<ele>718.5943603515625</ele>
				<time>2000-01-01T00:00:00Z</time>
			</trkpt>
			<trkpt lat="60.31107" lon="9.2142">
				<ele>719.0975952148438</ele>
				<time>2000-01-01T00:00:00Z</time>
			</trkpt>
			<trkpt lat="60.31138" lon="9.21393">
				<ele>720.1691284179688</ele>
				<time>2000-01-01T00:00:00Z</time>
			</trkpt>
			<trkpt lat="60.31153" lon="9.21377">
				<ele>720.7074584960938</ele>
				<time>2000-01-01T00:00:00Z</time>
			</trkpt>
			<trkpt lat="60.311631824583074" lon="9.213628322587335">
				<ele>721.0999755859375</ele>
				<time>2000-01-01T00:00:00Z</time>
			</trkpt>
			<trkpt lat="60.31199" lon="9.21313">
				<ele>721.7716064453125</ele>
				<time>2000-01-01T00:00:00Z</time>
			</trkpt>
			<trkpt lat="60.3126" lon="9.21257">
				<ele>722.8064575195312</ele>
				<time>2000-01-01T00:00:00Z</time>
			</trkpt>
			<trkpt lat="60.31265260991879" lon="9.212509198778477">
				<ele>722.9000244140625</ele>
				<time>2000-01-01T00:00:00Z</time>
			</trkpt>
			<trkpt lat="60.31305" lon="9.21205">
				<ele>722.35009765625</ele>
				<time>2000-01-01T00:00:00Z</time>
			</trkpt>
			<trkpt lat="60.3133" lon="9.21178">
				<ele>722.0096435546875</ele>
				<time>2000-01-01T00:00:00Z</time>
			</trkpt>
			<trkpt lat="60.31351" lon="9.21161">
				<ele>721.7379150390625</ele>
				<time>2000-01-01T00:00:00Z</time>
			</trkpt>
			<trkpt lat="60.31367" lon="9.21151">
				<ele>721.5367431640625</ele>
				<time>2000-01-01T00:00:00Z</time>
			</trkpt>
			<trkpt lat="60.313699559382584" lon="9.211494274807624">
				<ele>721.5</ele>
				<time>2000-01-01T00:00:00Z</time>
			</trkpt>
			<trkpt lat="60.31446" lon="9.21109">
				<ele>719.611083984375</ele>
				<time>2000-01-01T00:00:00Z</time>
			</trkpt>
			<trkpt lat="60.31459" lon="9.21099">
				<ele>719.2769775390625</ele>
				<time>2000-01-01T00:00:00Z</time>
			</trkpt>
			<trkpt lat="60.31467" lon="9.21091">
				<ele>719.0625</ele>
				<time>2000-01-01T00:00:00Z</time>
			</trkpt>
			<trkpt lat="60.31478" lon="9.21074">
				<ele>718.7298583984375</ele>
				<time>2000-01-01T00:00:00Z</time>
			</trkpt>
			<trkpt lat="60.31478780624923" lon="9.21072048333342">
				<ele>718.7000122070312</ele>
				<time>2000-01-01T00:00:00Z</time>
			</trkpt>
			<trkpt lat="60.31486" lon="9.21054">
				<ele>718.5521240234375</ele>
				<time>2000-01-01T00:00:00Z</time>
			</trkpt>
			<trkpt lat="60.31498" lon="9.2101">
				<ele>718.2320556640625</ele>
				<time>2000-01-01T00:00:00Z</time>
			</trkpt>
			<trkpt lat="60.31505" lon="9.20967">
				<ele>717.943603515625</ele>
				<time>2000-01-01T00:00:00Z</time>
			</trkpt>
			<trkpt lat="60.31511" lon="9.20896">
				<ele>717.484619140625</ele>
				<time>2000-01-01T00:00:00Z</time>
			</trkpt>
			<trkpt lat="60.3151" lon="9.20853">
				<ele>717.2102661132812</ele>
				<time>2000-01-01T00:00:00Z</time>
			</trkpt>
			<trkpt lat="60.31506" lon="9.20818">
				<ele>717.6954956054688</ele>
				<time>2000-01-01T00:00:00Z</time>
			</trkpt>
			<trkpt lat="60.31478" lon="9.20688">
				<ele>719.7429809570312</ele>
				<time>2000-01-01T00:00:00Z</time>
			</trkpt>
			<trkpt lat="60.31476" lon="9.20655">
				<ele>720.2232666015625</ele>
				<time>2000-01-01T00:00:00Z</time>
			</trkpt>
			<trkpt lat="60.31477" lon="9.2063">
				<ele>720.5855712890625</ele>
				<time>2000-01-01T00:00:00Z</time>
			</trkpt>
			<trkpt lat="60.31482" lon="9.20602">
				<ele>720.7710571289062</ele>
				<time>2000-01-01T00:00:00Z</time>
			</trkpt>
			<trkpt lat="60.31489" lon="9.20574">
				<ele>720.9576416015625</ele>
				<time>2000-01-01T00:00:00Z</time>
			</trkpt>
			<trkpt lat="60.3151" lon="9.20522">
				<ele>721.356689453125</ele>
				<time>2000-01-01T00:00:00Z</time>
			</trkpt>
			<trkpt lat="60.31547566688809" lon="9.204449086625369">
				<ele>722.0</ele>
				<time>2000-01-01T00:00:00Z</time>
			</trkpt>
			<trkpt lat="60.316293406440195" lon="9.202771561919263">
				<ele>722.2999877929688</ele>
				<time>2000-01-01T00:00:00Z</time>
			</trkpt>
			<trkpt lat="60.31665" lon="9.20204">
				<ele>722.8668823242188</ele>
				<time>2000-01-01T00:00:00Z</time>
			</trkpt>
			<trkpt lat="60.31701" lon="9.20123">
				<ele>723.4679565429688</ele>
				<time>2000-01-01T00:00:00Z</time>
			</trkpt>
			<trkpt lat="60.31708146451174" lon="9.201039420747586">
				<ele>723.5999755859375</ele>
				<time>2000-01-01T00:00:00Z</time>
			</trkpt>
			<trkpt lat="60.31725" lon="9.20059">
				<ele>724.5579223632812</ele>
				<time>2000-01-01T00:00:00Z</time>
			</trkpt>
			<trkpt lat="60.31743" lon="9.19995">
				<ele>725.80859375</ele>
				<time>2000-01-01T00:00:00Z</time>
			</trkpt>
			<trkpt lat="60.31755" lon="9.1994">
				<ele>726.8296508789062</ele>
				<time>2000-01-01T00:00:00Z</time>
			</trkpt>
			<trkpt lat="60.31760808710047" lon="9.198962088081434">
				<ele>727.5999755859375</ele>
				<time>2000-01-01T00:00:00Z</time>
			</trkpt>
			<trkpt lat="60.31768" lon="9.19842">
				<ele>728.9351196289062</ele>
				<time>2000-01-01T00:00:00Z</time>
			</trkpt>
			<trkpt lat="60.31776" lon="9.19745">
				<ele>731.2743530273438</ele>
				<time>2000-01-01T00:00:00Z</time>
			</trkpt>
			<trkpt lat="60.31779" lon="9.1973">
				<ele>731.6592407226562</ele>
				<time>2000-01-01T00:00:00Z</time>
			</trkpt>
			<trkpt lat="60.31785" lon="9.19712">
				<ele>732.17529296875</ele>
				<time>2000-01-01T00:00:00Z</time>
			</trkpt>
			<trkpt lat="60.31791" lon="9.19699">
				<ele>732.5982055664062</ele>
				<time>2000-01-01T00:00:00Z</time>
			</trkpt>
			<trkpt lat="60.31803" lon="9.19687">
				<ele>733.2295532226562</ele>
				<time>2000-01-01T00:00:00Z</time>
			</trkpt>
			<trkpt lat="60.3181" lon="9.19683">
				<ele>733.4791870117188</ele>
				<time>2000-01-01T00:00:00Z</time>
			</trkpt>
			<trkpt lat="60.31857" lon="9.19664">
				<ele>735.1240844726562</ele>
				<time>2000-01-01T00:00:00Z</time>
			</trkpt>
			<trkpt lat="60.31868" lon="9.19657">
				<ele>735.5198364257812</ele>
				<time>2000-01-01T00:00:00Z</time>
			</trkpt>
			<trkpt lat="60.31878" lon="9.19648">
				<ele>735.8953857421875</ele>
				<time>2000-01-01T00:00:00Z</time>
			</trkpt>
			<trkpt lat="60.31887" lon="9.19635">
				<ele>736.275146484375</ele>
				<time>2000-01-01T00:00:00Z</time>
			</trkpt>
			<trkpt lat="60.31899" lon="9.19613">
				<ele>736.8314208984375</ele>
				<time>2000-01-01T00:00:00Z</time>
			</trkpt>
			<trkpt lat="60.31905454831167" lon="9.19595652388569">
				<ele>737.2000122070312</ele>
				<time>2000-01-01T00:00:00Z</time>
			</trkpt>
			<trkpt lat="60.31915" lon="9.1957">
				<ele>737.881591796875</ele>
				<time>2000-01-01T00:00:00Z</time>
			</trkpt>
			<trkpt lat="60.31925" lon="9.19524">
				<ele>738.9485473632812</ele>
				<time>2000-01-01T00:00:00Z</time>
			</trkpt>
			<trkpt lat="60.31937" lon="9.19401">
				<ele>741.611083984375</ele>
				<time>2000-01-01T00:00:00Z</time>
			</trkpt>
			<trkpt lat="60.319410829395785" lon="9.193745318734484">
				<ele>742.2000122070312</ele>
				<time>2000-01-01T00:00:00Z</time>
			</trkpt>
			<trkpt lat="60.31962" lon="9.19239">
				<ele>744.6121215820312</ele>
				<time>2000-01-01T00:00:00Z</time>
			</trkpt>
			<trkpt lat="60.31969348594462" lon="9.191467329965803">
				<ele>746.2000122070312</ele>
				<time>2000-01-01T00:00:00Z</time>
			</trkpt>
			<trkpt lat="60.31971" lon="9.19126">
				<ele>746.8424072265625</ele>
				<time>2000-01-01T00:00:00Z</time>
			</trkpt>
			<trkpt lat="60.31975" lon="9.19093">
				<ele>747.88134765625</ele>
				<time>2000-01-01T00:00:00Z</time>
			</trkpt>
			<trkpt lat="60.3198" lon="9.19068">
				<ele>748.7057495117188</ele>
				<time>2000-01-01T00:00:00Z</time>
			</trkpt>
			<trkpt lat="60.31984" lon="9.19052">
				<ele>749.254150390625</ele>
				<time>2000-01-01T00:00:00Z</time>
			</trkpt>
			<trkpt lat="60.31989" lon="9.19038">
				<ele>749.781982421875</ele>
				<time>2000-01-01T00:00:00Z</time>
			</trkpt>
			<trkpt lat="60.31979" lon="9.19005">
				<ele>750.965087890625</ele>
				<time>2000-01-01T00:00:00Z</time>
			</trkpt>
			<trkpt lat="60.31975" lon="9.18995">
				<ele>751.3582153320312</ele>
				<time>2000-01-01T00:00:00Z</time>
			</trkpt>
			<trkpt lat="60.31969" lon="9.18976">
				<ele>752.04736328125</ele>
				<time>2000-01-01T00:00:00Z</time>
			</trkpt>
			<trkpt lat="60.3196" lon="9.18954">
				<ele>752.9202270507812</ele>
				<time>2000-01-01T00:00:00Z</time>
			</trkpt>
			<trkpt lat="60.319528880726" lon="9.189476782882682">
				<ele>753.4000244140625</ele>
				<time>2000-01-01T00:00:00Z</time>
			</trkpt>
			<trkpt lat="60.31951" lon="9.18946">
				<ele>753.446044921875</ele>
				<time>2000-01-01T00:00:00Z</time>
			</trkpt>
			<trkpt lat="60.31946" lon="9.18943">
				<ele>753.5624389648438</ele>
				<time>2000-01-01T00:00:00Z</time>
			</trkpt>
			<trkpt lat="60.31921" lon="9.18938">
				<ele>754.1226806640625</ele>
				<time>2000-01-01T00:00:00Z</time>
			</trkpt>
			<trkpt lat="60.3191" lon="9.18927">
				<ele>754.396484375</ele>
				<time>2000-01-01T00:00:00Z</time>
			</trkpt>
			<trkpt lat="60.31903" lon="9.18908">
				<ele>754.6580810546875</ele>
				<time>2000-01-01T00:00:00Z</time>
			</trkpt>
			<trkpt lat="60.31899" lon="9.18885">
				<ele>754.9273071289062</ele>
				<time>2000-01-01T00:00:00Z</time>
			</trkpt>
			<trkpt lat="60.319" lon="9.18863">
				<ele>755.1712036132812</ele>
				<time>2000-01-01T00:00:00Z</time>
			</trkpt>
			<trkpt lat="60.31916400981829" lon="9.187956694992476">
				<ele>756.0</ele>
				<time>2000-01-01T00:00:00Z</time>
			</trkpt>
			<trkpt lat="60.31919" lon="9.18785">
				<ele>756.6361083984375</ele>
				<time>2000-01-01T00:00:00Z</time>
			</trkpt>
			<trkpt lat="60.31923" lon="9.18727">
				<ele>759.7709350585938</ele>
				<time>2000-01-01T00:00:00Z</time>
			</trkpt>
			<trkpt lat="60.31924" lon="9.18581">
				<ele>767.5860595703125</ele>
				<time>2000-01-01T00:00:00Z</time>
			</trkpt>
			<trkpt lat="60.31926123299293" lon="9.185625431212916">
				<ele>768.5999755859375</ele>
				<time>2000-01-01T00:00:00Z</time>
			</trkpt>
			<trkpt lat="60.3194" lon="9.18442">
				<ele>773.8046264648438</ele>
				<time>2000-01-01T00:00:00Z</time>
			</trkpt>
			<trkpt lat="60.31945" lon="9.18418">
				<ele>774.8992309570312</ele>
				<time>2000-01-01T00:00:00Z</time>
			</trkpt>
			<trkpt lat="60.31953" lon="9.18396">
				<ele>776.0475463867188</ele>
				<time>2000-01-01T00:00:00Z</time>
			</trkpt>
			<trkpt lat="60.31964" lon="9.18371">
				<ele>777.4537353515625</ele>
				<time>2000-01-01T00:00:00Z</time>
			</trkpt>
			<trkpt lat="60.31973196628254" lon="9.183544459319485">
				<ele>778.5</ele>
				<time>2000-01-01T00:00:00Z</time>
			</trkpt>
			<trkpt lat="60.31984" lon="9.18335">
				<ele>779.3318481445312</ele>
				<time>2000-01-01T00:00:00Z</time>
			</trkpt>
			<trkpt lat="60.32006" lon="9.18279">
				<ele>781.3662109375</ele>
				<time>2000-01-01T00:00:00Z</time>
			</trkpt>
			<trkpt lat="60.32031" lon="9.18184">
				<ele>784.4280395507812</ele>
				<time>2000-01-01T00:00:00Z</time>
			</trkpt>
			<trkpt lat="60.320381972943345" lon="9.181610986457361">
				<ele>785.2000122070312</ele>
				<time>2000-01-01T00:00:00Z</time>
			</trkpt>
			<trkpt lat="60.32053" lon="9.18114">
				<ele>787.379638671875</ele>
				<time>2000-01-01T00:00:00Z</time>
			</trkpt>
			<trkpt lat="60.32068" lon="9.18056">
				<ele>789.9370727539062</ele>
				<time>2000-01-01T00:00:00Z</time>
			</trkpt>
			<trkpt lat="60.32075" lon="9.18009">
				<ele>791.8546142578125</ele>
				<time>2000-01-01T00:00:00Z</time>
			</trkpt>
			<trkpt lat="60.32076" lon="9.17978">
				<ele>793.0686645507812</ele>
				<time>2000-01-01T00:00:00Z</time>
			</trkpt>
			<trkpt lat="60.32074" lon="9.17963">
				<ele>793.6756591796875</ele>
				<time>2000-01-01T00:00:00Z</time>
			</trkpt>
			<trkpt lat="60.32068411983089" lon="9.179482951347211">
				<ele>794.4000244140625</ele>
				<time>2000-01-01T00:00:00Z</time>
			</trkpt>
			<trkpt lat="60.32055" lon="9.17913">
				<ele>795.4395751953125</ele>
				<time>2000-01-01T00:00:00Z</time>
			</trkpt>
			<trkpt lat="60.3202" lon="9.17806">
				<ele>798.435302734375</ele>
				<time>2000-01-01T00:00:00Z</time>
			</trkpt>
			<trkpt lat="60.32009" lon="9.17764">
				<ele>799.5452880859375</ele>
				<time>2000-01-01T00:00:00Z</time>
			</trkpt>
			<trkpt lat="60.320047424579144" lon="9.17751493904161">
				<ele>799.9000244140625</ele>
				<time>2000-01-01T00:00:00Z</time>
			</trkpt>
			<trkpt lat="60.31993" lon="9.17717">
				<ele>802.1403198242188</ele>
				<time>2000-01-01T00:00:00Z</time>
			</trkpt>
			<trkpt lat="60.31981" lon="9.17668">
				<ele>805.0663452148438</ele>
				<time>2000-01-01T00:00:00Z</time>
			</trkpt>
			<trkpt lat="60.31971" lon="9.17649">
				<ele>806.5503540039062</ele>
				<time>2000-01-01T00:00:00Z</time>
			</trkpt>
			<trkpt lat="60.31961" lon="9.17642">
				<ele>807.6941528320312</ele>
				<time>2000-01-01T00:00:00Z</time>
			</trkpt>
			<trkpt lat="60.31945" lon="9.17626">
				<ele>809.6243286132812</ele>
				<time>2000-01-01T00:00:00Z</time>
			</trkpt>
			<trkpt lat="60.3192521039025" lon="9.175900856072905">
				<ele>812.5</ele>
				<time>2000-01-01T00:00:00Z</time>
			</trkpt>
			<trkpt lat="60.31918" lon="9.17577">
				<ele>813.6724243164062</ele>
				<time>2000-01-01T00:00:00Z</time>
			</trkpt>
			<trkpt lat="60.31909" lon="9.17554">
				<ele>815.4281005859375</ele>
				<time>2000-01-01T00:00:00Z</time>
			</trkpt>
			<trkpt lat="60.31894" lon="9.17486">
				<ele>819.887451171875</ele>
				<time>2000-01-01T00:00:00Z</time>
			</trkpt>
			<trkpt lat="60.31882" lon="9.17445">
				<ele>822.7398681640625</ele>
				<time>2000-01-01T00:00:00Z</time>
			</trkpt>
			<trkpt lat="60.31868" lon="9.17425">
				<ele>824.8140258789062</ele>
				<time>2000-01-01T00:00:00Z</time>
			</trkpt>
			<trkpt lat="60.31863" lon="9.17419">
				<ele>825.5175170898438</ele>
				<time>2000-01-01T00:00:00Z</time>
			</trkpt>
			<trkpt lat="60.31854" lon="9.17414">
				<ele>826.6265258789062</ele>
				<time>2000-01-01T00:00:00Z</time>
			</trkpt>
			<trkpt lat="60.31823" lon="9.17404">
				<ele>828.8082275390625</ele>
				<time>2000-01-01T00:00:00Z</time>
			</trkpt>
			<trkpt lat="60.31813" lon="9.17399">
				<ele>829.523681640625</ele>
				<time>2000-01-01T00:00:00Z</time>
			</trkpt>
			<trkpt lat="60.31785" lon="9.17377">
				<ele>831.6112060546875</ele>
				<time>2000-01-01T00:00:00Z</time>
			</trkpt>
			<trkpt lat="60.31776" lon="9.17368">
				<ele>832.309326171875</ele>
				<time>2000-01-01T00:00:00Z</time>
			</trkpt>
			<trkpt lat="60.31761" lon="9.17346">
				<ele>833.5973510742188</ele>
				<time>2000-01-01T00:00:00Z</time>
			</trkpt>
			<trkpt lat="60.317521383942655" lon="9.173194153489453">
				<ele>834.7000122070312</ele>
				<time>2000-01-01T00:00:00Z</time>
			</trkpt>
			<trkpt lat="60.31746" lon="9.17301">
				<ele>835.6806640625</ele>
				<time>2000-01-01T00:00:00Z</time>
			</trkpt>
			<trkpt lat="60.31741" lon="9.17266">
				<ele>837.2899169921875</ele>
				<time>2000-01-01T00:00:00Z</time>
			</trkpt>
			<trkpt lat="60.31739" lon="9.17225">
				<ele>839.1105346679688</ele>
				<time>2000-01-01T00:00:00Z</time>
			</trkpt>
			<trkpt lat="60.31739" lon="9.17103">
				<ele>844.4999389648438</ele>
				<time>2000-01-01T00:00:00Z</time>
			</trkpt>
			<trkpt lat="60.317393983201775" lon="9.170894485767462">
				<ele>845.0999755859375</ele>
				<time>2000-01-01T00:00:00Z</time>
			</trkpt>
			<trkpt lat="60.31741" lon="9.17035">
				<ele>847.254638671875</ele>
				<time>2000-01-01T00:00:00Z</time>
			</trkpt>
			<trkpt lat="60.3174" lon="9.16993">
				<ele>848.916015625</ele>
				<time>2000-01-01T00:00:00Z</time>
			</trkpt>
			<trkpt lat="60.31732" lon="9.16928">
				<ele>851.5623779296875</ele>
				<time>2000-01-01T00:00:00Z</time>
			</trkpt>
			<trkpt lat="60.31728511338494" lon="9.168565174916061">
				<ele>854.4000244140625</ele>
				<time>2000-01-01T00:00:00Z</time>
			</trkpt>
			<trkpt lat="60.31722" lon="9.16723">
				<ele>862.436279296875</ele>
				<time>2000-01-01T00:00:00Z</time>
			</trkpt>
			<trkpt lat="60.31710492383685" lon="9.166244682581144">
				<ele>868.5</ele>
				<time>2000-01-01T00:00:00Z</time>
			</trkpt>
			<trkpt lat="60.31706" lon="9.16586">
				<ele>870.1790771484375</ele>
				<time>2000-01-01T00:00:00Z</time>
			</trkpt>
			<trkpt lat="60.31689" lon="9.16508">
				<ele>873.7994995117188</ele>
				<time>2000-01-01T00:00:00Z</time>
			</trkpt>
			<trkpt lat="60.3167" lon="9.16466">
				<ele>876.2159423828125</ele>
				<time>2000-01-01T00:00:00Z</time>
			</trkpt>
			<trkpt lat="60.31663" lon="9.16455">
				<ele>876.97705078125</ele>
				<time>2000-01-01T00:00:00Z</time>
			</trkpt>
			<trkpt lat="60.31646493010439" lon="9.16441794431488">
				<ele>878.5</ele>
				<time>2000-01-01T00:00:00Z</time>
			</trkpt>
			<trkpt lat="60.31638" lon="9.16435">
				<ele>879.8167114257812</ele>
				<time>2000-01-01T00:00:00Z</time>
			</trkpt>
			<trkpt lat="60.31628" lon="9.16431">
				<ele>881.28564453125</ele>
				<time>2000-01-01T00:00:00Z</time>
			</trkpt>
			<trkpt lat="60.31618" lon="9.16424">
				<ele>882.8106689453125</ele>
				<time>2000-01-01T00:00:00Z</time>
			</trkpt>
			<trkpt lat="60.3161" lon="9.16415">
				<ele>884.13037109375</ele>
				<time>2000-01-01T00:00:00Z</time>
			</trkpt>
			<trkpt lat="60.31591" lon="9.16372">
				<ele>888.2437744140625</ele>
				<time>2000-01-01T00:00:00Z</time>
			</trkpt>
			<trkpt lat="60.315607574287824" lon="9.162942352550267">
				<ele>895.2999877929688</ele>
				<time>2000-01-01T00:00:00Z</time>
			</trkpt>
			<trkpt lat="60.31535" lon="9.16228">
				<ele>897.0887451171875</ele>
				<time>2000-01-01T00:00:00Z</time>
			</trkpt>
			<trkpt lat="60.31529" lon="9.16205">
				<ele>897.6409912109375</ele>
				<time>2000-01-01T00:00:00Z</time>
			</trkpt>
			<trkpt lat="60.31516" lon="9.16165">
				<ele>898.6572875976562</ele>
				<time>2000-01-01T00:00:00Z</time>
			</trkpt>
			<trkpt lat="60.3151" lon="9.16153">
				<ele>899.0196533203125</ele>
				<time>2000-01-01T00:00:00Z</time>
			</trkpt>
			<trkpt lat="60.31497" lon="9.16136">
				<ele>899.6839599609375</ele>
				<time>2000-01-01T00:00:00Z</time>
			</trkpt>
			<trkpt lat="60.31484590322295" lon="9.161214003928201">
				<ele>900.2999877929688</ele>
				<time>2000-01-01T00:00:00Z</time>
			</trkpt>
			<trkpt lat="60.3148" lon="9.16116">
				<ele>900.3592529296875</ele>
				<time>2000-01-01T00:00:00Z</time>
			</trkpt>
			<trkpt lat="60.31471" lon="9.1611">
				<ele>900.4649658203125</ele>
				<time>2000-01-01T00:00:00Z</time>
			</trkpt>
			<trkpt lat="60.31454" lon="9.16088">
				<ele>900.6901245117188</ele>
				<time>2000-01-01T00:00:00Z</time>
			</trkpt>
			<trkpt lat="60.31441" lon="9.16063">
				<ele>900.890380859375</ele>
				<time>2000-01-01T00:00:00Z</time>
			</trkpt>
			<trkpt lat="60.31405" lon="9.15969">
				<ele>901.5465698242188</ele>
				<time>2000-01-01T00:00:00Z</time>
			</trkpt>
			<trkpt lat="60.31402895975347" lon="9.159603211581246">
				<ele>901.5999755859375</ele>
				<time>2000-01-01T00:00:00Z</time>
			</trkpt>
			<trkpt lat="60.31397" lon="9.15936">
				<ele>901.162841796875</ele>
				<time>2000-01-01T00:00:00Z</time>
			</trkpt>
			<trkpt lat="60.3139" lon="9.15871">
				<ele>900.0889892578125</ele>
				<time>2000-01-01T00:00:00Z</time>
			</trkpt>
			<trkpt lat="60.31388" lon="9.15791">
				<ele>898.795654296875</ele>
				<time>2000-01-01T00:00:00Z</time>
			</trkpt>
			<trkpt lat="60.31382931489366" lon="9.157301799832464">
				<ele>897.7999877929688</ele>
				<time>2000-01-01T00:00:00Z</time>
			</trkpt>
			<trkpt lat="60.3138" lon="9.15695">
				<ele>897.6181030273438</ele>
				<time>2000-01-01T00:00:00Z</time>
			</trkpt>
			<trkpt lat="60.31375" lon="9.15657">
				<ele>897.4176635742188</ele>
				<time>2000-01-01T00:00:00Z</time>
			</trkpt>
			<trkpt lat="60.31363" lon="9.15608">
				<ele>897.138916015625</ele>
				<time>2000-01-01T00:00:00Z</time>
			</trkpt>
			<trkpt lat="60.31347" lon="9.15561">
				<ele>896.84814453125</ele>
				<time>2000-01-01T00:00:00Z</time>
			</trkpt>
			<trkpt lat="60.31341" lon="9.15552">
				<ele>896.771240234375</ele>
				<time>2000-01-01T00:00:00Z</time>
			</trkpt>
			<trkpt lat="60.313266985948154" lon="9.155348384508665">
				<ele>896.5999755859375</ele>
				<time>2000-01-01T00:00:00Z</time>
			</trkpt>
			<trkpt lat="60.31311" lon="9.15516">
				<ele>897.8060302734375</ele>
				<time>2000-01-01T00:00:00Z</time>
			</trkpt>
			<trkpt lat="60.31305" lon="9.15503">
				<ele>898.3875122070312</ele>
				<time>2000-01-01T00:00:00Z</time>
			</trkpt>
			<trkpt lat="60.31297" lon="9.15494">
				<ele>898.992431640625</ele>
				<time>2000-01-01T00:00:00Z</time>
			</trkpt>
			<trkpt lat="60.31291" lon="9.15483">
				<ele>899.5275268554688</ele>
				<time>2000-01-01T00:00:00Z</time>
			</trkpt>
			<trkpt lat="60.31254" lon="9.15445">
				<ele>902.2696533203125</ele>
				<time>2000-01-01T00:00:00Z</time>
			</trkpt>
			<trkpt lat="60.31236" lon="9.15418">
				<ele>903.7506713867188</ele>
				<time>2000-01-01T00:00:00Z</time>
			</trkpt>
			<trkpt lat="60.31230912911374" lon="9.15404717446484">
				<ele>904.2999877929688</ele>
				<time>2000-01-01T00:00:00Z</time>
			</trkpt>
			<trkpt lat="60.31218" lon="9.15371">
				<ele>906.3643188476562</ele>
				<time>2000-01-01T00:00:00Z</time>
			</trkpt>
			<trkpt lat="60.31207" lon="9.15331">
				<ele>908.5802001953125</ele>
				<time>2000-01-01T00:00:00Z</time>
			</trkpt>
			<trkpt lat="60.31199" lon="9.15273">
				<ele>911.49658203125</ele>
				<time>2000-01-01T00:00:00Z</time>
			</trkpt>
			<trkpt lat="60.31197" lon="9.15206">
				<ele>914.748046875</ele>
				<time>2000-01-01T00:00:00Z</time>
			</trkpt>
			<trkpt lat="60.311953162711845" lon="9.15186637973008">
				<ele>915.7000122070312</ele>
				<time>2000-01-01T00:00:00Z</time>
			</trkpt>
			<trkpt lat="60.31193" lon="9.1516">
				<ele>916.2631225585938</ele>
				<time>2000-01-01T00:00:00Z</time>
			</trkpt>
			<trkpt lat="60.31189" lon="9.1513">
				<ele>916.9097290039062</ele>
				<time>2000-01-01T00:00:00Z</time>
			</trkpt>
			<trkpt lat="60.31176" lon="9.15075">
				<ele>918.1787719726562</ele>
				<time>2000-01-01T00:00:00Z</time>
			</trkpt>
			<trkpt lat="60.31167" lon="9.15025">
				<ele>919.2862548828125</ele>
				<time>2000-01-01T00:00:00Z</time>
			</trkpt>
			<trkpt lat="60.31159675048261" lon="9.149636536595292">
				<ele>920.5999755859375</ele>
				<time>2000-01-01T00:00:00Z</time>
			</trkpt>
			<trkpt lat="60.31159" lon="9.14958">
				<ele>920.7285766601562</ele>
				<time>2000-01-01T00:00:00Z</time>
			</trkpt>
			<trkpt lat="60.31155" lon="9.14898">
				<ele>922.0660400390625</ele>
				<time>2000-01-01T00:00:00Z</time>
			</trkpt>
			<trkpt lat="60.31143" lon="9.14847">
				<ele>923.3135986328125</ele>
				<time>2000-01-01T00:00:00Z</time>
			</trkpt>
			<trkpt lat="60.31122" lon="9.14789">
				<ele>924.9008178710938</ele>
				<time>2000-01-01T00:00:00Z</time>
			</trkpt>
			<trkpt lat="60.31107789266367" lon="9.147601447324572">
				<ele>925.7999877929688</ele>
				<time>2000-01-01T00:00:00Z</time>
			</trkpt>
			<trkpt lat="60.31057" lon="9.14657">
				<ele>931.4234008789062</ele>
				<time>2000-01-01T00:00:00Z</time>
			</trkpt>
			<trkpt lat="60.3105" lon="9.1465">
				<ele>932.0330200195312</ele>
				<time>2000-01-01T00:00:00Z</time>
			</trkpt>
			<trkpt lat="60.31021" lon="9.14631">
				<ele>934.4129638671875</ele>
				<time>2000-01-01T00:00:00Z</time>
			</trkpt>
			<trkpt lat="60.31015" lon="9.14625">
				<ele>934.9090576171875</ele>
				<time>2000-01-01T00:00:00Z</time>
			</trkpt>
			<trkpt lat="60.30986" lon="9.14576">
				<ele>935.6552734375</ele>
				<time>2000-01-01T00:00:00Z</time>
			</trkpt>
			<trkpt lat="60.30972" lon="9.14541">
				<ele>936.0949096679688</ele>
				<time>2000-01-01T00:00:00Z</time>
			</trkpt>
			<trkpt lat="60.30956" lon="9.1449">
				<ele>936.684814453125</ele>
				<time>2000-01-01T00:00:00Z</time>
			</trkpt>
			<trkpt lat="60.30952" lon="9.14455">
				<ele>937.035888671875</ele>
				<time>2000-01-01T00:00:00Z</time>
			</trkpt>
			<trkpt lat="60.30951794886334" lon="9.144382102530782">
				<ele>937.2000122070312</ele>
				<time>2000-01-01T00:00:00Z</time>
			</trkpt>
			<trkpt lat="60.30951" lon="9.14373">
				<ele>936.285400390625</ele>
				<time>2000-01-01T00:00:00Z</time>
			</trkpt>
			<trkpt lat="60.30948" lon="9.14345">
				<ele>935.8837280273438</ele>
				<time>2000-01-01T00:00:00Z</time>
			</trkpt>
			<trkpt lat="60.30941" lon="9.14293">
				<ele>935.1279907226562</ele>
				<time>2000-01-01T00:00:00Z</time>
			</trkpt>
			<trkpt lat="60.30923947093706" lon="9.142124724591918">
				<ele>933.9000244140625</ele>
				<time>2000-01-01T00:00:00Z</time>
			</trkpt>
			<trkpt lat="60.30923" lon="9.14208">
				<ele>933.8358764648438</ele>
				<time>2000-01-01T00:00:00Z</time>
			</trkpt>
			<trkpt lat="60.30916" lon="9.14153">
				<ele>933.087890625</ele>
				<time>2000-01-01T00:00:00Z</time>
			</trkpt>
			<trkpt lat="60.30914" lon="9.14097">
				<ele>932.3484497070312</ele>
				<time>2000-01-01T00:00:00Z</time>
			</trkpt>
			<trkpt lat="60.30919460994587" lon="9.13979973817251">
				<ele>930.7999877929688</ele>
				<time>2000-01-01T00:00:00Z</time>
			</trkpt>
			<trkpt lat="60.30921" lon="9.13947">
				<ele>931.109619140625</ele>
				<time>2000-01-01T00:00:00Z</time>
			</trkpt>
			<trkpt lat="60.30918" lon="9.13909">
				<ele>931.4692993164062</ele>
				<time>2000-01-01T00:00:00Z</time>
			</trkpt>
			<trkpt lat="60.30912" lon="9.13881">
				<ele>931.7545166015625</ele>
				<time>2000-01-01T00:00:00Z</time>
			</trkpt>
			<trkpt lat="60.30898" lon="9.13849">
				<ele>932.1536865234375</ele>
				<time>2000-01-01T00:00:00Z</time>
			</trkpt>
			<trkpt lat="60.308655621836714" lon="9.13786484251981">
				<ele>933.0</ele>
				<time>2000-01-01T00:00:00Z</time>
			</trkpt>
			<trkpt lat="60.30843" lon="9.13743">
				<ele>933.6153564453125</ele>
				<time>2000-01-01T00:00:00Z</time>
			</trkpt>
			<trkpt lat="60.30826" lon="9.13717">
				<ele>934.0361938476562</ele>
				<time>2000-01-01T00:00:00Z</time>
			</trkpt>
			<trkpt lat="60.30788" lon="9.13669">
				<ele>934.9205322265625</ele>
				<time>2000-01-01T00:00:00Z</time>
			</trkpt>
			<trkpt lat="60.30772360553126" lon="9.136464096957516">
				<ele>935.2999877929688</ele>
				<time>2000-01-01T00:00:00Z</time>
			</trkpt>
			<trkpt lat="60.3077" lon="9.13643">
				<ele>935.5042724609375</ele>
				<time>2000-01-01T00:00:00Z</time>
			</trkpt>
			<trkpt lat="60.30763" lon="9.13631">
				<ele>936.1499633789062</ele>
				<time>2000-01-01T00:00:00Z</time>
			</trkpt>
			<trkpt lat="60.30744" lon="9.13584">
				<ele>938.2638549804688</ele>
				<time>2000-01-01T00:00:00Z</time>
			</trkpt>
			<trkpt lat="60.30729" lon="9.13533">
				<ele>940.3308715820312</ele>
				<time>2000-01-01T00:00:00Z</time>
			</trkpt>
			<trkpt lat="60.30716" lon="9.13462">
				<ele>942.9682006835938</ele>
				<time>2000-01-01T00:00:00Z</time>
			</trkpt>
			<trkpt lat="60.30713044113702" lon="9.134479598418745">
				<ele>943.5</ele>
				<time>2000-01-01T00:00:00Z</time>
			</trkpt>
			<trkpt lat="60.30708" lon="9.13424">
				<ele>943.6327514648438</ele>
				<time>2000-01-01T00:00:00Z</time>
			</trkpt>
			<trkpt lat="60.3069" lon="9.13372">
				<ele>943.956298828125</ele>
				<time>2000-01-01T00:00:00Z</time>
			</trkpt>
			<trkpt lat="60.30652" lon="9.13283">
				<ele>944.5554809570312</ele>
				<time>2000-01-01T00:00:00Z</time>
			</trkpt>
			<trkpt lat="60.30644158940047" lon="9.132594769041633">
				<ele>944.7000122070312</ele>
				<time>2000-01-01T00:00:00Z</time>
			</trkpt>
			<trkpt lat="60.3064" lon="9.13247">
				<ele>944.5913696289062</ele>
				<time>2000-01-01T00:00:00Z</time>
			</trkpt>
			<trkpt lat="60.30631" lon="9.13212">
				<ele>944.3064575195312</ele>
				<time>2000-01-01T00:00:00Z</time>
			</trkpt>
			<trkpt lat="60.30597778801287" lon="9.130440489191187">
				<ele>943.0</ele>
				<time>2000-01-01T00:00:00Z</time>
			</trkpt>
			<trkpt lat="60.30595" lon="9.1303">
				<ele>942.6398315429688</ele>
				<time>2000-01-01T00:00:00Z</time>
			</trkpt>
			<trkpt lat="60.3059" lon="9.13012">
				<ele>942.1488647460938</ele>
				<time>2000-01-01T00:00:00Z</time>
			</trkpt>
			<trkpt lat="60.30581" lon="9.12984">
				<ele>941.3544311523438</ele>
				<time>2000-01-01T00:00:00Z</time>
			</trkpt>
			<trkpt lat="60.30537" lon="9.12904">
				<ele>938.5098876953125</ele>
				<time>2000-01-01T00:00:00Z</time>
			</trkpt>
			<trkpt lat="60.30521" lon="9.12883">
				<ele>937.5929565429688</ele>
				<time>2000-01-01T00:00:00Z</time>
			</trkpt>
			<trkpt lat="60.30517373952957" lon="9.128795091751643">
				<ele>937.4000244140625</ele>
				<time>2000-01-01T00:00:00Z</time>
			</trkpt>
			<trkpt lat="60.30467" lon="9.12831">
				<ele>937.4000244140625</ele>
				<time>2000-01-01T00:00:00Z</time>
			</trkpt>
			<trkpt lat="60.30413" lon="9.12792">
				<ele>937.4000244140625</ele>
				<time>2000-01-01T00:00:00Z</time>
			</trkpt>
			<trkpt lat="60.304098259134356" lon="9.127894773709015">
				<ele>937.4000244140625</ele>
				<time>2000-01-01T00:00:00Z</time>
			</trkpt>
			<trkpt lat="60.30374" lon="9.12761">
				<ele>938.4570922851562</ele>
				<time>2000-01-01T00:00:00Z</time>
			</trkpt>
			<trkpt lat="60.3036" lon="9.12743">
				<ele>938.9127197265625</ele>
				<time>2000-01-01T00:00:00Z</time>
			</trkpt>
			<trkpt lat="60.30347" lon="9.12723">
				<ele>939.361328125</ele>
				<time>2000-01-01T00:00:00Z</time>
			</trkpt>
			<trkpt lat="60.30341" lon="9.12708">
				<ele>939.6235961914062</ele>
				<time>2000-01-01T00:00:00Z</time>
			</trkpt>
			<trkpt lat="60.30319394829341" lon="9.126509624253835">
				<ele>940.5999755859375</ele>
				<time>2000-01-01T00:00:00Z</time>
			</trkpt>
			<trkpt lat="60.30316" lon="9.12642">
				<ele>940.6527099609375</ele>
				<time>2000-01-01T00:00:00Z</time>
			</trkpt>
			<trkpt lat="60.30307" lon="9.12625">
				<ele>940.7689819335938</ele>
				<time>2000-01-01T00:00:00Z</time>
			</trkpt>
			<trkpt lat="60.30298" lon="9.12613">
				<ele>940.870849609375</ele>
				<time>2000-01-01T00:00:00Z</time>
			</trkpt>
			<trkpt lat="60.30289" lon="9.12604">
				<ele>940.965576171875</ele>
				<time>2000-01-01T00:00:00Z</time>
			</trkpt>
			<trkpt lat="60.30265" lon="9.12586">
				<ele>941.2072143554688</ele>
				<time>2000-01-01T00:00:00Z</time>
			</trkpt>
			<trkpt lat="60.30216049571205" lon="9.125492874543019">
				<ele>941.7000122070312</ele>
				<time>2000-01-01T00:00:00Z</time>
			</trkpt>
			<trkpt lat="60.30185" lon="9.12526">
				<ele>942.0409545898438</ele>
				<time>2000-01-01T00:00:00Z</time>
			</trkpt>
			<trkpt lat="60.30143" lon="9.12484">
				<ele>942.5234985351562</ele>
				<time>2000-01-01T00:00:00Z</time>
			</trkpt>
			<trkpt lat="60.30122" lon="9.12462">
				<ele>942.7671508789062</ele>
				<time>2000-01-01T00:00:00Z</time>
			</trkpt>
			<trkpt lat="60.30110975113361" lon="9.124484310361737">
				<ele>942.9000244140625</ele>
				<time>2000-01-01T00:00:00Z</time>
			</trkpt>
			<trkpt lat="60.30096" lon="9.1243">
				<ele>942.8699340820312</ele>
				<time>2000-01-01T00:00:00Z</time>
			</trkpt>
			<trkpt lat="60.30077" lon="9.12401">
				<ele>942.8290405273438</ele>
				<time>2000-01-01T00:00:00Z</time>
			</trkpt>
			<trkpt lat="60.3002129182188" lon="9.122989995457091">
				<ele>942.7000122070312</ele>
				<time>2000-01-01T00:00:00Z</time>
			</trkpt>
			<trkpt lat="60.30006" lon="9.12271">
				<ele>942.4874267578125</ele>
				<time>2000-01-01T00:00:00Z</time>
			</trkpt>
			<trkpt lat="60.29991" lon="9.1224">
				<ele>942.2664794921875</ele>
				<time>2000-01-01T00:00:00Z</time>
			</trkpt>
			<trkpt lat="60.29966" lon="9.12172">
				<ele>941.8345336914062</ele>
				<time>2000-01-01T00:00:00Z</time>
			</trkpt>
			<trkpt lat="60.29948854366928" lon="9.121162767847233">
				<ele>941.5</ele>
				<time>2000-01-01T00:00:00Z</time>
			</trkpt>
			<trkpt lat="60.29946" lon="9.12107">
				<ele>941.3374633789062</ele>
				<time>2000-01-01T00:00:00Z</time>
			</trkpt>
			<trkpt lat="60.29918" lon="9.12036">
				<ele>939.9874877929688</ele>
				<time>2000-01-01T00:00:00Z</time>
			</trkpt>
			<trkpt lat="60.29887" lon="9.11966">
				<ele>938.5908203125</ele>
				<time>2000-01-01T00:00:00Z</time>
			</trkpt>
			<trkpt lat="60.29875395953296" lon="9.119339223634103">
				<ele>938.0</ele>
				<time>2000-01-01T00:00:00Z</time>
			</trkpt>
			<trkpt lat="60.29836" lon="9.11825">
				<ele>934.904541015625</ele>
				<time>2000-01-01T00:00:00Z</time>
			</trkpt>
			<trkpt lat="60.29812" lon="9.11764">
				<ele>933.1168823242188</ele>
				<time>2000-01-01T00:00:00Z</time>
			</trkpt>
			<trkpt lat="60.29804279403012" lon="9.117477474267403">
				<ele>932.5999755859375</ele>
				<time>2000-01-01T00:00:00Z</time>
			</trkpt>
			<trkpt lat="60.29774" lon="9.11684">
				<ele>931.8493041992188</ele>
				<time>2000-01-01T00:00:00Z</time>
			</trkpt>
			<trkpt lat="60.29731" lon="9.11613">
				<ele>930.8961181640625</ele>
				<time>2000-01-01T00:00:00Z</time>
			</trkpt>
			<trkpt lat="60.29717271928924" lon="9.115919007268024">
				<ele>930.5999755859375</ele>
				<time>2000-01-01T00:00:00Z</time>
			</trkpt>
			<trkpt lat="60.29677" lon="9.1153">
				<ele>930.9039916992188</ele>
				<time>2000-01-01T00:00:00Z</time>
			</trkpt>
			<trkpt lat="60.29661" lon="9.1151">
				<ele>931.0169677734375</ele>
				<time>2000-01-01T00:00:00Z</time>
			</trkpt>
			<trkpt lat="60.29634" lon="9.11484">
				<ele>931.1965942382812</ele>
				<time>2000-01-01T00:00:00Z</time>
			</trkpt>
			<trkpt lat="60.29626" lon="9.11473">
				<ele>931.2546997070312</ele>
				<time>2000-01-01T00:00:00Z</time>
			</trkpt>
			<trkpt lat="60.29620967920148" lon="9.114616778403276">
				<ele>931.2999877929688</ele>
				<time>2000-01-01T00:00:00Z</time>
			</trkpt>
			<trkpt lat="60.29618" lon="9.11455">
				<ele>931.2923583984375</ele>
				<time>2000-01-01T00:00:00Z</time>
			</trkpt>
			<trkpt lat="60.2961" lon="9.11435">
				<ele>931.2705078125</ele>
				<time>2000-01-01T00:00:00Z</time>
			</trkpt>
			<trkpt lat="60.29605" lon="9.11412">
				<ele>931.2491455078125</ele>
				<time>2000-01-01T00:00:00Z</time>
			</trkpt>
			<trkpt lat="60.29598" lon="9.11355">
				<ele>931.19921875</ele>
				<time>2000-01-01T00:00:00Z</time>
			</trkpt>
			<trkpt lat="60.29593" lon="9.1124">
				<ele>931.10107421875</ele>
				<time>2000-01-01T00:00:00Z</time>
			</trkpt>
			<trkpt lat="60.29598" lon="9.11138">
				<ele>931.358154296875</ele>
				<time>2000-01-01T00:00:00Z</time>
			</trkpt>
			<trkpt lat="60.29593" lon="9.11102">
				<ele>931.4534912109375</ele>
				<time>2000-01-01T00:00:00Z</time>
			</trkpt>
			<trkpt lat="60.29588" lon="9.11081">
				<ele>931.512939453125</ele>
				<time>2000-01-01T00:00:00Z</time>
			</trkpt>
			<trkpt lat="60.29572" lon="9.11044">
				<ele>931.63818359375</ele>
				<time>2000-01-01T00:00:00Z</time>
			</trkpt>
			<trkpt lat="60.29562358477888" lon="9.11029538410548">
				<ele>931.7000122070312</ele>
				<time>2000-01-01T00:00:00Z</time>
			</trkpt>
			<trkpt lat="60.29532" lon="9.10984">
				<ele>933.971435546875</ele>
				<time>2000-01-01T00:00:00Z</time>
			</trkpt>
			<trkpt lat="60.29521" lon="9.10964">
				<ele>934.860595703125</ele>
				<time>2000-01-01T00:00:00Z</time>
			</trkpt>
			<trkpt lat="60.29494" lon="9.10908">
				<ele>937.1854248046875</ele>
				<time>2000-01-01T00:00:00Z</time>
			</trkpt>
			<trkpt lat="60.294746986238565" lon="9.10875246364417">
				<ele>938.7000122070312</ele>
				<time>2000-01-01T00:00:00Z</time>
			</trkpt>
			<trkpt lat="60.29461" lon="9.10852">
				<ele>939.9282836914062</ele>
				<time>2000-01-01T00:00:00Z</time>
			</trkpt>
			<trkpt lat="60.29454" lon="9.10836">
				<ele>940.6539916992188</ele>
				<time>2000-01-01T00:00:00Z</time>
			</trkpt>
			<trkpt lat="60.2945" lon="9.10819">
				<ele>941.2938842773438</ele>
				<time>2000-01-01T00:00:00Z</time>
			</trkpt>
			<trkpt lat="60.29448" lon="9.10793">
				<ele>942.1888427734375</ele>
				<time>2000-01-01T00:00:00Z</time>
			</trkpt>
			<trkpt lat="60.29445" lon="9.10732">
				<ele>944.2734985351562</ele>
				<time>2000-01-01T00:00:00Z</time>
			</trkpt>
			<trkpt lat="60.2943741536414" lon="9.106623045153034">
				<ele>946.7000122070312</ele>
				<time>2000-01-01T00:00:00Z</time>
			</trkpt>
			<trkpt lat="60.29419" lon="9.10493">
				<ele>947.510498046875</ele>
				<time>2000-01-01T00:00:00Z</time>
			</trkpt>
			<trkpt lat="60.29415" lon="9.1047">
				<ele>947.62451171875</ele>
				<time>2000-01-01T00:00:00Z</time>
			</trkpt>
			<trkpt lat="60.29402183641925" lon="9.104428144350985">
				<ele>947.7999877929688</ele>
				<time>2000-01-01T00:00:00Z</time>
			</trkpt>
			<trkpt lat="60.29382" lon="9.104">
				<ele>947.3226318359375</ele>
				<time>2000-01-01T00:00:00Z</time>
			</trkpt>
			<trkpt lat="60.2936" lon="9.10347">
				<ele>946.7642211914062</ele>
				<time>2000-01-01T00:00:00Z</time>
			</trkpt>
			<trkpt lat="60.2933233795032" lon="9.102557153436305">
				<ele>945.9000244140625</ele>
				<time>2000-01-01T00:00:00Z</time>
			</trkpt>
			<trkpt lat="60.2933" lon="9.10248">
				<ele>945.6270751953125</ele>
				<time>2000-01-01T00:00:00Z</time>
			</trkpt>
			<trkpt lat="60.29322" lon="9.1023">
				<ele>944.8974609375</ele>
				<time>2000-01-01T00:00:00Z</time>
			</trkpt>
			<trkpt lat="60.29314" lon="9.10216">
				<ele>944.2520751953125</ele>
				<time>2000-01-01T00:00:00Z</time>
			</trkpt>
			<trkpt lat="60.29306" lon="9.10206">
				<ele>943.6790771484375</ele>
				<time>2000-01-01T00:00:00Z</time>
			</trkpt>
			<trkpt lat="60.29295" lon="9.10202">
				<ele>942.9981079101562</ele>
				<time>2000-01-01T00:00:00Z</time>
			</trkpt>
			<trkpt lat="60.2926" lon="9.10201">
				<ele>940.866455078125</ele>
				<time>2000-01-01T00:00:00Z</time>
			</trkpt>
			<trkpt lat="60.29251" lon="9.102">
				<ele>940.317138671875</ele>
				<time>2000-01-01T00:00:00Z</time>
			</trkpt>
			<trkpt lat="60.29239" lon="9.10194">
				<ele>939.5642700195312</ele>
				<time>2000-01-01T00:00:00Z</time>
			</trkpt>
			<trkpt lat="60.29229" lon="9.10186">
				<ele>938.9091796875</ele>
				<time>2000-01-01T00:00:00Z</time>
			</trkpt>
			<trkpt lat="60.29227395384693" lon="9.101843954188926">
				<ele>938.7999877929688</ele>
				<time>2000-01-01T00:00:00Z</time>
			</trkpt>
			<trkpt lat="60.29218" lon="9.10175">
				<ele>938.6560668945312</ele>
				<time>2000-01-01T00:00:00Z</time>
			</trkpt>
			<trkpt lat="60.29206" lon="9.10159">
				<ele>938.4586791992188</ele>
				<time>2000-01-01T00:00:00Z</time>
			</trkpt>
			<trkpt lat="60.29166" lon="9.10094">
				<ele>937.7537231445312</ele>
				<time>2000-01-01T00:00:00Z</time>
			</trkpt>
			<trkpt lat="60.29153" lon="9.10077">
				<ele>937.5411376953125</ele>
				<time>2000-01-01T00:00:00Z</time>
			</trkpt>
			<trkpt lat="60.2913" lon="9.10057">
				<ele>937.203369140625</ele>
				<time>2000-01-01T00:00:00Z</time>
			</trkpt>
			<trkpt lat="60.29113" lon="9.10038">
				<ele>937.5367431640625</ele>
				<time>2000-01-01T00:00:00Z</time>
			</trkpt>
			<trkpt lat="60.29106" lon="9.10024">
				<ele>937.705810546875</ele>
				<time>2000-01-01T00:00:00Z</time>
			</trkpt>
			<trkpt lat="60.291" lon="9.10008">
				<ele>937.87646484375</ele>
				<time>2000-01-01T00:00:00Z</time>
			</trkpt>
			<trkpt lat="60.29094" lon="9.09989">
				<ele>938.0680541992188</ele>
				<time>2000-01-01T00:00:00Z</time>
			</trkpt>
			<trkpt lat="60.2909" lon="9.09945">
				<ele>938.4483032226562</ele>
				<time>2000-01-01T00:00:00Z</time>
			</trkpt>
			<trkpt lat="60.29089314528424" lon="9.098566075450535">
				<ele>939.2000122070312</ele>
				<time>2000-01-01T00:00:00Z</time>
			</trkpt>
			<trkpt lat="60.29089" lon="9.09816">
				<ele>940.3223876953125</ele>
				<time>2000-01-01T00:00:00Z</time>
			</trkpt>
			<trkpt lat="60.29085" lon="9.09774">
				<ele>941.5040893554688</ele>
				<time>2000-01-01T00:00:00Z</time>
			</trkpt>
			<trkpt lat="60.29072" lon="9.09722">
				<ele>943.1138916015625</ele>
				<time>2000-01-01T00:00:00Z</time>
			</trkpt>
			<trkpt lat="60.29047191923592" lon="9.096429267895495">
				<ele>945.7000122070312</ele>
				<time>2000-01-01T00:00:00Z</time>
			</trkpt>
			<trkpt lat="60.29024" lon="9.09569">
				<ele>945.6627807617188</ele>
				<time>2000-01-01T00:00:00Z</time>
			</trkpt>
			<trkpt lat="60.29007" lon="9.09519">
				<ele>945.6370239257812</ele>
				<time>2000-01-01T00:00:00Z</time>
			</trkpt>
			<trkpt lat="60.28979975677444" lon="9.094511102363956">
				<ele>945.5999755859375</ele>
				<time>2000-01-01T00:00:00Z</time>
			</trkpt>
			<trkpt lat="60.28966" lon="9.09416">
				<ele>943.474853515625</ele>
				<time>2000-01-01T00:00:00Z</time>
			</trkpt>
			<trkpt lat="60.28957" lon="9.09393">
				<ele>942.0921020507812</ele>
				<time>2000-01-01T00:00:00Z</time>
			</trkpt>
			<trkpt lat="60.28936" lon="9.09353">
				<ele>939.3417358398438</ele>
				<time>2000-01-01T00:00:00Z</time>
			</trkpt>
			<trkpt lat="60.28926" lon="9.09335">
				<ele>938.0654907226562</ele>
				<time>2000-01-01T00:00:00Z</time>
			</trkpt>
			<trkpt lat="60.28894862456397" lon="9.092930321807101">
				<ele>934.5</ele>
				<time>2000-01-01T00:00:00Z</time>
			</trkpt>
			<trkpt lat="60.2888" lon="9.09273">
				<ele>932.79833984375</ele>
				<time>2000-01-01T00:00:00Z</time>
			</trkpt>
			<trkpt lat="60.28871" lon="9.09265">
				<ele>931.8614501953125</ele>
				<time>2000-01-01T00:00:00Z</time>
			</trkpt>
			<trkpt lat="60.28853" lon="9.09258">
				<ele>930.1160888671875</ele>
				<time>2000-01-01T00:00:00Z</time>
			</trkpt>
			<trkpt lat="60.28846" lon="9.09251">
				<ele>929.3717651367188</ele>
				<time>2000-01-01T00:00:00Z</time>
			</trkpt>
			<trkpt lat="60.28841" lon="9.09241">
				<ele>928.7015991210938</ele>
				<time>2000-01-01T00:00:00Z</time>
			</trkpt>
			<trkpt lat="60.28837" lon="9.09227">
				<ele>927.938720703125</ele>
				<time>2000-01-01T00:00:00Z</time>
			</trkpt>
			<trkpt lat="60.28832" lon="9.09187">
				<ele>925.9922485351562</ele>
				<time>2000-01-01T00:00:00Z</time>
			</trkpt>
			<trkpt lat="60.288182828715684" lon="9.091395622571161">
				<ele>923.4000244140625</ele>
				<time>2000-01-01T00:00:00Z</time>
			</trkpt>
			<trkpt lat="60.28808" lon="9.09104">
				<ele>920.791748046875</ele>
				<time>2000-01-01T00:00:00Z</time>
			</trkpt>
			<trkpt lat="60.28808" lon="9.0909">
				<ele>919.9046020507812</ele>
				<time>2000-01-01T00:00:00Z</time>
			</trkpt>
			<trkpt lat="60.28811" lon="9.09076">
				<ele>918.9383544921875</ele>
				<time>2000-01-01T00:00:00Z</time>
			</trkpt>
			<trkpt lat="60.28825" lon="9.09046">
				<ele>916.3283081054688</ele>
				<time>2000-01-01T00:00:00Z</time>
			</trkpt>
			<trkpt lat="60.2885" lon="9.09011">
				<ele>912.439453125</ele>
				<time>2000-01-01T00:00:00Z</time>
			</trkpt>
			<trkpt lat="60.28859" lon="9.08994">
				<ele>910.8631591796875</ele>
				<time>2000-01-01T00:00:00Z</time>
			</trkpt>
			<trkpt lat="60.28866" lon="9.08976">
				<ele>909.413818359375</ele>
				<time>2000-01-01T00:00:00Z</time>
			</trkpt>
			<trkpt lat="60.288686758185555" lon="9.089626208714346">
				<ele>908.5</ele>
				<time>2000-01-01T00:00:00Z</time>
			</trkpt>
			<trkpt lat="60.2887" lon="9.08956">
				<ele>908.123779296875</ele>
				<time>2000-01-01T00:00:00Z</time>
			</trkpt>
			<trkpt lat="60.28872" lon="9.08933">
				<ele>906.8924560546875</ele>
				<time>2000-01-01T00:00:00Z</time>
			</trkpt>
			<trkpt lat="60.28873" lon="9.08882">
				<ele>904.2013549804688</ele>
				<time>2000-01-01T00:00:00Z</time>
			</trkpt>
			<trkpt lat="60.28878" lon="9.08813">
				<ele>900.5250244140625</ele>
				<time>2000-01-01T00:00:00Z</time>
			</trkpt>
			<trkpt lat="60.28875" lon="9.08766">
				<ele>898.02685546875</ele>
				<time>2000-01-01T00:00:00Z</time>
			</trkpt>
			<trkpt lat="60.28871" lon="9.08742">
				<ele>896.6912841796875</ele>
				<time>2000-01-01T00:00:00Z</time>
			</trkpt>
			<trkpt lat="60.28867896507594" lon="9.087326895797826">
				<ele>896.0999755859375</ele>
				<time>2000-01-01T00:00:00Z</time>
			</trkpt>
			<trkpt lat="60.28864" lon="9.08721">
				<ele>895.5668334960938</ele>
				<time>2000-01-01T00:00:00Z</time>
			</trkpt>
			<trkpt lat="60.28856" lon="9.08702">
				<ele>894.6236572265625</ele>
				<time>2000-01-01T00:00:00Z</time>
			</trkpt>
			<trkpt lat="60.28846" lon="9.08685">
				<ele>893.625244140625</ele>
				<time>2000-01-01T00:00:00Z</time>
			</trkpt>
			<trkpt lat="60.28835" lon="9.0867">
				<ele>892.6115112304688</ele>
				<time>2000-01-01T00:00:00Z</time>
			</trkpt>
			<trkpt lat="60.28782" lon="9.08614">
				<ele>888.04345703125</ele>
				<time>2000-01-01T00:00:00Z</time>
			</trkpt>
			<trkpt lat="60.28772100184715" lon="9.086041001871774">
				<ele>887.2000122070312</ele>
				<time>2000-01-01T00:00:00Z</time>
			</trkpt>
			<trkpt lat="60.2877" lon="9.08602">
				<ele>886.8726196289062</ele>
				<time>2000-01-01T00:00:00Z</time>
			</trkpt>
			<trkpt lat="60.28757" lon="9.08594">
				<ele>884.9722290039062</ele>
				<time>2000-01-01T00:00:00Z</time>
			</trkpt>
			<trkpt lat="60.28727" lon="9.08585">
				<ele>880.7303466796875</ele>
				<time>2000-01-01T00:00:00Z</time>
			</trkpt>
			<trkpt lat="60.28672" lon="9.0859">
				<ele>873.0325927734375</ele>
				<time>2000-01-01T00:00:00Z</time>
			</trkpt>
			<trkpt lat="60.28656" lon="9.0859">
				<ele>870.82666015625</ele>
				<time>2000-01-01T00:00:00Z</time>
			</trkpt>
			<trkpt lat="60.2864" lon="9.08588">
				<ele>869.2590942382812</ele>
				<time>2000-01-01T00:00:00Z</time>
			</trkpt>
			<trkpt lat="60.28621" lon="9.08574">
				<ele>867.280517578125</ele>
				<time>2000-01-01T00:00:00Z</time>
			</trkpt>
			<trkpt lat="60.28609" lon="9.08557">
				<ele>865.8468627929688</ele>
				<time>2000-01-01T00:00:00Z</time>
			</trkpt>
			<trkpt lat="60.28598" lon="9.08535">
				<ele>864.3323364257812</ele>
				<time>2000-01-01T00:00:00Z</time>
			</trkpt>
			<trkpt lat="60.2857" lon="9.08466">
				<ele>860.0095825195312</ele>
				<time>2000-01-01T00:00:00Z</time>
			</trkpt>
			<trkpt lat="60.285673012681514" lon="9.084570044018047">
				<ele>859.5</ele>
				<time>2000-01-01T00:00:00Z</time>
			</trkpt>
			<trkpt lat="60.28561" lon="9.08436">
				<ele>859.1031494140625</ele>
				<time>2000-01-01T00:00:00Z</time>
			</trkpt>
			<trkpt lat="60.28556" lon="9.08413">
				<ele>858.697509765625</ele>
				<time>2000-01-01T00:00:00Z</time>
			</trkpt>
			<trkpt lat="60.28553" lon="9.08362">
				<ele>857.8676147460938</ele>
				<time>2000-01-01T00:00:00Z</time>
			</trkpt>
			<trkpt lat="60.28558" lon="9.08279">
				<ele>856.5165405273438</ele>
				<time>2000-01-01T00:00:00Z</time>
			</trkpt>
			<trkpt lat="60.28561" lon="9.0825">
				<ele>856.0379638671875</ele>
				<time>2000-01-01T00:00:00Z</time>
			</trkpt>
			<trkpt lat="60.28564945582426" lon="9.082306637016867">
				<ele>855.7000122070312</ele>
				<time>2000-01-01T00:00:00Z</time>
			</trkpt>
			<trkpt lat="60.28581" lon="9.08152">
				<ele>853.4210205078125</ele>
				<time>2000-01-01T00:00:00Z</time>
			</trkpt>
			<trkpt lat="60.28584" lon="9.08103">
				<ele>852.0984497070312</ele>
				<time>2000-01-01T00:00:00Z</time>
			</trkpt>
			<trkpt lat="60.28582" lon="9.08072">
				<ele>851.2610473632812</ele>
				<time>2000-01-01T00:00:00Z</time>
			</trkpt>
			<trkpt lat="60.28579" lon="9.08039">
				<ele>850.362060546875</ele>
				<time>2000-01-01T00:00:00Z</time>
			</trkpt>
			<trkpt lat="60.285727322274134" lon="9.080053824153495">
				<ele>849.4000244140625</ele>
				<time>2000-01-01T00:00:00Z</time>
			</trkpt>
			<trkpt lat="60.28568" lon="9.0798">
				<ele>848.5119018554688</ele>
				<time>2000-01-01T00:00:00Z</time>
			</trkpt>
			<trkpt lat="60.28546" lon="9.07909">
				<ele>845.7705688476562</ele>
				<time>2000-01-01T00:00:00Z</time>
			</trkpt>
			<trkpt lat="60.28518" lon="9.07804">
				<ele>841.8666381835938</ele>
				<time>2000-01-01T00:00:00Z</time>
			</trkpt>
			<trkpt lat="60.285169988975056" lon="9.077993282322165">
				<ele>841.7000122070312</ele>
				<time>2000-01-01T00:00:00Z</time>
			</trkpt>
			<trkpt lat="60.28515" lon="9.0779">
				<ele>841.2030639648438</ele>
				<time>2000-01-01T00:00:00Z</time>
			</trkpt>
			<trkpt lat="60.2851" lon="9.07775">
				<ele>840.3187866210938</ele>
				<time>2000-01-01T00:00:00Z</time>
			</trkpt>
			<trkpt lat="60.28495" lon="9.07708">
				<ele>836.7242431640625</ele>
				<time>2000-01-01T00:00:00Z</time>
			</trkpt>
			<trkpt lat="60.28489" lon="9.07618">
				<ele>832.2831420898438</ele>
				<time>2000-01-01T00:00:00Z</time>
			</trkpt>
			<trkpt lat="60.28488382031827" lon="9.075754179713444">
				<ele>830.2000122070312</ele>
				<time>2000-01-01T00:00:00Z</time>
			</trkpt>
			<trkpt lat="60.28487" lon="9.0748">
				<ele>829.1041259765625</ele>
				<time>2000-01-01T00:00:00Z</time>
			</trkpt>
			<trkpt lat="60.28477" lon="9.07363">
				<ele>827.7410888671875</ele>
				<time>2000-01-01T00:00:00Z</time>
			</trkpt>
			<trkpt lat="60.284745627523684" lon="9.07342589795437">
				<ele>827.5</ele>
				<time>2000-01-01T00:00:00Z</time>
			</trkpt>
			<trkpt lat="60.28469" lon="9.07296">
				<ele>826.0531005859375</ele>
				<time>2000-01-01T00:00:00Z</time>
			</trkpt>
			<trkpt lat="60.28444" lon="9.07187">
				<ele>822.4271240234375</ele>
				<time>2000-01-01T00:00:00Z</time>
			</trkpt>
			<trkpt lat="60.28437647743563" lon="9.071210960150715">
				<ele>820.4000244140625</ele>
				<time>2000-01-01T00:00:00Z</time>
			</trkpt>
			<trkpt lat="60.28436" lon="9.07104">
				<ele>820.177734375</ele>
				<time>2000-01-01T00:00:00Z</time>
			</trkpt>
			<trkpt lat="60.28433" lon="9.07001">
				<ele>818.8616943359375</ele>
				<time>2000-01-01T00:00:00Z</time>
			</trkpt>
			<trkpt lat="60.284353681078294" lon="9.068865317173783">
				<ele>817.4000244140625</ele>
				<time>2000-01-01T00:00:00Z</time>
			</trkpt>
			<trkpt lat="60.28436" lon="9.06856">
				<ele>817.4390258789062</ele>
				<time>2000-01-01T00:00:00Z</time>
			</trkpt>
			<trkpt lat="60.28434" lon="9.06754">
				<ele>817.5692138671875</ele>
				<time>2000-01-01T00:00:00Z</time>
			</trkpt>
			<trkpt lat="60.28431" lon="9.06718">
				<ele>817.6157836914062</ele>
				<time>2000-01-01T00:00:00Z</time>
			</trkpt>
			<trkpt lat="60.28428" lon="9.06693">
				<ele>817.6486206054688</ele>
				<time>2000-01-01T00:00:00Z</time>
			</trkpt>
			<trkpt lat="60.28421" lon="9.06673">
				<ele>817.6798706054688</ele>
				<time>2000-01-01T00:00:00Z</time>
			</trkpt>
			<trkpt lat="60.28415233025003" lon="9.066622899068808">
				<ele>817.7000122070312</ele>
				<time>2000-01-01T00:00:00Z</time>
			</trkpt>
			<trkpt lat="60.28414" lon="9.0666">
				<ele>817.7258911132812</ele>
				<time>2000-01-01T00:00:00Z</time>
			</trkpt>
			<trkpt lat="60.28403" lon="9.06652">
				<ele>817.9064331054688</ele>
				<time>2000-01-01T00:00:00Z</time>
			</trkpt>
			<trkpt lat="60.2838" lon="9.06641">
				<ele>818.2714233398438</ele>
				<time>2000-01-01T00:00:00Z</time>
			</trkpt>
			<trkpt lat="60.28366" lon="9.06627">
				<ele>818.5127563476562</ele>
				<time>2000-01-01T00:00:00Z</time>
			</trkpt>
			<trkpt lat="60.28355" lon="9.06607">
				<ele>818.7413330078125</ele>
				<time>2000-01-01T00:00:00Z</time>
			</trkpt>
			<trkpt lat="60.28345" lon="9.06579">
				<ele>819.0054931640625</ele>
				<time>2000-01-01T00:00:00Z</time>
			</trkpt>
			<trkpt lat="60.28341" lon="9.06556">
				<ele>819.1920776367188</ele>
				<time>2000-01-01T00:00:00Z</time>
			</trkpt>
			<trkpt lat="60.283365205832105" lon="9.065168061571349">
				<ele>819.5</ele>
				<time>2000-01-01T00:00:00Z</time>
			</trkpt>
			<trkpt lat="60.28333" lon="9.06486">
				<ele>819.6478881835938</ele>
				<time>2000-01-01T00:00:00Z</time>
			</trkpt>
			<trkpt lat="60.28321" lon="9.06438">
				<ele>819.8993530273438</ele>
				<time>2000-01-01T00:00:00Z</time>
			</trkpt>
			<trkpt lat="60.28312" lon="9.06408">
				<ele>820.0633544921875</ele>
				<time>2000-01-01T00:00:00Z</time>
			</trkpt>
			<trkpt lat="60.2828" lon="9.06315">
				<ele>820.5928955078125</ele>
				<time>2000-01-01T00:00:00Z</time>
			</trkpt>
			<trkpt lat="60.28275" lon="9.06286">
				<ele>820.1035766601562</ele>
				<time>2000-01-01T00:00:00Z</time>
			</trkpt>
			<trkpt lat="60.28275" lon="9.06265">
				<ele>819.7463989257812</ele>
				<time>2000-01-01T00:00:00Z</time>
			</trkpt>
			<trkpt lat="60.28273168878148" lon="9.060800708846077">
				<ele>816.5999755859375</ele>
				<time>2000-01-01T00:00:00Z</time>
			</trkpt>
			<trkpt lat="60.28273" lon="9.06063">
				<ele>815.7432861328125</ele>
				<time>2000-01-01T00:00:00Z</time>
			</trkpt>
			<trkpt lat="60.2827" lon="9.06031">
				<ele>814.1087646484375</ele>
				<time>2000-01-01T00:00:00Z</time>
			</trkpt>
			<trkpt lat="60.28265" lon="9.05997">
				<ele>812.3292846679688</ele>
				<time>2000-01-01T00:00:00Z</time>
			</trkpt>
			<trkpt lat="60.28259" lon="9.05969">
				<ele>810.798828125</ele>
				<time>2000-01-01T00:00:00Z</time>
			</trkpt>
			<trkpt lat="60.28248" lon="9.05937">
				<ele>808.84423828125</ele>
				<time>2000-01-01T00:00:00Z</time>
			</trkpt>
			<trkpt lat="60.28238" lon="9.05917">
				<ele>807.4192504882812</ele>
				<time>2000-01-01T00:00:00Z</time>
			</trkpt>
			<trkpt lat="60.28222" lon="9.059">
				<ele>805.5884399414062</ele>
				<time>2000-01-01T00:00:00Z</time>
			</trkpt>
			<trkpt lat="60.28214672672686" lon="9.05894671090332">
				<ele>804.7999877929688</ele>
				<time>2000-01-01T00:00:00Z</time>
			</trkpt>
			<trkpt lat="60.282" lon="9.05884">
				<ele>804.1576538085938</ele>
				<time>2000-01-01T00:00:00Z</time>
			</trkpt>
			<trkpt lat="60.28169" lon="9.05865">
				<ele>802.8235473632812</ele>
				<time>2000-01-01T00:00:00Z</time>
			</trkpt>
			<trkpt lat="60.28148" lon="9.05857">
				<ele>801.9435424804688</ele>
				<time>2000-01-01T00:00:00Z</time>
			</trkpt>
			<trkpt lat="60.2813" lon="9.05845">
				<ele>801.1630249023438</ele>
				<time>2000-01-01T00:00:00Z</time>
			</trkpt>
			<trkpt lat="60.28122" lon="9.05835">
				<ele>800.7753295898438</ele>
				<time>2000-01-01T00:00:00Z</time>
			</trkpt>
			<trkpt lat="60.281093178344285" lon="9.058069180713561">
				<ele>800.0</ele>
				<time>2000-01-01T00:00:00Z</time>
			</trkpt>
			<trkpt lat="60.28108" lon="9.05804">
				<ele>799.9613647460938</ele>
				<time>2000-01-01T00:00:00Z</time>
			</trkpt>
			<trkpt lat="60.28102" lon="9.05789">
				<ele>799.7728271484375</ele>
				<time>2000-01-01T00:00:00Z</time>
			</trkpt>
			<trkpt lat="60.281" lon="9.05769">
				<ele>799.5732421875</ele>
				<time>2000-01-01T00:00:00Z</time>
			</trkpt>
			<trkpt lat="60.28051" lon="9.05744">
				<ele>798.5761108398438</ele>
				<time>2000-01-01T00:00:00Z</time>
			</trkpt>
			<trkpt lat="60.28035" lon="9.05742">
				<ele>798.2598876953125</ele>
				<time>2000-01-01T00:00:00Z</time>
			</trkpt>
			<trkpt lat="60.28019" lon="9.05746">
				<ele>797.9417114257812</ele>
				<time>2000-01-01T00:00:00Z</time>
			</trkpt>
			<trkpt lat="60.280070396680024" lon="9.057513697458127">
				<ele>797.7000122070312</ele>
				<time>2000-01-01T00:00:00Z</time>
			</trkpt>
			<trkpt lat="60.2797" lon="9.05768">
				<ele>797.27685546875</ele>
				<time>2000-01-01T00:00:00Z</time>
			</trkpt>
			<trkpt lat="60.27942" lon="9.05778">
				<ele>796.959716796875</ele>
				<time>2000-01-01T00:00:00Z</time>
			</trkpt>
			<trkpt lat="60.27928" lon="9.05781">
				<ele>796.802734375</ele>
				<time>2000-01-01T00:00:00Z</time>
			</trkpt>
			<trkpt lat="60.27921" lon="9.0578">
				<ele>796.7244873046875</ele>
				<time>2000-01-01T00:00:00Z</time>
			</trkpt>
			<trkpt lat="60.27915" lon="9.05778">
				<ele>796.6566772460938</ele>
				<time>2000-01-01T00:00:00Z</time>
			</trkpt>
			<trkpt lat="60.27893008325039" lon="9.057643500064394">
				<ele>796.4000244140625</ele>
				<time>2000-01-01T00:00:00Z</time>
			</trkpt>
			<trkpt lat="60.27886" lon="9.0576">
				<ele>795.9661254882812</ele>
				<time>2000-01-01T00:00:00Z</time>
			</trkpt>
			<trkpt lat="60.27865" lon="9.05752">
				<ele>794.7010498046875</ele>
				<time>2000-01-01T00:00:00Z</time>
			</trkpt>
			<trkpt lat="60.27842" lon="9.0575">
				<ele>793.3384399414062</ele>
				<time>2000-01-01T00:00:00Z</time>
			</trkpt>
			<trkpt lat="60.27822" lon="9.05752">
				<ele>792.1527709960938</ele>
				<time>2000-01-01T00:00:00Z</time>
			</trkpt>
			<trkpt lat="60.27811" lon="9.05758">
				<ele>791.478271484375</ele>
				<time>2000-01-01T00:00:00Z</time>
			</trkpt>
			<trkpt lat="60.27779" lon="9.05782">
				<ele>789.4754638671875</ele>
				<time>2000-01-01T00:00:00Z</time>
			</trkpt>
			<trkpt lat="60.27765" lon="9.05789">
				<ele>788.98046875</ele>
				<time>2000-01-01T00:00:00Z</time>
			</trkpt>
			<trkpt lat="60.276639815731784" lon="9.058073669638665">
				<ele>785.5</ele>
				<time>2000-01-01T00:00:00Z</time>
			</trkpt>
			<trkpt lat="60.27644" lon="9.05811">
				<ele>785.6720581054688</ele>
				<time>2000-01-01T00:00:00Z</time>
			</trkpt>
			<trkpt lat="60.27594" lon="9.05831">
				<ele>786.1094360351562</ele>
				<time>2000-01-01T00:00:00Z</time>
			</trkpt>
			<trkpt lat="60.27548853299038" lon="9.058429255383395">
				<ele>786.5</ele>
				<time>2000-01-01T00:00:00Z</time>
			</trkpt>
			<trkpt lat="60.27541" lon="9.05845">
				<ele>786.3165283203125</ele>
				<time>2000-01-01T00:00:00Z</time>
			</trkpt>
			<trkpt lat="60.27524" lon="9.05856">
				<ele>785.9031372070312</ele>
				<time>2000-01-01T00:00:00Z</time>
			</trkpt>
			<trkpt lat="60.27503" lon="9.05878">
				<ele>785.3550415039062</ele>
				<time>2000-01-01T00:00:00Z</time>
			</trkpt>
			<trkpt lat="60.27472" lon="9.05901">
				<ele>784.5899658203125</ele>
				<time>2000-01-01T00:00:00Z</time>
			</trkpt>
			<trkpt lat="60.27456" lon="9.05917">
				<ele>784.1762084960938</ele>
				<time>2000-01-01T00:00:00Z</time>
			</trkpt>
			<trkpt lat="60.27444" lon="9.05925">
				<ele>783.8834838867188</ele>
				<time>2000-01-01T00:00:00Z</time>
			</trkpt>
			<trkpt lat="60.27440497116893" lon="9.059267514405">
				<ele>783.7999877929688</ele>
				<time>2000-01-01T00:00:00Z</time>
			</trkpt>
			<trkpt lat="60.27438" lon="9.05928">
				<ele>783.7139892578125</ele>
				<time>2000-01-01T00:00:00Z</time>
			</trkpt>
			<trkpt lat="60.27431" lon="9.0593">
				<ele>783.4773559570312</ele>
				<time>2000-01-01T00:00:00Z</time>
			</trkpt>
			<trkpt lat="60.27414" lon="9.05933">
				<ele>782.9064331054688</ele>
				<time>2000-01-01T00:00:00Z</time>
			</trkpt>
			<trkpt lat="60.27401" lon="9.05933">
				<ele>782.4714965820312</ele>
				<time>2000-01-01T00:00:00Z</time>
			</trkpt>
			<trkpt lat="60.27391" lon="9.05932">
				<ele>782.1365356445312</ele>
				<time>2000-01-01T00:00:00Z</time>
			</trkpt>
			<trkpt lat="60.2738" lon="9.05929">
				<ele>781.7652587890625</ele>
				<time>2000-01-01T00:00:00Z</time>
			</trkpt>
			<trkpt lat="60.27365" lon="9.05924">
				<ele>781.2564086914062</ele>
				<time>2000-01-01T00:00:00Z</time>
			</trkpt>
			<trkpt lat="60.2736" lon="9.05921">
				<ele>781.0820922851562</ele>
				<time>2000-01-01T00:00:00Z</time>
			</trkpt>
			<trkpt lat="60.27351" lon="9.05914">
				<ele>780.7592163085938</ele>
				<time>2000-01-01T00:00:00Z</time>
			</trkpt>
			<trkpt lat="60.27341" lon="9.05904">
				<ele>780.3858642578125</ele>
				<time>2000-01-01T00:00:00Z</time>
			</trkpt>
			<trkpt lat="60.27334" lon="9.05893">
				<ele>780.0889892578125</ele>
				<time>2000-01-01T00:00:00Z</time>
			</trkpt>
			<trkpt lat="60.2732940957933" lon="9.058863694076459">
				<ele>779.9000244140625</ele>
				<time>2000-01-01T00:00:00Z</time>
			</trkpt>
			<trkpt lat="60.27325" lon="9.0588">
				<ele>779.6393432617188</ele>
				<time>2000-01-01T00:00:00Z</time>
			</trkpt>
			<trkpt lat="60.27286" lon="9.05828">
				<ele>777.3932495117188</ele>
				<time>2000-01-01T00:00:00Z</time>
			</trkpt>
			<trkpt lat="60.27276" lon="9.05817">
				<ele>776.8461303710938</ele>
				<time>2000-01-01T00:00:00Z</time>
			</trkpt>
			<trkpt lat="60.27261" lon="9.05806">
				<ele>776.0794067382812</ele>
				<time>2000-01-01T00:00:00Z</time>
			</trkpt>
			<trkpt lat="60.27253" lon="9.05802">
				<ele>775.6835327148438</ele>
				<time>2000-01-01T00:00:00Z</time>
			</trkpt>
			<trkpt lat="60.27224676345883" lon="9.057915098362717">
				<ele>774.2999877929688</ele>
				<time>2000-01-01T00:00:00Z</time>
			</trkpt>
			<trkpt lat="60.27199" lon="9.05782">
				<ele>772.1054077148438</ele>
				<time>2000-01-01T00:00:00Z</time>
			</trkpt>
			<trkpt lat="60.27126" lon="9.05765">
				<ele>765.9276123046875</ele>
				<time>2000-01-01T00:00:00Z</time>
			</trkpt>
			<trkpt lat="60.271092164582726" lon="9.05759835841658">
				<ele>764.5</ele>
				<time>2000-01-01T00:00:00Z</time>
			</trkpt>
			<trkpt lat="60.271" lon="9.05757">
				<ele>764.10009765625</ele>
				<time>2000-01-01T00:00:00Z</time>
			</trkpt>
			<trkpt lat="60.27092" lon="9.05753">
				<ele>763.7466430664062</ele>
				<time>2000-01-01T00:00:00Z</time>
			</trkpt>
			<trkpt lat="60.27083" lon="9.05745">
				<ele>763.3246459960938</ele>
				<time>2000-01-01T00:00:00Z</time>
			</trkpt>
			<trkpt lat="60.27055" lon="9.05714">
				<ele>761.9547119140625</ele>
				<time>2000-01-01T00:00:00Z</time>
			</trkpt>
			<trkpt lat="60.27033" lon="9.05696">
				<ele>760.9364013671875</ele>
				<time>2000-01-01T00:00:00Z</time>
			</trkpt>
			<trkpt lat="60.27008" lon="9.0567">
				<ele>759.7300415039062</ele>
				<time>2000-01-01T00:00:00Z</time>
			</trkpt>
			<trkpt lat="60.270029751882646" lon="9.05666231423503">
				<ele>759.5</ele>
				<time>2000-01-01T00:00:00Z</time>
			</trkpt>
			<trkpt lat="60.26992" lon="9.05658">
				<ele>758.3048095703125</ele>
				<time>2000-01-01T00:00:00Z</time>
			</trkpt>
			<trkpt lat="60.26962" lon="9.05642">
				<ele>755.1370849609375</ele>
				<time>2000-01-01T00:00:00Z</time>
			</trkpt>
			<trkpt lat="60.26947" lon="9.05631">
				<ele>753.507080078125</ele>
				<time>2000-01-01T00:00:00Z</time>
			</trkpt>
			<trkpt lat="60.26939" lon="9.05622">
				<ele>752.5722045898438</ele>
				<time>2000-01-01T00:00:00Z</time>
			</trkpt>
			<trkpt lat="60.26917" lon="9.05581">
				<ele>749.513671875</ele>
				<time>2000-01-01T00:00:00Z</time>
			</trkpt>
			<trkpt lat="60.2691" lon="9.05573">
				<ele>748.6923217773438</ele>
				<time>2000-01-01T00:00:00Z</time>
			</trkpt>
			<trkpt lat="60.26905" lon="9.0557">
				<ele>748.1603393554688</ele>
				<time>2000-01-01T00:00:00Z</time>
			</trkpt>
			<trkpt lat="60.268996015337656" lon="9.055680369250249">
				<ele>747.5999755859375</ele>
				<time>2000-01-01T00:00:00Z</time>
			</trkpt>
			<trkpt lat="60.26894" lon="9.05566">
				<ele>747.3656616210938</ele>
				<time>2000-01-01T00:00:00Z</time>
			</trkpt>
			<trkpt lat="60.2681" lon="9.05561">
				<ele>743.9052124023438</ele>
				<time>2000-01-01T00:00:00Z</time>
			</trkpt>
			<trkpt lat="60.26783233700702" lon="9.055569851061257">
				<ele>742.7999877929688</ele>
				<time>2000-01-01T00:00:00Z</time>
			</trkpt>
			<trkpt lat="60.2675" lon="9.05552">
				<ele>740.6273803710938</ele>
				<time>2000-01-01T00:00:00Z</time>
			</trkpt>
			<trkpt lat="60.2669" lon="9.05529">
				<ele>736.6455078125</ele>
				<time>2000-01-01T00:00:00Z</time>
			</trkpt>
			<trkpt lat="60.26668128339097" lon="9.055217098140123">
				<ele>735.2000122070312</ele>
				<time>2000-01-01T00:00:00Z</time>
			</trkpt>
			<trkpt lat="60.26609" lon="9.05502">
				<ele>733.8633422851562</ele>
				<time>2000-01-01T00:00:00Z</time>
			</trkpt>
			<trkpt lat="60.2657" lon="9.05486">
				<ele>732.9754638671875</ele>
				<time>2000-01-01T00:00:00Z</time>
			</trkpt>
			<trkpt lat="60.2656" lon="9.05478">
				<ele>732.735595703125</ele>
				<time>2000-01-01T00:00:00Z</time>
			</trkpt>
			<trkpt lat="60.26554832372988" lon="9.05471540471551">
				<ele>732.5999755859375</ele>
				<time>2000-01-01T00:00:00Z</time>
			</trkpt>
			<trkpt lat="60.26552" lon="9.05468">
				<ele>732.605712890625</ele>
				<time>2000-01-01T00:00:00Z</time>
			</trkpt>
			<trkpt lat="60.26544" lon="9.05454">
				<ele>732.6238403320312</ele>
				<time>2000-01-01T00:00:00Z</time>
			</trkpt>
			<trkpt lat="60.26536" lon="9.05426">
				<ele>732.6513671875</ele>
				<time>2000-01-01T00:00:00Z</time>
			</trkpt>
			<trkpt lat="60.26522" lon="9.05371">
				<ele>732.7039794921875</ele>
				<time>2000-01-01T00:00:00Z</time>
			</trkpt>
			<trkpt lat="60.26497" lon="9.05293">
				<ele>732.7830200195312</ele>
				<time>2000-01-01T00:00:00Z</time>
			</trkpt>
			<trkpt lat="60.26489370121644" lon="9.052802835582462">
				<ele>732.7999877929688</ele>
				<time>2000-01-01T00:00:00Z</time>
			</trkpt>
			<trkpt lat="60.26485" lon="9.05273">
				<ele>732.8048706054688</ele>
				<time>2000-01-01T00:00:00Z</time>
			</trkpt>
			<trkpt lat="60.26476" lon="9.0526">
				<ele>732.8143310546875</ele>
				<time>2000-01-01T00:00:00Z</time>
			</trkpt>
			<trkpt lat="60.26463" lon="9.05251">
				<ele>732.826171875</ele>
				<time>2000-01-01T00:00:00Z</time>
			</trkpt>
			<trkpt lat="60.26456" lon="9.05251">
				<ele>732.8321533203125</ele>
				<time>2000-01-01T00:00:00Z</time>
			</trkpt>
			<trkpt lat="60.2645" lon="9.05253">
				<ele>732.83740234375</ele>
				<time>2000-01-01T00:00:00Z</time>
			</trkpt>
			<trkpt lat="60.26442" lon="9.0526">
				<ele>732.8448486328125</ele>
				<time>2000-01-01T00:00:00Z</time>
			</trkpt>
			<trkpt lat="60.26398" lon="9.05303">
				<ele>732.8868408203125</ele>
				<time>2000-01-01T00:00:00Z</time>
			</trkpt>
			<trkpt lat="60.26384925658336" lon="9.05319342391706">
				<ele>732.9000244140625</ele>
				<time>2000-01-01T00:00:00Z</time>
			</trkpt>
			<trkpt lat="60.26354" lon="9.05358">
				<ele>732.2132568359375</ele>
				<time>2000-01-01T00:00:00Z</time>
			</trkpt>
			<trkpt lat="60.26296" lon="9.05413">
				<ele>731.0036010742188</ele>
				<time>2000-01-01T00:00:00Z</time>
			</trkpt>
			<trkpt lat="60.26288" lon="9.05418">
				<ele>730.8455810546875</ele>
				<time>2000-01-01T00:00:00Z</time>
			</trkpt>
			<trkpt lat="60.26280348688702" lon="9.054199128263384">
				<ele>730.7000122070312</ele>
				<time>2000-01-01T00:00:00Z</time>
			</trkpt>
			<trkpt lat="60.26276" lon="9.05421">
				<ele>730.5081787109375</ele>
				<time>2000-01-01T00:00:00Z</time>
			</trkpt>
			<trkpt lat="60.26266" lon="9.05419">
				<ele>730.068603515625</ele>
				<time>2000-01-01T00:00:00Z</time>
			</trkpt>
			<trkpt lat="60.26259" lon="9.05413">
				<ele>729.7357788085938</ele>
				<time>2000-01-01T00:00:00Z</time>
			</trkpt>
			<trkpt lat="60.26231" lon="9.05377">
				<ele>728.282958984375</ele>
				<time>2000-01-01T00:00:00Z</time>
			</trkpt>
			<trkpt lat="60.26226" lon="9.05371">
				<ele>728.0282592773438</ele>
				<time>2000-01-01T00:00:00Z</time>
			</trkpt>
			<trkpt lat="60.26216" lon="9.05367">
				<ele>727.582275390625</ele>
				<time>2000-01-01T00:00:00Z</time>
			</trkpt>
			<trkpt lat="60.262" lon="9.05362">
				<ele>726.8740234375</ele>
				<time>2000-01-01T00:00:00Z</time>
			</trkpt>
			<trkpt lat="60.26170883033053" lon="9.053620000000002">
				<ele>725.5999755859375</ele>
				<time>2000-01-01T00:00:00Z</time>
			</trkpt>
			<trkpt lat="60.2616" lon="9.05362">
				<ele>725.2359619140625</ele>
				<time>2000-01-01T00:00:00Z</time>
			</trkpt>
			<trkpt lat="60.26115" lon="9.05353">
				<ele>723.7228393554688</ele>
				<time>2000-01-01T00:00:00Z</time>
			</trkpt>
			<trkpt lat="60.26067" lon="9.05352">
				<ele>722.1170654296875</ele>
				<time>2000-01-01T00:00:00Z</time>
			</trkpt>
			<trkpt lat="60.26054" lon="9.05349">
				<ele>721.6608276367188</ele>
				<time>2000-01-01T00:00:00Z</time>
			</trkpt>
			<trkpt lat="60.26044" lon="9.05345">
				<ele>721.0225830078125</ele>
				<time>2000-01-01T00:00:00Z</time>
			</trkpt>
			<trkpt lat="60.26035" lon="9.05339">
				<ele>720.4290771484375</ele>
				<time>2000-01-01T00:00:00Z</time>
			</trkpt>
			<trkpt lat="60.2603" lon="9.05334">
				<ele>720.0792846679688</ele>
				<time>2000-01-01T00:00:00Z</time>
			</trkpt>
			<trkpt lat="60.26011" lon="9.05293">
				<ele>718.3367309570312</ele>
				<time>2000-01-01T00:00:00Z</time>
			</trkpt>
			<trkpt lat="60.25998" lon="9.05276">
				<ele>717.3665161132812</ele>
				<time>2000-01-01T00:00:00Z</time>
			</trkpt>
			<trkpt lat="60.25986" lon="9.05267">
				<ele>716.5646362304688</ele>
				<time>2000-01-01T00:00:00Z</time>
			</trkpt>
			<trkpt lat="60.259524948542634" lon="9.052498751716248">
				<ele>714.4000244140625</ele>
				<time>2000-01-01T00:00:00Z</time>
			</trkpt>
			<trkpt lat="60.25941" lon="9.05244">
				<ele>713.9320068359375</ele>
				<time>2000-01-01T00:00:00Z</time>
			</trkpt>
			<trkpt lat="60.25904" lon="9.05216">
				<ele>712.3724365234375</ele>
				<time>2000-01-01T00:00:00Z</time>
			</trkpt>
			<trkpt lat="60.25886" lon="9.05207">
				<ele>711.640625</ele>
				<time>2000-01-01T00:00:00Z</time>
			</trkpt>
			<trkpt lat="60.25857" lon="9.0521">
				<ele>710.4947509765625</ele>
				<time>2000-01-01T00:00:00Z</time>
			</trkpt>
			<trkpt lat="60.25839406672122" lon="9.05208696792535">
				<ele>709.7999877929688</ele>
				<time>2000-01-01T00:00:00Z</time>
			</trkpt>
			<trkpt lat="60.2583" lon="9.05208">
				<ele>709.4446411132812</ele>
				<time>2000-01-01T00:00:00Z</time>
			</trkpt>
			<trkpt lat="60.25819" lon="9.0521">
				<ele>709.0278930664062</ele>
				<time>2000-01-01T00:00:00Z</time>
			</trkpt>
			<trkpt lat="60.25806" lon="9.05216">
				<ele>708.5243530273438</ele>
				<time>2000-01-01T00:00:00Z</time>
			</trkpt>
			<trkpt lat="60.25789" lon="9.05228">
				<ele>707.8445434570312</ele>
				<time>2000-01-01T00:00:00Z</time>
			</trkpt>
			<trkpt lat="60.25777" lon="9.0524">
				<ele>707.3389282226562</ele>
				<time>2000-01-01T00:00:00Z</time>
			</trkpt>
			<trkpt lat="60.25757" lon="9.0527">
				<ele>706.39794921875</ele>
				<time>2000-01-01T00:00:00Z</time>
			</trkpt>
			<trkpt lat="60.25748" lon="9.0528">
				<ele>706.0100708007812</ele>
				<time>2000-01-01T00:00:00Z</time>
			</trkpt>
			<trkpt lat="60.25739" lon="9.05285">
				<ele>705.6575927734375</ele>
				<time>2000-01-01T00:00:00Z</time>
			</trkpt>
			<trkpt lat="60.25734" lon="9.05286">
				<ele>705.4679565429688</ele>
				<time>2000-01-01T00:00:00Z</time>
			</trkpt>
			<trkpt lat="60.25732228558157" lon="9.052853558491275">
				<ele>705.4000244140625</ele>
				<time>2000-01-01T00:00:00Z</time>
			</trkpt>
			<trkpt lat="60.25723" lon="9.05282">
				<ele>704.5551147460938</ele>
				<time>2000-01-01T00:00:00Z</time>
			</trkpt>
			<trkpt lat="60.25689" lon="9.05264">
				<ele>701.388916015625</ele>
				<time>2000-01-01T00:00:00Z</time>
			</trkpt>
			<trkpt lat="60.25679" lon="9.05256">
				<ele>700.4201049804688</ele>
				<time>2000-01-01T00:00:00Z</time>
			</trkpt>
			<trkpt lat="60.25659" lon="9.05223">
				<ele>698.0919189453125</ele>
				<time>2000-01-01T00:00:00Z</time>
			</trkpt>
			<trkpt lat="60.25632" lon="9.05189">
				<ele>695.2242431640625</ele>
				<time>2000-01-01T00:00:00Z</time>
			</trkpt>
			<trkpt lat="60.256287623451705" lon="9.051858418411282">
				<ele>694.9000244140625</ele>
				<time>2000-01-01T00:00:00Z</time>
			</trkpt>
			<trkpt lat="60.25591" lon="9.05149">
				<ele>693.4605102539062</ele>
				<time>2000-01-01T00:00:00Z</time>
			</trkpt>
			<trkpt lat="60.25556" lon="9.0511">
				<ele>692.0882568359375</ele>
				<time>2000-01-01T00:00:00Z</time>
			</trkpt>
			<trkpt lat="60.255232866643006" lon="9.05087100743899">
				<ele>690.9000244140625</ele>
				<time>2000-01-01T00:00:00Z</time>
			</trkpt>
			<trkpt lat="60.25506" lon="9.05075">
				<ele>690.617431640625</ele>
				<time>2000-01-01T00:00:00Z</time>
			</trkpt>
			<trkpt lat="60.25471" lon="9.05064">
				<ele>690.0704345703125</ele>
				<time>2000-01-01T00:00:00Z</time>
			</trkpt>
			<trkpt lat="60.25459" lon="9.05058">
				<ele>689.8795776367188</ele>
				<time>2000-01-01T00:00:00Z</time>
			</trkpt>
			<trkpt lat="60.25443" lon="9.05043">
				<ele>689.6070556640625</ele>
				<time>2000-01-01T00:00:00Z</time>
			</trkpt>
			<trkpt lat="60.25419" lon="9.05025">
				<ele>689.2115478515625</ele>
				<time>2000-01-01T00:00:00Z</time>
			</trkpt>
			<trkpt lat="60.254118524025344" lon="9.050228246682616">
				<ele>689.0999755859375</ele>
				<time>2000-01-01T00:00:00Z</time>
			</trkpt>
			<trkpt lat="60.25396" lon="9.05018">
				<ele>688.8799438476562</ele>
				<time>2000-01-01T00:00:00Z</time>
			</trkpt>
			<trkpt lat="60.2538" lon="9.05017">
				<ele>688.6602172851562</ele>
				<time>2000-01-01T00:00:00Z</time>
			</trkpt>
			<trkpt lat="60.25367" lon="9.05018">
				<ele>688.4816284179688</ele>
				<time>2000-01-01T00:00:00Z</time>
			</trkpt>
			<trkpt lat="60.25335" lon="9.05028">
				<ele>688.0372314453125</ele>
				<time>2000-01-01T00:00:00Z</time>
			</trkpt>
			<trkpt lat="60.25295" lon="9.05031">
				<ele>687.4603271484375</ele>
				<time>2000-01-01T00:00:00Z</time>
			</trkpt>
			<trkpt lat="60.25283" lon="9.0503">
				<ele>686.9244384765625</ele>
				<time>2000-01-01T00:00:00Z</time>
			</trkpt>
			<trkpt lat="60.25272" lon="9.05028">
				<ele>686.4319458007812</ele>
				<time>2000-01-01T00:00:00Z</time>
			</trkpt>
			<trkpt lat="60.25246" lon="9.05019">
				<ele>685.2550659179688</ele>
				<time>2000-01-01T00:00:00Z</time>
			</trkpt>
			<trkpt lat="60.25214" lon="9.0501">
				<ele>683.8137817382812</ele>
				<time>2000-01-01T00:00:00Z</time>
			</trkpt>
			<trkpt lat="60.25196" lon="9.05001">
				<ele>682.9865112304688</ele>
				<time>2000-01-01T00:00:00Z</time>
			</trkpt>
			<trkpt lat="60.251821472168295" lon="9.0498750266067">
				<ele>682.2999877929688</ele>
				<time>2000-01-01T00:00:00Z</time>
			</trkpt>
			<trkpt lat="60.25157" lon="9.04963">
				<ele>680.1434936523438</ele>
				<time>2000-01-01T00:00:00Z</time>
			</trkpt>
			<trkpt lat="60.25138" lon="9.04952">
				<ele>678.6172485351562</ele>
				<time>2000-01-01T00:00:00Z</time>
			</trkpt>
			<trkpt lat="60.25085" lon="9.0493">
				<ele>674.4393920898438</ele>
				<time>2000-01-01T00:00:00Z</time>
			</trkpt>
			<trkpt lat="60.250703400916386" lon="9.049266169534823">
				<ele>673.2999877929688</ele>
				<time>2000-01-01T00:00:00Z</time>
			</trkpt>
			<trkpt lat="60.25059" lon="9.04924">
				<ele>672.87890625</ele>
				<time>2000-01-01T00:00:00Z</time>
			</trkpt>
			<trkpt lat="60.25049" lon="9.04919">
				<ele>672.4988403320312</ele>
				<time>2000-01-01T00:00:00Z</time>
			</trkpt>
			<trkpt lat="60.25013" lon="9.04886">
				<ele>671.0400390625</ele>
				<time>2000-01-01T00:00:00Z</time>
			</trkpt>
			<trkpt lat="60.25003" lon="9.04879">
				<ele>670.6497192382812</ele>
				<time>2000-01-01T00:00:00Z</time>
			</trkpt>
			<trkpt lat="60.24993" lon="9.04874">
				<ele>670.2696533203125</ele>
				<time>2000-01-01T00:00:00Z</time>
			</trkpt>
			<trkpt lat="60.24958899876522" lon="9.048645680656225">
				<ele>669.0</ele>
				<time>2000-01-01T00:00:00Z</time>
			</trkpt>
			<trkpt lat="60.24946" lon="9.04861">
				<ele>669.0781860351562</ele>
				<time>2000-01-01T00:00:00Z</time>
			</trkpt>
			<trkpt lat="60.24902" lon="9.04841">
				<ele>669.3490600585938</ele>
				<time>2000-01-01T00:00:00Z</time>
			</trkpt>
			<trkpt lat="60.24878" lon="9.04831">
				<ele>669.4962158203125</ele>
				<time>2000-01-01T00:00:00Z</time>
			</trkpt>
			<trkpt lat="60.248453081907954" lon="9.048126607069404">
				<ele>669.7000122070312</ele>
				<time>2000-01-01T00:00:00Z</time>
			</trkpt>
			<trkpt lat="60.24837" lon="9.04808">
				<ele>669.5224609375</ele>
				<time>2000-01-01T00:00:00Z</time>
			</trkpt>
			<trkpt lat="60.24829" lon="9.04806">
				<ele>669.3565673828125</ele>
				<time>2000-01-01T00:00:00Z</time>
			</trkpt>
			<trkpt lat="60.24813" lon="9.04811">
				<ele>669.0230712890625</ele>
				<time>2000-01-01T00:00:00Z</time>
			</trkpt>
			<trkpt lat="60.24767" lon="9.04831">
				<ele>668.05419921875</ele>
				<time>2000-01-01T00:00:00Z</time>
			</trkpt>
			<trkpt lat="60.24739" lon="9.04836">
				<ele>667.4755249023438</ele>
				<time>2000-01-01T00:00:00Z</time>
			</trkpt>
			<trkpt lat="60.24731123173452" lon="9.04842564016351">
				<ele>667.2999877929688</ele>
				<time>2000-01-01T00:00:00Z</time>
			</trkpt>
			<trkpt lat="60.24727" lon="9.04846">
				<ele>667.1737060546875</ele>
				<time>2000-01-01T00:00:00Z</time>
			</trkpt>
			<trkpt lat="60.24723" lon="9.04853">
				<ele>667.0236206054688</ele>
				<time>2000-01-01T00:00:00Z</time>
			</trkpt>
			<trkpt lat="60.24718" lon="9.04848">
				<ele>666.8656616210938</ele>
				<time>2000-01-01T00:00:00Z</time>
			</trkpt>
			<trkpt lat="60.24699" lon="9.04816">
				<ele>666.1646728515625</ele>
				<time>2000-01-01T00:00:00Z</time>
			</trkpt>
			<trkpt lat="60.24689" lon="9.04806">
				<ele>665.8485717773438</ele>
				<time>2000-01-01T00:00:00Z</time>
			</trkpt>
			<trkpt lat="60.24678" lon="9.04799">
				<ele>665.5220336914062</ele>
				<time>2000-01-01T00:00:00Z</time>
			</trkpt>
			<trkpt lat="60.24669" lon="9.04795">
				<ele>665.26123046875</ele>
				<time>2000-01-01T00:00:00Z</time>
			</trkpt>
			<trkpt lat="60.24647" lon="9.0479">
				<ele>664.6343383789062</ele>
				<time>2000-01-01T00:00:00Z</time>
			</trkpt>
			<trkpt lat="60.24624590347327" lon="9.0479">
				<ele>664.0</ele>
				<time>2000-01-01T00:00:00Z</time>
			</trkpt>
			<trkpt lat="60.24619" lon="9.0479">
				<ele>663.486572265625</ele>
				<time>2000-01-01T00:00:00Z</time>
			</trkpt>
			<trkpt lat="60.24585" lon="9.04787">
				<ele>660.3627319335938</ele>
				<time>2000-01-01T00:00:00Z</time>
			</trkpt>
			<trkpt lat="60.2457" lon="9.04787">
				<ele>658.9857788085938</ele>
				<time>2000-01-01T00:00:00Z</time>
			</trkpt>
			<trkpt lat="60.24554" lon="9.0479">
				<ele>657.51123046875</ele>
				<time>2000-01-01T00:00:00Z</time>
			</trkpt>
			<trkpt lat="60.24539" lon="9.04796">
				<ele>656.1074829101562</ele>
				<time>2000-01-01T00:00:00Z</time>
			</trkpt>
			<trkpt lat="60.24509708956477" lon="9.04813728772094">
				<ele>653.2999877929688</ele>
				<time>2000-01-01T00:00:00Z</time>
			</trkpt>
			<trkpt lat="60.24501" lon="9.04819">
				<ele>652.5900268554688</ele>
				<time>2000-01-01T00:00:00Z</time>
			</trkpt>
			<trkpt lat="60.24459" lon="9.04847">
				<ele>649.13671875</ele>
				<time>2000-01-01T00:00:00Z</time>
			</trkpt>
			<trkpt lat="60.24434" lon="9.04856">
				<ele>647.1543579101562</ele>
				<time>2000-01-01T00:00:00Z</time>
			</trkpt>
			<trkpt lat="60.24422" lon="9.04856">
				<ele>646.2176513671875</ele>
				<time>2000-01-01T00:00:00Z</time>
			</trkpt>
			<trkpt lat="60.24413" lon="9.04854">
				<ele>645.5109252929688</ele>
				<time>2000-01-01T00:00:00Z</time>
			</trkpt>
			<trkpt lat="60.243969677918244" lon="9.04843933421612">
				<ele>644.2000122070312</ele>
				<time>2000-01-01T00:00:00Z</time>
			</trkpt>
			<trkpt lat="60.2437" lon="9.04827">
				<ele>640.5413208007812</ele>
				<time>2000-01-01T00:00:00Z</time>
			</trkpt>
			<trkpt lat="60.24348" lon="9.0482">
				<ele>637.6558227539062</ele>
				<time>2000-01-01T00:00:00Z</time>
			</trkpt>
			<trkpt lat="60.24318" lon="9.04816">
				<ele>633.7612915039062</ele>
				<time>2000-01-01T00:00:00Z</time>
			</trkpt>
			<trkpt lat="60.243" lon="9.04819">
				<ele>631.4212036132812</ele>
				<time>2000-01-01T00:00:00Z</time>
			</trkpt>
			<trkpt lat="60.24282255500769" lon="9.048240698041974">
				<ele>629.0999755859375</ele>
				<time>2000-01-01T00:00:00Z</time>
			</trkpt>
			<trkpt lat="60.24258" lon="9.04831">
				<ele>626.4518432617188</ele>
				<time>2000-01-01T00:00:00Z</time>
			</trkpt>
			<trkpt lat="60.24225" lon="9.04832">
				<ele>622.8844604492188</ele>
				<time>2000-01-01T00:00:00Z</time>
			</trkpt>
			<trkpt lat="60.24183" lon="9.04839">
				<ele>618.3295288085938</ele>
				<time>2000-01-01T00:00:00Z</time>
			</trkpt>
			<trkpt lat="60.24166240690208" lon="9.048437362510498">
				<ele>616.5</ele>
				<time>2000-01-01T00:00:00Z</time>
			</trkpt>
			<trkpt lat="60.24137" lon="9.04852">
				<ele>617.234619140625</ele>
				<time>2000-01-01T00:00:00Z</time>
			</trkpt>
			<trkpt lat="60.24122" lon="9.04853">
				<ele>617.6080322265625</ele>
				<time>2000-01-01T00:00:00Z</time>
			</trkpt>
			<trkpt lat="60.2411" lon="9.04851">
				<ele>617.9075927734375</ele>
				<time>2000-01-01T00:00:00Z</time>
			</trkpt>
			<trkpt lat="60.24098" lon="9.04847">
				<ele>618.2100830078125</ele>
				<time>2000-01-01T00:00:00Z</time>
			</trkpt>
			<trkpt lat="60.24052199391172" lon="9.048192324888754">
				<ele>619.4000244140625</ele>
				<time>2000-01-01T00:00:00Z</time>
			</trkpt>
			<trkpt lat="60.23971" lon="9.0477">
				<ele>619.4727172851562</ele>
				<time>2000-01-01T00:00:00Z</time>
			</trkpt>
			<trkpt lat="60.23959" lon="9.04764">
				<ele>619.4833374023438</ele>
				<time>2000-01-01T00:00:00Z</time>
			</trkpt>
			<trkpt lat="60.2393996569652" lon="9.047562957079501">
				<ele>619.5</ele>
				<time>2000-01-01T00:00:00Z</time>
			</trkpt>
			<trkpt lat="60.23917" lon="9.04747">
				<ele>617.7518920898438</ele>
				<time>2000-01-01T00:00:00Z</time>
			</trkpt>
			<trkpt lat="60.2387" lon="9.04708">
				<ele>613.9580688476562</ele>
				<time>2000-01-01T00:00:00Z</time>
			</trkpt>
			<trkpt lat="60.23856" lon="9.04696">
				<ele>612.8223876953125</ele>
				<time>2000-01-01T00:00:00Z</time>
			</trkpt>
			<trkpt lat="60.23846" lon="9.04691">
				<ele>612.0533447265625</ele>
				<time>2000-01-01T00:00:00Z</time>
			</trkpt>
			<trkpt lat="60.2384" lon="9.04689">
				<ele>611.599609375</ele>
				<time>2000-01-01T00:00:00Z</time>
			</trkpt>
			<trkpt lat="60.23829" lon="9.04689">
				<ele>610.7554931640625</ele>
				<time>2000-01-01T00:00:00Z</time>
			</trkpt>
			<trkpt lat="60.23792" lon="9.04697">
				<ele>604.9451904296875</ele>
				<time>2000-01-01T00:00:00Z</time>
			</trkpt>
			<trkpt lat="60.23755" lon="9.04709">
				<ele>599.0936889648438</ele>
				<time>2000-01-01T00:00:00Z</time>
			</trkpt>
			<trkpt lat="60.23733" lon="9.04715">
				<ele>595.627685546875</ele>
				<time>2000-01-01T00:00:00Z</time>
			</trkpt>
			<trkpt lat="60.23722" lon="9.04716">
				<ele>593.9082641601562</ele>
				<time>2000-01-01T00:00:00Z</time>
			</trkpt>
			<trkpt lat="60.23715" lon="9.04714">
				<ele>592.8049926757812</ele>
				<time>2000-01-01T00:00:00Z</time>
			</trkpt>
			<trkpt lat="60.237137879723775" lon="9.04712990011932">
				<ele>592.5999755859375</ele>
				<time>2000-01-01T00:00:00Z</time>
			</trkpt>
			<trkpt lat="60.23703" lon="9.04704">
				<ele>591.638671875</ele>
				<time>2000-01-01T00:00:00Z</time>
			</trkpt>
			<trkpt lat="60.23652" lon="9.04635">
				<ele>586.5791625976562</ele>
				<time>2000-01-01T00:00:00Z</time>
			</trkpt>
			<trkpt lat="60.23635" lon="9.04618">
				<ele>585.015869140625</ele>
				<time>2000-01-01T00:00:00Z</time>
			</trkpt>
			<trkpt lat="60.23627" lon="9.04612">
				<ele>584.313232421875</ele>
				<time>2000-01-01T00:00:00Z</time>
			</trkpt>
			<trkpt lat="60.23611369167789" lon="9.04605673324973">
				<ele>583.0</ele>
				<time>2000-01-01T00:00:00Z</time>
			</trkpt>
			<trkpt lat="60.23585" lon="9.04595">
				<ele>580.415771484375</ele>
				<time>2000-01-01T00:00:00Z</time>
			</trkpt>
			<trkpt lat="60.2354" lon="9.04568">
				<ele>575.904296875</ele>
				<time>2000-01-01T00:00:00Z</time>
			</trkpt>
			<trkpt lat="60.23515" lon="9.04556">
				<ele>573.4348754882812</ele>
				<time>2000-01-01T00:00:00Z</time>
			</trkpt>
			<trkpt lat="60.234983217305626" lon="9.045491773899471">
				<ele>571.7999877929688</ele>
				<time>2000-01-01T00:00:00Z</time>
			</trkpt>
			<trkpt lat="60.23449" lon="9.04529">
				<ele>565.5404052734375</ele>
				<time>2000-01-01T00:00:00Z</time>
			</trkpt>
			<trkpt lat="60.23408" lon="9.04515">
				<ele>560.3671264648438</ele>
				<time>2000-01-01T00:00:00Z</time>
			</trkpt>
			<trkpt lat="60.233839107009736" lon="9.04504355943148">
				<ele>557.2999877929688</ele>
				<time>2000-01-01T00:00:00Z</time>
			</trkpt>
			<trkpt lat="60.23365" lon="9.04496">
				<ele>555.622802734375</ele>
				<time>2000-01-01T00:00:00Z</time>
			</trkpt>
			<trkpt lat="60.23306" lon="9.0446">
				<ele>550.2811279296875</ele>
				<time>2000-01-01T00:00:00Z</time>
			</trkpt>
			<trkpt lat="60.23271607490906" lon="9.044417922518917">
				<ele>547.2000122070312</ele>
				<time>2000-01-01T00:00:00Z</time>
			</trkpt>
			<trkpt lat="60.23255" lon="9.04433">
				<ele>545.1527709960938</ele>
				<time>2000-01-01T00:00:00Z</time>
			</trkpt>
			<trkpt lat="60.23218" lon="9.0441">
				<ele>540.535400390625</ele>
				<time>2000-01-01T00:00:00Z</time>
			</trkpt>
			<trkpt lat="60.2316089628644" lon="9.043686912998831">
				<ele>533.2999877929688</ele>
				<time>2000-01-01T00:00:00Z</time>
			</trkpt>
			<trkpt lat="60.23124" lon="9.04342">
				<ele>531.8875732421875</ele>
				<time>2000-01-01T00:00:00Z</time>
			</trkpt>
			<trkpt lat="60.23103" lon="9.04319">
				<ele>531.026123046875</ele>
				<time>2000-01-01T00:00:00Z</time>
			</trkpt>
			<trkpt lat="60.2308" lon="9.04283">
				<ele>529.9766845703125</ele>
				<time>2000-01-01T00:00:00Z</time>
			</trkpt>
			<trkpt lat="60.23071" lon="9.04272">
				<ele>529.597412109375</ele>
				<time>2000-01-01T00:00:00Z</time>
			</trkpt>
			<trkpt lat="60.230581443527534" lon="9.042618714254772">
				<ele>529.0999755859375</ele>
				<time>2000-01-01T00:00:00Z</time>
			</trkpt>
			<trkpt lat="60.23038" lon="9.04246">
				<ele>529.4154052734375</ele>
				<time>2000-01-01T00:00:00Z</time>
			</trkpt>
			<trkpt lat="60.23022" lon="9.04238">
				<ele>529.6558227539062</ele>
				<time>2000-01-01T00:00:00Z</time>
			</trkpt>
			<trkpt lat="60.22992" lon="9.04219">
				<ele>530.1144409179688</ele>
				<time>2000-01-01T00:00:00Z</time>
			</trkpt>
			<trkpt lat="60.22978" lon="9.04216">
				<ele>530.3197021484375</ele>
				<time>2000-01-01T00:00:00Z</time>
			</trkpt>
			<trkpt lat="60.22966" lon="9.04216">
				<ele>530.4946899414062</ele>
				<time>2000-01-01T00:00:00Z</time>
			</trkpt>
			<trkpt lat="60.22959" lon="9.04219">
				<ele>530.5990600585938</ele>
				<time>2000-01-01T00:00:00Z</time>
			</trkpt>
			<trkpt lat="60.22946247488551" lon="9.042294892456914">
				<ele>530.7999877929688</ele>
				<time>2000-01-01T00:00:00Z</time>
			</trkpt>
			<trkpt lat="60.22897" lon="9.0427">
				<ele>533.0360717773438</ele>
				<time>2000-01-01T00:00:00Z</time>
			</trkpt>
			<trkpt lat="60.22856" lon="9.04295">
				<ele>534.8369750976562</ele>
				<time>2000-01-01T00:00:00Z</time>
			</trkpt>
			<trkpt lat="60.22836025766191" lon="9.04304587627901">
				<ele>535.7000122070312</ele>
				<time>2000-01-01T00:00:00Z</time>
			</trkpt>
			<trkpt lat="60.22831" lon="9.04307">
				<ele>535.775390625</ele>
				<time>2000-01-01T00:00:00Z</time>
			</trkpt>
			<trkpt lat="60.22803" lon="9.04316">
				<ele>536.1888427734375</ele>
				<time>2000-01-01T00:00:00Z</time>
			</trkpt>
			<trkpt lat="60.22791" lon="9.04318">
				<ele>536.3644409179688</ele>
				<time>2000-01-01T00:00:00Z</time>
			</trkpt>
			<trkpt lat="60.22781" lon="9.04319">
				<ele>536.5104370117188</ele>
				<time>2000-01-01T00:00:00Z</time>
			</trkpt>
			<trkpt lat="60.22758" lon="9.04314">
				<ele>536.847900390625</ele>
				<time>2000-01-01T00:00:00Z</time>
			</trkpt>
			<trkpt lat="60.22738" lon="9.04306">
				<ele>537.145263671875</ele>
				<time>2000-01-01T00:00:00Z</time>
			</trkpt>
			<trkpt lat="60.2272141489774" lon="9.042949438253704">
				<ele>537.4000244140625</ele>
				<time>2000-01-01T00:00:00Z</time>
			</trkpt>
			<trkpt lat="60.22672" lon="9.04262">
				<ele>536.7748413085938</ele>
				<time>2000-01-01T00:00:00Z</time>
			</trkpt>
			<trkpt lat="60.22651" lon="9.04249">
				<ele>536.510986328125</ele>
				<time>2000-01-01T00:00:00Z</time>
			</trkpt>
			<trkpt lat="60.22633" lon="9.04241">
				<ele>536.28955078125</ele>
				<time>2000-01-01T00:00:00Z</time>
			</trkpt>
			<trkpt lat="60.22614" lon="9.04235">
				<ele>536.0586547851562</ele>
				<time>2000-01-01T00:00:00Z</time>
			</trkpt>
			<trkpt lat="60.226091491564354" lon="9.04233903869759">
				<ele>536.0</ele>
				<time>2000-01-01T00:00:00Z</time>
			</trkpt>
			<trkpt lat="60.22493312061929" lon="9.042076448348068">
				<ele>535.5999755859375</ele>
				<time>2000-01-01T00:00:00Z</time>
			</trkpt>
			<trkpt lat="60.22389" lon="9.04184">
				<ele>533.4389038085938</ele>
				<time>2000-01-01T00:00:00Z</time>
			</trkpt>
			<trkpt lat="60.22377483596129" lon="9.041811209316615">
				<ele>533.2000122070312</ele>
				<time>2000-01-01T00:00:00Z</time>
			</trkpt>
			<trkpt lat="60.22357" lon="9.04176">
				<ele>530.9155883789062</ele>
				<time>2000-01-01T00:00:00Z</time>
			</trkpt>
			<trkpt lat="60.22336" lon="9.04173">
				<ele>528.5857543945312</ele>
				<time>2000-01-01T00:00:00Z</time>
			</trkpt>
			<trkpt lat="60.22321" lon="9.04166">
				<ele>526.8818969726562</ele>
				<time>2000-01-01T00:00:00Z</time>
			</trkpt>
			<trkpt lat="60.22275" lon="9.04126">
				<ele>521.3372192382812</ele>
				<time>2000-01-01T00:00:00Z</time>
			</trkpt>
			<trkpt lat="60.222667905738064" lon="9.041168988901811">
				<ele>520.2999877929688</ele>
				<time>2000-01-01T00:00:00Z</time>
			</trkpt>
			<trkpt lat="60.22229" lon="9.04075">
				<ele>518.2644653320312</ele>
				<time>2000-01-01T00:00:00Z</time>
			</trkpt>
			<trkpt lat="60.22193" lon="9.04045">
				<ele>516.4263305664062</ele>
				<time>2000-01-01T00:00:00Z</time>
			</trkpt>
			<trkpt lat="60.22175" lon="9.04032">
				<ele>515.5238647460938</ele>
				<time>2000-01-01T00:00:00Z</time>
			</trkpt>
			<trkpt lat="60.22159882817603" lon="9.040267089889023">
				<ele>514.7999877929688</ele>
				<time>2000-01-01T00:00:00Z</time>
			</trkpt>
			<trkpt lat="60.22155" lon="9.04025">
				<ele>514.1370239257812</ele>
				<time>2000-01-01T00:00:00Z</time>
			</trkpt>
			<trkpt lat="60.22108" lon="9.04014">
				<ele>507.8047790527344</ele>
				<time>2000-01-01T00:00:00Z</time>
			</trkpt>
			<trkpt lat="60.22092" lon="9.04008">
				<ele>505.62615966796875</ele>
				<time>2000-01-01T00:00:00Z</time>
			</trkpt>
			<trkpt lat="60.22045341765292" lon="9.03985128320203">
				<ele>499.20001220703125</ele>
				<time>2000-01-01T00:00:00Z</time>
			</trkpt>
			<trkpt lat="60.22041" lon="9.03983">
				<ele>498.6749267578125</ele>
				<time>2000-01-01T00:00:00Z</time>
			</trkpt>
			<trkpt lat="60.21979" lon="9.03947">
				<ele>491.0912170410156</ele>
				<time>2000-01-01T00:00:00Z</time>
			</trkpt>
			<trkpt lat="60.21959" lon="9.03927">
				<ele>488.4666748046875</ele>
				<time>2000-01-01T00:00:00Z</time>
			</trkpt>
			<trkpt lat="60.21937290461538" lon="9.039010692828601">
				<ele>485.5</ele>
				<time>2000-01-01T00:00:00Z</time>
			</trkpt>
			<trkpt lat="60.21923" lon="9.03884">
				<ele>482.4930725097656</ele>
				<time>2000-01-01T00:00:00Z</time>
			</trkpt>
			<trkpt lat="60.21911" lon="9.03876">
				<ele>480.2042541503906</ele>
				<time>2000-01-01T00:00:00Z</time>
			</trkpt>
			<trkpt lat="60.21902" lon="9.03873">
				<ele>478.5530090332031</ele>
				<time>2000-01-01T00:00:00Z</time>
			</trkpt>
			<trkpt lat="60.21883" lon="9.03871">
				<ele>475.1097106933594</ele>
				<time>2000-01-01T00:00:00Z</time>
			</trkpt>
			<trkpt lat="60.21835" lon="9.03873">
				<ele>466.4197082519531</ele>
				<time>2000-01-01T00:00:00Z</time>
			</trkpt>
			<trkpt lat="60.21823844920414" lon="9.03872323943401">
				<ele>464.3999938964844</ele>
				<time>2000-01-01T00:00:00Z</time>
			</trkpt>
			<trkpt lat="60.21802" lon="9.03871">
				<ele>462.525390625</ele>
				<time>2000-01-01T00:00:00Z</time>
			</trkpt>
			<trkpt lat="60.21787" lon="9.03872">
				<ele>461.2379150390625</ele>
				<time>2000-01-01T00:00:00Z</time>
			</trkpt>
			<trkpt lat="60.21717" lon="9.03881">
				<ele>455.22015380859375</ele>
				<time>2000-01-01T00:00:00Z</time>
			</trkpt>
			<trkpt lat="60.21707436894867" lon="9.03881">
				<ele>454.3999938964844</ele>
				<time>2000-01-01T00:00:00Z</time>
			</trkpt>
			<trkpt lat="60.21704" lon="9.03881">
				<ele>454.11083984375</ele>
				<time>2000-01-01T00:00:00Z</time>
			</trkpt>
			<trkpt lat="60.21642" lon="9.03852">
				<ele>448.7596130371094</ele>
				<time>2000-01-01T00:00:00Z</time>
			</trkpt>
			<trkpt lat="60.21596" lon="9.03825">
				<ele>444.7314453125</ele>
				<time>2000-01-01T00:00:00Z</time>
			</trkpt>
			<trkpt lat="60.21594444273707" lon="9.038246542868519">
				<ele>444.6000061035156</ele>
				<time>2000-01-01T00:00:00Z</time>
			</trkpt>
			<trkpt lat="60.21587" lon="9.03823">
				<ele>443.6426086425781</ele>
				<time>2000-01-01T00:00:00Z</time>
			</trkpt>
			<trkpt lat="60.21562" lon="9.03822">
				<ele>440.4462585449219</ele>
				<time>2000-01-01T00:00:00Z</time>
			</trkpt>
			<trkpt lat="60.21523" lon="9.03814">
				<ele>435.43548583984375</ele>
				<time>2000-01-01T00:00:00Z</time>
			</trkpt>
			<trkpt lat="60.21489" lon="9.03804">
				<ele>431.0437316894531</ele>
				<time>2000-01-01T00:00:00Z</time>
			</trkpt>
			<trkpt lat="60.21479231597942" lon="9.037961856356082">
				<ele>429.70001220703125</ele>
				<time>2000-01-01T00:00:00Z</time>
			</trkpt>
			<trkpt lat="60.21444" lon="9.03768">
				<ele>428.496826171875</ele>
				<time>2000-01-01T00:00:00Z</time>
			</trkpt>
			<trkpt lat="60.21432" lon="9.03757">
				<ele>428.0782470703125</ele>
				<time>2000-01-01T00:00:00Z</time>
			</trkpt>
			<trkpt lat="60.21412" lon="9.037">
				<ele>426.97802734375</ele>
				<time>2000-01-01T00:00:00Z</time>
			</trkpt>
			<trkpt lat="60.213893046948314" lon="9.036580482381586">
				<ele>426.0</ele>
				<time>2000-01-01T00:00:00Z</time>
			</trkpt>
			<trkpt lat="60.21379" lon="9.03639">
				<ele>425.5198059082031</ele>
				<time>2000-01-01T00:00:00Z</time>
			</trkpt>
			<trkpt lat="60.21363" lon="9.03618">
				<ele>424.8644104003906</ele>
				<time>2000-01-01T00:00:00Z</time>
			</trkpt>
			<trkpt lat="60.21339" lon="9.03597">
				<ele>423.96649169921875</ele>
				<time>2000-01-01T00:00:00Z</time>
			</trkpt>
			<trkpt lat="60.21323" lon="9.0359">
				<ele>423.40478515625</ele>
				<time>2000-01-01T00:00:00Z</time>
			</trkpt>
			<trkpt lat="60.21313" lon="9.03588">
				<ele>423.0597839355469</ele>
				<time>2000-01-01T00:00:00Z</time>
			</trkpt>
			<trkpt lat="60.21282113947427" lon="9.03588">
				<ele>422.0</ele>
				<time>2000-01-01T00:00:00Z</time>
			</trkpt>
			<trkpt lat="60.21276" lon="9.03588">
				<ele>421.6852722167969</ele>
				<time>2000-01-01T00:00:00Z</time>
			</trkpt>
			<trkpt lat="60.21264" lon="9.03585">
				<ele>421.06298828125</ele>
				<time>2000-01-01T00:00:00Z</time>
			</trkpt>
			<trkpt lat="60.21253" lon="9.03581">
				<ele>420.4875793457031</ele>
				<time>2000-01-01T00:00:00Z</time>
			</trkpt>
			<trkpt lat="60.21214" lon="9.03558">
				<ele>418.3957824707031</ele>
				<time>2000-01-01T00:00:00Z</time>
			</trkpt>
			<trkpt lat="60.21195" lon="9.0355">
				<ele>417.39654541015625</ele>
				<time>2000-01-01T00:00:00Z</time>
			</trkpt>
			<trkpt lat="60.21167964990428" lon="9.035453387916679">
				<ele>416.0</ele>
				<time>2000-01-01T00:00:00Z</time>
			</trkpt>
			<trkpt lat="60.21166" lon="9.03545">
				<ele>415.9593811035156</ele>
				<time>2000-01-01T00:00:00Z</time>
			</trkpt>
			<trkpt lat="60.21133" lon="9.03543">
				<ele>415.27972412109375</ele>
				<time>2000-01-01T00:00:00Z</time>
			</trkpt>
			<trkpt lat="60.2111" lon="9.03537">
				<ele>414.8022155761719</ele>
				<time>2000-01-01T00:00:00Z</time>
			</trkpt>
			<trkpt lat="60.21077" lon="9.03522">
				<ele>414.1056823730469</ele>
				<time>2000-01-01T00:00:00Z</time>
			</trkpt>
			<trkpt lat="60.210535544240884" lon="9.035072892157691">
				<ele>413.6000061035156</ele>
				<time>2000-01-01T00:00:00Z</time>
			</trkpt>
			<trkpt lat="60.21026" lon="9.0349">
				<ele>412.5600891113281</ele>
				<time>2000-01-01T00:00:00Z</time>
			</trkpt>
			<trkpt lat="60.20986" lon="9.03469">
				<ele>411.0705261230469</ele>
				<time>2000-01-01T00:00:00Z</time>
			</trkpt>
			<trkpt lat="60.20951" lon="9.03456">
				<ele>409.78826904296875</ele>
				<time>2000-01-01T00:00:00Z</time>
			</trkpt>
			<trkpt lat="60.20940284028849" lon="9.03453688820201">
				<ele>409.3999938964844</ele>
				<time>2000-01-01T00:00:00Z</time>
			</trkpt>
			<trkpt lat="60.209" lon="9.03445">
				<ele>408.0445861816406</ele>
				<time>2000-01-01T00:00:00Z</time>
			</trkpt>
			<trkpt lat="60.20882" lon="9.03439">
				<ele>407.4342041015625</ele>
				<time>2000-01-01T00:00:00Z</time>
			</trkpt>
			<trkpt lat="60.20865" lon="9.03427">
				<ele>406.8314514160156</ele>
				<time>2000-01-01T00:00:00Z</time>
			</trkpt>
			<trkpt lat="60.20847" lon="9.0341">
				<ele>406.1664123535156</ele>
				<time>2000-01-01T00:00:00Z</time>
			</trkpt>
			<trkpt lat="60.20829711958822" lon="9.033900926892763">
				<ele>405.5</ele>
				<time>2000-01-01T00:00:00Z</time>
			</trkpt>
			<trkpt lat="60.20814" lon="9.03372">
				<ele>405.23602294921875</ele>
				<time>2000-01-01T00:00:00Z</time>
			</trkpt>
			<trkpt lat="60.20799" lon="9.03359">
				<ele>404.997802734375</ele>
				<time>2000-01-01T00:00:00Z</time>
			</trkpt>
			<trkpt lat="60.2079" lon="9.03354">
				<ele>404.86163330078125</ele>
				<time>2000-01-01T00:00:00Z</time>
			</trkpt>
			<trkpt lat="60.20774" lon="9.03346">
				<ele>404.62127685546875</ele>
				<time>2000-01-01T00:00:00Z</time>
			</trkpt>
			<trkpt lat="60.20765" lon="9.03343">
				<ele>404.48822021484375</ele>
				<time>2000-01-01T00:00:00Z</time>
			</trkpt>
			<trkpt lat="60.20718032455386" lon="9.033337906785615">
				<ele>403.79998779296875</ele>
				<time>2000-01-01T00:00:00Z</time>
			</trkpt>
			<trkpt lat="60.20714" lon="9.03333">
				<ele>403.80694580078125</ele>
				<time>2000-01-01T00:00:00Z</time>
			</trkpt>
			<trkpt lat="60.20696" lon="9.03327">
				<ele>403.8382568359375</ele>
				<time>2000-01-01T00:00:00Z</time>
			</trkpt>
			<trkpt lat="60.20677" lon="9.03315">
				<ele>403.8724060058594</ele>
				<time>2000-01-01T00:00:00Z</time>
			</trkpt>
			<trkpt lat="60.20632" lon="9.03282">
				<ele>403.95458984375</ele>
				<time>2000-01-01T00:00:00Z</time>
			</trkpt>
			<trkpt lat="60.20606736830026" lon="9.032661371495688">
				<ele>404.0</ele>
				<time>2000-01-01T00:00:00Z</time>
			</trkpt>
			<trkpt lat="60.20589" lon="9.03255">
				<ele>404.0637512207031</ele>
				<time>2000-01-01T00:00:00Z</time>
			</trkpt>
			<trkpt lat="60.20493902194884" lon="9.032074524161292">
				<ele>404.3999938964844</ele>
				<time>2000-01-01T00:00:00Z</time>
			</trkpt>
			<trkpt lat="60.20405" lon="9.03163">
				<ele>401.4924011230469</ele>
				<time>2000-01-01T00:00:00Z</time>
			</trkpt>
			<trkpt lat="60.20380839703957" lon="9.031503586438225">
				<ele>400.70001220703125</ele>
				<time>2000-01-01T00:00:00Z</time>
			</trkpt>
			<trkpt lat="60.20319" lon="9.03118">
				<ele>397.9046936035156</ele>
				<time>2000-01-01T00:00:00Z</time>
			</trkpt>
			<trkpt lat="60.20309" lon="9.03112">
				<ele>397.4481506347656</ele>
				<time>2000-01-01T00:00:00Z</time>
			</trkpt>
			<trkpt lat="60.20267865122064" lon="9.030926427085289">
				<ele>395.6000061035156</ele>
				<time>2000-01-01T00:00:00Z</time>
			</trkpt>
			<trkpt lat="60.20224" lon="9.03072">
				<ele>393.0105895996094</ele>
				<time>2000-01-01T00:00:00Z</time>
			</trkpt>
			<trkpt lat="60.20177" lon="9.03048">
				<ele>390.223876953125</ele>
				<time>2000-01-01T00:00:00Z</time>
			</trkpt>
			<trkpt lat="60.20155296265815" lon="9.030324974397425">
				<ele>388.8999938964844</ele>
				<time>2000-01-01T00:00:00Z</time>
			</trkpt>
			<trkpt lat="60.20135" lon="9.03018">
				<ele>388.160888671875</ele>
				<time>2000-01-01T00:00:00Z</time>
			</trkpt>
			<trkpt lat="60.20061" lon="9.02955">
				<ele>385.4037780761719</ele>
				<time>2000-01-01T00:00:00Z</time>
			</trkpt>
			<trkpt lat="60.200472433639476" lon="9.029446825788856">
				<ele>384.8999938964844</ele>
				<time>2000-01-01T00:00:00Z</time>
			</trkpt>
			<trkpt lat="60.20033" lon="9.02934">
				<ele>383.7523193359375</ele>
				<time>2000-01-01T00:00:00Z</time>
			</trkpt>
			<trkpt lat="60.19999" lon="9.02913">
				<ele>381.06781005859375</ele>
				<time>2000-01-01T00:00:00Z</time>
			</trkpt>
			<trkpt lat="60.19972" lon="9.02902">
				<ele>378.988037109375</ele>
				<time>2000-01-01T00:00:00Z</time>
			</trkpt>
			<trkpt lat="60.19947" lon="9.02886">
				<ele>377.0074462890625</ele>
				<time>2000-01-01T00:00:00Z</time>
			</trkpt>
			<trkpt lat="60.19941" lon="9.02873">
				<ele>376.3418273925781</ele>
				<time>2000-01-01T00:00:00Z</time>
			</trkpt>
			<trkpt lat="60.199393137531466" lon="9.028675197219032">
				<ele>376.1000061035156</ele>
				<time>2000-01-01T00:00:00Z</time>
			</trkpt>
			<trkpt lat="60.19937" lon="9.0286">
				<ele>376.0245361328125</ele>
				<time>2000-01-01T00:00:00Z</time>
			</trkpt>
			<trkpt lat="60.19929" lon="9.02791">
				<ele>375.4204406738281</ele>
				<time>2000-01-01T00:00:00Z</time>
			</trkpt>
			<trkpt lat="60.19925" lon="9.02775">
				<ele>375.2677307128906</ele>
				<time>2000-01-01T00:00:00Z</time>
			</trkpt>
			<trkpt lat="60.19915" lon="9.02754">
				<ele>375.019775390625</ele>
				<time>2000-01-01T00:00:00Z</time>
			</trkpt>
			<trkpt lat="60.19907" lon="9.02744">
				<ele>374.8582458496094</ele>
				<time>2000-01-01T00:00:00Z</time>
			</trkpt>
			<trkpt lat="60.19888" lon="9.02725">
				<ele>374.49420166015625</ele>
				<time>2000-01-01T00:00:00Z</time>
			</trkpt>
			<trkpt lat="60.19877" lon="9.02718">
				<ele>374.29620361328125</ele>
				<time>2000-01-01T00:00:00Z</time>
			</trkpt>
			<trkpt lat="60.1987" lon="9.02715">
				<ele>374.1734313964844</ele>
				<time>2000-01-01T00:00:00Z</time>
			</trkpt>
			<trkpt lat="60.19865717076513" lon="9.02715">
				<ele>374.1000061035156</ele>
				<time>2000-01-01T00:00:00Z</time>
			</trkpt>
			<trkpt lat="60.19863" lon="9.02715">
				<ele>374.0953369140625</ele>
				<time>2000-01-01T00:00:00Z</time>
			</trkpt>
			<trkpt lat="60.19815" lon="9.02722">
				<ele>374.01275634765625</ele>
				<time>2000-01-01T00:00:00Z</time>
			</trkpt>
			<trkpt lat="60.19804" lon="9.02721">
				<ele>373.9938659667969</ele>
				<time>2000-01-01T00:00:00Z</time>
			</trkpt>
			<trkpt lat="60.19793" lon="9.02718">
				<ele>373.9748229980469</ele>
				<time>2000-01-01T00:00:00Z</time>
			</trkpt>
			<trkpt lat="60.19766" lon="9.02707">
				<ele>373.92755126953125</ele>
				<time>2000-01-01T00:00:00Z</time>
			</trkpt>
			<trkpt lat="60.19750495648718" lon="9.02698527587128">
				<ele>373.8999938964844</ele>
				<time>2000-01-01T00:00:00Z</time>
			</trkpt>
			<trkpt lat="60.1968" lon="9.0266">
				<ele>372.2705993652344</ele>
				<time>2000-01-01T00:00:00Z</time>
			</trkpt>
			<trkpt lat="60.19672" lon="9.02658">
				<ele>372.0908203125</ele>
				<time>2000-01-01T00:00:00Z</time>
			</trkpt>
			<trkpt lat="60.19662" lon="9.02662">
				<ele>371.86346435546875</ele>
				<time>2000-01-01T00:00:00Z</time>
			</trkpt>
			<trkpt lat="60.19640393512798" lon="9.026883328361404">
				<ele>371.29998779296875</ele>
				<time>2000-01-01T00:00:00Z</time>
			</trkpt>
			<trkpt lat="60.1963" lon="9.02701">
				<ele>370.65362548828125</ele>
				<time>2000-01-01T00:00:00Z</time>
			</trkpt>
			<trkpt lat="60.19608" lon="9.02722">
				<ele>369.3583679199219</ele>
				<time>2000-01-01T00:00:00Z</time>
			</trkpt>
			<trkpt lat="60.19592" lon="9.02735">
				<ele>368.4407653808594</ele>
				<time>2000-01-01T00:00:00Z</time>
			</trkpt>
			<trkpt lat="60.19569" lon="9.02748">
				<ele>367.17022705078125</ele>
				<time>2000-01-01T00:00:00Z</time>
			</trkpt>
			<trkpt lat="60.19561" lon="9.02749">
				<ele>366.7437744140625</ele>
				<time>2000-01-01T00:00:00Z</time>
			</trkpt>
			<trkpt lat="60.19555" lon="9.02746">
				<ele>366.4148864746094</ele>
				<time>2000-01-01T00:00:00Z</time>
			</trkpt>
			<trkpt lat="60.19549" lon="9.02732">
				<ele>365.92633056640625</ele>
				<time>2000-01-01T00:00:00Z</time>
			</trkpt>
			<trkpt lat="60.19544406604313" lon="9.027021433526718">
				<ele>365.1000061035156</ele>
				<time>2000-01-01T00:00:00Z</time>
			</trkpt>
			<trkpt lat="60.19541" lon="9.0268">
				<ele>364.7244567871094</ele>
				<time>2000-01-01T00:00:00Z</time>
			</trkpt>
			<trkpt lat="60.19538" lon="9.02654">
				<ele>364.2918395996094</ele>
				<time>2000-01-01T00:00:00Z</time>
			</trkpt>
			<trkpt lat="60.1954" lon="9.02615">
				<ele>363.65673828125</ele>
				<time>2000-01-01T00:00:00Z</time>
			</trkpt>
			<trkpt lat="60.19543" lon="9.02594">
				<ele>363.3027038574219</ele>
				<time>2000-01-01T00:00:00Z</time>
			</trkpt>
			<trkpt lat="60.19548" lon="9.02571">
				<ele>362.8959045410156</ele>
				<time>2000-01-01T00:00:00Z</time>
			</trkpt>
			<trkpt lat="60.1956" lon="9.02536">
				<ele>362.2069091796875</ele>
				<time>2000-01-01T00:00:00Z</time>
			</trkpt>
			<trkpt lat="60.19577" lon="9.02494">
				<ele>361.3291931152344</ele>
				<time>2000-01-01T00:00:00Z</time>
			</trkpt>
			<trkpt lat="60.19577464621506" lon="9.024924511415248">
				<ele>361.29998779296875</ele>
				<time>2000-01-01T00:00:00Z</time>
			</trkpt>
			<trkpt lat="60.19583" lon="9.02474">
				<ele>361.3091735839844</ele>
				<time>2000-01-01T00:00:00Z</time>
			</trkpt>
			<trkpt lat="60.19587" lon="9.02437">
				<ele>361.3253173828125</ele>
				<time>2000-01-01T00:00:00Z</time>
			</trkpt>
			<trkpt lat="60.19585" lon="9.02413">
				<ele>361.335693359375</ele>
				<time>2000-01-01T00:00:00Z</time>
			</trkpt>
			<trkpt lat="60.19579" lon="9.02374">
				<ele>361.3531188964844</ele>
				<time>2000-01-01T00:00:00Z</time>
			</trkpt>
			<trkpt lat="60.19569" lon="9.02324">
				<ele>361.3760986328125</ele>
				<time>2000-01-01T00:00:00Z</time>
			</trkpt>
			<trkpt lat="60.19553" lon="9.02279">
				<ele>361.3996887207031</ele>
				<time>2000-01-01T00:00:00Z</time>
			</trkpt>
			<trkpt lat="60.19547" lon="9.02267">
				<ele>361.3722229003906</ele>
				<time>2000-01-01T00:00:00Z</time>
			</trkpt>
			<trkpt lat="60.19537" lon="9.02253">
				<ele>361.3304138183594</ele>
				<time>2000-01-01T00:00:00Z</time>
			</trkpt>
			<trkpt lat="60.19447057099194" lon="9.021838133915837">
				<ele>361.0</ele>
				<time>2000-01-01T00:00:00Z</time>
			</trkpt>
			<trkpt lat="60.1942" lon="9.02163">
				<ele>360.5030212402344</ele>
				<time>2000-01-01T00:00:00Z</time>
			</trkpt>
			<trkpt lat="60.1933859860727" lon="9.020978789201752">
				<ele>359.0</ele>
				<time>2000-01-01T00:00:00Z</time>
			</trkpt>
			<trkpt lat="60.1933" lon="9.02091">
				<ele>358.618896484375</ele>
				<time>2000-01-01T00:00:00Z</time>
			</trkpt>
			<trkpt lat="60.19307" lon="9.02078">
				<ele>357.6352844238281</ele>
				<time>2000-01-01T00:00:00Z</time>
			</trkpt>
			<trkpt lat="60.19289" lon="9.02074">
				<ele>356.889404296875</ele>
				<time>2000-01-01T00:00:00Z</time>
			</trkpt>
			<trkpt lat="60.19269" lon="9.02075">
				<ele>356.0657043457031</ele>
				<time>2000-01-01T00:00:00Z</time>
			</trkpt>
			<trkpt lat="60.19247" lon="9.02081">
				<ele>355.151611328125</ele>
				<time>2000-01-01T00:00:00Z</time>
			</trkpt>
			<trkpt lat="60.19224406861673" lon="9.020907560633843">
				<ele>354.20001220703125</ele>
				<time>2000-01-01T00:00:00Z</time>
			</trkpt>
			<trkpt lat="60.19203" lon="9.021">
				<ele>353.3360595703125</ele>
				<time>2000-01-01T00:00:00Z</time>
			</trkpt>
			<trkpt lat="60.19153" lon="9.02124">
				<ele>351.3076171875</ele>
				<time>2000-01-01T00:00:00Z</time>
			</trkpt>
			<trkpt lat="60.19110679156409" lon="9.021421374974704">
				<ele>349.6000061035156</ele>
				<time>2000-01-01T00:00:00Z</time>
			</trkpt>
			<trkpt lat="60.19104" lon="9.02145">
				<ele>349.33050537109375</ele>
				<time>2000-01-01T00:00:00Z</time>
			</trkpt>
			<trkpt lat="60.19085" lon="9.02148">
				<ele>348.5784606933594</ele>
				<time>2000-01-01T00:00:00Z</time>
			</trkpt>
			<trkpt lat="60.19072" lon="9.02146">
				<ele>348.0641174316406</ele>
				<time>2000-01-01T00:00:00Z</time>
			</trkpt>
			<trkpt lat="60.19056" lon="9.0214">
				<ele>347.4217224121094</ele>
				<time>2000-01-01T00:00:00Z</time>
			</trkpt>
			<trkpt lat="60.18996207194532" lon="9.021121513251614">
				<ele>345.0</ele>
				<time>2000-01-01T00:00:00Z</time>
			</trkpt>
			<trkpt lat="60.18983" lon="9.02106">
				<ele>344.7325439453125</ele>
				<time>2000-01-01T00:00:00Z</time>
			</trkpt>
			<trkpt lat="60.18884431767065" lon="9.02045795048948">
				<ele>342.70001220703125</ele>
				<time>2000-01-01T00:00:00Z</time>
			</trkpt>
			<trkpt lat="60.18798" lon="9.01993">
				<ele>338.4378967285156</ele>
				<time>2000-01-01T00:00:00Z</time>
			</trkpt>
			<trkpt lat="60.18773593650862" lon="9.01973618517597">
				<ele>337.20001220703125</ele>
				<time>2000-01-01T00:00:00Z</time>
			</trkpt>
			<trkpt lat="60.18764" lon="9.01966">
				<ele>336.6339111328125</ele>
				<time>2000-01-01T00:00:00Z</time>
			</trkpt>
			<trkpt lat="60.18672" lon="9.01881">
				<ele>331.0750427246094</ele>
				<time>2000-01-01T00:00:00Z</time>
			</trkpt>
			<trkpt lat="60.18667742277579" lon="9.018756779234208">
				<ele>330.79998779296875</ele>
				<time>2000-01-01T00:00:00Z</time>
			</trkpt>
			<trkpt lat="60.18656" lon="9.01861">
				<ele>328.21435546875</ele>
				<time>2000-01-01T00:00:00Z</time>
			</trkpt>
			<trkpt lat="60.18646" lon="9.01842">
				<ele>325.6416931152344</ele>
				<time>2000-01-01T00:00:00Z</time>
			</trkpt>
			<trkpt lat="60.18639" lon="9.01825">
				<ele>323.5900573730469</ele>
				<time>2000-01-01T00:00:00Z</time>
			</trkpt>
			<trkpt lat="60.18636" lon="9.01813">
				<ele>322.3414306640625</ele>
				<time>2000-01-01T00:00:00Z</time>
			</trkpt>
			<trkpt lat="60.18634" lon="9.01786">
				<ele>319.80255126953125</ele>
				<time>2000-01-01T00:00:00Z</time>
			</trkpt>
			<trkpt lat="60.18637" lon="9.01746">
				<ele>316.0423278808594</ele>
				<time>2000-01-01T00:00:00Z</time>
			</trkpt>
			<trkpt lat="60.18648842292701" lon="9.016741000634026">
				<ele>309.0</ele>
				<time>2000-01-01T00:00:00Z</time>
			</trkpt>
			<trkpt lat="60.18651" lon="9.01661">
				<ele>308.3234558105469</ele>
				<time>2000-01-01T00:00:00Z</time>
			</trkpt>
			<trkpt lat="60.18652" lon="9.01632">
				<ele>306.8970031738281</ele>
				<time>2000-01-01T00:00:00Z</time>
			</trkpt>
			<trkpt lat="60.1865" lon="9.01618">
				<ele>306.1827392578125</ele>
				<time>2000-01-01T00:00:00Z</time>
			</trkpt>
			<trkpt lat="60.18643" lon="9.01595">
				<ele>304.85980224609375</ele>
				<time>2000-01-01T00:00:00Z</time>
			</trkpt>
			<trkpt lat="60.18631" lon="9.01574">
				<ele>303.290771484375</ele>
				<time>2000-01-01T00:00:00Z</time>
			</trkpt>
			<trkpt lat="60.18599" lon="9.01532">
				<ele>299.52142333984375</ele>
				<time>2000-01-01T00:00:00Z</time>
			</trkpt>
			<trkpt lat="60.18584" lon="9.01517">
				<ele>297.8687744140625</ele>
				<time>2000-01-01T00:00:00Z</time>
			</trkpt>
			<trkpt lat="60.18580286026466" lon="9.015161746744702">
				<ele>297.5</ele>
				<time>2000-01-01T00:00:00Z</time>
			</trkpt>
			<trkpt lat="60.18575" lon="9.01515">
				<ele>297.2400817871094</ele>
				<time>2000-01-01T00:00:00Z</time>
			</trkpt>
			<trkpt lat="60.18567" lon="9.01519">
				<ele>296.8367919921875</ele>
				<time>2000-01-01T00:00:00Z</time>
			</trkpt>
			<trkpt lat="60.1852" lon="9.01559">
				<ele>294.3413391113281</ele>
				<time>2000-01-01T00:00:00Z</time>
			</trkpt>
			<trkpt lat="60.18514" lon="9.01568">
				<ele>293.97540283203125</ele>
				<time>2000-01-01T00:00:00Z</time>
			</trkpt>
			<trkpt lat="60.18512" lon="9.01577">
				<ele>293.7355651855469</ele>
				<time>2000-01-01T00:00:00Z</time>
			</trkpt>
			<trkpt lat="60.1851" lon="9.01589">
				<ele>293.4280700683594</ele>
				<time>2000-01-01T00:00:00Z</time>
			</trkpt>
			<trkpt lat="60.1851" lon="9.01605">
				<ele>293.0390625</ele>
				<time>2000-01-01T00:00:00Z</time>
			</trkpt>
			<trkpt lat="60.184859485096794" lon="9.016210343173114">
				<ele>291.79998779296875</ele>
				<time>2000-01-01T00:00:00Z</time>
			</trkpt>
			<trkpt lat="60.1848" lon="9.01625">
				<ele>291.55804443359375</ele>
				<time>2000-01-01T00:00:00Z</time>
			</trkpt>
			<trkpt lat="60.18432" lon="9.01653">
				<ele>289.62872314453125</ele>
				<time>2000-01-01T00:00:00Z</time>
			</trkpt>
			<trkpt lat="60.18407" lon="9.01663">
				<ele>288.64459228515625</ele>
				<time>2000-01-01T00:00:00Z</time>
			</trkpt>
			<trkpt lat="60.18388" lon="9.01668">
				<ele>287.90509033203125</ele>
				<time>2000-01-01T00:00:00Z</time>
			</trkpt>
			<trkpt lat="60.183723471475204" lon="9.016695652671356">
				<ele>287.29998779296875</ele>
				<time>2000-01-01T00:00:00Z</time>
			</trkpt>
			<trkpt lat="60.18348" lon="9.01672">
				<ele>287.760009765625</ele>
				<time>2000-01-01T00:00:00Z</time>
			</trkpt>
			<trkpt lat="60.18312" lon="9.01672">
				<ele>288.4395446777344</ele>
				<time>2000-01-01T00:00:00Z</time>
			</trkpt>
			<trkpt lat="60.18285" lon="9.01667">
				<ele>288.9512023925781</ele>
				<time>2000-01-01T00:00:00Z</time>
			</trkpt>
			<trkpt lat="60.18256228754333" lon="9.016585378715666">
				<ele>289.5</ele>
				<time>2000-01-01T00:00:00Z</time>
			</trkpt>
			<trkpt lat="60.18251" lon="9.01657">
				<ele>289.51812744140625</ele>
				<time>2000-01-01T00:00:00Z</time>
			</trkpt>
			<trkpt lat="60.18229" lon="9.01647">
				<ele>289.59552001953125</ele>
				<time>2000-01-01T00:00:00Z</time>
			</trkpt>
			<trkpt lat="60.18209" lon="9.01636">
				<ele>289.6666564941406</ele>
				<time>2000-01-01T00:00:00Z</time>
			</trkpt>
			<trkpt lat="60.18166" lon="9.01605">
				<ele>289.8233947753906</ele>
				<time>2000-01-01T00:00:00Z</time>
			</trkpt>
			<trkpt lat="60.18145696495101" lon="9.015863437323887">
				<ele>289.8999938964844</ele>
				<time>2000-01-01T00:00:00Z</time>
			</trkpt>
			<trkpt lat="60.18092" lon="9.01537">
				<ele>289.7987060546875</ele>
				<time>2000-01-01T00:00:00Z</time>
			</trkpt>
			<trkpt lat="60.18064" lon="9.01522">
				<ele>289.7489929199219</ele>
				<time>2000-01-01T00:00:00Z</time>
			</trkpt>
			<trkpt lat="60.1804" lon="9.01515">
				<ele>289.7073974609375</ele>
				<time>2000-01-01T00:00:00Z</time>
			</trkpt>
			<trkpt lat="60.18035696876053" lon="9.015148044077943">
				<ele>289.70001220703125</ele>
				<time>2000-01-01T00:00:00Z</time>
			</trkpt>
			<trkpt lat="60.18018" lon="9.01514">
				<ele>289.62408447265625</ele>
				<time>2000-01-01T00:00:00Z</time>
			</trkpt>
			<trkpt lat="60.17994" lon="9.01515">
				<ele>289.5211181640625</ele>
				<time>2000-01-01T00:00:00Z</time>
			</trkpt>
			<trkpt lat="60.17919182297878" lon="9.015201894632629">
				<ele>289.20001220703125</ele>
				<time>2000-01-01T00:00:00Z</time>
			</trkpt>
			<trkpt lat="60.17821" lon="9.01527">
				<ele>289.11572265625</ele>
				<time>2000-01-01T00:00:00Z</time>
			</trkpt>
			<trkpt lat="60.17802705161745" lon="9.015292175481244">
				<ele>289.1000061035156</ele>
				<time>2000-01-01T00:00:00Z</time>
			</trkpt>
			<trkpt lat="60.17788" lon="9.01531">
				<ele>289.1379089355469</ele>
				<time>2000-01-01T00:00:00Z</time>
			</trkpt>
			<trkpt lat="60.17735" lon="9.01544">
				<ele>289.27532958984375</ele>
				<time>2000-01-01T00:00:00Z</time>
			</trkpt>
			<trkpt lat="60.17696" lon="9.01557">
				<ele>289.3770446777344</ele>
				<time>2000-01-01T00:00:00Z</time>
			</trkpt>
			<trkpt lat="60.176872946239584" lon="9.01560899166428">
				<ele>289.3999938964844</ele>
				<time>2000-01-01T00:00:00Z</time>
			</trkpt>
			<trkpt lat="60.17573523484442" lon="9.016119414968523">
				<ele>289.20001220703125</ele>
				<time>2000-01-01T00:00:00Z</time>
			</trkpt>
			<trkpt lat="60.17482" lon="9.01653">
				<ele>288.55645751953125</ele>
				<time>2000-01-01T00:00:00Z</time>
			</trkpt>
			<trkpt lat="60.17466" lon="9.01661">
				<ele>288.44329833984375</ele>
				<time>2000-01-01T00:00:00Z</time>
			</trkpt>
			<trkpt lat="60.17459970409154" lon="9.016647233654725">
				<ele>288.3999938964844</ele>
				<time>2000-01-01T00:00:00Z</time>
			</trkpt>
			<trkpt lat="60.17398" lon="9.01703">
				<ele>287.00970458984375</ele>
				<time>2000-01-01T00:00:00Z</time>
			</trkpt>
			<trkpt lat="60.17369" lon="9.01724">
				<ele>286.3485107421875</ele>
				<time>2000-01-01T00:00:00Z</time>
			</trkpt>
			<trkpt lat="60.173502720706665" lon="9.017427279099715">
				<ele>285.8999938964844</ele>
				<time>2000-01-01T00:00:00Z</time>
			</trkpt>
			<trkpt lat="60.17344" lon="9.01749">
				<ele>285.48541259765625</ele>
				<time>2000-01-01T00:00:00Z</time>
			</trkpt>
			<trkpt lat="60.17322" lon="9.01776">
				<ele>283.9595947265625</ele>
				<time>2000-01-01T00:00:00Z</time>
			</trkpt>
			<trkpt lat="60.17276" lon="9.01841">
				<ele>280.63153076171875</ele>
				<time>2000-01-01T00:00:00Z</time>
			</trkpt>
			<trkpt lat="60.17253" lon="9.01869">
				<ele>279.0398864746094</ele>
				<time>2000-01-01T00:00:00Z</time>
			</trkpt>
			<trkpt lat="60.17233" lon="9.01886">
				<ele>278.2239685058594</ele>
				<time>2000-01-01T00:00:00Z</time>
			</trkpt>
			<trkpt lat="60.17221" lon="9.01894">
				<ele>277.7577819824219</ele>
				<time>2000-01-01T00:00:00Z</time>
			</trkpt>
			<trkpt lat="60.17208" lon="9.019">
				<ele>277.2657165527344</ele>
				<time>2000-01-01T00:00:00Z</time>
			</trkpt>
			<trkpt lat="60.1719" lon="9.01906">
				<ele>276.5926818847656</ele>
				<time>2000-01-01T00:00:00Z</time>
			</trkpt>
			<trkpt lat="60.17167" lon="9.01908">
				<ele>275.7436218261719</ele>
				<time>2000-01-01T00:00:00Z</time>
			</trkpt>
			<trkpt lat="60.17141" lon="9.01905">
				<ele>274.7828063964844</ele>
				<time>2000-01-01T00:00:00Z</time>
			</trkpt>
			<trkpt lat="60.171387623771544" lon="9.019045835617876">
				<ele>274.70001220703125</ele>
				<time>2000-01-01T00:00:00Z</time>
			</trkpt>
			<trkpt lat="60.17022692950978" lon="9.018829160759976">
				<ele>273.29998779296875</ele>
				<time>2000-01-01T00:00:00Z</time>
			</trkpt>
			<trkpt lat="60.16991" lon="9.01877">
				<ele>273.1907653808594</ele>
				<time>2000-01-01T00:00:00Z</time>
			</trkpt>
			<trkpt lat="60.16954" lon="9.01872">
				<ele>273.06353759765625</ele>
				<time>2000-01-01T00:00:00Z</time>
			</trkpt>
			<trkpt lat="60.16911" lon="9.01869">
				<ele>272.9158630371094</ele>
				<time>2000-01-01T00:00:00Z</time>
			</trkpt>
			<trkpt lat="60.1690637183418" lon="9.018692669701267">
				<ele>272.8999938964844</ele>
				<time>2000-01-01T00:00:00Z</time>
			</trkpt>
			<trkpt lat="60.16859" lon="9.01872">
				<ele>272.4934387207031</ele>
				<time>2000-01-01T00:00:00Z</time>
			</trkpt>
			<trkpt lat="60.16857" lon="9.01834">
				<ele>272.3303527832031</ele>
				<time>2000-01-01T00:00:00Z</time>
			</trkpt>
			<trkpt lat="60.16854" lon="9.01818">
				<ele>272.25738525390625</ele>
				<time>2000-01-01T00:00:00Z</time>
			</trkpt>
			<trkpt lat="60.16851" lon="9.01781">
				<ele>272.097412109375</ele>
				<time>2000-01-01T00:00:00Z</time>
			</trkpt>
			<trkpt lat="60.16848" lon="9.01748">
				<ele>271.95428466796875</ele>
				<time>2000-01-01T00:00:00Z</time>
			</trkpt>
			<trkpt lat="60.16847131166386" lon="9.017354023248709">
				<ele>271.8999938964844</ele>
				<time>2000-01-01T00:00:00Z</time>
			</trkpt>
			<trkpt lat="60.16846" lon="9.01719">
				<ele>271.7020568847656</ele>
				<time>2000-01-01T00:00:00Z</time>
			</trkpt>
			<trkpt lat="60.16845" lon="9.01699">
				<ele>271.4618835449219</ele>
				<time>2000-01-01T00:00:00Z</time>
			</trkpt>
			<trkpt lat="60.16843" lon="9.01672">
				<ele>271.1357727050781</ele>
				<time>2000-01-01T00:00:00Z</time>
			</trkpt>
			<trkpt lat="60.16843" lon="9.01653">
				<ele>270.9088134765625</ele>
				<time>2000-01-01T00:00:00Z</time>
			</trkpt>
			<trkpt lat="60.16843" lon="9.01633">
				<ele>270.6697998046875</ele>
				<time>2000-01-01T00:00:00Z</time>
			</trkpt>
			<trkpt lat="60.16844" lon="9.01622">
				<ele>270.5361328125</ele>
				<time>2000-01-01T00:00:00Z</time>
			</trkpt>
			<trkpt lat="60.16856268497565" lon="9.01504365449389">
				<ele>269.1000061035156</ele>
				<time>2000-01-01T00:00:00Z</time>
			</trkpt>
			<trkpt lat="60.16873" lon="9.01344">
				<ele>269.1000061035156</ele>
				<time>2000-01-01T00:00:00Z</time>
			</trkpt>
			<trkpt lat="60.16874" lon="9.01335">
				<ele>269.1000061035156</ele>
				<time>2000-01-01T00:00:00Z</time>
			</trkpt>
			<trkpt lat="60.16874" lon="9.01323">
				<ele>269.1000061035156</ele>
				<time>2000-01-01T00:00:00Z</time>
			</trkpt>
			<trkpt lat="60.16874" lon="9.01307">
				<ele>269.1000061035156</ele>
				<time>2000-01-01T00:00:00Z</time>
			</trkpt>
			<trkpt lat="60.16873" lon="9.01291">
				<ele>269.1000061035156</ele>
				<time>2000-01-01T00:00:00Z</time>
			</trkpt>
			<trkpt lat="60.16872" lon="9.01277">
				<ele>269.1000061035156</ele>
				<time>2000-01-01T00:00:00Z</time>
			</trkpt>
			<trkpt lat="60.16871777298915" lon="9.012740321158555">
				<ele>269.1000061035156</ele>
				<time>2000-01-01T00:00:00Z</time>
			</trkpt>
			<trkpt lat="60.16869" lon="9.01237">
				<ele>269.8670654296875</ele>
				<time>2000-01-01T00:00:00Z</time>
			</trkpt>
			<trkpt lat="60.16867" lon="9.01212">
				<ele>270.3857727050781</ele>
				<time>2000-01-01T00:00:00Z</time>
			</trkpt>
			<trkpt lat="60.16867" lon="9.01198">
				<ele>270.6724548339844</ele>
				<time>2000-01-01T00:00:00Z</time>
			</trkpt>
			<trkpt lat="60.1687" lon="9.01171">
				<ele>271.2392272949219</ele>
				<time>2000-01-01T00:00:00Z</time>
			</trkpt>
			<trkpt lat="60.16871" lon="9.01157">
				<ele>271.529052734375</ele>
				<time>2000-01-01T00:00:00Z</time>
			</trkpt>
			<trkpt lat="60.16874" lon="9.01132">
				<ele>272.0557556152344</ele>
				<time>2000-01-01T00:00:00Z</time>
			</trkpt>
			<trkpt lat="60.168300557627944" lon="9.011146054085806">
				<ele>273.8999938964844</ele>
				<time>2000-01-01T00:00:00Z</time>
			</trkpt>
			<trkpt lat="60.16826" lon="9.01113">
				<ele>273.9886474609375</ele>
				<time>2000-01-01T00:00:00Z</time>
			</trkpt>
			<trkpt lat="60.16816" lon="9.01106">
				<ele>274.21575927734375</ele>
				<time>2000-01-01T00:00:00Z</time>
			</trkpt>
			<trkpt lat="60.167197810813676" lon="9.010388894771003">
				<ele>276.3999938964844</ele>
				<time>2000-01-01T00:00:00Z</time>
			</trkpt>
			<trkpt lat="60.16697" lon="9.01023">
				<ele>276.2758483886719</ele>
				<time>2000-01-01T00:00:00Z</time>
			</trkpt>
			<trkpt lat="60.16608915091638" lon="9.009665363658403">
				<ele>275.79998779296875</ele>
				<time>2000-01-01T00:00:00Z</time>
			</trkpt>
			<trkpt lat="60.16541" lon="9.00923">
				<ele>274.45465087890625</ele>
				<time>2000-01-01T00:00:00Z</time>
			</trkpt>
			<trkpt lat="60.16512" lon="9.00906">
				<ele>273.8846740722656</ele>
				<time>2000-01-01T00:00:00Z</time>
			</trkpt>
			<trkpt lat="60.16497363594507" lon="9.008986818065214">
				<ele>273.6000061035156</ele>
				<time>2000-01-01T00:00:00Z</time>
			</trkpt>
			<trkpt lat="60.1649" lon="9.00895">
				<ele>273.50238037109375</ele>
				<time>2000-01-01T00:00:00Z</time>
			</trkpt>
			<trkpt lat="60.16471" lon="9.00892">
				<ele>273.25714111328125</ele>
				<time>2000-01-01T00:00:00Z</time>
			</trkpt>
			<trkpt lat="60.16462" lon="9.00893">
				<ele>273.14117431640625</ele>
				<time>2000-01-01T00:00:00Z</time>
			</trkpt>
			<trkpt lat="60.16437" lon="9.009">
				<ele>272.81634521484375</ele>
				<time>2000-01-01T00:00:00Z</time>
			</trkpt>
			<trkpt lat="60.16382204859812" lon="9.009197260150701">
				<ele>272.1000061035156</ele>
				<time>2000-01-01T00:00:00Z</time>
			</trkpt>
			<trkpt lat="60.16337" lon="9.00936">
				<ele>271.3514099121094</ele>
				<time>2000-01-01T00:00:00Z</time>
			</trkpt>
			<trkpt lat="60.162683026821036" lon="9.009691071052881">
				<ele>270.20001220703125</ele>
				<time>2000-01-01T00:00:00Z</time>
			</trkpt>
			<trkpt lat="60.16254" lon="9.00976">
				<ele>270.06121826171875</ele>
				<time>2000-01-01T00:00:00Z</time>
			</trkpt>
			<trkpt lat="60.16243" lon="9.00982">
				<ele>269.95367431640625</ele>
				<time>2000-01-01T00:00:00Z</time>
			</trkpt>
			<trkpt lat="60.16231" lon="9.0099">
				<ele>269.8343505859375</ele>
				<time>2000-01-01T00:00:00Z</time>
			</trkpt>
			<trkpt lat="60.16202" lon="9.01021">
				<ele>269.5244140625</ele>
				<time>2000-01-01T00:00:00Z</time>
			</trkpt>
			<trkpt lat="60.16188" lon="9.01031">
				<ele>269.3841552734375</ele>
				<time>2000-01-01T00:00:00Z</time>
			</trkpt>
			<trkpt lat="60.1618" lon="9.01034">
				<ele>269.3074035644531</ele>
				<time>2000-01-01T00:00:00Z</time>
			</trkpt>
			<trkpt lat="60.16158208643798" lon="9.010397345457815">
				<ele>269.1000061035156</ele>
				<time>2000-01-01T00:00:00Z</time>
			</trkpt>
			<trkpt lat="60.16142" lon="9.01044">
				<ele>268.9036560058594</ele>
				<time>2000-01-01T00:00:00Z</time>
			</trkpt>
			<trkpt lat="60.16074" lon="9.01066">
				<ele>268.0764465332031</ele>
				<time>2000-01-01T00:00:00Z</time>
			</trkpt>
			<trkpt lat="60.160427738177304" lon="9.010715104293451">
				<ele>267.70001220703125</ele>
				<time>2000-01-01T00:00:00Z</time>
			</trkpt>
			<trkpt lat="60.16006" lon="9.01078">
				<ele>268.23834228515625</ele>
				<time>2000-01-01T00:00:00Z</time>
			</trkpt>
			<trkpt lat="60.15927683573204" lon="9.011072833694517">
				<ele>269.3999938964844</ele>
				<time>2000-01-01T00:00:00Z</time>
			</trkpt>
			<trkpt lat="60.15891" lon="9.01121">
				<ele>269.7200622558594</ele>
				<time>2000-01-01T00:00:00Z</time>
			</trkpt>
			<trkpt lat="60.15865" lon="9.01128">
				<ele>269.9451599121094</ele>
				<time>2000-01-01T00:00:00Z</time>
			</trkpt>
			<trkpt lat="60.15855" lon="9.01129">
				<ele>270.0310363769531</ele>
				<time>2000-01-01T00:00:00Z</time>
			</trkpt>
			<trkpt lat="60.15825" lon="9.01125">
				<ele>270.2889404296875</ele>
				<time>2000-01-01T00:00:00Z</time>
			</trkpt>
			<trkpt lat="60.15812284765917" lon="9.011201203085669">
				<ele>270.3999938964844</ele>
				<time>2000-01-01T00:00:00Z</time>
			</trkpt>
			<trkpt lat="60.15726" lon="9.01087">
				<ele>269.4956970214844</ele>
				<time>2000-01-01T00:00:00Z</time>
			</trkpt>
			<trkpt lat="60.15697" lon="9.0108">
				<ele>269.1966857910156</ele>
				<time>2000-01-01T00:00:00Z</time>
			</trkpt>
			<trkpt lat="60.15665" lon="9.01075">
				<ele>268.9764099121094</ele>
				<time>2000-01-01T00:00:00Z</time>
			</trkpt>
			<trkpt lat="60.15656" lon="9.01075">
				<ele>268.9146728515625</ele>
				<time>2000-01-01T00:00:00Z</time>
			</trkpt>
			<trkpt lat="60.15637" lon="9.01079">
				<ele>268.7835388183594</ele>
				<time>2000-01-01T00:00:00Z</time>
			</trkpt>
			<trkpt lat="60.1562" lon="9.01085">
				<ele>268.6650695800781</ele>
				<time>2000-01-01T00:00:00Z</time>
			</trkpt>
			<trkpt lat="60.15592" lon="9.01101">
				<ele>268.46527099609375</ele>
				<time>2000-01-01T00:00:00Z</time>
			</trkpt>
			<trkpt lat="60.15582922729334" lon="9.011067223368054">
				<ele>268.3999938964844</ele>
				<time>2000-01-01T00:00:00Z</time>
			</trkpt>
			<trkpt lat="60.15546" lon="9.0113">
				<ele>268.53277587890625</ele>
				<time>2000-01-01T00:00:00Z</time>
			</trkpt>
			<trkpt lat="60.15509" lon="9.01156">
				<ele>268.66729736328125</ele>
				<time>2000-01-01T00:00:00Z</time>
			</trkpt>
			<trkpt lat="60.15471643632129" lon="9.011761149264524">
				<ele>268.79998779296875</ele>
				<time>2000-01-01T00:00:00Z</time>
			</trkpt>
			<trkpt lat="60.15457" lon="9.01184">
				<ele>269.0340881347656</ele>
				<time>2000-01-01T00:00:00Z</time>
			</trkpt>
			<trkpt lat="60.1543" lon="9.01199">
				<ele>269.4666442871094</ele>
				<time>2000-01-01T00:00:00Z</time>
			</trkpt>
			<trkpt lat="60.15405" lon="9.01216">
				<ele>269.8741149902344</ele>
				<time>2000-01-01T00:00:00Z</time>
			</trkpt>
			<trkpt lat="60.15402" lon="9.01217">
				<ele>269.9211120605469</ele>
				<time>2000-01-01T00:00:00Z</time>
			</trkpt>
			<trkpt lat="60.154" lon="9.01215">
				<ele>269.9555358886719</ele>
				<time>2000-01-01T00:00:00Z</time>
			</trkpt>
			<trkpt lat="60.15392" lon="9.01199">
				<ele>270.1298828125</ele>
				<time>2000-01-01T00:00:00Z</time>
			</trkpt>
			<trkpt lat="60.15384" lon="9.01196">
				<ele>270.2555236816406</ele>
				<time>2000-01-01T00:00:00Z</time>
			</trkpt>
			<trkpt lat="60.15379" lon="9.01198">
				<ele>270.3342590332031</ele>
				<time>2000-01-01T00:00:00Z</time>
			</trkpt>
			<trkpt lat="60.15362949372979" lon="9.012104835847982">
				<ele>270.6000061035156</ele>
				<time>2000-01-01T00:00:00Z</time>
			</trkpt>
			<trkpt lat="60.15334" lon="9.01233">
				<ele>271.77178955078125</ele>
				<time>2000-01-01T00:00:00Z</time>
			</trkpt>
			<trkpt lat="60.15315" lon="9.01244">
				<ele>272.5181884765625</ele>
				<time>2000-01-01T00:00:00Z</time>
			</trkpt>
			<trkpt lat="60.15250717342225" lon="9.012717855473882">
				<ele>275.0</ele>
				<time>2000-01-01T00:00:00Z</time>
			</trkpt>
			<trkpt lat="60.1516" lon="9.01311">
				<ele>280.890625</ele>
				<time>2000-01-01T00:00:00Z</time>
			</trkpt>
			<trkpt lat="60.15136353761748" lon="9.013159781419649">
				<ele>282.3999938964844</ele>
				<time>2000-01-01T00:00:00Z</time>
			</trkpt>
			<trkpt lat="60.15122" lon="9.01319">
				<ele>282.9942321777344</ele>
				<time>2000-01-01T00:00:00Z</time>
			</trkpt>
			<trkpt lat="60.15033" lon="9.01333">
				<ele>286.6704406738281</ele>
				<time>2000-01-01T00:00:00Z</time>
			</trkpt>
			<trkpt lat="60.15020144081498" lon="9.01332081720136">
				<ele>287.20001220703125</ele>
				<time>2000-01-01T00:00:00Z</time>
			</trkpt>
			<trkpt lat="60.15019" lon="9.01332">
				<ele>287.20098876953125</ele>
				<time>2000-01-01T00:00:00Z</time>
			</trkpt>
			<trkpt lat="60.14981" lon="9.01318">
				<ele>287.234130859375</ele>
				<time>2000-01-01T00:00:00Z</time>
			</trkpt>
			<trkpt lat="60.14943" lon="9.0131">
				<ele>287.26690673828125</ele>
				<time>2000-01-01T00:00:00Z</time>
			</trkpt>
			<trkpt lat="60.14913" lon="9.01301">
				<ele>287.29290771484375</ele>
				<time>2000-01-01T00:00:00Z</time>
			</trkpt>
			<trkpt lat="60.149047433997595" lon="9.01301">
				<ele>287.29998779296875</ele>
				<time>2000-01-01T00:00:00Z</time>
			</trkpt>
			<trkpt lat="60.14897" lon="9.01301">
				<ele>287.0543212890625</ele>
				<time>2000-01-01T00:00:00Z</time>
			</trkpt>
			<trkpt lat="60.14842" lon="9.01311">
				<ele>285.3012390136719</ele>
				<time>2000-01-01T00:00:00Z</time>
			</trkpt>
			<trkpt lat="60.14832" lon="9.01311">
				<ele>284.98388671875</ele>
				<time>2000-01-01T00:00:00Z</time>
			</trkpt>
			<trkpt lat="60.14812" lon="9.01309">
				<ele>284.3482971191406</ele>
				<time>2000-01-01T00:00:00Z</time>
			</trkpt>
			<trkpt lat="60.14798" lon="9.01303">
				<ele>283.89398193359375</ele>
				<time>2000-01-01T00:00:00Z</time>
			</trkpt>
			<trkpt lat="60.14789396258764" lon="9.012961170455105">
				<ele>283.6000061035156</ele>
				<time>2000-01-01T00:00:00Z</time>
			</trkpt>
			<trkpt lat="60.14778" lon="9.01287">
				<ele>283.4527282714844</ele>
				<time>2000-01-01T00:00:00Z</time>
			</trkpt>
			<trkpt lat="60.14733" lon="9.01241">
				<ele>282.8463134765625</ele>
				<time>2000-01-01T00:00:00Z</time>
			</trkpt>
			<trkpt lat="60.14693" lon="9.01207">
				<ele>282.3246765136719</ele>
				<time>2000-01-01T00:00:00Z</time>
			</trkpt>
			<trkpt lat="60.14684238906488" lon="9.011958222900066">
				<ele>282.20001220703125</ele>
				<time>2000-01-01T00:00:00Z</time>
			</trkpt>
			<trkpt lat="60.14664" lon="9.0117">
				<ele>283.1462097167969</ele>
				<time>2000-01-01T00:00:00Z</time>
			</trkpt>
			<trkpt lat="60.14653" lon="9.0116">
				<ele>283.6224670410156</ele>
				<time>2000-01-01T00:00:00Z</time>
			</trkpt>
			<trkpt lat="60.14645" lon="9.01155">
				<ele>283.9531555175781</ele>
				<time>2000-01-01T00:00:00Z</time>
			</trkpt>
			<trkpt lat="60.14578" lon="9.01141">
				<ele>286.6113586425781</ele>
				<time>2000-01-01T00:00:00Z</time>
			</trkpt>
			<trkpt lat="60.14573290615422" lon="9.011393619897722">
				<ele>286.79998779296875</ele>
				<time>2000-01-01T00:00:00Z</time>
			</trkpt>
			<trkpt lat="60.14555" lon="9.01133">
				<ele>287.9785461425781</ele>
				<time>2000-01-01T00:00:00Z</time>
			</trkpt>
			<trkpt lat="60.14539" lon="9.01126">
				<ele>289.0177307128906</ele>
				<time>2000-01-01T00:00:00Z</time>
			</trkpt>
			<trkpt lat="60.14526" lon="9.01114">
				<ele>289.9259338378906</ele>
				<time>2000-01-01T00:00:00Z</time>
			</trkpt>
			<trkpt lat="60.14512" lon="9.01093">
				<ele>291.0352478027344</ele>
				<time>2000-01-01T00:00:00Z</time>
			</trkpt>
			<trkpt lat="60.14507" lon="9.0108">
				<ele>291.5544128417969</ele>
				<time>2000-01-01T00:00:00Z</time>
			</trkpt>
			<trkpt lat="60.14491" lon="9.01018">
				<ele>293.7615661621094</ele>
				<time>2000-01-01T00:00:00Z</time>
			</trkpt>
			<trkpt lat="60.14487344717381" lon="9.010062226535808">
				<ele>294.20001220703125</ele>
				<time>2000-01-01T00:00:00Z</time>
			</trkpt>
			<trkpt lat="60.14473" lon="9.0096">
				<ele>295.1305236816406</ele>
				<time>2000-01-01T00:00:00Z</time>
			</trkpt>
			<trkpt lat="60.14453" lon="9.00914">
				<ele>296.1735534667969</ele>
				<time>2000-01-01T00:00:00Z</time>
			</trkpt>
			<trkpt lat="60.14443" lon="9.00895">
				<ele>296.6458435058594</ele>
				<time>2000-01-01T00:00:00Z</time>
			</trkpt>
			<trkpt lat="60.14437" lon="9.00887">
				<ele>296.89306640625</ele>
				<time>2000-01-01T00:00:00Z</time>
			</trkpt>
			<trkpt lat="60.14429" lon="9.00882">
				<ele>297.1805725097656</ele>
				<time>2000-01-01T00:00:00Z</time>
			</trkpt>
			<trkpt lat="60.14413" lon="9.00875">
				<ele>297.7422790527344</ele>
				<time>2000-01-01T00:00:00Z</time>
			</trkpt>
			<trkpt lat="60.14408" lon="9.00877">
				<ele>297.9172668457031</ele>
				<time>2000-01-01T00:00:00Z</time>
			</trkpt>
			<trkpt lat="60.14404" lon="9.00886">
				<ele>298.12347412109375</ele>
				<time>2000-01-01T00:00:00Z</time>
			</trkpt>
			<trkpt lat="60.14403106159542" lon="9.0089011091205">
				<ele>298.20001220703125</ele>
				<time>2000-01-01T00:00:00Z</time>
			</trkpt>
			<trkpt lat="60.14394" lon="9.00932">
				<ele>298.6099548339844</ele>
				<time>2000-01-01T00:00:00Z</time>
			</trkpt>
			<trkpt lat="60.14376" lon="9.00998">
				<ele>299.28485107421875</ele>
				<time>2000-01-01T00:00:00Z</time>
			</trkpt>
			<trkpt lat="60.14358" lon="9.01058">
				<ele>299.9130859375</ele>
				<time>2000-01-01T00:00:00Z</time>
			</trkpt>
			<trkpt lat="60.14350345530744" lon="9.010983062997225">
				<ele>300.29998779296875</ele>
				<time>2000-01-01T00:00:00Z</time>
			</trkpt>
			<trkpt lat="60.14328" lon="9.01216">
				<ele>299.27789306640625</ele>
				<time>2000-01-01T00:00:00Z</time>
			</trkpt>
			<trkpt lat="60.14318" lon="9.01254">
				<ele>298.9291076660156</ele>
				<time>2000-01-01T00:00:00Z</time>
			</trkpt>
			<trkpt lat="60.14307" lon="9.01281">
				<ele>298.6459655761719</ele>
				<time>2000-01-01T00:00:00Z</time>
			</trkpt>
			<trkpt lat="60.14299" lon="9.01297">
				<ele>298.4620666503906</ele>
				<time>2000-01-01T00:00:00Z</time>
			</trkpt>
			<trkpt lat="60.14295951575455" lon="9.013015725126339">
				<ele>298.3999938964844</ele>
				<time>2000-01-01T00:00:00Z</time>
			</trkpt>
			<trkpt lat="60.14283" lon="9.01321">
				<ele>297.36016845703125</ele>
				<time>2000-01-01T00:00:00Z</time>
			</trkpt>
			<trkpt lat="60.14273" lon="9.01332">
				<ele>296.6265869140625</ele>
				<time>2000-01-01T00:00:00Z</time>
			</trkpt>
			<trkpt lat="60.14255" lon="9.0135">
				<ele>295.3328552246094</ele>
				<time>2000-01-01T00:00:00Z</time>
			</trkpt>
			<trkpt lat="60.1422" lon="9.01373">
				<ele>292.9635314941406</ele>
				<time>2000-01-01T00:00:00Z</time>
			</trkpt>
			<trkpt lat="60.141890504490576" lon="9.013898815404453">
				<ele>290.8999938964844</ele>
				<time>2000-01-01T00:00:00Z</time>
			</trkpt>
			<trkpt lat="60.14176" lon="9.01397">
				<ele>290.5984191894531</ele>
				<time>2000-01-01T00:00:00Z</time>
			</trkpt>
			<trkpt lat="60.140758375007415" lon="9.014456770921699">
				<ele>288.29998779296875</ele>
				<time>2000-01-01T00:00:00Z</time>
			</trkpt>
			<trkpt lat="60.14069" lon="9.01449">
				<ele>288.1130065917969</ele>
				<time>2000-01-01T00:00:00Z</time>
			</trkpt>
			<trkpt lat="60.14053" lon="9.01458">
				<ele>287.6710205078125</ele>
				<time>2000-01-01T00:00:00Z</time>
			</trkpt>
			<trkpt lat="60.14016" lon="9.01486">
				<ele>286.61962890625</ele>
				<time>2000-01-01T00:00:00Z</time>
			</trkpt>
			<trkpt lat="60.13966398144231" lon="9.01525613902275">
				<ele>285.20001220703125</ele>
				<time>2000-01-01T00:00:00Z</time>
			</trkpt>
			<trkpt lat="60.13862" lon="9.01609">
				<ele>281.3447265625</ele>
				<time>2000-01-01T00:00:00Z</time>
			</trkpt>
			<trkpt lat="60.13858109287318" lon="9.016122720837613">
				<ele>281.20001220703125</ele>
				<time>2000-01-01T00:00:00Z</time>
			</trkpt>
			<trkpt lat="60.13799" lon="9.01662">
				<ele>278.7261657714844</ele>
				<time>2000-01-01T00:00:00Z</time>
			</trkpt>
			<trkpt lat="60.13763" lon="9.01689">
				<ele>277.24261474609375</ele>
				<time>2000-01-01T00:00:00Z</time>
			</trkpt>
			<trkpt lat="60.13749254615622" lon="9.016948908715547">
				<ele>276.70001220703125</ele>
				<time>2000-01-01T00:00:00Z</time>
			</trkpt>
			<trkpt lat="60.13742" lon="9.01698">
				<ele>276.6681823730469</ele>
				<time>2000-01-01T00:00:00Z</time>
			</trkpt>
			<trkpt lat="60.13722" lon="9.01702">
				<ele>276.5820007324219</ele>
				<time>2000-01-01T00:00:00Z</time>
			</trkpt>
			<trkpt lat="60.13696" lon="9.01699">
				<ele>276.47027587890625</ele>
				<time>2000-01-01T00:00:00Z</time>
			</trkpt>
			<trkpt lat="60.13649" lon="9.01691">
				<ele>276.2679748535156</ele>
				<time>2000-01-01T00:00:00Z</time>
			</trkpt>
			<trkpt lat="60.13633165578096" lon="9.016901203099735">
				<ele>276.20001220703125</ele>
				<time>2000-01-01T00:00:00Z</time>
			</trkpt>
			<trkpt lat="60.13631" lon="9.0169">
				<ele>276.23907470703125</ele>
				<time>2000-01-01T00:00:00Z</time>
			</trkpt>
			<trkpt lat="60.13601" lon="9.01692">
				<ele>276.7797546386719</ele>
				<time>2000-01-01T00:00:00Z</time>
			</trkpt>
			<trkpt lat="60.13577" lon="9.01697">
				<ele>277.2144470214844</ele>
				<time>2000-01-01T00:00:00Z</time>
			</trkpt>
			<trkpt lat="60.13549" lon="9.01715">
				<ele>277.7440185546875</ele>
				<time>2000-01-01T00:00:00Z</time>
			</trkpt>
			<trkpt lat="60.13526" lon="9.01734">
				<ele>278.1919860839844</ele>
				<time>2000-01-01T00:00:00Z</time>
			</trkpt>
			<trkpt lat="60.1352077013017" lon="9.017398830506608">
				<ele>278.29998779296875</ele>
				<time>2000-01-01T00:00:00Z</time>
			</trkpt>
			<trkpt lat="60.13486" lon="9.01779">
				<ele>278.8128356933594</ele>
				<time>2000-01-01T00:00:00Z</time>
			</trkpt>
			<trkpt lat="60.13466" lon="9.01805">
				<ele>279.1194152832031</ele>
				<time>2000-01-01T00:00:00Z</time>
			</trkpt>
			<trkpt lat="60.13449" lon="9.01831">
				<ele>279.39434814453125</ele>
				<time>2000-01-01T00:00:00Z</time>
			</trkpt>
			<trkpt lat="60.13435" lon="9.01855">
				<ele>279.63128662109375</ele>
				<time>2000-01-01T00:00:00Z</time>
			</trkpt>
			<trkpt lat="60.134253200222965" lon="9.018727644771857">
				<ele>279.79998779296875</ele>
				<time>2000-01-01T00:00:00Z</time>
			</trkpt>
			<trkpt lat="60.13362" lon="9.01989">
				<ele>280.9775085449219</ele>
				<time>2000-01-01T00:00:00Z</time>
			</trkpt>
			<trkpt lat="60.13337266385749" lon="9.020257889430244">
				<ele>281.3999938964844</ele>
				<time>2000-01-01T00:00:00Z</time>
			</trkpt>
			<trkpt lat="60.13282" lon="9.02108">
				<ele>282.2850341796875</ele>
				<time>2000-01-01T00:00:00Z</time>
			</trkpt>
			<trkpt lat="60.13246413801974" lon="9.021720549953766">
				<ele>282.8999938964844</ele>
				<time>2000-01-01T00:00:00Z</time>
			</trkpt>
			<trkpt lat="60.13237" lon="9.02189">
				<ele>282.8023681640625</ele>
				<time>2000-01-01T00:00:00Z</time>
			</trkpt>
			<trkpt lat="60.13208" lon="9.02232">
				<ele>282.5240478515625</ele>
				<time>2000-01-01T00:00:00Z</time>
			</trkpt>
			<trkpt lat="60.13176" lon="9.02291">
				<ele>282.18865966796875</ele>
				<time>2000-01-01T00:00:00Z</time>
			</trkpt>
			<trkpt lat="60.131593638582636" lon="9.023269339142455">
				<ele>282.0</ele>
				<time>2000-01-01T00:00:00Z</time>
			</trkpt>
			<trkpt lat="60.13151" lon="9.02345">
				<ele>281.87353515625</ele>
				<time>2000-01-01T00:00:00Z</time>
			</trkpt>
			<trkpt lat="60.13133" lon="9.02379">
				<ele>281.619140625</ele>
				<time>2000-01-01T00:00:00Z</time>
			</trkpt>
			<trkpt lat="60.13118" lon="9.02414">
				<ele>281.3824768066406</ele>
				<time>2000-01-01T00:00:00Z</time>
			</trkpt>
			<trkpt lat="60.130868683114414" lon="9.02508873360998">
				<ele>280.79998779296875</ele>
				<time>2000-01-01T00:00:00Z</time>
			</trkpt>
			<trkpt lat="60.13055" lon="9.02606">
				<ele>281.5453796386719</ele>
				<time>2000-01-01T00:00:00Z</time>
			</trkpt>
			<trkpt lat="60.13019928589867" lon="9.027003725550134">
				<ele>282.29998779296875</ele>
				<time>2000-01-01T00:00:00Z</time>
			</trkpt>
			<trkpt lat="60.13" lon="9.02754">
				<ele>282.8145446777344</ele>
				<time>2000-01-01T00:00:00Z</time>
			</trkpt>
			<trkpt lat="60.12948" lon="9.02882">
				<ele>284.0848693847656</ele>
				<time>2000-01-01T00:00:00Z</time>
			</trkpt>
			<trkpt lat="60.12947269457511" lon="9.028833043669561">
				<ele>284.1000061035156</ele>
				<time>2000-01-01T00:00:00Z</time>
			</trkpt>
			<trkpt lat="60.12934" lon="9.02907">
				<ele>284.95318603515625</ele>
				<time>2000-01-01T00:00:00Z</time>
			</trkpt>
			<trkpt lat="60.12889" lon="9.02948">
				<ele>287.32708740234375</ele>
				<time>2000-01-01T00:00:00Z</time>
			</trkpt>
			<trkpt lat="60.12877" lon="9.02965">
				<ele>288.03271484375</ele>
				<time>2000-01-01T00:00:00Z</time>
			</trkpt>
			<trkpt lat="60.12862" lon="9.02989">
				<ele>288.9539794921875</ele>
				<time>2000-01-01T00:00:00Z</time>
			</trkpt>
			<trkpt lat="60.1285299009263" lon="9.030143915319277">
				<ele>289.70001220703125</ele>
				<time>2000-01-01T00:00:00Z</time>
			</trkpt>
			<trkpt lat="60.12851" lon="9.0302">
				<ele>289.5616149902344</ele>
				<time>2000-01-01T00:00:00Z</time>
			</trkpt>
			<trkpt lat="60.12839" lon="9.03075">
				<ele>288.35595703125</ele>
				<time>2000-01-01T00:00:00Z</time>
			</trkpt>
			<trkpt lat="60.12833" lon="9.0309">
				<ele>287.96966552734375</ele>
				<time>2000-01-01T00:00:00Z</time>
			</trkpt>
			<trkpt lat="60.12803" lon="9.03135">
				<ele>286.4597473144531</ele>
				<time>2000-01-01T00:00:00Z</time>
			</trkpt>
			<trkpt lat="60.12788" lon="9.03179">
				<ele>285.38909912109375</ele>
				<time>2000-01-01T00:00:00Z</time>
			</trkpt>
			<trkpt lat="60.127797479978334" lon="9.03189056828453">
				<ele>285.0</ele>
				<time>2000-01-01T00:00:00Z</time>
			</trkpt>
			<trkpt lat="60.12756" lon="9.03218">
				<ele>282.4978332519531</ele>
				<time>2000-01-01T00:00:00Z</time>
			</trkpt>
			<trkpt lat="60.12748" lon="9.03225">
				<ele>281.7117614746094</ele>
				<time>2000-01-01T00:00:00Z</time>
			</trkpt>
			<trkpt lat="60.12738" lon="9.03232">
				<ele>280.75732421875</ele>
				<time>2000-01-01T00:00:00Z</time>
			</trkpt>
			<trkpt lat="60.12722" lon="9.03238">
				<ele>279.29156494140625</ele>
				<time>2000-01-01T00:00:00Z</time>
			</trkpt>
			<trkpt lat="60.12681" lon="9.03248">
				<ele>275.57147216796875</ele>
				<time>2000-01-01T00:00:00Z</time>
			</trkpt>
			<trkpt lat="60.12669489695101" lon="9.032540053534202">
				<ele>274.5</ele>
				<time>2000-01-01T00:00:00Z</time>
			</trkpt>
			<trkpt lat="60.12658" lon="9.0326">
				<ele>273.5526428222656</ele>
				<time>2000-01-01T00:00:00Z</time>
			</trkpt>
			<trkpt lat="60.12584" lon="9.03319">
				<ele>267.2005920410156</ele>
				<time>2000-01-01T00:00:00Z</time>
			</trkpt>
			<trkpt lat="60.125618308422126" lon="9.033425261293875">
				<ele>265.20001220703125</ele>
				<time>2000-01-01T00:00:00Z</time>
			</trkpt>
			<trkpt lat="60.12535" lon="9.03371">
				<ele>265.20001220703125</ele>
				<time>2000-01-01T00:00:00Z</time>
			</trkpt>
			<trkpt lat="60.12492" lon="9.03426">
				<ele>265.20001220703125</ele>
				<time>2000-01-01T00:00:00Z</time>
			</trkpt>
			<trkpt lat="60.12463292085396" lon="9.034670112608426">
				<ele>265.20001220703125</ele>
				<time>2000-01-01T00:00:00Z</time>
			</trkpt>
			<trkpt lat="60.12457" lon="9.03476">
				<ele>265.3655700683594</ele>
				<time>2000-01-01T00:00:00Z</time>
			</trkpt>
			<trkpt lat="60.12441" lon="9.0351">
				<ele>265.8653564453125</ele>
				<time>2000-01-01T00:00:00Z</time>
			</trkpt>
			<trkpt lat="60.12413" lon="9.03589">
				<ele>266.9011535644531</ele>
				<time>2000-01-01T00:00:00Z</time>
			</trkpt>
			<trkpt lat="60.12403" lon="9.03608">
				<ele>267.19635009765625</ele>
				<time>2000-01-01T00:00:00Z</time>
			</trkpt>
			<trkpt lat="60.12391" lon="9.03624">
				<ele>267.5054016113281</ele>
				<time>2000-01-01T00:00:00Z</time>
			</trkpt>
			<trkpt lat="60.12382743079367" lon="9.036315688383008">
				<ele>267.70001220703125</ele>
				<time>2000-01-01T00:00:00Z</time>
			</trkpt>
			<trkpt lat="60.12379" lon="9.03635">
				<ele>267.7987976074219</ele>
				<time>2000-01-01T00:00:00Z</time>
			</trkpt>
			<trkpt lat="60.12346" lon="9.03658">
				<ele>268.6379089355469</ele>
				<time>2000-01-01T00:00:00Z</time>
			</trkpt>
			<trkpt lat="60.12334" lon="9.03671">
				<ele>268.96533203125</ele>
				<time>2000-01-01T00:00:00Z</time>
			</trkpt>
			<trkpt lat="60.12324" lon="9.03689">
				<ele>269.28790283203125</ele>
				<time>2000-01-01T00:00:00Z</time>
			</trkpt>
			<trkpt lat="60.12295" lon="9.03761">
				<ele>270.3958740234375</ele>
				<time>2000-01-01T00:00:00Z</time>
			</trkpt>
			<trkpt lat="60.12291607498603" lon="9.037664279640753">
				<ele>270.5</ele>
				<time>2000-01-01T00:00:00Z</time>
			</trkpt>
			<trkpt lat="60.12285" lon="9.03777">
				<ele>270.5797424316406</ele>
				<time>2000-01-01T00:00:00Z</time>
			</trkpt>
			<trkpt lat="60.12277" lon="9.03786">
				<ele>270.6662902832031</ele>
				<time>2000-01-01T00:00:00Z</time>
			</trkpt>
			<trkpt lat="60.12255" lon="9.03801">
				<ele>270.8855285644531</ele>
				<time>2000-01-01T00:00:00Z</time>
			</trkpt>
			<trkpt lat="60.12180954315381" lon="9.038327337275987">
				<ele>271.6000061035156</ele>
				<time>2000-01-01T00:00:00Z</time>
			</trkpt>
			<trkpt lat="60.1215" lon="9.03846">
				<ele>270.9212646484375</ele>
				<time>2000-01-01T00:00:00Z</time>
			</trkpt>
			<trkpt lat="60.12126" lon="9.03853">
				<ele>270.4010314941406</ele>
				<time>2000-01-01T00:00:00Z</time>
			</trkpt>
			<trkpt lat="60.12072" lon="9.03847">
				<ele>269.2411193847656</ele>
				<time>2000-01-01T00:00:00Z</time>
			</trkpt>
			<trkpt lat="60.1206541800864" lon="9.038469134141126">
				<ele>269.1000061035156</ele>
				<time>2000-01-01T00:00:00Z</time>
			</trkpt>
			<trkpt lat="60.11996" lon="9.03846">
				<ele>268.4449462890625</ele>
				<time>2000-01-01T00:00:00Z</time>
			</trkpt>
			<trkpt lat="60.11987" lon="9.03844">
				<ele>268.3594970703125</ele>
				<time>2000-01-01T00:00:00Z</time>
			</trkpt>
			<trkpt lat="60.11968" lon="9.03839">
				<ele>268.1786804199219</ele>
				<time>2000-01-01T00:00:00Z</time>
			</trkpt>
			<trkpt lat="60.11949371548306" lon="9.038322260189764">
				<ele>268.0</ele>
				<time>2000-01-01T00:00:00Z</time>
			</trkpt>
			<trkpt lat="60.11946" lon="9.03831">
				<ele>267.8854064941406</ele>
				<time>2000-01-01T00:00:00Z</time>
			</trkpt>
			<trkpt lat="60.11893" lon="9.03804">
				<ele>266.0559387207031</ele>
				<time>2000-01-01T00:00:00Z</time>
			</trkpt>
			<trkpt lat="60.11872" lon="9.03798">
				<ele>265.3462219238281</ele>
				<time>2000-01-01T00:00:00Z</time>
			</trkpt>
			<trkpt lat="60.11854" lon="9.03795">
				<ele>264.7420654296875</ele>
				<time>2000-01-01T00:00:00Z</time>
			</trkpt>
			<trkpt lat="60.11834811639625" lon="9.03795">
				<ele>264.1000061035156</ele>
				<time>2000-01-01T00:00:00Z</time>
			</trkpt>
			<trkpt lat="60.1183" lon="9.03795">
				<ele>264.0752258300781</ele>
				<time>2000-01-01T00:00:00Z</time>
			</trkpt>
			<trkpt lat="60.11755" lon="9.038">
				<ele>263.6889953613281</ele>
				<time>2000-01-01T00:00:00Z</time>
			</trkpt>
			<trkpt lat="60.117184160995414" lon="9.0380640218193">
				<ele>263.5</ele>
				<time>2000-01-01T00:00:00Z</time>
			</trkpt>
			<trkpt lat="60.11715" lon="9.03807">
				<ele>263.6737365722656</ele>
				<time>2000-01-01T00:00:00Z</time>
			</trkpt>
			<trkpt lat="60.11683" lon="9.03811">
				<ele>265.29632568359375</ele>
				<time>2000-01-01T00:00:00Z</time>
			</trkpt>
			<trkpt lat="60.11647" lon="9.03811">
				<ele>267.11834716796875</ele>
				<time>2000-01-01T00:00:00Z</time>
			</trkpt>
			<trkpt lat="60.11628" lon="9.03815">
				<ele>268.08544921875</ele>
				<time>2000-01-01T00:00:00Z</time>
			</trkpt>
			<trkpt lat="60.11608" lon="9.03824">
				<ele>269.12286376953125</ele>
				<time>2000-01-01T00:00:00Z</time>
			</trkpt>
			<trkpt lat="60.11602923296952" lon="9.038281247858345">
				<ele>269.3999938964844</ele>
				<time>2000-01-01T00:00:00Z</time>
			</trkpt>
			<trkpt lat="60.11592" lon="9.03837">
				<ele>269.935791015625</ele>
				<time>2000-01-01T00:00:00Z</time>
			</trkpt>
			<trkpt lat="60.11538" lon="9.03891">
				<ele>272.6788330078125</ele>
				<time>2000-01-01T00:00:00Z</time>
			</trkpt>
			<trkpt lat="60.11499810619692" lon="9.039366611663485">
				<ele>274.70001220703125</ele>
				<time>2000-01-01T00:00:00Z</time>
			</trkpt>
			<trkpt lat="60.11492" lon="9.03946">
				<ele>274.97308349609375</ele>
				<time>2000-01-01T00:00:00Z</time>
			</trkpt>
			<trkpt lat="60.11456" lon="9.03976">
				<ele>276.1434326171875</ele>
				<time>2000-01-01T00:00:00Z</time>
			</trkpt>
			<trkpt lat="60.11397030598769" lon="9.040459399972615">
				<ele>278.20001220703125</ele>
				<time>2000-01-01T00:00:00Z</time>
			</trkpt>
			<trkpt lat="60.1137" lon="9.04078">
				<ele>279.25042724609375</ele>
				<time>2000-01-01T00:00:00Z</time>
			</trkpt>
			<trkpt lat="60.1132" lon="9.0414">
				<ele>281.2167053222656</ele>
				<time>2000-01-01T00:00:00Z</time>
			</trkpt>
			<trkpt lat="60.112982674324115" lon="9.041700912268428">
				<ele>282.1000061035156</ele>
				<time>2000-01-01T00:00:00Z</time>
			</trkpt>
			<trkpt lat="60.11294" lon="9.04176">
				<ele>282.1000061035156</ele>
				<time>2000-01-01T00:00:00Z</time>
			</trkpt>
			<trkpt lat="60.1123" lon="9.04276">
				<ele>282.1000061035156</ele>
				<time>2000-01-01T00:00:00Z</time>
			</trkpt>
			<trkpt lat="60.11206948128687" lon="9.043153802752462">
				<ele>282.1000061035156</ele>
				<time>2000-01-01T00:00:00Z</time>
			</trkpt>
			<trkpt lat="60.11206" lon="9.04317">
				<ele>282.08612060546875</ele>
				<time>2000-01-01T00:00:00Z</time>
			</trkpt>
			<trkpt lat="60.11123416629285" lon="9.044785364249677">
				<ele>280.79998779296875</ele>
				<time>2000-01-01T00:00:00Z</time>
			</trkpt>
			<trkpt lat="60.11115" lon="9.04495">
				<ele>280.3461608886719</ele>
				<time>2000-01-01T00:00:00Z</time>
			</trkpt>
			<trkpt lat="60.11073" lon="9.0457">
				<ele>278.1759338378906</ele>
				<time>2000-01-01T00:00:00Z</time>
			</trkpt>
			<trkpt lat="60.11042" lon="9.04616">
				<ele>276.68756103515625</ele>
				<time>2000-01-01T00:00:00Z</time>
			</trkpt>
			<trkpt lat="60.110335797471" lon="9.046269699393136">
				<ele>276.29998779296875</ele>
				<time>2000-01-01T00:00:00Z</time>
			</trkpt>
			<trkpt lat="60.10976" lon="9.04702">
				<ele>273.0606994628906</ele>
				<time>2000-01-01T00:00:00Z</time>
			</trkpt>
			<trkpt lat="60.10955" lon="9.0472">
				<ele>271.9831237792969</ele>
				<time>2000-01-01T00:00:00Z</time>
			</trkpt>
			<trkpt lat="60.10931023475643" lon="9.047347541762097">
				<ele>270.79998779296875</ele>
				<time>2000-01-01T00:00:00Z</time>
			</trkpt>
			<trkpt lat="60.10877" lon="9.04768">
				<ele>267.212890625</ele>
				<time>2000-01-01T00:00:00Z</time>
			</trkpt>
			<trkpt lat="60.10859" lon="9.04777">
				<ele>266.0352783203125</ele>
				<time>2000-01-01T00:00:00Z</time>
			</trkpt>
			<trkpt lat="60.10828" lon="9.04791">
				<ele>264.0183410644531</ele>
				<time>2000-01-01T00:00:00Z</time>
			</trkpt>
			<trkpt lat="60.10818354408765" lon="9.047937558717033">
				<ele>263.3999938964844</ele>
				<time>2000-01-01T00:00:00Z</time>
			</trkpt>
			<trkpt lat="60.10807" lon="9.04797">
				<ele>263.3507995605469</ele>
				<time>2000-01-01T00:00:00Z</time>
			</trkpt>
			<trkpt lat="60.1078" lon="9.04798">
				<ele>263.2349853515625</ele>
				<time>2000-01-01T00:00:00Z</time>
			</trkpt>
			<trkpt lat="60.10764" lon="9.04794">
				<ele>263.1658020019531</ele>
				<time>2000-01-01T00:00:00Z</time>
			</trkpt>
			<trkpt lat="60.10746" lon="9.04788">
				<ele>263.0875549316406</ele>
				<time>2000-01-01T00:00:00Z</time>
			</trkpt>
			<trkpt lat="60.10715" lon="9.04782">
				<ele>262.9539794921875</ele>
				<time>2000-01-01T00:00:00Z</time>
			</trkpt>
			<trkpt lat="60.107024244772504" lon="9.04782739736282">
				<ele>262.8999938964844</ele>
				<time>2000-01-01T00:00:00Z</time>
			</trkpt>
			<trkpt lat="60.10698" lon="9.04783">
				<ele>262.9683532714844</ele>
				<time>2000-01-01T00:00:00Z</time>
			</trkpt>
			<trkpt lat="60.10681" lon="9.04787">
				<ele>263.2326965332031</ele>
				<time>2000-01-01T00:00:00Z</time>
			</trkpt>
			<trkpt lat="60.10661" lon="9.04795">
				<ele>263.547607421875</ele>
				<time>2000-01-01T00:00:00Z</time>
			</trkpt>
			<trkpt lat="60.10633" lon="9.04811">
				<ele>263.9971618652344</ele>
				<time>2000-01-01T00:00:00Z</time>
			</trkpt>
			<trkpt lat="60.10588874417781" lon="9.048334244257735">
				<ele>264.70001220703125</ele>
				<time>2000-01-01T00:00:00Z</time>
			</trkpt>
			<trkpt lat="60.10572" lon="9.04842">
				<ele>264.9239807128906</ele>
				<time>2000-01-01T00:00:00Z</time>
			</trkpt>
			<trkpt lat="60.10558" lon="9.04853">
				<ele>265.1174621582031</ele>
				<time>2000-01-01T00:00:00Z</time>
			</trkpt>
			<trkpt lat="60.10547" lon="9.04863">
				<ele>265.2728576660156</ele>
				<time>2000-01-01T00:00:00Z</time>
			</trkpt>
			<trkpt lat="60.10527" lon="9.04898">
				<ele>265.6143798828125</ele>
				<time>2000-01-01T00:00:00Z</time>
			</trkpt>
			<trkpt lat="60.10504" lon="9.04952">
				<ele>266.0699157714844</ele>
				<time>2000-01-01T00:00:00Z</time>
			</trkpt>
			<trkpt lat="60.10495973177568" lon="9.049643265890323">
				<ele>266.20001220703125</ele>
				<time>2000-01-01T00:00:00Z</time>
			</trkpt>
			<trkpt lat="60.10476" lon="9.04995">
				<ele>266.1568603515625</ele>
				<time>2000-01-01T00:00:00Z</time>
			</trkpt>
			<trkpt lat="60.10464" lon="9.05007">
				<ele>266.13385009765625</ele>
				<time>2000-01-01T00:00:00Z</time>
			</trkpt>
			<trkpt lat="60.10418" lon="9.05047">
				<ele>266.0478515625</ele>
				<time>2000-01-01T00:00:00Z</time>
			</trkpt>
			<trkpt lat="60.10403" lon="9.05064">
				<ele>266.0182800292969</ele>
				<time>2000-01-01T00:00:00Z</time>
			</trkpt>
			<trkpt lat="60.10393633334722" lon="9.050741805685">
				<ele>266.0</ele>
				<time>2000-01-01T00:00:00Z</time>
			</trkpt>
			<trkpt lat="60.10357" lon="9.05114">
				<ele>265.8570556640625</ele>
				<time>2000-01-01T00:00:00Z</time>
			</trkpt>
			<trkpt lat="60.10315" lon="9.05153">
				<ele>265.6982421875</ele>
				<time>2000-01-01T00:00:00Z</time>
			</trkpt>
			<trkpt lat="60.10289" lon="9.0518">
				<ele>265.5966491699219</ele>
				<time>2000-01-01T00:00:00Z</time>
			</trkpt>
			<trkpt lat="60.10211" lon="9.05277">
				<ele>265.124267578125</ele>
				<time>2000-01-01T00:00:00Z</time>
			</trkpt>
			<trkpt lat="60.101915608070215" lon="9.053057361811053">
				<ele>265.0</ele>
				<time>2000-01-01T00:00:00Z</time>
			</trkpt>
			<trkpt lat="60.10188" lon="9.05311">
				<ele>264.9392395019531</ele>
				<time>2000-01-01T00:00:00Z</time>
			</trkpt>
			<trkpt lat="60.1016" lon="9.05361">
				<ele>264.42474365234375</ele>
				<time>2000-01-01T00:00:00Z</time>
			</trkpt>
			<trkpt lat="60.10143" lon="9.05407">
				<ele>264.032958984375</ele>
				<time>2000-01-01T00:00:00Z</time>
			</trkpt>
			<trkpt lat="60.10131" lon="9.05459">
				<ele>263.6408996582031</ele>
				<time>2000-01-01T00:00:00Z</time>
			</trkpt>
			<trkpt lat="60.101242861479875" lon="9.054915361707259">
				<ele>263.3999938964844</ele>
				<time>2000-01-01T00:00:00Z</time>
			</trkpt>
			<trkpt lat="60.10079838353822" lon="9.057077208569552">
				<ele>264.8999938964844</ele>
				<time>2000-01-01T00:00:00Z</time>
			</trkpt>
			<trkpt lat="60.10035384385246" lon="9.059239125950537">
				<ele>267.70001220703125</ele>
				<time>2000-01-01T00:00:00Z</time>
			</trkpt>
			<trkpt lat="60.10022" lon="9.05989">
				<ele>268.03118896484375</ele>
				<time>2000-01-01T00:00:00Z</time>
			</trkpt>
			<trkpt lat="60.10007" lon="9.06044">
				<ele>268.3260803222656</ele>
				<time>2000-01-01T00:00:00Z</time>
			</trkpt>
			<trkpt lat="60.09993" lon="9.06091">
				<ele>268.5836181640625</ele>
				<time>2000-01-01T00:00:00Z</time>
			</trkpt>
			<trkpt lat="60.09978682324764" lon="9.061269207694492">
				<ele>268.79998779296875</ele>
				<time>2000-01-01T00:00:00Z</time>
			</trkpt>
			<trkpt lat="60.09938" lon="9.06229">
				<ele>266.2289733886719</ele>
				<time>2000-01-01T00:00:00Z</time>
			</trkpt>
			<trkpt lat="60.09929" lon="9.06262">
				<ele>265.4892272949219</ele>
				<time>2000-01-01T00:00:00Z</time>
			</trkpt>
			<trkpt lat="60.09924" lon="9.06287">
				<ele>264.959228515625</ele>
				<time>2000-01-01T00:00:00Z</time>
			</trkpt>
			<trkpt lat="60.09921" lon="9.06321">
				<ele>264.2800598144531</ele>
				<time>2000-01-01T00:00:00Z</time>
			</trkpt>
			<trkpt lat="60.099209999808906" lon="9.063250672758626">
				<ele>264.20001220703125</ele>
				<time>2000-01-01T00:00:00Z</time>
			</trkpt>
			<trkpt lat="60.09921" lon="9.0634">
				<ele>264.0659484863281</ele>
				<time>2000-01-01T00:00:00Z</time>
			</trkpt>
			<trkpt lat="60.09928571556517" lon="9.065583791083215">
				<ele>262.1000061035156</ele>
				<time>2000-01-01T00:00:00Z</time>
			</trkpt>
			<trkpt lat="60.09933" lon="9.06686">
				<ele>265.10882568359375</ele>
				<time>2000-01-01T00:00:00Z</time>
			</trkpt>
			<trkpt lat="60.09937837815709" lon="9.067914647097043">
				<ele>267.6000061035156</ele>
				<time>2000-01-01T00:00:00Z</time>
			</trkpt>
			<trkpt lat="60.09938" lon="9.06795">
				<ele>267.669921875</ele>
				<time>2000-01-01T00:00:00Z</time>
			</trkpt>
			<trkpt lat="60.098263646796084" lon="9.068487499237483">
				<ele>272.20001220703125</ele>
				<time>2000-01-01T00:00:00Z</time>
			</trkpt>
			<trkpt lat="60.09776" lon="9.06873">
				<ele>276.1992492675781</ele>
				<time>2000-01-01T00:00:00Z</time>
			</trkpt>
			<trkpt lat="60.09727" lon="9.06894">
				<ele>280.06756591796875</ele>
				<time>2000-01-01T00:00:00Z</time>
			</trkpt>
			<trkpt lat="60.09712521201321" lon="9.06898705543163">
				<ele>281.20001220703125</ele>
				<time>2000-01-01T00:00:00Z</time>
			</trkpt>
			<trkpt lat="60.09687" lon="9.06907">
				<ele>281.42181396484375</ele>
				<time>2000-01-01T00:00:00Z</time>
			</trkpt>
			<trkpt lat="60.09602" lon="9.06925">
				<ele>282.1550598144531</ele>
				<time>2000-01-01T00:00:00Z</time>
			</trkpt>
			<trkpt lat="60.095968214460285" lon="9.06926635313987">
				<ele>282.20001220703125</ele>
				<time>2000-01-01T00:00:00Z</time>
			</trkpt>
			<trkpt lat="60.09583" lon="9.06931">
				<ele>281.9959411621094</ele>
				<time>2000-01-01T00:00:00Z</time>
			</trkpt>
			<trkpt lat="60.09568" lon="9.06939">
				<ele>281.7695617675781</ele>
				<time>2000-01-01T00:00:00Z</time>
			</trkpt>
			<trkpt lat="60.09501" lon="9.06984">
				<ele>280.7391357421875</ele>
				<time>2000-01-01T00:00:00Z</time>
			</trkpt>
			<trkpt lat="60.094850126338045" lon="9.069913270804335">
				<ele>280.5</ele>
				<time>2000-01-01T00:00:00Z</time>
			</trkpt>
			<trkpt lat="60.09429" lon="9.07017">
				<ele>278.13433837890625</ele>
				<time>2000-01-01T00:00:00Z</time>
			</trkpt>
			<trkpt lat="60.0941" lon="9.07029">
				<ele>277.3141174316406</ele>
				<time>2000-01-01T00:00:00Z</time>
			</trkpt>
			<trkpt lat="60.09393" lon="9.07042">
				<ele>276.5648498535156</ele>
				<time>2000-01-01T00:00:00Z</time>
			</trkpt>
			<trkpt lat="60.09373821294966" lon="9.070591859575249">
				<ele>275.70001220703125</ele>
				<time>2000-01-01T00:00:00Z</time>
			</trkpt>
			<trkpt lat="60.09287" lon="9.07137">
				<ele>275.3736877441406</ele>
				<time>2000-01-01T00:00:00Z</time>
			</trkpt>
			<trkpt lat="60.09267223699649" lon="9.071537798321025">
				<ele>275.29998779296875</ele>
				<time>2000-01-01T00:00:00Z</time>
			</trkpt>
			<trkpt lat="60.09254" lon="9.07165">
				<ele>275.5587158203125</ele>
				<time>2000-01-01T00:00:00Z</time>
			</trkpt>
			<trkpt lat="60.09228" lon="9.07183">
				<ele>276.05413818359375</ele>
				<time>2000-01-01T00:00:00Z</time>
			</trkpt>
			<trkpt lat="60.09156770888715" lon="9.072281696483937">
				<ele>277.3999938964844</ele>
				<time>2000-01-01T00:00:00Z</time>
			</trkpt>
			<trkpt lat="60.09146" lon="9.07235">
				<ele>277.4775390625</ele>
				<time>2000-01-01T00:00:00Z</time>
			</trkpt>
			<trkpt lat="60.09116" lon="9.07259">
				<ele>277.69915771484375</ele>
				<time>2000-01-01T00:00:00Z</time>
			</trkpt>
			<trkpt lat="60.0909" lon="9.07288">
				<ele>277.9033508300781</ele>
				<time>2000-01-01T00:00:00Z</time>
			</trkpt>
			<trkpt lat="60.0906" lon="9.07329">
				<ele>278.15252685546875</ele>
				<time>2000-01-01T00:00:00Z</time>
			</trkpt>
			<trkpt lat="60.09054553293404" lon="9.073375587009691">
				<ele>278.20001220703125</ele>
				<time>2000-01-01T00:00:00Z</time>
			</trkpt>
			<trkpt lat="60.09032" lon="9.07373">
				<ele>278.1754150390625</ele>
				<time>2000-01-01T00:00:00Z</time>
			</trkpt>
			<trkpt lat="60.09007" lon="9.07418">
				<ele>278.1466064453125</ele>
				<time>2000-01-01T00:00:00Z</time>
			</trkpt>
			<trkpt lat="60.08968330719841" lon="9.074945156333134">
				<ele>278.1000061035156</ele>
				<time>2000-01-01T00:00:00Z</time>
			</trkpt>
			<trkpt lat="60.0896" lon="9.07511">
				<ele>278.0799255371094</ele>
				<time>2000-01-01T00:00:00Z</time>
			</trkpt>
			<trkpt lat="60.08932" lon="9.07569">
				<ele>278.0108642578125</ele>
				<time>2000-01-01T00:00:00Z</time>
			</trkpt>
			<trkpt lat="60.08912" lon="9.0762">
				<ele>277.9553527832031</ele>
				<time>2000-01-01T00:00:00Z</time>
			</trkpt>
			<trkpt lat="60.08894069629791" lon="9.076737908342336">
				<ele>277.8999938964844</ele>
				<time>2000-01-01T00:00:00Z</time>
			</trkpt>
			<trkpt lat="60.08887" lon="9.07695">
				<ele>277.4197998046875</ele>
				<time>2000-01-01T00:00:00Z</time>
			</trkpt>
			<trkpt lat="60.08878" lon="9.07682">
				<ele>277.001220703125</ele>
				<time>2000-01-01T00:00:00Z</time>
			</trkpt>
			<trkpt lat="60.08832" lon="9.076">
				<ele>274.6781005859375</ele>
				<time>2000-01-01T00:00:00Z</time>
			</trkpt>
			<trkpt lat="60.08817" lon="9.07552">
				<ele>273.6117248535156</ele>
				<time>2000-01-01T00:00:00Z</time>
			</trkpt>
			<trkpt lat="60.0881576809594" lon="9.075465996855115">
				<ele>273.5</ele>
				<time>2000-01-01T00:00:00Z</time>
			</trkpt>
			<trkpt lat="60.08804" lon="9.07495">
				<ele>272.3592529296875</ele>
				<time>2000-01-01T00:00:00Z</time>
			</trkpt>
			<trkpt lat="60.08792" lon="9.07454">
				<ele>271.40338134765625</ele>
				<time>2000-01-01T00:00:00Z</time>
			</trkpt>
			<trkpt lat="60.08788" lon="9.07445">
				<ele>271.16107177734375</ele>
				<time>2000-01-01T00:00:00Z</time>
			</trkpt>
			<trkpt lat="60.08746298972724" lon="9.073625677545595">
				<ele>268.79998779296875</ele>
				<time>2000-01-01T00:00:00Z</time>
			</trkpt>
			<trkpt lat="60.08745" lon="9.0736">
				<ele>268.77960205078125</ele>
				<time>2000-01-01T00:00:00Z</time>
			</trkpt>
			<trkpt lat="60.0874" lon="9.07354">
				<ele>268.71466064453125</ele>
				<time>2000-01-01T00:00:00Z</time>
			</trkpt>
			<trkpt lat="60.08736" lon="9.07353">
				<ele>268.66973876953125</ele>
				<time>2000-01-01T00:00:00Z</time>
			</trkpt>
			<trkpt lat="60.08733" lon="9.07357">
				<ele>268.6295166015625</ele>
				<time>2000-01-01T00:00:00Z</time>
			</trkpt>
			<trkpt lat="60.08727" lon="9.07382">
				<ele>268.4752502441406</ele>
				<time>2000-01-01T00:00:00Z</time>
			</trkpt>
			<trkpt lat="60.08718" lon="9.07437">
				<ele>268.1532897949219</ele>
				<time>2000-01-01T00:00:00Z</time>
			</trkpt>
			<trkpt lat="60.08696363141252" lon="9.075461677477644">
				<ele>267.5</ele>
				<time>2000-01-01T00:00:00Z</time>
			</trkpt>
			<trkpt lat="60.08696" lon="9.07548">
				<ele>267.4873046875</ele>
				<time>2000-01-01T00:00:00Z</time>
			</trkpt>
			<trkpt lat="60.08676" lon="9.07634">
				<ele>266.8784484863281</ele>
				<time>2000-01-01T00:00:00Z</time>
			</trkpt>
			<trkpt lat="60.08659" lon="9.07697">
				<ele>266.4187927246094</ele>
				<time>2000-01-01T00:00:00Z</time>
			</trkpt>
			<trkpt lat="60.086420783470814" lon="9.077527394849895">
				<ele>266.0</ele>
				<time>2000-01-01T00:00:00Z</time>
			</trkpt>
			<trkpt lat="60.08581476280109" lon="9.07952430667443">
				<ele>263.8999938964844</ele>
				<time>2000-01-01T00:00:00Z</time>
			</trkpt>
			<trkpt lat="60.08581" lon="9.07954">
				<ele>263.9007873535156</ele>
				<time>2000-01-01T00:00:00Z</time>
			</trkpt>
			<trkpt lat="60.08563" lon="9.07998">
				<ele>263.9251403808594</ele>
				<time>2000-01-01T00:00:00Z</time>
			</trkpt>
			<trkpt lat="60.08532" lon="9.08059">
				<ele>263.96240234375</ele>
				<time>2000-01-01T00:00:00Z</time>
			</trkpt>
			<trkpt lat="60.08515" lon="9.08103">
				<ele>263.9862060546875</ele>
				<time>2000-01-01T00:00:00Z</time>
			</trkpt>
			<trkpt lat="60.08506861052688" lon="9.08130807962393">
				<ele>264.0</ele>
				<time>2000-01-01T00:00:00Z</time>
			</trkpt>
			<trkpt lat="60.08503" lon="9.08144">
				<ele>264.2945251464844</ele>
				<time>2000-01-01T00:00:00Z</time>
			</trkpt>
			<trkpt lat="60.08495" lon="9.08193">
				<ele>265.2872009277344</ele>
				<time>2000-01-01T00:00:00Z</time>
			</trkpt>
			<trkpt lat="60.08488" lon="9.08284">
				<ele>267.0599060058594</ele>
				<time>2000-01-01T00:00:00Z</time>
			</trkpt>
			<trkpt lat="60.08485585811847" lon="9.083586499674206">
				<ele>268.5</ele>
				<time>2000-01-01T00:00:00Z</time>
			</trkpt>
			<trkpt lat="60.084780672637976" lon="9.085919003313112">
				<ele>269.29998779296875</ele>
				<time>2000-01-01T00:00:00Z</time>
			</trkpt>
			<trkpt lat="60.08477" lon="9.08625">
				<ele>269.4986572265625</ele>
				<time>2000-01-01T00:00:00Z</time>
			</trkpt>
			<trkpt lat="60.08472" lon="9.08734">
				<ele>270.154296875</ele>
				<time>2000-01-01T00:00:00Z</time>
			</trkpt>
			<trkpt lat="60.08464" lon="9.08816">
				<ele>270.6546936035156</ele>
				<time>2000-01-01T00:00:00Z</time>
			</trkpt>
			<trkpt lat="60.084627410466005" lon="9.08823133681077">
				<ele>270.70001220703125</ele>
				<time>2000-01-01T00:00:00Z</time>
			</trkpt>
			<trkpt lat="60.08458" lon="9.0885">
				<ele>271.2488098144531</ele>
				<time>2000-01-01T00:00:00Z</time>
			</trkpt>
			<trkpt lat="60.08453" lon="9.08862">
				<ele>271.54974365234375</ele>
				<time>2000-01-01T00:00:00Z</time>
			</trkpt>
			<trkpt lat="60.08442" lon="9.08879">
				<ele>272.0859375</ele>
				<time>2000-01-01T00:00:00Z</time>
			</trkpt>
			<trkpt lat="60.08439" lon="9.0889">
				<ele>272.32733154296875</ele>
				<time>2000-01-01T00:00:00Z</time>
			</trkpt>
			<trkpt lat="60.08426" lon="9.08983">
				<ele>274.1866455078125</ele>
				<time>2000-01-01T00:00:00Z</time>
			</trkpt>
			<trkpt lat="60.08413551871883" lon="9.090293344099159">
				<ele>275.20001220703125</ele>
				<time>2000-01-01T00:00:00Z</time>
			</trkpt>
			<trkpt lat="60.08408" lon="9.0905">
				<ele>276.43536376953125</ele>
				<time>2000-01-01T00:00:00Z</time>
			</trkpt>
			<trkpt lat="60.08387" lon="9.09141">
				<ele>281.7118225097656</ele>
				<time>2000-01-01T00:00:00Z</time>
			</trkpt>
			<trkpt lat="60.08378" lon="9.09192">
				<ele>284.5586242675781</ele>
				<time>2000-01-01T00:00:00Z</time>
			</trkpt>
			<trkpt lat="60.08374048111459" lon="9.0924732471538">
				<ele>287.5</ele>
				<time>2000-01-01T00:00:00Z</time>
			</trkpt>
			<trkpt lat="60.08372" lon="9.09276">
				<ele>288.9870300292969</ele>
				<time>2000-01-01T00:00:00Z</time>
			</trkpt>
			<trkpt lat="60.08371" lon="9.09318">
				<ele>291.14569091796875</ele>
				<time>2000-01-01T00:00:00Z</time>
			</trkpt>
			<trkpt lat="60.08374" lon="9.09363">
				<ele>293.47674560546875</ele>
				<time>2000-01-01T00:00:00Z</time>
			</trkpt>
			<trkpt lat="60.08383" lon="9.09405">
				<ele>295.8242492675781</ele>
				<time>2000-01-01T00:00:00Z</time>
			</trkpt>
			<trkpt lat="60.08399181701957" lon="9.094688279117705">
				<ele>299.5</ele>
				<time>2000-01-01T00:00:00Z</time>
			</trkpt>
			<trkpt lat="60.08401" lon="9.09476">
				<ele>299.70672607421875</ele>
				<time>2000-01-01T00:00:00Z</time>
			</trkpt>
			<trkpt lat="60.08413" lon="9.0955">
				<ele>301.7041015625</ele>
				<time>2000-01-01T00:00:00Z</time>
			</trkpt>
			<trkpt lat="60.08416" lon="9.09583">
				<ele>302.5652770996094</ele>
				<time>2000-01-01T00:00:00Z</time>
			</trkpt>
			<trkpt lat="60.08419" lon="9.09619">
				<ele>303.50189208984375</ele>
				<time>2000-01-01T00:00:00Z</time>
			</trkpt>
			<trkpt lat="60.08419" lon="9.09676">
				<ele>304.96533203125</ele>
				<time>2000-01-01T00:00:00Z</time>
			</trkpt>
			<trkpt lat="60.08417" lon="9.09698">
				<ele>305.5242614746094</ele>
				<time>2000-01-01T00:00:00Z</time>
			</trkpt>
			<trkpt lat="60.08411" lon="9.09729">
				<ele>306.0506591796875</ele>
				<time>2000-01-01T00:00:00Z</time>
			</trkpt>
			<trkpt lat="60.08404" lon="9.09747">
				<ele>306.4118957519531</ele>
				<time>2000-01-01T00:00:00Z</time>
			</trkpt>
			<trkpt lat="60.08393" lon="9.09767">
				<ele>306.8831481933594</ele>
				<time>2000-01-01T00:00:00Z</time>
			</trkpt>
			<trkpt lat="60.08379" lon="9.09785">
				<ele>307.4111022949219</ele>
				<time>2000-01-01T00:00:00Z</time>
			</trkpt>
			<trkpt lat="60.08357" lon="9.09808">
				<ele>308.1986083984375</ele>
				<time>2000-01-01T00:00:00Z</time>
			</trkpt>
			<trkpt lat="60.083277155358395" lon="9.098315548063377">
				<ele>309.20001220703125</ele>
				<time>2000-01-01T00:00:00Z</time>
			</trkpt>
			<trkpt lat="60.08311" lon="9.09845">
				<ele>309.6171569824219</ele>
				<time>2000-01-01T00:00:00Z</time>
			</trkpt>
			<trkpt lat="60.082171750024735" lon="9.099055039204003">
				<ele>311.8999938964844</ele>
				<time>2000-01-01T00:00:00Z</time>
			</trkpt>
			<trkpt lat="60.08204" lon="9.09914">
				<ele>313.6809997558594</ele>
				<time>2000-01-01T00:00:00Z</time>
			</trkpt>
			<trkpt lat="60.08188" lon="9.09926">
				<ele>315.878662109375</ele>
				<time>2000-01-01T00:00:00Z</time>
			</trkpt>
			<trkpt lat="60.08179" lon="9.09935">
				<ele>317.17327880859375</ele>
				<time>2000-01-01T00:00:00Z</time>
			</trkpt>
			<trkpt lat="60.08157" lon="9.09962">
				<ele>320.49212646484375</ele>
				<time>2000-01-01T00:00:00Z</time>
			</trkpt>
			<trkpt lat="60.08136" lon="9.10001">
				<ele>324.17572021484375</ele>
				<time>2000-01-01T00:00:00Z</time>
			</trkpt>
			<trkpt lat="60.08122" lon="9.10032">
				<ele>326.8597717285156</ele>
				<time>2000-01-01T00:00:00Z</time>
			</trkpt>
			<trkpt lat="60.08091" lon="9.10111">
				<ele>328.908935546875</ele>
				<time>2000-01-01T00:00:00Z</time>
			</trkpt>
			<trkpt lat="60.0808" lon="9.10129">
				<ele>329.48126220703125</ele>
				<time>2000-01-01T00:00:00Z</time>
			</trkpt>
			<trkpt lat="60.08068" lon="9.10144">
				<ele>330.0516357421875</ele>
				<time>2000-01-01T00:00:00Z</time>
			</trkpt>
			<trkpt lat="60.08042" lon="9.10167">
				<ele>331.19744873046875</ele>
				<time>2000-01-01T00:00:00Z</time>
			</trkpt>
			<trkpt lat="60.08032725256681" lon="9.10174419523632">
				<ele>331.6000061035156</ele>
				<time>2000-01-01T00:00:00Z</time>
			</trkpt>
			<trkpt lat="60.08002" lon="9.10199">
				<ele>335.03375244140625</ele>
				<time>2000-01-01T00:00:00Z</time>
			</trkpt>
			<trkpt lat="60.0798" lon="9.10213">
				<ele>337.4296875</ele>
				<time>2000-01-01T00:00:00Z</time>
			</trkpt>
			<trkpt lat="60.07965" lon="9.1022">
				<ele>339.02862548828125</ele>
				<time>2000-01-01T00:00:00Z</time>
			</trkpt>
			<trkpt lat="60.079205072629414" lon="9.102335740347591">
				<ele>343.70001220703125</ele>
				<time>2000-01-01T00:00:00Z</time>
			</trkpt>
			<trkpt lat="60.07906" lon="9.10238">
				<ele>344.5685729980469</ele>
				<time>2000-01-01T00:00:00Z</time>
			</trkpt>
			<trkpt lat="60.07877" lon="9.10244">
				<ele>346.294189453125</ele>
				<time>2000-01-01T00:00:00Z</time>
			</trkpt>
			<trkpt lat="60.07813" lon="9.10251">
				<ele>350.0879821777344</ele>
				<time>2000-01-01T00:00:00Z</time>
			</trkpt>
			<trkpt lat="60.078044233385675" lon="9.102532871062804">
				<ele>350.6000061035156</ele>
				<time>2000-01-01T00:00:00Z</time>
			</trkpt>
			<trkpt lat="60.07798" lon="9.10255">
				<ele>350.8836364746094</ele>
				<time>2000-01-01T00:00:00Z</time>
			</trkpt>
			<trkpt lat="60.07773" lon="9.10263">
				<ele>351.9910583496094</ele>
				<time>2000-01-01T00:00:00Z</time>
			</trkpt>
			<trkpt lat="60.07751" lon="9.10273">
				<ele>352.9781188964844</ele>
				<time>2000-01-01T00:00:00Z</time>
			</trkpt>
			<trkpt lat="60.07721" lon="9.10291">
				<ele>354.3481750488281</ele>
				<time>2000-01-01T00:00:00Z</time>
			</trkpt>
			<trkpt lat="60.07692512368406" lon="9.103149895512118">
				<ele>355.70001220703125</ele>
				<time>2000-01-01T00:00:00Z</time>
			</trkpt>
			<trkpt lat="60.07683" lon="9.10323">
				<ele>355.6734619140625</ele>
				<time>2000-01-01T00:00:00Z</time>
			</trkpt>
			<trkpt lat="60.07588877838237" lon="9.104218249244008">
				<ele>355.3999938964844</ele>
				<time>2000-01-01T00:00:00Z</time>
			</trkpt>
			<trkpt lat="60.07503" lon="9.10512">
				<ele>349.0792541503906</ele>
				<time>2000-01-01T00:00:00Z</time>
			</trkpt>
			<trkpt lat="60.07488" lon="9.10525">
				<ele>348.0137939453125</ele>
				<time>2000-01-01T00:00:00Z</time>
			</trkpt>
			<trkpt lat="60.07484800892238" lon="9.105264541309849">
				<ele>347.79998779296875</ele>
				<time>2000-01-01T00:00:00Z</time>
			</trkpt>
			<trkpt lat="60.07477" lon="9.1053">
				<ele>346.7435302734375</ele>
				<time>2000-01-01T00:00:00Z</time>
			</trkpt>
			<trkpt lat="60.07465" lon="9.10529">
				<ele>345.1565246582031</ele>
				<time>2000-01-01T00:00:00Z</time>
			</trkpt>
			<trkpt lat="60.07458" lon="9.10525">
				<ele>344.1955261230469</ele>
				<time>2000-01-01T00:00:00Z</time>
			</trkpt>
			<trkpt lat="60.0743" lon="9.10503">
				<ele>340.2220764160156</ele>
				<time>2000-01-01T00:00:00Z</time>
			</trkpt>
			<trkpt lat="60.07424" lon="9.10502">
				<ele>339.42718505859375</ele>
				<time>2000-01-01T00:00:00Z</time>
			</trkpt>
			<trkpt lat="60.07418" lon="9.10504">
				<ele>338.6231384277344</ele>
				<time>2000-01-01T00:00:00Z</time>
			</trkpt>
			<trkpt lat="60.07411" lon="9.10513">
				<ele>337.5244445800781</ele>
				<time>2000-01-01T00:00:00Z</time>
			</trkpt>
			<trkpt lat="60.07394" lon="9.1055">
				<ele>334.21002197265625</ele>
				<time>2000-01-01T00:00:00Z</time>
			</trkpt>
			<trkpt lat="60.07382655736636" lon="9.105653957789189">
				<ele>332.3999938964844</ele>
				<time>2000-01-01T00:00:00Z</time>
			</trkpt>
			<trkpt lat="60.0738" lon="9.10569">
				<ele>332.11083984375</ele>
				<time>2000-01-01T00:00:00Z</time>
			</trkpt>
			<trkpt lat="60.07373" lon="9.10578">
				<ele>331.3623352050781</ele>
				<time>2000-01-01T00:00:00Z</time>
			</trkpt>
			<trkpt lat="60.07339" lon="9.10606">
				<ele>328.0509033203125</ele>
				<time>2000-01-01T00:00:00Z</time>
			</trkpt>
			<trkpt lat="60.07289" lon="9.1067">
				<ele>322.70733642578125</ele>
				<time>2000-01-01T00:00:00Z</time>
			</trkpt>
			<trkpt lat="60.07282" lon="9.10676">
				<ele>322.02142333984375</ele>
				<time>2000-01-01T00:00:00Z</time>
			</trkpt>
			<trkpt lat="60.072807421012946" lon="9.106769783492243">
				<ele>321.8999938964844</ele>
				<time>2000-01-01T00:00:00Z</time>
			</trkpt>
			<trkpt lat="60.07273" lon="9.10683">
				<ele>321.358642578125</ele>
				<time>2000-01-01T00:00:00Z</time>
			</trkpt>
			<trkpt lat="60.07263" lon="9.10683">
				<ele>320.706787109375</ele>
				<time>2000-01-01T00:00:00Z</time>
			</trkpt>
			<trkpt lat="60.07254" lon="9.10678">
				<ele>320.0975036621094</ele>
				<time>2000-01-01T00:00:00Z</time>
			</trkpt>
			<trkpt lat="60.07243" lon="9.10667">
				<ele>319.296142578125</ele>
				<time>2000-01-01T00:00:00Z</time>
			</trkpt>
			<trkpt lat="60.07227" lon="9.10645">
				<ele>318.0313720703125</ele>
				<time>2000-01-01T00:00:00Z</time>
			</trkpt>
			<trkpt lat="60.07217" lon="9.10636">
				<ele>317.3165283203125</ele>
				<time>2000-01-01T00:00:00Z</time>
			</trkpt>
			<trkpt lat="60.07206" lon="9.10635">
				<ele>316.5985107421875</ele>
				<time>2000-01-01T00:00:00Z</time>
			</trkpt>
			<trkpt lat="60.07195" lon="9.10641">
				<ele>315.8551330566406</ele>
				<time>2000-01-01T00:00:00Z</time>
			</trkpt>
			<trkpt lat="60.07185" lon="9.10651">
				<ele>315.126708984375</ele>
				<time>2000-01-01T00:00:00Z</time>
			</trkpt>
			<trkpt lat="60.07179" lon="9.10661">
				<ele>314.61798095703125</ele>
				<time>2000-01-01T00:00:00Z</time>
			</trkpt>
			<trkpt lat="60.07175477449981" lon="9.106677608410182">
				<ele>314.29998779296875</ele>
				<time>2000-01-01T00:00:00Z</time>
			</trkpt>
			<trkpt lat="60.07129" lon="9.10757">
				<ele>309.16522216796875</ele>
				<time>2000-01-01T00:00:00Z</time>
			</trkpt>
			<trkpt lat="60.0708861275424" lon="9.108233066498768">
				<ele>305.0</ele>
				<time>2000-01-01T00:00:00Z</time>
			</trkpt>
			<trkpt lat="60.07062" lon="9.10867">
				<ele>302.6096496582031</ele>
				<time>2000-01-01T00:00:00Z</time>
			</trkpt>
			<trkpt lat="60.07045" lon="9.1089">
				<ele>301.18438720703125</ele>
				<time>2000-01-01T00:00:00Z</time>
			</trkpt>
			<trkpt lat="60.07016" lon="9.10924">
				<ele>298.84954833984375</ele>
				<time>2000-01-01T00:00:00Z</time>
			</trkpt>
			<trkpt lat="60.07003" lon="9.10936">
				<ele>297.85498046875</ele>
				<time>2000-01-01T00:00:00Z</time>
			</trkpt>
			<trkpt lat="60.069901251943016" lon="9.10945656101101">
				<ele>296.8999938964844</ele>
				<time>2000-01-01T00:00:00Z</time>
			</trkpt>
			<trkpt lat="60.06987" lon="9.10948">
				<ele>296.954345703125</ele>
				<time>2000-01-01T00:00:00Z</time>
			</trkpt>
			<trkpt lat="60.06966" lon="9.1096">
				<ele>297.3102722167969</ele>
				<time>2000-01-01T00:00:00Z</time>
			</trkpt>
			<trkpt lat="60.06928" lon="9.10972">
				<ele>297.9372863769531</ele>
				<time>2000-01-01T00:00:00Z</time>
			</trkpt>
			<trkpt lat="60.06875345617963" lon="9.10982874175916">
				<ele>298.79998779296875</ele>
				<time>2000-01-01T00:00:00Z</time>
			</trkpt>
			<trkpt lat="60.06836" lon="9.10991">
				<ele>300.90386962890625</ele>
				<time>2000-01-01T00:00:00Z</time>
			</trkpt>
			<trkpt lat="60.06813" lon="9.10993">
				<ele>302.1282043457031</ele>
				<time>2000-01-01T00:00:00Z</time>
			</trkpt>
			<trkpt lat="60.06775" lon="9.10993">
				<ele>304.1492919921875</ele>
				<time>2000-01-01T00:00:00Z</time>
			</trkpt>
			<trkpt lat="60.06759015707608" lon="9.109919344197099">
				<ele>305.0</ele>
				<time>2000-01-01T00:00:00Z</time>
			</trkpt>
			<trkpt lat="60.06715" lon="9.10989">
				<ele>306.9644470214844</ele>
				<time>2000-01-01T00:00:00Z</time>
			</trkpt>
			<trkpt lat="60.0669" lon="9.10986">
				<ele>308.0818176269531</ele>
				<time>2000-01-01T00:00:00Z</time>
			</trkpt>
			<trkpt lat="60.06676" lon="9.10982">
				<ele>308.7125549316406</ele>
				<time>2000-01-01T00:00:00Z</time>
			</trkpt>
			<trkpt lat="60.06657" lon="9.10975">
				<ele>309.57452392578125</ele>
				<time>2000-01-01T00:00:00Z</time>
			</trkpt>
			<trkpt lat="60.06643865717195" lon="9.109651493015487">
				<ele>310.20001220703125</ele>
				<time>2000-01-01T00:00:00Z</time>
			</trkpt>
			<trkpt lat="60.06637" lon="9.1096">
				<ele>310.7785339355469</ele>
				<time>2000-01-01T00:00:00Z</time>
			</trkpt>
			<trkpt lat="60.06611" lon="9.10934">
				<ele>313.0718078613281</ele>
				<time>2000-01-01T00:00:00Z</time>
			</trkpt>
			<trkpt lat="60.0658" lon="9.10896">
				<ele>315.9397888183594</ele>
				<time>2000-01-01T00:00:00Z</time>
			</trkpt>
			<trkpt lat="60.06566" lon="9.10884">
				<ele>317.1418151855469</ele>
				<time>2000-01-01T00:00:00Z</time>
			</trkpt>
			<trkpt lat="60.06548" lon="9.10873">
				<ele>318.6268005371094</ele>
				<time>2000-01-01T00:00:00Z</time>
			</trkpt>
			<trkpt lat="60.06538" lon="9.10869">
				<ele>319.4151916503906</ele>
				<time>2000-01-01T00:00:00Z</time>
			</trkpt>
			<trkpt lat="60.06518" lon="9.10866">
				<ele>320.17205810546875</ele>
				<time>2000-01-01T00:00:00Z</time>
			</trkpt>
			<trkpt lat="60.06499" lon="9.10868">
				<ele>320.8903503417969</ele>
				<time>2000-01-01T00:00:00Z</time>
			</trkpt>
			<trkpt lat="60.06476" lon="9.10876">
				<ele>321.771240234375</ele>
				<time>2000-01-01T00:00:00Z</time>
			</trkpt>
			<trkpt lat="60.06423168702954" lon="9.108958115871971">
				<ele>323.79998779296875</ele>
				<time>2000-01-01T00:00:00Z</time>
			</trkpt>
			<trkpt lat="60.06388" lon="9.10909">
				<ele>323.27825927734375</ele>
				<time>2000-01-01T00:00:00Z</time>
			</trkpt>
			<trkpt lat="60.06372" lon="9.10917">
				<ele>323.0376892089844</ele>
				<time>2000-01-01T00:00:00Z</time>
			</trkpt>
			<trkpt lat="60.06352" lon="9.10933">
				<ele>322.72369384765625</ele>
				<time>2000-01-01T00:00:00Z</time>
			</trkpt>
			<trkpt lat="60.06335" lon="9.10957">
				<ele>322.42041015625</ele>
				<time>2000-01-01T00:00:00Z</time>
			</trkpt>
			<trkpt lat="60.0631789566192" lon="9.10984625472664">
				<ele>322.1000061035156</ele>
				<time>2000-01-01T00:00:00Z</time>
			</trkpt>
			<trkpt lat="60.06244" lon="9.11104">
				<ele>321.04144287109375</ele>
				<time>2000-01-01T00:00:00Z</time>
			</trkpt>
			<trkpt lat="60.062274323418336" lon="9.111319254945485">
				<ele>320.79998779296875</ele>
				<time>2000-01-01T00:00:00Z</time>
			</trkpt>
			<trkpt lat="60.06138257890542" lon="9.112823558590883">
				<ele>323.70001220703125</ele>
				<time>2000-01-01T00:00:00Z</time>
			</trkpt>
			<trkpt lat="60.06078" lon="9.11384">
				<ele>321.0645751953125</ele>
				<time>2000-01-01T00:00:00Z</time>
			</trkpt>
			<trkpt lat="60.06048255566957" lon="9.114307410830182">
				<ele>319.79998779296875</ele>
				<time>2000-01-01T00:00:00Z</time>
			</trkpt>
			<trkpt lat="60.06036" lon="9.1145">
				<ele>319.3189392089844</ele>
				<time>2000-01-01T00:00:00Z</time>
			</trkpt>
			<trkpt lat="60.05997" lon="9.11499">
				<ele>317.8974304199219</ele>
				<time>2000-01-01T00:00:00Z</time>
			</trkpt>
			<trkpt lat="60.05979" lon="9.11518">
				<ele>317.2691955566406</ele>
				<time>2000-01-01T00:00:00Z</time>
			</trkpt>
			<trkpt lat="60.05951" lon="9.1154">
				<ele>316.34033203125</ele>
				<time>2000-01-01T00:00:00Z</time>
			</trkpt>
			<trkpt lat="60.059466282205584" lon="9.115424979830886">
				<ele>316.20001220703125</ele>
				<time>2000-01-01T00:00:00Z</time>
			</trkpt>
			<trkpt lat="60.05916" lon="9.1156">
				<ele>313.7135925292969</ele>
				<time>2000-01-01T00:00:00Z</time>
			</trkpt>
			<trkpt lat="60.05897" lon="9.11575">
				<ele>312.1194763183594</ele>
				<time>2000-01-01T00:00:00Z</time>
			</trkpt>
			<trkpt lat="60.05888" lon="9.11584">
				<ele>311.33404541015625</ele>
				<time>2000-01-01T00:00:00Z</time>
			</trkpt>
			<trkpt lat="60.05876" lon="9.11602">
				<ele>310.1640930175781</ele>
				<time>2000-01-01T00:00:00Z</time>
			</trkpt>
			<trkpt lat="60.05864" lon="9.11628">
				<ele>308.7841796875</ele>
				<time>2000-01-01T00:00:00Z</time>
			</trkpt>
			<trkpt lat="60.05859" lon="9.11646">
				<ele>307.9814147949219</ele>
				<time>2000-01-01T00:00:00Z</time>
			</trkpt>
			<trkpt lat="60.05854215035341" lon="9.116664918693717">
				<ele>307.1000061035156</ele>
				<time>2000-01-01T00:00:00Z</time>
			</trkpt>
			<trkpt lat="60.05804905822426" lon="9.118781171228612">
				<ele>294.79998779296875</ele>
				<time>2000-01-01T00:00:00Z</time>
			</trkpt>
			<trkpt lat="60.0578" lon="9.11985">
				<ele>292.1734924316406</ele>
				<time>2000-01-01T00:00:00Z</time>
			</trkpt>
			<trkpt lat="60.05767" lon="9.12021">
				<ele>291.1844482421875</ele>
				<time>2000-01-01T00:00:00Z</time>
			</trkpt>
			<trkpt lat="60.05761" lon="9.12035">
				<ele>290.7734680175781</ele>
				<time>2000-01-01T00:00:00Z</time>
			</trkpt>
			<trkpt lat="60.05745" lon="9.1206">
				<ele>289.868408203125</ele>
				<time>2000-01-01T00:00:00Z</time>
			</trkpt>
			<trkpt lat="60.05739683034811" lon="9.120656328177308">
				<ele>289.6000061035156</ele>
				<time>2000-01-01T00:00:00Z</time>
			</trkpt>
			<trkpt lat="60.05678" lon="9.12131">
				<ele>292.2937927246094</ele>
				<time>2000-01-01T00:00:00Z</time>
			</trkpt>
			<trkpt lat="60.05637358856105" lon="9.121774445211203">
				<ele>294.1000061035156</ele>
				<time>2000-01-01T00:00:00Z</time>
			</trkpt>
			<trkpt lat="60.05566" lon="9.12259">
				<ele>298.39886474609375</ele>
				<time>2000-01-01T00:00:00Z</time>
			</trkpt>
			<trkpt lat="60.05545" lon="9.1228">
				<ele>299.62701416015625</ele>
				<time>2000-01-01T00:00:00Z</time>
			</trkpt>
			<trkpt lat="60.05534837596197" lon="9.122881737368076">
				<ele>300.20001220703125</ele>
				<time>2000-01-01T00:00:00Z</time>
			</trkpt>
			<trkpt lat="60.05499" lon="9.12317">
				<ele>302.287109375</ele>
				<time>2000-01-01T00:00:00Z</time>
			</trkpt>
			<trkpt lat="60.05488" lon="9.12329">
				<ele>302.96417236328125</ele>
				<time>2000-01-01T00:00:00Z</time>
			</trkpt>
			<trkpt lat="60.05478" lon="9.12343">
				<ele>303.6235656738281</ele>
				<time>2000-01-01T00:00:00Z</time>
			</trkpt>
			<trkpt lat="60.05467" lon="9.12364">
				<ele>304.44482421875</ele>
				<time>2000-01-01T00:00:00Z</time>
			</trkpt>
			<trkpt lat="60.05455" lon="9.12393">
				<ele>305.4609680175781</ele>
				<time>2000-01-01T00:00:00Z</time>
			</trkpt>
			<trkpt lat="60.05445280076455" lon="9.124262337195603">
				<ele>306.5</ele>
				<time>2000-01-01T00:00:00Z</time>
			</trkpt>
			<trkpt lat="60.05424" lon="9.12499">
				<ele>309.6419982910156</ele>
				<time>2000-01-01T00:00:00Z</time>
			</trkpt>
			<trkpt lat="60.05417" lon="9.12516">
				<ele>310.462890625</ele>
				<time>2000-01-01T00:00:00Z</time>
			</trkpt>
			<trkpt lat="60.05398" lon="9.12557">
				<ele>312.5470275878906</ele>
				<time>2000-01-01T00:00:00Z</time>
			</trkpt>
			<trkpt lat="60.053706117626845" lon="9.126023844859462">
				<ele>315.20001220703125</ele>
				<time>2000-01-01T00:00:00Z</time>
			</trkpt>
			<trkpt lat="60.05328" lon="9.12673">
				<ele>318.5682373046875</ele>
				<time>2000-01-01T00:00:00Z</time>
			</trkpt>
			<trkpt lat="60.05285" lon="9.12737">
				<ele>321.8310852050781</ele>
				<time>2000-01-01T00:00:00Z</time>
			</trkpt>
			<trkpt lat="60.05278514428042" lon="9.127453013354081">
				<ele>322.29998779296875</ele>
				<time>2000-01-01T00:00:00Z</time>
			</trkpt>
			<trkpt lat="60.0526" lon="9.12769">
				<ele>323.07269287109375</ele>
				<time>2000-01-01T00:00:00Z</time>
			</trkpt>
			<trkpt lat="60.05186" lon="9.12858">
				<ele>326.10845947265625</ele>
				<time>2000-01-01T00:00:00Z</time>
			</trkpt>
			<trkpt lat="60.05179090138824" lon="9.128671778988437">
				<ele>326.3999938964844</ele>
				<time>2000-01-01T00:00:00Z</time>
			</trkpt>
			<trkpt lat="60.05116" lon="9.12951">
				<ele>328.9978332519531</ele>
				<time>2000-01-01T00:00:00Z</time>
			</trkpt>
			<trkpt lat="60.050813536724135" lon="9.12994397006174">
				<ele>330.3999938964844</ele>
				<time>2000-01-01T00:00:00Z</time>
			</trkpt>
			<trkpt lat="60.05021" lon="9.1307">
				<ele>334.8578186035156</ele>
				<time>2000-01-01T00:00:00Z</time>
			</trkpt>
			<trkpt lat="60.05007" lon="9.13086">
				<ele>335.8672790527344</ele>
				<time>2000-01-01T00:00:00Z</time>
			</trkpt>
			<trkpt lat="60.04980815542345" lon="9.131121844391094">
				<ele>337.70001220703125</ele>
				<time>2000-01-01T00:00:00Z</time>
			</trkpt>
			<trkpt lat="60.04975" lon="9.13118">
				<ele>338.01800537109375</ele>
				<time>2000-01-01T00:00:00Z</time>
			</trkpt>
			<trkpt lat="60.04924" lon="9.13158">
				<ele>340.6959228515625</ele>
				<time>2000-01-01T00:00:00Z</time>
			</trkpt>
			<trkpt lat="60.04885" lon="9.13182">
				<ele>342.6909484863281</ele>
				<time>2000-01-01T00:00:00Z</time>
			</trkpt>
			<trkpt lat="60.04873" lon="9.13187">
				<ele>343.2902526855469</ele>
				<time>2000-01-01T00:00:00Z</time>
			</trkpt>
			<trkpt lat="60.04870782557493" lon="9.131876652271071">
				<ele>343.3999938964844</ele>
				<time>2000-01-01T00:00:00Z</time>
			</trkpt>
			<trkpt lat="60.04863" lon="9.1319">
				<ele>343.41351318359375</ele>
				<time>2000-01-01T00:00:00Z</time>
			</trkpt>
			<trkpt lat="60.04837" lon="9.13191">
				<ele>343.4580993652344</ele>
				<time>2000-01-01T00:00:00Z</time>
			</trkpt>
			<trkpt lat="60.0482" lon="9.13188">
				<ele>343.4873962402344</ele>
				<time>2000-01-01T00:00:00Z</time>
			</trkpt>
			<trkpt lat="60.048" lon="9.13181">
				<ele>343.5222473144531</ele>
				<time>2000-01-01T00:00:00Z</time>
			</trkpt>
			<trkpt lat="60.04789" lon="9.13175">
				<ele>343.5417785644531</ele>
				<time>2000-01-01T00:00:00Z</time>
			</trkpt>
			<trkpt lat="60.04756936337215" lon="9.131528021809173">
				<ele>343.6000061035156</ele>
				<time>2000-01-01T00:00:00Z</time>
			</trkpt>
			<trkpt lat="60.04737" lon="9.13139">
				<ele>343.0390625</ele>
				<time>2000-01-01T00:00:00Z</time>
			</trkpt>
			<trkpt lat="60.04712" lon="9.13128">
				<ele>342.3583679199219</ele>
				<time>2000-01-01T00:00:00Z</time>
			</trkpt>
			<trkpt lat="60.04703" lon="9.13127">
				<ele>342.1187438964844</ele>
				<time>2000-01-01T00:00:00Z</time>
			</trkpt>
			<trkpt lat="60.04688" lon="9.1313">
				<ele>341.7178039550781</ele>
				<time>2000-01-01T00:00:00Z</time>
			</trkpt>
			<trkpt lat="60.04669" lon="9.1314">
				<ele>341.1954650878906</ele>
				<time>2000-01-01T00:00:00Z</time>
			</trkpt>
			<trkpt lat="60.04654" lon="9.13157">
				<ele>340.737060546875</ele>
				<time>2000-01-01T00:00:00Z</time>
			</trkpt>
			<trkpt lat="60.046469574378825" lon="9.131679550917754">
				<ele>340.5</ele>
				<time>2000-01-01T00:00:00Z</time>
			</trkpt>
			<trkpt lat="60.04645" lon="9.13171">
				<ele>340.40423583984375</ele>
				<time>2000-01-01T00:00:00Z</time>
			</trkpt>
			<trkpt lat="60.04631" lon="9.132">
				<ele>339.6269226074219</ele>
				<time>2000-01-01T00:00:00Z</time>
			</trkpt>
			<trkpt lat="60.04622" lon="9.13235">
				<ele>338.86785888671875</ele>
				<time>2000-01-01T00:00:00Z</time>
			</trkpt>
			<trkpt lat="60.04605" lon="9.13371">
				<ele>336.165771484375</ele>
				<time>2000-01-01T00:00:00Z</time>
			</trkpt>
			<trkpt lat="60.04603404128009" lon="9.133789787037516">
				<ele>336.0</ele>
				<time>2000-01-01T00:00:00Z</time>
			</trkpt>
			<trkpt lat="60.04596" lon="9.13416">
				<ele>333.5229797363281</ele>
				<time>2000-01-01T00:00:00Z</time>
			</trkpt>
			<trkpt lat="60.04585" lon="9.13455">
				<ele>330.7408752441406</ele>
				<time>2000-01-01T00:00:00Z</time>
			</trkpt>
			<trkpt lat="60.04568" lon="9.13494">
				<ele>327.5257568359375</ele>
				<time>2000-01-01T00:00:00Z</time>
			</trkpt>
			<trkpt lat="60.045309623490205" lon="9.135565294332736">
				<ele>321.5</ele>
				<time>2000-01-01T00:00:00Z</time>
			</trkpt>
			<trkpt lat="60.04491" lon="9.13624">
				<ele>318.7198486328125</ele>
				<time>2000-01-01T00:00:00Z</time>
			</trkpt>
			<trkpt lat="60.04478" lon="9.13651">
				<ele>317.7239074707031</ele>
				<time>2000-01-01T00:00:00Z</time>
			</trkpt>
			<trkpt lat="60.04461" lon="9.13704">
				<ele>316.0509338378906</ele>
				<time>2000-01-01T00:00:00Z</time>
			</trkpt>
			<trkpt lat="60.04456169428741" lon="9.137305679028273">
				<ele>315.29998779296875</ele>
				<time>2000-01-01T00:00:00Z</time>
			</trkpt>
			<trkpt lat="60.04453" lon="9.13748">
				<ele>314.8232727050781</ele>
				<time>2000-01-01T00:00:00Z</time>
			</trkpt>
			<trkpt lat="60.04435" lon="9.13884">
				<ele>311.2072448730469</ele>
				<time>2000-01-01T00:00:00Z</time>
			</trkpt>
			<trkpt lat="60.04424" lon="9.13941">
				<ele>309.6365051269531</ele>
				<time>2000-01-01T00:00:00Z</time>
			</trkpt>
			<trkpt lat="60.04421044185052" lon="9.139526793104256">
				<ele>309.29998779296875</ele>
				<time>2000-01-01T00:00:00Z</time>
			</trkpt>
			<trkpt lat="60.04368511498386" lon="9.141610928323823">
				<ele>298.6000061035156</ele>
				<time>2000-01-01T00:00:00Z</time>
			</trkpt>
			<trkpt lat="60.04334" lon="9.14298">
				<ele>294.001220703125</ele>
				<time>2000-01-01T00:00:00Z</time>
			</trkpt>
			<trkpt lat="60.04329" lon="9.1432">
				<ele>293.2764587402344</ele>
				<time>2000-01-01T00:00:00Z</time>
			</trkpt>
			<trkpt lat="60.04316619447451" lon="9.143701110300546">
				<ele>291.6000061035156</ele>
				<time>2000-01-01T00:00:00Z</time>
			</trkpt>
			<trkpt lat="60.04308" lon="9.14405">
				<ele>289.4826965332031</ele>
				<time>2000-01-01T00:00:00Z</time>
			</trkpt>
			<trkpt lat="60.04302" lon="9.14429">
				<ele>288.0224609375</ele>
				<time>2000-01-01T00:00:00Z</time>
			</trkpt>
			<trkpt lat="60.04295" lon="9.14465">
				<ele>285.9203186035156</ele>
				<time>2000-01-01T00:00:00Z</time>
			</trkpt>
			<trkpt lat="60.04287" lon="9.1452">
				<ele>282.8038024902344</ele>
				<time>2000-01-01T00:00:00Z</time>
			</trkpt>
			<trkpt lat="60.04284" lon="9.14542">
				<ele>281.5630798339844</ele>
				<time>2000-01-01T00:00:00Z</time>
			</trkpt>
			<trkpt lat="60.04278921469183" lon="9.145898827375083">
				<ele>278.8999938964844</ele>
				<time>2000-01-01T00:00:00Z</time>
			</trkpt>
			<trkpt lat="60.04277" lon="9.14608">
				<ele>278.5826416015625</ele>
				<time>2000-01-01T00:00:00Z</time>
			</trkpt>
			<trkpt lat="60.04274" lon="9.14652">
				<ele>277.8216247558594</ele>
				<time>2000-01-01T00:00:00Z</time>
			</trkpt>
			<trkpt lat="60.04264" lon="9.14748">
				<ele>276.1412048339844</ele>
				<time>2000-01-01T00:00:00Z</time>
			</trkpt>
			<trkpt lat="60.04261" lon="9.1477">
				<ele>275.7504577636719</ele>
				<time>2000-01-01T00:00:00Z</time>
			</trkpt>
			<trkpt lat="60.04256" lon="9.14807">
				<ele>275.0938415527344</ele>
				<time>2000-01-01T00:00:00Z</time>
			</trkpt>
			<trkpt lat="60.0425562393038" lon="9.148182810521238">
				<ele>274.8999938964844</ele>
				<time>2000-01-01T00:00:00Z</time>
			</trkpt>
			<trkpt lat="60.04255" lon="9.14837">
				<ele>273.7992858886719</ele>
				<time>2000-01-01T00:00:00Z</time>
			</trkpt>
			<trkpt lat="60.04254" lon="9.14875">
				<ele>271.5660400390625</ele>
				<time>2000-01-01T00:00:00Z</time>
			</trkpt>
			<trkpt lat="60.04252" lon="9.1493">
				<ele>268.330078125</ele>
				<time>2000-01-01T00:00:00Z</time>
			</trkpt>
			<trkpt lat="60.0425" lon="9.14964">
				<ele>266.320556640625</ele>
				<time>2000-01-01T00:00:00Z</time>
			</trkpt>
			<trkpt lat="60.04248" lon="9.14971">
				<ele>265.8477783203125</ele>
				<time>2000-01-01T00:00:00Z</time>
			</trkpt>
			<trkpt lat="60.04247" lon="9.14978">
				<ele>265.419921875</ele>
				<time>2000-01-01T00:00:00Z</time>
			</trkpt>
			<trkpt lat="60.04243" lon="9.14987">
				<ele>264.7127990722656</ele>
				<time>2000-01-01T00:00:00Z</time>
			</trkpt>
			<trkpt lat="60.04234" lon="9.15005">
				<ele>263.218505859375</ele>
				<time>2000-01-01T00:00:00Z</time>
			</trkpt>
			<trkpt lat="60.04228" lon="9.15016">
				<ele>262.2623291015625</ele>
				<time>2000-01-01T00:00:00Z</time>
			</trkpt>
			<trkpt lat="60.04221" lon="9.1503">
				<ele>261.09002685546875</ele>
				<time>2000-01-01T00:00:00Z</time>
			</trkpt>
			<trkpt lat="60.04208" lon="9.15061">
				<ele>258.4891662597656</ele>
				<time>2000-01-01T00:00:00Z</time>
			</trkpt>
			<trkpt lat="60.04201" lon="9.15086">
				<ele>256.6473388671875</ele>
				<time>2000-01-01T00:00:00Z</time>
			</trkpt>
			<trkpt lat="60.04196" lon="9.15116">
				<ele>254.61509704589844</ele>
				<time>2000-01-01T00:00:00Z</time>
			</trkpt>
			<trkpt lat="60.04194" lon="9.15136">
				<ele>253.3043670654297</ele>
				<time>2000-01-01T00:00:00Z</time>
			</trkpt>
			<trkpt lat="60.04195" lon="9.15223">
				<ele>247.71188354492188</ele>
				<time>2000-01-01T00:00:00Z</time>
			</trkpt>
			<trkpt lat="60.04196555021982" lon="9.152463261576031">
				<ele>246.1999969482422</ele>
				<time>2000-01-01T00:00:00Z</time>
			</trkpt>
			<trkpt lat="60.04198" lon="9.15268">
				<ele>245.44102478027344</ele>
				<time>2000-01-01T00:00:00Z</time>
			</trkpt>
			<trkpt lat="60.04202" lon="9.15298">
				<ele>244.3638916015625</ele>
				<time>2000-01-01T00:00:00Z</time>
			</trkpt>
			<trkpt lat="60.0421" lon="9.15349">
				<ele>242.50897216796875</ele>
				<time>2000-01-01T00:00:00Z</time>
			</trkpt>
			<trkpt lat="60.04216" lon="9.15398">
				<ele>240.75831604003906</ele>
				<time>2000-01-01T00:00:00Z</time>
			</trkpt>
			<trkpt lat="60.04219" lon="9.15424">
				<ele>239.83230590820312</ele>
				<time>2000-01-01T00:00:00Z</time>
			</trkpt>
			<trkpt lat="60.04219" lon="9.15432">
				<ele>239.5546875</ele>
				<time>2000-01-01T00:00:00Z</time>
			</trkpt>
			<trkpt lat="60.04219" lon="9.15441">
				<ele>239.24232482910156</ele>
				<time>2000-01-01T00:00:00Z</time>
			</trkpt>
			<trkpt lat="60.04219" lon="9.1545">
				<ele>238.92994689941406</ele>
				<time>2000-01-01T00:00:00Z</time>
			</trkpt>
			<trkpt lat="60.04218" lon="9.1546">
				<ele>238.5760498046875</ele>
				<time>2000-01-01T00:00:00Z</time>
			</trkpt>
			<trkpt lat="60.04216" lon="9.15467">
				<ele>238.2965087890625</ele>
				<time>2000-01-01T00:00:00Z</time>
			</trkpt>
			<trkpt lat="60.04214" lon="9.15471">
				<ele>238.10000610351562</ele>
				<time>2000-01-01T00:00:00Z</time>
			</trkpt>
		</trkseg>
	</trk>
	<wpt lat="60.109182914" lon="9.412586157">
		<name>Andersnatten parkering</name>
		<sym>parking</sym>
	</wpt>
	<wpt lat="60.193690023" lon="9.397020042">
		<name>Målargutua</name>
		<sym>waterfall</sym>
	</wpt>
</gpx>