<?xml version='1.0' encoding='utf-8'?>
<gpx xmlns="http://www.topografix.com/GPX/1/1" xmlns:xsi="http://www.w3.org/2001/XMLSchema-instance" creator="FootpathAndroid/2.4.2/1599" version="1.1" xsi:xchemaLocation="http://www.topografix.com/GPX/1/1 http://www.topografix.com/GPX/1/1/gpx.xsd">
  <metadata>
    <name>Trillemarka Rundt 2026 lang</name>
    <link href="https://footpathapp.com">
      <text>Footpath</text>
    </link>
    <time>2026-09-15T09:10:53Z</time>
  </metadata>
  <bounds minlat="0" maxlat="0" minlon="0" maxlon="0" />
  <trk>
    <name>Trillemarka Rundt 2026 lang</name>
    <trkseg>
      <trkpt lat="60.04214" lon="9.15471">
        <ele>237.17869567871094</ele>
        <time>2000-01-01T00:00:00Z</time>
      </trkpt>
      <trkpt lat="60.04223" lon="9.15475">
        <ele>236.47557067871094</ele>
        <time>2000-01-01T00:00:00Z</time>
      </trkpt>
      <trkpt lat="60.04231" lon="9.15478">
        <ele>235.85435485839844</ele>
        <time>2000-01-01T00:00:00Z</time>
      </trkpt>
      <trkpt lat="60.04248" lon="9.15486">
        <ele>234.52171325683594</ele>
        <time>2000-01-01T00:00:00Z</time>
      </trkpt>
      <trkpt lat="60.04261" lon="9.1549">
        <ele>233.51834106445312</ele>
        <time>2000-01-01T00:00:00Z</time>
      </trkpt>
      <trkpt lat="60.04276" lon="9.15497">
        <ele>232.3428192138672</ele>
        <time>2000-01-01T00:00:00Z</time>
      </trkpt>
      <trkpt lat="60.04281746326346" lon="9.154953581923273">
        <ele>231.89999389648438</ele>
        <time>2000-01-01T00:00:00Z</time>
      </trkpt>
      <trkpt lat="60.04283" lon="9.15495">
        <ele>231.86119079589844</ele>
        <time>2000-01-01T00:00:00Z</time>
      </trkpt>
      <trkpt lat="60.04288" lon="9.1549">
        <ele>231.6894989013672</ele>
        <time>2000-01-01T00:00:00Z</time>
      </trkpt>
      <trkpt lat="60.04302" lon="9.15469">
        <ele>231.1525115966797</ele>
        <time>2000-01-01T00:00:00Z</time>
      </trkpt>
      <trkpt lat="60.04306" lon="9.15466">
        <ele>231.02149963378906</ele>
        <time>2000-01-01T00:00:00Z</time>
      </trkpt>
      <trkpt lat="60.04308" lon="9.15467">
        <ele>230.9580841064453</ele>
        <time>2000-01-01T00:00:00Z</time>
      </trkpt>
      <trkpt lat="60.0431" lon="9.15469">
        <ele>230.8894500732422</ele>
        <time>2000-01-01T00:00:00Z</time>
      </trkpt>
      <trkpt lat="60.04316" lon="9.15476">
        <ele>230.67623901367188</ele>
        <time>2000-01-01T00:00:00Z</time>
      </trkpt>
      <trkpt lat="60.04318" lon="9.1548">
        <ele>230.58944702148438</ele>
        <time>2000-01-01T00:00:00Z</time>
      </trkpt>
      <trkpt lat="60.04324" lon="9.15488">
        <ele>230.36831665039062</ele>
        <time>2000-01-01T00:00:00Z</time>
      </trkpt>
      <trkpt lat="60.04329" lon="9.15491">
        <ele>230.20809936523438</ele>
        <time>2000-01-01T00:00:00Z</time>
      </trkpt>
      <trkpt lat="60.04332" lon="9.15492">
        <ele>230.11463928222656</ele>
        <time>2000-01-01T00:00:00Z</time>
      </trkpt>
      <trkpt lat="60.04336" lon="9.15492">
        <ele>229.99176025390625</ele>
        <time>2000-01-01T00:00:00Z</time>
      </trkpt>
      <trkpt lat="60.04343" lon="9.15488">
        <ele>229.76832580566406</ele>
        <time>2000-01-01T00:00:00Z</time>
      </trkpt>
      <trkpt lat="60.04359" lon="9.15473">
        <ele>229.22592163085938</ele>
        <time>2000-01-01T00:00:00Z</time>
      </trkpt>
      <trkpt lat="60.04383434713027" lon="9.154504447978105">
        <ele>228.39999389648438</ele>
        <time>2000-01-01T00:00:00Z</time>
      </trkpt>
      <trkpt lat="60.04398" lon="9.15437">
        <ele>228.1749267578125</ele>
        <time>2000-01-01T00:00:00Z</time>
      </trkpt>
      <trkpt lat="60.0442" lon="9.15412">
        <ele>227.8198699951172</ele>
        <time>2000-01-01T00:00:00Z</time>
      </trkpt>
      <trkpt lat="60.04448" lon="9.15376">
        <ele>227.3529510498047</ele>
        <time>2000-01-01T00:00:00Z</time>
      </trkpt>
      <trkpt lat="60.04464" lon="9.15348">
        <ele>227.0547332763672</ele>
        <time>2000-01-01T00:00:00Z</time>
      </trkpt>
      <trkpt lat="60.0447701357834" lon="9.153226577056563">
        <ele>226.8000030517578</ele>
        <time>2000-01-01T00:00:00Z</time>
      </trkpt>
      <trkpt lat="60.04483" lon="9.15311">
        <ele>226.75604248046875</ele>
        <time>2000-01-01T00:00:00Z</time>
      </trkpt>
      <trkpt lat="60.04496" lon="9.15281">
        <ele>226.6516571044922</ele>
        <time>2000-01-01T00:00:00Z</time>
      </trkpt>
      <trkpt lat="60.04519" lon="9.15198">
        <ele>226.40220642089844</ele>
        <time>2000-01-01T00:00:00Z</time>
      </trkpt>
      <trkpt lat="60.04527" lon="9.15184">
        <ele>226.3463134765625</ele>
        <time>2000-01-01T00:00:00Z</time>
      </trkpt>
      <trkpt lat="60.04542" lon="9.15167">
        <ele>226.255615234375</ele>
        <time>2000-01-01T00:00:00Z</time>
      </trkpt>
      <trkpt lat="60.04552483711996" lon="9.151643790718149">
        <ele>226.1999969482422</ele>
        <time>2000-01-01T00:00:00Z</time>
      </trkpt>
      <trkpt lat="60.04554" lon="9.15164">
        <ele>226.1986541748047</ele>
        <time>2000-01-01T00:00:00Z</time>
      </trkpt>
      <trkpt lat="60.04563" lon="9.15165">
        <ele>226.1907501220703</ele>
        <time>2000-01-01T00:00:00Z</time>
      </trkpt>
      <trkpt lat="60.04572" lon="9.15169">
        <ele>226.1826629638672</ele>
        <time>2000-01-01T00:00:00Z</time>
      </trkpt>
      <trkpt lat="60.04581" lon="9.15177">
        <ele>226.1740264892578</ele>
        <time>2000-01-01T00:00:00Z</time>
      </trkpt>
      <trkpt lat="60.0462" lon="9.15222">
        <ele>226.13455200195312</ele>
        <time>2000-01-01T00:00:00Z</time>
      </trkpt>
      <trkpt lat="60.04628" lon="9.15227">
        <ele>226.12721252441406</ele>
        <time>2000-01-01T00:00:00Z</time>
      </trkpt>
      <trkpt lat="60.0465846523805" lon="9.152386484750995">
        <ele>226.10000610351562</ele>
        <time>2000-01-01T00:00:00Z</time>
      </trkpt>
      <trkpt lat="60.04662" lon="9.1524">
        <ele>226.2263641357422</ele>
        <time>2000-01-01T00:00:00Z</time>
      </trkpt>
      <trkpt lat="60.04665" lon="9.15242">
        <ele>226.3372344970703</ele>
        <time>2000-01-01T00:00:00Z</time>
      </trkpt>
      <trkpt lat="60.04667" lon="9.15245">
        <ele>226.4249725341797</ele>
        <time>2000-01-01T00:00:00Z</time>
      </trkpt>
      <trkpt lat="60.04668" lon="9.15275">
        <ele>226.95164489746094</ele>
        <time>2000-01-01T00:00:00Z</time>
      </trkpt>
      <trkpt lat="60.04679" lon="9.15321">
        <ele>227.8450164794922</ele>
        <time>2000-01-01T00:00:00Z</time>
      </trkpt>
      <trkpt lat="60.046932111237204" lon="9.154465337792097">
        <ele>230.10000610351562</ele>
        <time>2000-01-01T00:00:00Z</time>
      </trkpt>
      <trkpt lat="60.04697" lon="9.1548">
        <ele>230.65599060058594</ele>
        <time>2000-01-01T00:00:00Z</time>
      </trkpt>
      <trkpt lat="60.04702" lon="9.15496">
        <ele>230.9618682861328</ele>
        <time>2000-01-01T00:00:00Z</time>
      </trkpt>
      <trkpt lat="60.0471" lon="9.1551">
        <ele>231.30679321289062</ele>
        <time>2000-01-01T00:00:00Z</time>
      </trkpt>
      <trkpt lat="60.04718" lon="9.1552">
        <ele>231.61268615722656</ele>
        <time>2000-01-01T00:00:00Z</time>
      </trkpt>
      <trkpt lat="60.04721" lon="9.15521">
        <ele>231.71148681640625</ele>
        <time>2000-01-01T00:00:00Z</time>
      </trkpt>
      <trkpt lat="60.04725" lon="9.1552">
        <ele>231.84226989746094</ele>
        <time>2000-01-01T00:00:00Z</time>
      </trkpt>
      <trkpt lat="60.04736" lon="9.15602">
        <ele>233.2182159423828</ele>
        <time>2000-01-01T00:00:00Z</time>
      </trkpt>
      <trkpt lat="60.04742172697706" lon="9.156357133355275">
        <ele>233.8000030517578</ele>
        <time>2000-01-01T00:00:00Z</time>
      </trkpt>
      <trkpt lat="60.04749" lon="9.15673">
        <ele>233.86956787109375</ele>
        <time>2000-01-01T00:00:00Z</time>
      </trkpt>
      <trkpt lat="60.04773" lon="9.15755">
        <ele>234.0360870361328</ele>
        <time>2000-01-01T00:00:00Z</time>
      </trkpt>
      <trkpt lat="60.04798307163085" lon="9.158336581728303">
        <ele>234.1999969482422</ele>
        <time>2000-01-01T00:00:00Z</time>
      </trkpt>
      <trkpt lat="60.0481" lon="9.1587">
        <ele>234.25680541992188</ele>
        <time>2000-01-01T00:00:00Z</time>
      </trkpt>
      <trkpt lat="60.04821" lon="9.15913">
        <ele>234.3202667236328</ele>
        <time>2000-01-01T00:00:00Z</time>
      </trkpt>
      <trkpt lat="60.04825" lon="9.15928">
        <ele>234.34262084960938</ele>
        <time>2000-01-01T00:00:00Z</time>
      </trkpt>
      <trkpt lat="60.04837" lon="9.15995">
        <ele>234.43614196777344</ele>
        <time>2000-01-01T00:00:00Z</time>
      </trkpt>
      <trkpt lat="60.0484122348225" lon="9.16042866902152">
        <ele>234.5</ele>
        <time>2000-01-01T00:00:00Z</time>
      </trkpt>
      <trkpt lat="60.04843" lon="9.16063">
        <ele>234.4462890625</ele>
        <time>2000-01-01T00:00:00Z</time>
      </trkpt>
      <trkpt lat="60.04844" lon="9.16102">
        <ele>234.34368896484375</ele>
        <time>2000-01-01T00:00:00Z</time>
      </trkpt>
      <trkpt lat="60.04843" lon="9.16164">
        <ele>234.18067932128906</ele>
        <time>2000-01-01T00:00:00Z</time>
      </trkpt>
      <trkpt lat="60.04833829849104" lon="9.162692401271867">
        <ele>233.89999389648438</ele>
        <time>2000-01-01T00:00:00Z</time>
      </trkpt>
      <trkpt lat="60.04816" lon="9.16474">
        <ele>232.98976135253906</ele>
        <time>2000-01-01T00:00:00Z</time>
      </trkpt>
      <trkpt lat="60.048147090071126" lon="9.164943304221296">
        <ele>232.89999389648438</ele>
        <time>2000-01-01T00:00:00Z</time>
      </trkpt>
      <trkpt lat="60.04812" lon="9.16537">
        <ele>232.88116455078125</ele>
        <time>2000-01-01T00:00:00Z</time>
      </trkpt>
      <trkpt lat="60.04812" lon="9.16587">
        <ele>232.85926818847656</ele>
        <time>2000-01-01T00:00:00Z</time>
      </trkpt>
      <trkpt lat="60.04815" lon="9.16631">
        <ele>232.83981323242188</ele>
        <time>2000-01-01T00:00:00Z</time>
      </trkpt>
      <trkpt lat="60.048222304625945" lon="9.16720762032456">
        <ele>232.8000030517578</ele>
        <time>2000-01-01T00:00:00Z</time>
      </trkpt>
      <trkpt lat="60.04832" lon="9.16842">
        <ele>232.9613494873047</ele>
        <time>2000-01-01T00:00:00Z</time>
      </trkpt>
      <trkpt lat="60.04834" lon="9.169">
        <ele>233.0377197265625</ele>
        <time>2000-01-01T00:00:00Z</time>
      </trkpt>
      <trkpt lat="60.048329813446315" lon="9.169473563524935">
        <ele>233.10000610351562</ele>
        <time>2000-01-01T00:00:00Z</time>
      </trkpt>
      <trkpt lat="60.04832" lon="9.16993">
        <ele>233.12001037597656</ele>
        <time>2000-01-01T00:00:00Z</time>
      </trkpt>
      <trkpt lat="60.04826" lon="9.17072">
        <ele>233.15499877929688</ele>
        <time>2000-01-01T00:00:00Z</time>
      </trkpt>
      <trkpt lat="60.04822" lon="9.17099">
        <ele>233.16734313964844</ele>
        <time>2000-01-01T00:00:00Z</time>
      </trkpt>
      <trkpt lat="60.04815" lon="9.17134">
        <ele>233.183837890625</ele>
        <time>2000-01-01T00:00:00Z</time>
      </trkpt>
      <trkpt lat="60.04805178163842" lon="9.171651985141187">
        <ele>233.1999969482422</ele>
        <time>2000-01-01T00:00:00Z</time>
      </trkpt>
      <trkpt lat="60.04798" lon="9.17188">
        <ele>233.08192443847656</ele>
        <time>2000-01-01T00:00:00Z</time>
      </trkpt>
      <trkpt lat="60.04767" lon="9.1727">
        <ele>232.6315155029297</ele>
        <time>2000-01-01T00:00:00Z</time>
      </trkpt>
      <trkpt lat="60.04752" lon="9.17323">
        <ele>232.36473083496094</ele>
        <time>2000-01-01T00:00:00Z</time>
      </trkpt>
      <trkpt lat="60.047461772469624" lon="9.173587682532572">
        <ele>232.1999969482422</ele>
        <time>2000-01-01T00:00:00Z</time>
      </trkpt>
      <trkpt lat="60.04745" lon="9.17366">
        <ele>232.1466827392578</ele>
        <time>2000-01-01T00:00:00Z</time>
      </trkpt>
      <trkpt lat="60.04741" lon="9.17434">
        <ele>231.66688537597656</ele>
        <time>2000-01-01T00:00:00Z</time>
      </trkpt>
      <trkpt lat="60.0474" lon="9.17481">
        <ele>231.33729553222656</ele>
        <time>2000-01-01T00:00:00Z</time>
      </trkpt>
      <trkpt lat="60.04742" lon="9.17536">
        <ele>230.95086669921875</ele>
        <time>2000-01-01T00:00:00Z</time>
      </trkpt>
      <trkpt lat="60.04747" lon="9.17575">
        <ele>230.66876220703125</ele>
        <time>2000-01-01T00:00:00Z</time>
      </trkpt>
      <trkpt lat="60.04748441639271" lon="9.175843744233593">
        <ele>230.60000610351562</ele>
        <time>2000-01-01T00:00:00Z</time>
      </trkpt>
      <trkpt lat="60.04761" lon="9.17666">
        <ele>230.33815002441406</ele>
        <time>2000-01-01T00:00:00Z</time>
      </trkpt>
      <trkpt lat="60.04767" lon="9.17727">
        <ele>230.14755249023438</ele>
        <time>2000-01-01T00:00:00Z</time>
      </trkpt>
      <trkpt lat="60.04766588722469" lon="9.178077508358575">
        <ele>229.89999389648438</ele>
        <time>2000-01-01T00:00:00Z</time>
      </trkpt>
      <trkpt lat="60.04766" lon="9.17924">
        <ele>229.6963348388672</ele>
        <time>2000-01-01T00:00:00Z</time>
      </trkpt>
      <trkpt lat="60.04763792121937" lon="9.180359985039448">
        <ele>229.5</ele>
        <time>2000-01-01T00:00:00Z</time>
      </trkpt>
      <trkpt lat="60.04762" lon="9.18127">
        <ele>228.6625213623047</ele>
        <time>2000-01-01T00:00:00Z</time>
      </trkpt>
      <trkpt lat="60.04756" lon="9.18177">
        <ele>228.1895294189453</ele>
        <time>2000-01-01T00:00:00Z</time>
      </trkpt>
      <trkpt lat="60.04752" lon="9.18199">
        <ele>227.9742431640625</ele>
        <time>2000-01-01T00:00:00Z</time>
      </trkpt>
      <trkpt lat="60.04742" lon="9.18233">
        <ele>227.61138916015625</ele>
        <time>2000-01-01T00:00:00Z</time>
      </trkpt>
      <trkpt lat="60.04735274929265" lon="9.182516231428183">
        <ele>227.39999389648438</ele>
        <time>2000-01-01T00:00:00Z</time>
      </trkpt>
      <trkpt lat="60.04729" lon="9.18269">
        <ele>226.75181579589844</ele>
        <time>2000-01-01T00:00:00Z</time>
      </trkpt>
      <trkpt lat="60.04659" lon="9.18416">
        <ele>220.61351013183594</ele>
        <time>2000-01-01T00:00:00Z</time>
      </trkpt>
      <trkpt lat="60.04657828219651" lon="9.184189292938083">
        <ele>220.5</ele>
        <time>2000-01-01T00:00:00Z</time>
      </trkpt>
      <trkpt lat="60.04649" lon="9.18441">
        <ele>220.23989868164062</ele>
        <time>2000-01-01T00:00:00Z</time>
      </trkpt>
      <trkpt lat="60.04639" lon="9.18474">
        <ele>219.88490295410156</ele>
        <time>2000-01-01T00:00:00Z</time>
      </trkpt>
      <trkpt lat="60.046011388325894" lon="9.186165342652288">
        <ele>218.39999389648438</ele>
        <time>2000-01-01T00:00:00Z</time>
      </trkpt>
      <trkpt lat="60.04588" lon="9.18666">
        <ele>218.54722595214844</ele>
        <time>2000-01-01T00:00:00Z</time>
      </trkpt>
      <trkpt lat="60.04538207906331" lon="9.18806506841215">
        <ele>219.0</ele>
        <time>2000-01-01T00:00:00Z</time>
      </trkpt>
      <trkpt lat="60.04515" lon="9.18872">
        <ele>218.0854949951172</ele>
        <time>2000-01-01T00:00:00Z</time>
      </trkpt>
      <trkpt lat="60.04502" lon="9.18919">
        <ele>217.47366333007812</ele>
        <time>2000-01-01T00:00:00Z</time>
      </trkpt>
      <trkpt lat="60.04499" lon="9.18946">
        <ele>217.15859985351562</ele>
        <time>2000-01-01T00:00:00Z</time>
      </trkpt>
      <trkpt lat="60.04498" lon="9.19">
        <ele>216.54335021972656</ele>
        <time>2000-01-01T00:00:00Z</time>
      </trkpt>
      <trkpt lat="60.04499329823581" lon="9.190123014202445">
        <ele>216.39999389648438</ele>
        <time>2000-01-01T00:00:00Z</time>
      </trkpt>
      <trkpt lat="60.04502" lon="9.19037">
        <ele>215.71377563476562</ele>
        <time>2000-01-01T00:00:00Z</time>
      </trkpt>
      <trkpt lat="60.04511" lon="9.19072">
        <ele>214.64471435546875</ele>
        <time>2000-01-01T00:00:00Z</time>
      </trkpt>
      <trkpt lat="60.04543" lon="9.19166">
        <ele>211.55580139160156</ele>
        <time>2000-01-01T00:00:00Z</time>
      </trkpt>
      <trkpt lat="60.045537008836774" lon="9.19211096756365">
        <ele>210.1999969482422</ele>
        <time>2000-01-01T00:00:00Z</time>
      </trkpt>
      <trkpt lat="60.04557" lon="9.19225">
        <ele>210.15280151367188</ele>
        <time>2000-01-01T00:00:00Z</time>
      </trkpt>
      <trkpt lat="60.04567" lon="9.19298">
        <ele>209.92074584960938</ele>
        <time>2000-01-01T00:00:00Z</time>
      </trkpt>
      <trkpt lat="60.0457" lon="9.19363">
        <ele>209.72059631347656</ele>
        <time>2000-01-01T00:00:00Z</time>
      </trkpt>
      <trkpt lat="60.04563173430259" lon="9.194336483039974">
        <ele>209.5</ele>
        <time>2000-01-01T00:00:00Z</time>
      </trkpt>
      <trkpt lat="60.045415434625745" lon="9.196578273715362">
        <ele>212.1999969482422</ele>
        <time>2000-01-01T00:00:00Z</time>
      </trkpt>
      <trkpt lat="60.04534" lon="9.19736">
        <ele>212.72303771972656</ele>
        <time>2000-01-01T00:00:00Z</time>
      </trkpt>
      <trkpt lat="60.045192481442115" lon="9.19881741166089">
        <ele>213.6999969482422</ele>
        <time>2000-01-01T00:00:00Z</time>
      </trkpt>
      <trkpt lat="60.04496626547947" lon="9.201055382014037">
        <ele>213.89999389648438</ele>
        <time>2000-01-01T00:00:00Z</time>
      </trkpt>
      <trkpt lat="60.0448" lon="9.2027">
        <ele>213.16505432128906</ele>
        <time>2000-01-01T00:00:00Z</time>
      </trkpt>
      <trkpt lat="60.04475" lon="9.20302">
        <ele>213.0181884765625</ele>
        <time>2000-01-01T00:00:00Z</time>
      </trkpt>
      <trkpt lat="60.04470196191174" lon="9.203272197845962">
        <ele>212.89999389648438</ele>
        <time>2000-01-01T00:00:00Z</time>
      </trkpt>
      <trkpt lat="60.04467" lon="9.20344">
        <ele>212.64035034179688</ele>
        <time>2000-01-01T00:00:00Z</time>
      </trkpt>
      <trkpt lat="60.0446" lon="9.20369">
        <ele>212.22610473632812</ele>
        <time>2000-01-01T00:00:00Z</time>
      </trkpt>
      <trkpt lat="60.04443" lon="9.20415">
        <ele>211.3990020751953</ele>
        <time>2000-01-01T00:00:00Z</time>
      </trkpt>
      <trkpt lat="60.04431" lon="9.20441">
        <ele>210.88719177246094</ele>
        <time>2000-01-01T00:00:00Z</time>
      </trkpt>
      <trkpt lat="60.04399" lon="9.20502">
        <ele>209.60845947265625</ele>
        <time>2000-01-01T00:00:00Z</time>
      </trkpt>
      <trkpt lat="60.04314079224826" lon="9.206552072122442">
        <ele>208.60000610351562</ele>
        <time>2000-01-01T00:00:00Z</time>
      </trkpt>
      <trkpt lat="60.04302" lon="9.20677">
        <ele>208.24342346191406</ele>
        <time>2000-01-01T00:00:00Z</time>
      </trkpt>
      <trkpt lat="60.04276" lon="9.20732">
        <ele>207.41415405273438</ele>
        <time>2000-01-01T00:00:00Z</time>
      </trkpt>
      <trkpt lat="60.04257" lon="9.20779">
        <ele>206.75193786621094</ele>
        <time>2000-01-01T00:00:00Z</time>
      </trkpt>
      <trkpt lat="60.04239916448019" lon="9.208277308204453">
        <ele>206.10000610351562</ele>
        <time>2000-01-01T00:00:00Z</time>
      </trkpt>
      <trkpt lat="60.04189" lon="9.20973">
        <ele>205.24493408203125</ele>
        <time>2000-01-01T00:00:00Z</time>
      </trkpt>
      <trkpt lat="60.041752796739296" lon="9.210157700566711">
        <ele>205.0</ele>
        <time>2000-01-01T00:00:00Z</time>
      </trkpt>
      <trkpt lat="60.04138" lon="9.21132">
        <ele>204.15292358398438</ele>
        <time>2000-01-01T00:00:00Z</time>
      </trkpt>
      <trkpt lat="60.041181627363144" lon="9.212129356035849">
        <ele>203.60000610351562</ele>
        <time>2000-01-01T00:00:00Z</time>
      </trkpt>
      <trkpt lat="60.04113" lon="9.21234">
        <ele>203.6205596923828</ele>
        <time>2000-01-01T00:00:00Z</time>
      </trkpt>
      <trkpt lat="60.04104" lon="9.21288">
        <ele>203.67044067382812</ele>
        <time>2000-01-01T00:00:00Z</time>
      </trkpt>
      <trkpt lat="60.04103" lon="9.21329">
        <ele>203.70640563964844</ele>
        <time>2000-01-01T00:00:00Z</time>
      </trkpt>
      <trkpt lat="60.04104" lon="9.21365">
        <ele>203.73797607421875</ele>
        <time>2000-01-01T00:00:00Z</time>
      </trkpt>
      <trkpt lat="60.04107" lon="9.21401">
        <ele>203.7699432373047</ele>
        <time>2000-01-01T00:00:00Z</time>
      </trkpt>
      <trkpt lat="60.041125743288816" lon="9.21433433173491">
        <ele>203.8000030517578</ele>
        <time>2000-01-01T00:00:00Z</time>
      </trkpt>
      <trkpt lat="60.04118" lon="9.21465">
        <ele>203.8438720703125</ele>
        <time>2000-01-01T00:00:00Z</time>
      </trkpt>
      <trkpt lat="60.04127" lon="9.21504">
        <ele>203.9003448486328</ele>
        <time>2000-01-01T00:00:00Z</time>
      </trkpt>
      <trkpt lat="60.041660751395185" lon="9.216342539507632">
        <ele>204.10000610351562</ele>
        <time>2000-01-01T00:00:00Z</time>
      </trkpt>
      <trkpt lat="60.0419" lon="9.21714">
        <ele>203.896240234375</ele>
        <time>2000-01-01T00:00:00Z</time>
      </trkpt>
      <trkpt lat="60.04205" lon="9.2175">
        <ele>203.7935791015625</ele>
        <time>2000-01-01T00:00:00Z</time>
      </trkpt>
      <trkpt lat="60.042338388903076" lon="9.218169072500201">
        <ele>203.60000610351562</ele>
        <time>2000-01-01T00:00:00Z</time>
      </trkpt>
      <trkpt lat="60.04255" lon="9.21866">
        <ele>203.45797729492188</ele>
        <time>2000-01-01T00:00:00Z</time>
      </trkpt>
      <trkpt lat="60.04309986183805" lon="9.219868154423503">
        <ele>203.10000610351562</ele>
        <time>2000-01-01T00:00:00Z</time>
      </trkpt>
      <trkpt lat="60.04326" lon="9.22022">
        <ele>202.89151000976562</ele>
        <time>2000-01-01T00:00:00Z</time>
      </trkpt>
      <trkpt lat="60.04342" lon="9.22068">
        <ele>202.64593505859375</ele>
        <time>2000-01-01T00:00:00Z</time>
      </trkpt>
      <trkpt lat="60.04351" lon="9.22116">
        <ele>202.42140197753906</ele>
        <time>2000-01-01T00:00:00Z</time>
      </trkpt>
      <trkpt lat="60.043588744234285" lon="9.221876579988933">
        <ele>202.10000610351562</ele>
        <time>2000-01-01T00:00:00Z</time>
      </trkpt>
      <trkpt lat="60.04361" lon="9.22207">
        <ele>202.0479736328125</ele>
        <time>2000-01-01T00:00:00Z</time>
      </trkpt>
      <trkpt lat="60.04371280734518" lon="9.224144894041627">
        <ele>201.5</ele>
        <time>2000-01-01T00:00:00Z</time>
      </trkpt>
      <trkpt lat="60.043825536116756" lon="9.226416845633313">
        <ele>202.60000610351562</ele>
        <time>2000-01-01T00:00:00Z</time>
      </trkpt>
      <trkpt lat="60.04385" lon="9.22691">
        <ele>203.20779418945312</ele>
        <time>2000-01-01T00:00:00Z</time>
      </trkpt>
      <trkpt lat="60.04385" lon="9.22732">
        <ele>203.71044921875</ele>
        <time>2000-01-01T00:00:00Z</time>
      </trkpt>
      <trkpt lat="60.04382" lon="9.22756">
        <ele>204.01385498046875</ele>
        <time>2000-01-01T00:00:00Z</time>
      </trkpt>
      <trkpt lat="60.04376" lon="9.22791">
        <ele>204.4677734375</ele>
        <time>2000-01-01T00:00:00Z</time>
      </trkpt>
      <trkpt lat="60.04365" lon="9.22828">
        <ele>204.9958038330078</ele>
        <time>2000-01-01T00:00:00Z</time>
      </trkpt>
      <trkpt lat="60.04354056874715" lon="9.228526220251979">
        <ele>205.39999389648438</ele>
        <time>2000-01-01T00:00:00Z</time>
      </trkpt>
      <trkpt lat="60.04353" lon="9.22855">
        <ele>205.43206787109375</ele>
        <time>2000-01-01T00:00:00Z</time>
      </trkpt>
      <trkpt lat="60.04341" lon="9.22873">
        <ele>205.7344970703125</ele>
        <time>2000-01-01T00:00:00Z</time>
      </trkpt>
      <trkpt lat="60.04332" lon="9.22884">
        <ele>205.947265625</ele>
        <time>2000-01-01T00:00:00Z</time>
      </trkpt>
      <trkpt lat="60.042514450061496" lon="9.22949168050991">
        <ele>207.6999969482422</ele>
        <time>2000-01-01T00:00:00Z</time>
      </trkpt>
      <trkpt lat="60.04243" lon="9.22956">
        <ele>207.94760131835938</ele>
        <time>2000-01-01T00:00:00Z</time>
      </trkpt>
      <trkpt lat="60.04215" lon="9.22987">
        <ele>208.81771850585938</ele>
        <time>2000-01-01T00:00:00Z</time>
      </trkpt>
      <trkpt lat="60.04182" lon="9.23034">
        <ele>209.91880798339844</ele>
        <time>2000-01-01T00:00:00Z</time>
      </trkpt>
      <trkpt lat="60.04156221033328" lon="9.230733309310436">
        <ele>210.8000030517578</ele>
        <time>2000-01-01T00:00:00Z</time>
      </trkpt>
      <trkpt lat="60.04065553508363" lon="9.232117310913335">
        <ele>213.10000610351562</ele>
        <time>2000-01-01T00:00:00Z</time>
      </trkpt>
      <trkpt lat="60.04011" lon="9.23295">
        <ele>214.8448028564453</ele>
        <time>2000-01-01T00:00:00Z</time>
      </trkpt>
      <trkpt lat="60.03987" lon="9.23338">
        <ele>215.6641387939453</ele>
        <time>2000-01-01T00:00:00Z</time>
      </trkpt>
      <trkpt lat="60.03978058396523" lon="9.233574610155763">
        <ele>216.0</ele>
        <time>2000-01-01T00:00:00Z</time>
      </trkpt>
      <trkpt lat="60.0397" lon="9.23375">
        <ele>216.2400360107422</ele>
        <time>2000-01-01T00:00:00Z</time>
      </trkpt>
      <trkpt lat="60.03955" lon="9.23413">
        <ele>216.72805786132812</ele>
        <time>2000-01-01T00:00:00Z</time>
      </trkpt>
      <trkpt lat="60.03918" lon="9.23524">
        <ele>218.0725860595703</ele>
        <time>2000-01-01T00:00:00Z</time>
      </trkpt>
      <trkpt lat="60.03911082672317" lon="9.235418245813547">
        <ele>218.3000030517578</ele>
        <time>2000-01-01T00:00:00Z</time>
      </trkpt>
      <trkpt lat="60.03892" lon="9.23591">
        <ele>218.79107666015625</ele>
        <time>2000-01-01T00:00:00Z</time>
      </trkpt>
      <trkpt lat="60.03875" lon="9.23624">
        <ele>219.1648712158203</ele>
        <time>2000-01-01T00:00:00Z</time>
      </trkpt>
      <trkpt lat="60.03856" lon="9.23654">
        <ele>219.5469207763672</ele>
        <time>2000-01-01T00:00:00Z</time>
      </trkpt>
      <trkpt lat="60.03831" lon="9.23685">
        <ele>220.01116943359375</ele>
        <time>2000-01-01T00:00:00Z</time>
      </trkpt>
      <trkpt lat="60.03825922079075" lon="9.236898470019486">
        <ele>220.10000610351562</ele>
        <time>2000-01-01T00:00:00Z</time>
      </trkpt>
      <trkpt lat="60.03809" lon="9.23706">
        <ele>220.28089904785156</ele>
        <time>2000-01-01T00:00:00Z</time>
      </trkpt>
      <trkpt lat="60.03776" lon="9.23731">
        <ele>220.62132263183594</ele>
        <time>2000-01-01T00:00:00Z</time>
      </trkpt>
      <trkpt lat="60.03719106852133" lon="9.237690074978477">
        <ele>221.1999969482422</ele>
        <time>2000-01-01T00:00:00Z</time>
      </trkpt>
      <trkpt lat="60.036109643813504" lon="9.238412695726957">
        <ele>220.3000030517578</ele>
        <time>2000-01-01T00:00:00Z</time>
      </trkpt>
      <trkpt lat="60.03553" lon="9.2388">
        <ele>218.7456817626953</ele>
        <time>2000-01-01T00:00:00Z</time>
      </trkpt>
      <trkpt lat="60.03532" lon="9.2389">
        <ele>218.19651794433594</ele>
        <time>2000-01-01T00:00:00Z</time>
      </trkpt>
      <trkpt lat="60.03513" lon="9.23897">
        <ele>217.705078125</ele>
        <time>2000-01-01T00:00:00Z</time>
      </trkpt>
      <trkpt lat="60.03501091144519" lon="9.238998581126038">
        <ele>217.39999389648438</ele>
        <time>2000-01-01T00:00:00Z</time>
      </trkpt>
      <trkpt lat="60.03488" lon="9.23903">
        <ele>217.08779907226562</ele>
        <time>2000-01-01T00:00:00Z</time>
      </trkpt>
      <trkpt lat="60.03453" lon="9.23906">
        <ele>216.25807189941406</ele>
        <time>2000-01-01T00:00:00Z</time>
      </trkpt>
      <trkpt lat="60.03387204193033" lon="9.23906">
        <ele>214.6999969482422</ele>
        <time>2000-01-01T00:00:00Z</time>
      </trkpt>
      <trkpt lat="60.03273198253731" lon="9.23906">
        <ele>214.1999969482422</ele>
        <time>2000-01-01T00:00:00Z</time>
      </trkpt>
      <trkpt lat="60.03235" lon="9.23906">
        <ele>213.73094177246094</ele>
        <time>2000-01-01T00:00:00Z</time>
      </trkpt>
      <trkpt lat="60.03201" lon="9.239">
        <ele>213.31178283691406</ele>
        <time>2000-01-01T00:00:00Z</time>
      </trkpt>
      <trkpt lat="60.03184" lon="9.23893">
        <ele>213.09866333007812</ele>
        <time>2000-01-01T00:00:00Z</time>
      </trkpt>
      <trkpt lat="60.03166" lon="9.23882">
        <ele>212.8675079345703</ele>
        <time>2000-01-01T00:00:00Z</time>
      </trkpt>
      <trkpt lat="60.03160841826487" lon="9.238781789808295">
        <ele>212.8000030517578</ele>
        <time>2000-01-01T00:00:00Z</time>
      </trkpt>
      <trkpt lat="60.030539323988144" lon="9.237989154098491">
        <ele>211.1999969482422</ele>
        <time>2000-01-01T00:00:00Z</time>
      </trkpt>
      <trkpt lat="60.0305" lon="9.23796">
        <ele>211.20367431640625</ele>
        <time>2000-01-01T00:00:00Z</time>
      </trkpt>
      <trkpt lat="60.03039" lon="9.2379">
        <ele>211.2136688232422</ele>
        <time>2000-01-01T00:00:00Z</time>
      </trkpt>
      <trkpt lat="60.03016" lon="9.23782">
        <ele>211.23414611816406</ele>
        <time>2000-01-01T00:00:00Z</time>
      </trkpt>
      <trkpt lat="60.03006" lon="9.2378">
        <ele>211.2429656982422</ele>
        <time>2000-01-01T00:00:00Z</time>
      </trkpt>
      <trkpt lat="60.0299" lon="9.2378">
        <ele>211.2570037841797</ele>
        <time>2000-01-01T00:00:00Z</time>
      </trkpt>
      <trkpt lat="60.0298" lon="9.23782">
        <ele>211.2658233642578</ele>
        <time>2000-01-01T00:00:00Z</time>
      </trkpt>
      <trkpt lat="60.02971" lon="9.23785">
        <ele>211.27381896972656</ele>
        <time>2000-01-01T00:00:00Z</time>
      </trkpt>
      <trkpt lat="60.02948" lon="9.23796">
        <ele>211.2945556640625</ele>
        <time>2000-01-01T00:00:00Z</time>
      </trkpt>
      <trkpt lat="60.02942089274542" lon="9.23799765736228">
        <ele>211.3000030517578</ele>
        <time>2000-01-01T00:00:00Z</time>
      </trkpt>
      <trkpt lat="60.02833472547126" lon="9.238691013979892">
        <ele>211.60000610351562</ele>
        <time>2000-01-01T00:00:00Z</time>
      </trkpt>
      <trkpt lat="60.0276" lon="9.23916">
        <ele>210.72059631347656</ele>
        <time>2000-01-01T00:00:00Z</time>
      </trkpt>
      <trkpt lat="60.02736" lon="9.2393">
        <ele>210.43560791015625</ele>
        <time>2000-01-01T00:00:00Z</time>
      </trkpt>
      <trkpt lat="60.02724405427738" lon="9.239352702440282">
        <ele>210.3000030517578</ele>
        <time>2000-01-01T00:00:00Z</time>
      </trkpt>
      <trkpt lat="60.02714" lon="9.2394">
        <ele>210.30935668945312</ele>
        <time>2000-01-01T00:00:00Z</time>
      </trkpt>
      <trkpt lat="60.02679" lon="9.23949">
        <ele>210.34031677246094</ele>
        <time>2000-01-01T00:00:00Z</time>
      </trkpt>
      <trkpt lat="60.02651" lon="9.23952">
        <ele>210.36489868164062</ele>
        <time>2000-01-01T00:00:00Z</time>
      </trkpt>
      <trkpt lat="60.02611001040054" lon="9.239536900846014">
        <ele>210.39999389648438</ele>
        <time>2000-01-01T00:00:00Z</time>
      </trkpt>
      <trkpt lat="60.0258" lon="9.23955">
        <ele>210.78076171875</ele>
        <time>2000-01-01T00:00:00Z</time>
      </trkpt>
      <trkpt lat="60.02551" lon="9.23957">
        <ele>211.1370849609375</ele>
        <time>2000-01-01T00:00:00Z</time>
      </trkpt>
      <trkpt lat="60.02514" lon="9.23963">
        <ele>211.5929718017578</ele>
        <time>2000-01-01T00:00:00Z</time>
      </trkpt>
      <trkpt lat="60.02497336209607" lon="9.239681273116423">
        <ele>211.8000030517578</ele>
        <time>2000-01-01T00:00:00Z</time>
      </trkpt>
      <trkpt lat="60.02488" lon="9.23971">
        <ele>212.18109130859375</ele>
        <time>2000-01-01T00:00:00Z</time>
      </trkpt>
      <trkpt lat="60.02463" lon="9.23981">
        <ele>213.20977783203125</ele>
        <time>2000-01-01T00:00:00Z</time>
      </trkpt>
      <trkpt lat="60.02445" lon="9.23992">
        <ele>213.9689483642578</ele>
        <time>2000-01-01T00:00:00Z</time>
      </trkpt>
      <trkpt lat="60.02419" lon="9.24011">
        <ele>215.08590698242188</ele>
        <time>2000-01-01T00:00:00Z</time>
      </trkpt>
      <trkpt lat="60.02398" lon="9.2403">
        <ele>216.01560974121094</ele>
        <time>2000-01-01T00:00:00Z</time>
      </trkpt>
      <trkpt lat="60.02389650571659" lon="9.240391841589362">
        <ele>216.39999389648438</ele>
        <time>2000-01-01T00:00:00Z</time>
      </trkpt>
      <trkpt lat="60.02368" lon="9.24063">
        <ele>217.9170684814453</ele>
        <time>2000-01-01T00:00:00Z</time>
      </trkpt>
      <trkpt lat="60.02319" lon="9.24119">
        <ele>221.3813934326172</ele>
        <time>2000-01-01T00:00:00Z</time>
      </trkpt>
      <trkpt lat="60.02291161426" lon="9.241539970222885">
        <ele>223.39999389648438</ele>
        <time>2000-01-01T00:00:00Z</time>
      </trkpt>
      <trkpt lat="60.02284" lon="9.24163">
        <ele>223.44451904296875</ele>
        <time>2000-01-01T00:00:00Z</time>
      </trkpt>
      <trkpt lat="60.02203" lon="9.24278">
        <ele>223.9671630859375</ele>
        <time>2000-01-01T00:00:00Z</time>
      </trkpt>
      <trkpt lat="60.021980319052304" lon="9.242855479011446">
        <ele>224.0</ele>
        <time>2000-01-01T00:00:00Z</time>
      </trkpt>
      <trkpt lat="60.02128" lon="9.24392">
        <ele>222.0716094970703</ele>
        <time>2000-01-01T00:00:00Z</time>
      </trkpt>
      <trkpt lat="60.021073520765164" lon="9.2442383219744">
        <ele>221.5</ele>
        <time>2000-01-01T00:00:00Z</time>
      </trkpt>
      <trkpt lat="60.02104" lon="9.24429">
        <ele>221.35888671875</ele>
        <time>2000-01-01T00:00:00Z</time>
      </trkpt>
      <trkpt lat="60.0204" lon="9.24539">
        <ele>218.54689025878906</ele>
        <time>2000-01-01T00:00:00Z</time>
      </trkpt>
      <trkpt lat="60.02019614680722" lon="9.245693605501463">
        <ele>217.6999969482422</ele>
        <time>2000-01-01T00:00:00Z</time>
      </trkpt>
      <trkpt lat="60.01993" lon="9.24609">
        <ele>217.1180419921875</ele>
        <time>2000-01-01T00:00:00Z</time>
      </trkpt>
      <trkpt lat="60.0193" lon="9.24695">
        <ele>215.7802276611328</ele>
        <time>2000-01-01T00:00:00Z</time>
      </trkpt>
      <trkpt lat="60.01926412406382" lon="9.247006802969176">
        <ele>215.6999969482422</ele>
        <time>2000-01-01T00:00:00Z</time>
      </trkpt>
      <trkpt lat="60.01918" lon="9.24714">
        <ele>215.55882263183594</ele>
        <time>2000-01-01T00:00:00Z</time>
      </trkpt>
      <trkpt lat="60.01905" lon="9.2474">
        <ele>215.3170623779297</ele>
        <time>2000-01-01T00:00:00Z</time>
      </trkpt>
      <trkpt lat="60.01886" lon="9.24794">
        <ele>214.8828125</ele>
        <time>2000-01-01T00:00:00Z</time>
      </trkpt>
      <trkpt lat="60.01861" lon="9.2488">
        <ele>214.22869873046875</ele>
        <time>2000-01-01T00:00:00Z</time>
      </trkpt>
      <trkpt lat="60.01860114633403" lon="9.248839834368848">
        <ele>214.1999969482422</ele>
        <time>2000-01-01T00:00:00Z</time>
      </trkpt>
      <trkpt lat="60.01851" lon="9.24925">
        <ele>214.31805419921875</ele>
        <time>2000-01-01T00:00:00Z</time>
      </trkpt>
      <trkpt lat="60.01842" lon="9.25001">
        <ele>214.5234832763672</ele>
        <time>2000-01-01T00:00:00Z</time>
      </trkpt>
      <trkpt lat="60.018324743612965" lon="9.251044027703845">
        <ele>214.8000030517578</ele>
        <time>2000-01-01T00:00:00Z</time>
      </trkpt>
      <trkpt lat="60.01821" lon="9.25229">
        <ele>215.52195739746094</ele>
        <time>2000-01-01T00:00:00Z</time>
      </trkpt>
      <trkpt lat="60.01814" lon="9.2529">
        <ele>215.87863159179688</ele>
        <time>2000-01-01T00:00:00Z</time>
      </trkpt>
      <trkpt lat="60.01806928812913" lon="9.25326186333434">
        <ele>216.10000610351562</ele>
        <time>2000-01-01T00:00:00Z</time>
      </trkpt>
      <trkpt lat="60.01797" lon="9.25377">
        <ele>216.21957397460938</ele>
        <time>2000-01-01T00:00:00Z</time>
      </trkpt>
      <trkpt lat="60.01763242041799" lon="9.255369053725628">
        <ele>216.60000610351562</ele>
        <time>2000-01-01T00:00:00Z</time>
      </trkpt>
      <trkpt lat="60.01759" lon="9.25557">
        <ele>216.65736389160156</ele>
        <time>2000-01-01T00:00:00Z</time>
      </trkpt>
      <trkpt lat="60.01744" lon="9.25639">
        <ele>216.8870391845703</ele>
        <time>2000-01-01T00:00:00Z</time>
      </trkpt>
      <trkpt lat="60.01741" lon="9.25709">
        <ele>217.0718231201172</ele>
        <time>2000-01-01T00:00:00Z</time>
      </trkpt>
      <trkpt lat="60.01741825145117" lon="9.257577125074308">
        <ele>217.1999969482422</ele>
        <time>2000-01-01T00:00:00Z</time>
      </trkpt>
      <trkpt lat="60.01743" lon="9.25827">
        <ele>217.29115295410156</ele>
        <time>2000-01-01T00:00:00Z</time>
      </trkpt>
      <trkpt lat="60.01748" lon="9.25911">
        <ele>217.40240478515625</ele>
        <time>2000-01-01T00:00:00Z</time>
      </trkpt>
      <trkpt lat="60.01756" lon="9.25963">
        <ele>217.47396850585938</ele>
        <time>2000-01-01T00:00:00Z</time>
      </trkpt>
      <trkpt lat="60.01759697291902" lon="9.259813688974571">
        <ele>217.5</ele>
        <time>2000-01-01T00:00:00Z</time>
      </trkpt>
      <trkpt lat="60.01802428954921" lon="9.26192872085481">
        <ele>217.3000030517578</ele>
        <time>2000-01-01T00:00:00Z</time>
      </trkpt>
      <trkpt lat="60.01837" lon="9.26364">
        <ele>216.00546264648438</ele>
        <time>2000-01-01T00:00:00Z</time>
      </trkpt>
      <trkpt lat="60.018461251808915" lon="9.26403542592799">
        <ele>215.6999969482422</ele>
        <time>2000-01-01T00:00:00Z</time>
      </trkpt>
      <trkpt lat="60.01849" lon="9.26416">
        <ele>215.4654541015625</ele>
        <time>2000-01-01T00:00:00Z</time>
      </trkpt>
      <trkpt lat="60.01882" lon="9.26527">
        <ele>213.25767517089844</ele>
        <time>2000-01-01T00:00:00Z</time>
      </trkpt>
      <trkpt lat="60.01897" lon="9.26586">
        <ele>212.12612915039062</ele>
        <time>2000-01-01T00:00:00Z</time>
      </trkpt>
      <trkpt lat="60.01900822984136" lon="9.266034766295446">
        <ele>211.8000030517578</ele>
        <time>2000-01-01T00:00:00Z</time>
      </trkpt>
      <trkpt lat="60.01904" lon="9.26618">
        <ele>211.77915954589844</ele>
        <time>2000-01-01T00:00:00Z</time>
      </trkpt>
      <trkpt lat="60.01916" lon="9.26694">
        <ele>211.67434692382812</ele>
        <time>2000-01-01T00:00:00Z</time>
      </trkpt>
      <trkpt lat="60.01932" lon="9.2676">
        <ele>211.57789611816406</ele>
        <time>2000-01-01T00:00:00Z</time>
      </trkpt>
      <trkpt lat="60.01947757646093" lon="9.268101382168568">
        <ele>211.5</ele>
        <time>2000-01-01T00:00:00Z</time>
      </trkpt>
      <trkpt lat="60.01954" lon="9.2683">
        <ele>211.592529296875</ele>
        <time>2000-01-01T00:00:00Z</time>
      </trkpt>
      <trkpt lat="60.02011" lon="9.26966">
        <ele>212.29275512695312</ele>
        <time>2000-01-01T00:00:00Z</time>
      </trkpt>
      <trkpt lat="60.02018147350139" lon="9.269891134665405">
        <ele>212.39999389648438</ele>
        <time>2000-01-01T00:00:00Z</time>
      </trkpt>
      <trkpt lat="60.02078169913987" lon="9.271830855427382">
        <ele>211.10000610351562</ele>
        <time>2000-01-01T00:00:00Z</time>
      </trkpt>
      <trkpt lat="60.0208" lon="9.27189">
        <ele>211.04507446289062</ele>
        <time>2000-01-01T00:00:00Z</time>
      </trkpt>
      <trkpt lat="60.02117" lon="9.27287">
        <ele>210.0760955810547</ele>
        <time>2000-01-01T00:00:00Z</time>
      </trkpt>
      <trkpt lat="60.02135" lon="9.27358">
        <ele>209.44805908203125</ele>
        <time>2000-01-01T00:00:00Z</time>
      </trkpt>
      <trkpt lat="60.02137469207546" lon="9.273761075505426">
        <ele>209.3000030517578</ele>
        <time>2000-01-01T00:00:00Z</time>
      </trkpt>
      <trkpt lat="60.02138" lon="9.2738">
        <ele>209.25575256347656</ele>
        <time>2000-01-01T00:00:00Z</time>
      </trkpt>
      <trkpt lat="60.02139" lon="9.27542">
        <ele>207.4805450439453</ele>
        <time>2000-01-01T00:00:00Z</time>
      </trkpt>
      <trkpt lat="60.02132" lon="9.27591">
        <ele>206.9221954345703</ele>
        <time>2000-01-01T00:00:00Z</time>
      </trkpt>
      <trkpt lat="60.02128908374363" lon="9.276002744918006">
        <ele>206.8000030517578</ele>
        <time>2000-01-01T00:00:00Z</time>
      </trkpt>
      <trkpt lat="60.02118" lon="9.27633">
        <ele>206.4033966064453</ele>
        <time>2000-01-01T00:00:00Z</time>
      </trkpt>
      <trkpt lat="60.02101" lon="9.27662">
        <ele>205.95277404785156</ele>
        <time>2000-01-01T00:00:00Z</time>
      </trkpt>
      <trkpt lat="60.020407285608044" lon="9.277408650044164">
        <ele>204.5</ele>
        <time>2000-01-01T00:00:00Z</time>
      </trkpt>
      <trkpt lat="60.02007" lon="9.27785">
        <ele>204.42930603027344</ele>
        <time>2000-01-01T00:00:00Z</time>
      </trkpt>
      <trkpt lat="60.01981" lon="9.27824">
        <ele>204.37229919433594</ele>
        <time>2000-01-01T00:00:00Z</time>
      </trkpt>
      <trkpt lat="60.01968" lon="9.27847">
        <ele>204.3418731689453</ele>
        <time>2000-01-01T00:00:00Z</time>
      </trkpt>
      <trkpt lat="60.01951932171957" lon="9.278823042306799">
        <ele>204.3000030517578</ele>
        <time>2000-01-01T00:00:00Z</time>
      </trkpt>
      <trkpt lat="60.01882" lon="9.28036">
        <ele>204.3000030517578</ele>
        <time>2000-01-01T00:00:00Z</time>
      </trkpt>
      <trkpt lat="60.01875581312483" lon="9.280516945545724">
        <ele>204.3000030517578</ele>
        <time>2000-01-01T00:00:00Z</time>
      </trkpt>
      <trkpt lat="60.01817" lon="9.28195">
        <ele>203.2450714111328</ele>
        <time>2000-01-01T00:00:00Z</time>
      </trkpt>
      <trkpt lat="60.01802310568057" lon="9.282263930387904">
        <ele>203.0</ele>
        <time>2000-01-01T00:00:00Z</time>
      </trkpt>
      <trkpt lat="60.01766" lon="9.28304">
        <ele>202.48739624023438</ele>
        <time>2000-01-01T00:00:00Z</time>
      </trkpt>
      <trkpt lat="60.01756" lon="9.28322">
        <ele>202.35757446289062</ele>
        <time>2000-01-01T00:00:00Z</time>
      </trkpt>
      <trkpt lat="60.01749" lon="9.28329">
        <ele>202.28211975097656</ele>
        <time>2000-01-01T00:00:00Z</time>
      </trkpt>
      <trkpt lat="60.01741" lon="9.28334">
        <ele>202.20127868652344</ele>
        <time>2000-01-01T00:00:00Z</time>
      </trkpt>
      <trkpt lat="60.01736" lon="9.28334">
        <ele>202.15301513671875</ele>
        <time>2000-01-01T00:00:00Z</time>
      </trkpt>
      <trkpt lat="60.01728" lon="9.28328">
        <ele>202.07052612304688</ele>
        <time>2000-01-01T00:00:00Z</time>
      </trkpt>
      <trkpt lat="60.01723" lon="9.28321">
        <ele>202.01165771484375</ele>
        <time>2000-01-01T00:00:00Z</time>
      </trkpt>
      <trkpt lat="60.0172" lon="9.2831">
        <ele>201.95126342773438</ele>
        <time>2000-01-01T00:00:00Z</time>
      </trkpt>
      <trkpt lat="60.01718183366078" lon="9.283000088102808">
        <ele>201.89999389648438</ele>
        <time>2000-01-01T00:00:00Z</time>
      </trkpt>
      <trkpt lat="60.01714" lon="9.28277">
        <ele>201.71749877929688</ele>
        <time>2000-01-01T00:00:00Z</time>
      </trkpt>
      <trkpt lat="60.01705" lon="9.28258">
        <ele>201.52244567871094</ele>
        <time>2000-01-01T00:00:00Z</time>
      </trkpt>
      <trkpt lat="60.01683" lon="9.28231">
        <ele>201.13758850097656</ele>
        <time>2000-01-01T00:00:00Z</time>
      </trkpt>
      <trkpt lat="60.01666" lon="9.28215">
        <ele>200.85751342773438</ele>
        <time>2000-01-01T00:00:00Z</time>
      </trkpt>
      <trkpt lat="60.01656" lon="9.28208">
        <ele>200.69955444335938</ele>
        <time>2000-01-01T00:00:00Z</time>
      </trkpt>
      <trkpt lat="60.01649" lon="9.28205">
        <ele>200.59274291992188</ele>
        <time>2000-01-01T00:00:00Z</time>
      </trkpt>
      <trkpt lat="60.01639" lon="9.28205">
        <ele>200.44369506835938</ele>
        <time>2000-01-01T00:00:00Z</time>
      </trkpt>
      <trkpt lat="60.01633" lon="9.28209">
        <ele>200.34934997558594</ele>
        <time>2000-01-01T00:00:00Z</time>
      </trkpt>
      <trkpt lat="60.016241660455826" lon="9.282184430154043">
        <ele>200.1999969482422</ele>
        <time>2000-01-01T00:00:00Z</time>
      </trkpt>
      <trkpt lat="60.01604" lon="9.2824">
        <ele>200.44068908691406</ele>
        <time>2000-01-01T00:00:00Z</time>
      </trkpt>
      <trkpt lat="60.01588" lon="9.28253">
        <ele>200.6224365234375</ele>
        <time>2000-01-01T00:00:00Z</time>
      </trkpt>
      <trkpt lat="60.01566" lon="9.28264">
        <ele>200.86111450195312</ele>
        <time>2000-01-01T00:00:00Z</time>
      </trkpt>
      <trkpt lat="60.01549" lon="9.28268">
        <ele>201.04129028320312</ele>
        <time>2000-01-01T00:00:00Z</time>
      </trkpt>
      <trkpt lat="60.01534" lon="9.28267">
        <ele>201.19921875</ele>
        <time>2000-01-01T00:00:00Z</time>
      </trkpt>
      <trkpt lat="60.0152" lon="9.28263">
        <ele>201.34814453125</ele>
        <time>2000-01-01T00:00:00Z</time>
      </trkpt>
      <trkpt lat="60.01515192515647" lon="9.282608148228704">
        <ele>201.39999389648438</ele>
        <time>2000-01-01T00:00:00Z</time>
      </trkpt>
      <trkpt lat="60.01498" lon="9.28253">
        <ele>202.17308044433594</ele>
        <time>2000-01-01T00:00:00Z</time>
      </trkpt>
      <trkpt lat="60.01452" lon="9.2823">
        <ele>204.25271606445312</ele>
        <time>2000-01-01T00:00:00Z</time>
      </trkpt>
      <trkpt lat="60.01421" lon="9.28221">
        <ele>205.62661743164062</ele>
        <time>2000-01-01T00:00:00Z</time>
      </trkpt>
      <trkpt lat="60.0140339297105" lon="9.282189684222116">
        <ele>206.39999389648438</ele>
        <time>2000-01-01T00:00:00Z</time>
      </trkpt>
      <trkpt lat="60.01395" lon="9.28218">
        <ele>206.71702575683594</ele>
        <time>2000-01-01T00:00:00Z</time>
      </trkpt>
      <trkpt lat="60.01358" lon="9.28226">
        <ele>208.12071228027344</ele>
        <time>2000-01-01T00:00:00Z</time>
      </trkpt>
      <trkpt lat="60.01315" lon="9.28224">
        <ele>209.74276733398438</ele>
        <time>2000-01-01T00:00:00Z</time>
      </trkpt>
      <trkpt lat="60.01303" lon="9.28226">
        <ele>210.1968994140625</ele>
        <time>2000-01-01T00:00:00Z</time>
      </trkpt>
      <trkpt lat="60.01297" lon="9.2823">
        <ele>210.4355010986328</ele>
        <time>2000-01-01T00:00:00Z</time>
      </trkpt>
      <trkpt lat="60.01290664848217" lon="9.282360179882254">
        <ele>210.6999969482422</ele>
        <time>2000-01-01T00:00:00Z</time>
      </trkpt>
      <trkpt lat="60.01257" lon="9.28268">
        <ele>210.50387573242188</ele>
        <time>2000-01-01T00:00:00Z</time>
      </trkpt>
      <trkpt lat="60.01221" lon="9.28292">
        <ele>210.30416870117188</ele>
        <time>2000-01-01T00:00:00Z</time>
      </trkpt>
      <trkpt lat="60.01208" lon="9.28305">
        <ele>210.22767639160156</ele>
        <time>2000-01-01T00:00:00Z</time>
      </trkpt>
      <trkpt lat="60.01187936836025" lon="9.283322858789365">
        <ele>210.10000610351562</ele>
        <time>2000-01-01T00:00:00Z</time>
      </trkpt>
      <trkpt lat="60.01183" lon="9.28339">
        <ele>209.72320556640625</ele>
        <time>2000-01-01T00:00:00Z</time>
      </trkpt>
      <trkpt lat="60.01171" lon="9.28351">
        <ele>208.8756103515625</ele>
        <time>2000-01-01T00:00:00Z</time>
      </trkpt>
      <trkpt lat="60.01139" lon="9.28376">
        <ele>206.70620727539062</ele>
        <time>2000-01-01T00:00:00Z</time>
      </trkpt>
      <trkpt lat="60.01093" lon="9.28399">
        <ele>203.71153259277344</ele>
        <time>2000-01-01T00:00:00Z</time>
      </trkpt>
      <trkpt lat="60.01080321667182" lon="9.284032261103395">
        <ele>202.89999389648438</ele>
        <time>2000-01-01T00:00:00Z</time>
      </trkpt>
      <trkpt lat="60.01078" lon="9.28404">
        <ele>202.8690643310547</ele>
        <time>2000-01-01T00:00:00Z</time>
      </trkpt>
      <trkpt lat="60.01068" lon="9.28404">
        <ele>202.73745727539062</ele>
        <time>2000-01-01T00:00:00Z</time>
      </trkpt>
      <trkpt lat="60.01057" lon="9.28401">
        <ele>202.5913543701172</ele>
        <time>2000-01-01T00:00:00Z</time>
      </trkpt>
      <trkpt lat="60.01045" lon="9.28396">
        <ele>202.43016052246094</ele>
        <time>2000-01-01T00:00:00Z</time>
      </trkpt>
      <trkpt lat="60.01031" lon="9.28388">
        <ele>202.23855590820312</ele>
        <time>2000-01-01T00:00:00Z</time>
      </trkpt>
      <trkpt lat="60.00972129704739" lon="9.283391505881374">
        <ele>201.39999389648438</ele>
        <time>2000-01-01T00:00:00Z</time>
      </trkpt>
      <trkpt lat="60.00937" lon="9.2831">
        <ele>201.8336639404297</ele>
        <time>2000-01-01T00:00:00Z</time>
      </trkpt>
      <trkpt lat="60.00904" lon="9.28285">
        <ele>202.23594665527344</ele>
        <time>2000-01-01T00:00:00Z</time>
      </trkpt>
      <trkpt lat="60.0088" lon="9.28275">
        <ele>202.51551818847656</ele>
        <time>2000-01-01T00:00:00Z</time>
      </trkpt>
      <trkpt lat="60.00864083730922" lon="9.28269189552867">
        <ele>202.6999969482422</ele>
        <time>2000-01-01T00:00:00Z</time>
      </trkpt>
      <trkpt lat="60.00817" lon="9.28252">
        <ele>203.07781982421875</ele>
        <time>2000-01-01T00:00:00Z</time>
      </trkpt>
      <trkpt lat="60.00808" lon="9.28247">
        <ele>203.15158081054688</ele>
        <time>2000-01-01T00:00:00Z</time>
      </trkpt>
      <trkpt lat="60.00791" lon="9.28234">
        <ele>203.2952423095703</ele>
        <time>2000-01-01T00:00:00Z</time>
      </trkpt>
      <trkpt lat="60.00778" lon="9.28221">
        <ele>203.4099884033203</ele>
        <time>2000-01-01T00:00:00Z</time>
      </trkpt>
      <trkpt lat="60.00768" lon="9.28205">
        <ele>203.5110626220703</ele>
        <time>2000-01-01T00:00:00Z</time>
      </trkpt>
      <trkpt lat="60.00762" lon="9.28189">
        <ele>203.59002685546875</ele>
        <time>2000-01-01T00:00:00Z</time>
      </trkpt>
      <trkpt lat="60.00761558146996" lon="9.281866247507448">
        <ele>203.60000610351562</ele>
        <time>2000-01-01T00:00:00Z</time>
      </trkpt>
      <trkpt lat="60.00739" lon="9.28065">
        <ele>202.6330108642578</ele>
        <time>2000-01-01T00:00:00Z</time>
      </trkpt>
      <trkpt lat="60.00727" lon="9.2802">
        <ele>202.25282287597656</ele>
        <time>2000-01-01T00:00:00Z</time>
      </trkpt>
      <trkpt lat="60.00718" lon="9.27994">
        <ele>202.0171356201172</ele>
        <time>2000-01-01T00:00:00Z</time>
      </trkpt>
      <trkpt lat="60.00712716982797" lon="9.2798237771179">
        <ele>201.89999389648438</ele>
        <time>2000-01-01T00:00:00Z</time>
      </trkpt>
      <trkpt lat="60.00698" lon="9.2795">
        <ele>201.9959259033203</ele>
        <time>2000-01-01T00:00:00Z</time>
      </trkpt>
      <trkpt lat="60.00673" lon="9.27908">
        <ele>202.13912963867188</ele>
        <time>2000-01-01T00:00:00Z</time>
      </trkpt>
      <trkpt lat="60.00659" lon="9.27889">
        <ele>202.2133026123047</ele>
        <time>2000-01-01T00:00:00Z</time>
      </trkpt>
      <trkpt lat="60.00648" lon="9.27881">
        <ele>202.26466369628906</ele>
        <time>2000-01-01T00:00:00Z</time>
      </trkpt>
      <trkpt lat="60.00632" lon="9.27872">
        <ele>202.3375244140625</ele>
        <time>2000-01-01T00:00:00Z</time>
      </trkpt>
      <trkpt lat="60.00618062247377" lon="9.278661590616933">
        <ele>202.39999389648438</ele>
        <time>2000-01-01T00:00:00Z</time>
      </trkpt>
      <trkpt lat="60.00506482246921" lon="9.278193640282817">
        <ele>204.39999389648438</ele>
        <time>2000-01-01T00:00:00Z</time>
      </trkpt>
      <trkpt lat="60.00446" lon="9.27794">
        <ele>205.32142639160156</ele>
        <time>2000-01-01T00:00:00Z</time>
      </trkpt>
      <trkpt lat="60.00395584101658" lon="9.277668154375212">
        <ele>206.10000610351562</ele>
        <time>2000-01-01T00:00:00Z</time>
      </trkpt>
      <trkpt lat="60.00344" lon="9.27739">
        <ele>206.615478515625</ele>
        <time>2000-01-01T00:00:00Z</time>
      </trkpt>
      <trkpt lat="60.00321" lon="9.27729">
        <ele>206.8426055908203</ele>
        <time>2000-01-01T00:00:00Z</time>
      </trkpt>
      <trkpt lat="60.00304" lon="9.27724">
        <ele>207.0083465576172</ele>
        <time>2000-01-01T00:00:00Z</time>
      </trkpt>
      <trkpt lat="60.00284139622528" lon="9.27724">
        <ele>207.1999969482422</ele>
        <time>2000-01-01T00:00:00Z</time>
      </trkpt>
      <trkpt lat="60.00275" lon="9.27724">
        <ele>207.24008178710938</ele>
        <time>2000-01-01T00:00:00Z</time>
      </trkpt>
      <trkpt lat="60.0019" lon="9.27735">
        <ele>207.61366271972656</ele>
        <time>2000-01-01T00:00:00Z</time>
      </trkpt>
      <trkpt lat="60.001704634347945" lon="9.277398841397204">
        <ele>207.6999969482422</ele>
        <time>2000-01-01T00:00:00Z</time>
      </trkpt>
      <trkpt lat="60.00166" lon="9.27741">
        <ele>207.75918579101562</ele>
        <time>2000-01-01T00:00:00Z</time>
      </trkpt>
      <trkpt lat="60.00061" lon="9.27773">
        <ele>209.15663146972656</ele>
        <time>2000-01-01T00:00:00Z</time>
      </trkpt>
      <trkpt lat="60.000577562732005" lon="9.277741671627197">
        <ele>209.1999969482422</ele>
        <time>2000-01-01T00:00:00Z</time>
      </trkpt>
      <trkpt lat="59.99986" lon="9.278">
        <ele>209.71160888671875</ele>
        <time>2000-01-01T00:00:00Z</time>
      </trkpt>
      <trkpt lat="59.99966" lon="9.27809">
        <ele>209.85546875</ele>
        <time>2000-01-01T00:00:00Z</time>
      </trkpt>
      <trkpt lat="59.9995" lon="9.2782">
        <ele>209.9741973876953</ele>
        <time>2000-01-01T00:00:00Z</time>
      </trkpt>
      <trkpt lat="59.9994686205182" lon="9.278238351546936">
        <ele>210.0</ele>
        <time>2000-01-01T00:00:00Z</time>
      </trkpt>
      <trkpt lat="59.99932" lon="9.27842">
        <ele>209.96945190429688</ele>
        <time>2000-01-01T00:00:00Z</time>
      </trkpt>
      <trkpt lat="59.99872" lon="9.2793">
        <ele>209.83892822265625</ele>
        <time>2000-01-01T00:00:00Z</time>
      </trkpt>
      <trkpt lat="59.998538075962905" lon="9.279554102662857">
        <ele>209.8000030517578</ele>
        <time>2000-01-01T00:00:00Z</time>
      </trkpt>
      <trkpt lat="59.99809" lon="9.28018">
        <ele>209.70411682128906</ele>
        <time>2000-01-01T00:00:00Z</time>
      </trkpt>
      <trkpt lat="59.99773" lon="9.28065">
        <ele>209.62869262695312</ele>
        <time>2000-01-01T00:00:00Z</time>
      </trkpt>
      <trkpt lat="59.99758559641575" lon="9.280803718703122">
        <ele>209.60000610351562</ele>
        <time>2000-01-01T00:00:00Z</time>
      </trkpt>
      <trkpt lat="59.99742" lon="9.28098">
        <ele>209.55062866210938</ele>
        <time>2000-01-01T00:00:00Z</time>
      </trkpt>
      <trkpt lat="59.99698" lon="9.28135">
        <ele>209.42503356933594</ele>
        <time>2000-01-01T00:00:00Z</time>
      </trkpt>
      <trkpt lat="59.99653220124599" lon="9.281667719987604">
        <ele>209.3000030517578</ele>
        <time>2000-01-01T00:00:00Z</time>
      </trkpt>
      <trkpt lat="59.99545780183752" lon="9.282430258196648">
        <ele>208.0</ele>
        <time>2000-01-01T00:00:00Z</time>
      </trkpt>
      <trkpt lat="59.99481" lon="9.28289">
        <ele>207.81912231445312</ele>
        <time>2000-01-01T00:00:00Z</time>
      </trkpt>
      <trkpt lat="59.99438032358514" lon="9.283175262673032">
        <ele>207.6999969482422</ele>
        <time>2000-01-01T00:00:00Z</time>
      </trkpt>
      <trkpt lat="59.99359" lon="9.2837">
        <ele>207.48085021972656</ele>
        <time>2000-01-01T00:00:00Z</time>
      </trkpt>
      <trkpt lat="59.99330633863114" lon="9.283936383840025">
        <ele>207.39999389648438</ele>
        <time>2000-01-01T00:00:00Z</time>
      </trkpt>
      <trkpt lat="59.99317" lon="9.28405">
        <ele>207.24449157714844</ele>
        <time>2000-01-01T00:00:00Z</time>
      </trkpt>
      <trkpt lat="59.99265" lon="9.28454">
        <ele>206.6394500732422</ele>
        <time>2000-01-01T00:00:00Z</time>
      </trkpt>
      <trkpt lat="59.99235" lon="9.2848">
        <ele>206.29527282714844</ele>
        <time>2000-01-01T00:00:00Z</time>
      </trkpt>
      <trkpt lat="59.9922643805708" lon="9.284858862056652">
        <ele>206.1999969482422</ele>
        <time>2000-01-01T00:00:00Z</time>
      </trkpt>
      <trkpt lat="59.99203" lon="9.28502">
        <ele>205.76522827148438</ele>
        <time>2000-01-01T00:00:00Z</time>
      </trkpt>
      <trkpt lat="59.99165" lon="9.28523">
        <ele>205.07357788085938</ele>
        <time>2000-01-01T00:00:00Z</time>
      </trkpt>
      <trkpt lat="59.99127" lon="9.28539">
        <ele>204.3922882080078</ele>
        <time>2000-01-01T00:00:00Z</time>
      </trkpt>
      <trkpt lat="59.991161471711344" lon="9.285421006282371">
        <ele>204.1999969482422</ele>
        <time>2000-01-01T00:00:00Z</time>
      </trkpt>
      <trkpt lat="59.99071" lon="9.28555">
        <ele>204.1199951171875</ele>
        <time>2000-01-01T00:00:00Z</time>
      </trkpt>
      <trkpt lat="59.99014" lon="9.28566">
        <ele>204.01953125</ele>
        <time>2000-01-01T00:00:00Z</time>
      </trkpt>
      <trkpt lat="59.99003027961679" lon="9.285697979886752">
        <ele>204.0</ele>
        <time>2000-01-01T00:00:00Z</time>
      </trkpt>
      <trkpt lat="59.98988" lon="9.28575">
        <ele>204.2139892578125</ele>
        <time>2000-01-01T00:00:00Z</time>
      </trkpt>
      <trkpt lat="59.98961" lon="9.28591">
        <ele>204.60928344726562</ele>
        <time>2000-01-01T00:00:00Z</time>
      </trkpt>
      <trkpt lat="59.98925" lon="9.28618">
        <ele>205.1488494873047</ele>
        <time>2000-01-01T00:00:00Z</time>
      </trkpt>
      <trkpt lat="59.98896245374346" lon="9.286467544145385">
        <ele>205.60000610351562</ele>
        <time>2000-01-01T00:00:00Z</time>
      </trkpt>
      <trkpt lat="59.98874" lon="9.28669">
        <ele>205.6436309814453</ele>
        <time>2000-01-01T00:00:00Z</time>
      </trkpt>
      <trkpt lat="59.98836" lon="9.2871">
        <ele>205.71939086914062</ele>
        <time>2000-01-01T00:00:00Z</time>
      </trkpt>
      <trkpt lat="59.98795969631287" lon="9.287551160775426">
        <ele>205.8000030517578</ele>
        <time>2000-01-01T00:00:00Z</time>
      </trkpt>
      <trkpt lat="59.98718" lon="9.28843">
        <ele>205.32891845703125</ele>
        <time>2000-01-01T00:00:00Z</time>
      </trkpt>
      <trkpt lat="59.986974979825156" lon="9.288698101054614">
        <ele>205.1999969482422</ele>
        <time>2000-01-01T00:00:00Z</time>
      </trkpt>
      <trkpt lat="59.98679" lon="9.28894">
        <ele>205.02549743652344</ele>
        <time>2000-01-01T00:00:00Z</time>
      </trkpt>
      <trkpt lat="59.98645" lon="9.28953">
        <ele>204.6700897216797</ele>
        <time>2000-01-01T00:00:00Z</time>
      </trkpt>
      <trkpt lat="59.98623" lon="9.29004">
        <ele>204.4041748046875</ele>
        <time>2000-01-01T00:00:00Z</time>
      </trkpt>
      <trkpt lat="59.98615074343209" lon="9.290250872170816">
        <ele>204.3000030517578</ele>
        <time>2000-01-01T00:00:00Z</time>
      </trkpt>
      <trkpt lat="59.9854664038102" lon="9.292073898951545">
        <ele>203.3000030517578</ele>
        <time>2000-01-01T00:00:00Z</time>
      </trkpt>
      <trkpt lat="59.98513" lon="9.29297">
        <ele>203.34915161132812</ele>
        <time>2000-01-01T00:00:00Z</time>
      </trkpt>
      <trkpt lat="59.98495" lon="9.29328">
        <ele>203.3699951171875</ele>
        <time>2000-01-01T00:00:00Z</time>
      </trkpt>
      <trkpt lat="59.98485" lon="9.29341">
        <ele>203.38046264648438</ele>
        <time>2000-01-01T00:00:00Z</time>
      </trkpt>
      <trkpt lat="59.98474" lon="9.2935">
        <ele>203.39088439941406</ele>
        <time>2000-01-01T00:00:00Z</time>
      </trkpt>
      <trkpt lat="59.98476" lon="9.29368">
        <ele>203.3989715576172</ele>
        <time>2000-01-01T00:00:00Z</time>
      </trkpt>
      <trkpt lat="59.98476110421189" lon="9.293703194383843">
        <ele>203.39999389648438</ele>
        <time>2000-01-01T00:00:00Z</time>
      </trkpt>
      <trkpt lat="59.98477" lon="9.29389">
        <ele>203.39999389648438</ele>
        <time>2000-01-01T00:00:00Z</time>
      </trkpt>
      <trkpt lat="59.98475" lon="9.29402">
        <ele>203.39999389648438</ele>
        <time>2000-01-01T00:00:00Z</time>
      </trkpt>
      <trkpt lat="59.98421723665633" lon="9.295659902263818">
        <ele>203.39999389648438</ele>
        <time>2000-01-01T00:00:00Z</time>
      </trkpt>
      <trkpt lat="59.98411" lon="9.29599">
        <ele>203.5208740234375</ele>
        <time>2000-01-01T00:00:00Z</time>
      </trkpt>
      <trkpt lat="59.98409" lon="9.29609">
        <ele>203.553955078125</ele>
        <time>2000-01-01T00:00:00Z</time>
      </trkpt>
      <trkpt lat="59.98406" lon="9.29637">
        <ele>203.64190673828125</ele>
        <time>2000-01-01T00:00:00Z</time>
      </trkpt>
      <trkpt lat="59.98409" lon="9.29676">
        <ele>203.76312255859375</ele>
        <time>2000-01-01T00:00:00Z</time>
      </trkpt>
      <trkpt lat="59.98433410585642" lon="9.297742265041178">
        <ele>204.10000610351562</ele>
        <time>2000-01-01T00:00:00Z</time>
      </trkpt>
      <trkpt lat="59.98451" lon="9.29845">
        <ele>204.2387237548828</ele>
        <time>2000-01-01T00:00:00Z</time>
      </trkpt>
      <trkpt lat="59.984687831012494" lon="9.29989571697238">
        <ele>204.5</ele>
        <time>2000-01-01T00:00:00Z</time>
      </trkpt>
      <trkpt lat="59.98482" lon="9.30097">
        <ele>203.9175262451172</ele>
        <time>2000-01-01T00:00:00Z</time>
      </trkpt>
      <trkpt lat="59.98495" lon="9.3018">
        <ele>203.4596405029297</ele>
        <time>2000-01-01T00:00:00Z</time>
      </trkpt>
      <trkpt lat="59.985013529414026" lon="9.302075295167393">
        <ele>203.3000030517578</ele>
        <time>2000-01-01T00:00:00Z</time>
      </trkpt>
      <trkpt lat="59.98504" lon="9.30219">
        <ele>203.31663513183594</ele>
        <time>2000-01-01T00:00:00Z</time>
      </trkpt>
      <trkpt lat="59.985564379830514" lon="9.304070306386395">
        <ele>203.60000610351562</ele>
        <time>2000-01-01T00:00:00Z</time>
      </trkpt>
      <trkpt lat="59.98574" lon="9.3047">
        <ele>206.41529846191406</ele>
        <time>2000-01-01T00:00:00Z</time>
      </trkpt>
      <trkpt lat="59.98602" lon="9.30582">
        <ele>211.3048095703125</ele>
        <time>2000-01-01T00:00:00Z</time>
      </trkpt>
      <trkpt lat="59.98612" lon="9.30607">
        <ele>212.57981872558594</ele>
        <time>2000-01-01T00:00:00Z</time>
      </trkpt>
      <trkpt lat="59.98618" lon="9.30617">
        <ele>213.47091674804688</ele>
        <time>2000-01-01T00:00:00Z</time>
      </trkpt>
      <trkpt lat="59.98657" lon="9.30672">
        <ele>218.91282653808594</ele>
        <time>2000-01-01T00:00:00Z</time>
      </trkpt>
      <trkpt lat="59.98668" lon="9.30683">
        <ele>220.31533813476562</ele>
        <time>2000-01-01T00:00:00Z</time>
      </trkpt>
      <trkpt lat="59.98679" lon="9.30692">
        <ele>221.67059326171875</ele>
        <time>2000-01-01T00:00:00Z</time>
      </trkpt>
      <trkpt lat="59.9871181084487" lon="9.307063021690686">
        <ele>225.5</ele>
        <time>2000-01-01T00:00:00Z</time>
      </trkpt>
      <trkpt lat="59.98718" lon="9.30709">
        <ele>226.199951171875</ele>
        <time>2000-01-01T00:00:00Z</time>
      </trkpt>
      <trkpt lat="59.9873" lon="9.30717">
        <ele>227.59837341308594</ele>
        <time>2000-01-01T00:00:00Z</time>
      </trkpt>
      <trkpt lat="59.98742" lon="9.30726">
        <ele>229.0148162841797</ele>
        <time>2000-01-01T00:00:00Z</time>
      </trkpt>
      <trkpt lat="59.9876" lon="9.30746">
        <ele>231.29043579101562</ele>
        <time>2000-01-01T00:00:00Z</time>
      </trkpt>
      <trkpt lat="59.98769" lon="9.3076">
        <ele>232.5506591796875</ele>
        <time>2000-01-01T00:00:00Z</time>
      </trkpt>
      <trkpt lat="59.9879" lon="9.30799">
        <ele>235.71849060058594</ele>
        <time>2000-01-01T00:00:00Z</time>
      </trkpt>
      <trkpt lat="59.988" lon="9.30821">
        <ele>237.3617401123047</ele>
        <time>2000-01-01T00:00:00Z</time>
      </trkpt>
      <trkpt lat="59.98803363588297" lon="9.308325323753476">
        <ele>238.10000610351562</ele>
        <time>2000-01-01T00:00:00Z</time>
      </trkpt>
      <trkpt lat="59.98807" lon="9.30845">
        <ele>238.6949920654297</ele>
        <time>2000-01-01T00:00:00Z</time>
      </trkpt>
      <trkpt lat="59.9881" lon="9.30867">
        <ele>239.6356658935547</ele>
        <time>2000-01-01T00:00:00Z</time>
      </trkpt>
      <trkpt lat="59.98809" lon="9.30883">
        <ele>240.30068969726562</ele>
        <time>2000-01-01T00:00:00Z</time>
      </trkpt>
      <trkpt lat="59.98805" lon="9.309">
        <ele>241.07496643066406</ele>
        <time>2000-01-01T00:00:00Z</time>
      </trkpt>
      <trkpt lat="59.98799" lon="9.30914">
        <ele>241.83523559570312</ele>
        <time>2000-01-01T00:00:00Z</time>
      </trkpt>
      <trkpt lat="59.98791" lon="9.30926">
        <ele>242.65994262695312</ele>
        <time>2000-01-01T00:00:00Z</time>
      </trkpt>
      <trkpt lat="59.98777" lon="9.30938">
        <ele>243.91603088378906</ele>
        <time>2000-01-01T00:00:00Z</time>
      </trkpt>
      <trkpt lat="59.9873609713654" lon="9.309674296706692">
        <ele>247.5</ele>
        <time>2000-01-01T00:00:00Z</time>
      </trkpt>
      <trkpt lat="59.98695" lon="9.30997">
        <ele>250.6417694091797</ele>
        <time>2000-01-01T00:00:00Z</time>
      </trkpt>
      <trkpt lat="59.98677" lon="9.31012">
        <ele>252.04403686523438</ele>
        <time>2000-01-01T00:00:00Z</time>
      </trkpt>
      <trkpt lat="59.9867" lon="9.31022">
        <ele>252.66281127929688</ele>
        <time>2000-01-01T00:00:00Z</time>
      </trkpt>
      <trkpt lat="59.98663" lon="9.31036">
        <ele>253.37542724609375</ele>
        <time>2000-01-01T00:00:00Z</time>
      </trkpt>
      <trkpt lat="59.98657" lon="9.31058">
        <ele>254.27671813964844</ele>
        <time>2000-01-01T00:00:00Z</time>
      </trkpt>
      <trkpt lat="59.98657" lon="9.31081">
        <ele>255.10418701171875</ele>
        <time>2000-01-01T00:00:00Z</time>
      </trkpt>
      <trkpt lat="59.9866" lon="9.31096">
        <ele>255.68533325195312</ele>
        <time>2000-01-01T00:00:00Z</time>
      </trkpt>
      <trkpt lat="59.98664" lon="9.31106">
        <ele>256.3312683105469</ele>
        <time>2000-01-01T00:00:00Z</time>
      </trkpt>
      <trkpt lat="59.98674" lon="9.31118">
        <ele>257.51776123046875</ele>
        <time>2000-01-01T00:00:00Z</time>
      </trkpt>
      <trkpt lat="59.98767405343599" lon="9.31163525406186">
        <ele>267.29998779296875</ele>
        <time>2000-01-01T00:00:00Z</time>
      </trkpt>
      <trkpt lat="59.98793" lon="9.31176">
        <ele>270.558349609375</ele>
        <time>2000-01-01T00:00:00Z</time>
      </trkpt>
      <trkpt lat="59.98808" lon="9.31185">
        <ele>272.4947204589844</ele>
        <time>2000-01-01T00:00:00Z</time>
      </trkpt>
      <trkpt lat="59.98824" lon="9.31198">
        <ele>274.631103515625</ele>
        <time>2000-01-01T00:00:00Z</time>
      </trkpt>
      <trkpt lat="59.98839" lon="9.31215">
        <ele>276.7633056640625</ele>
        <time>2000-01-01T00:00:00Z</time>
      </trkpt>
      <trkpt lat="59.988686594488975" lon="9.312608375428702">
        <ele>281.3999938964844</ele>
        <time>2000-01-01T00:00:00Z</time>
      </trkpt>
      <trkpt lat="59.98883" lon="9.31283">
        <ele>283.0849609375</ele>
        <time>2000-01-01T00:00:00Z</time>
      </trkpt>
      <trkpt lat="59.989" lon="9.31305">
        <ele>284.9676513671875</ele>
        <time>2000-01-01T00:00:00Z</time>
      </trkpt>
      <trkpt lat="59.98909" lon="9.31313">
        <ele>285.88372802734375</ele>
        <time>2000-01-01T00:00:00Z</time>
      </trkpt>
      <trkpt lat="59.98942" lon="9.31334">
        <ele>289.1033020019531</ele>
        <time>2000-01-01T00:00:00Z</time>
      </trkpt>
      <trkpt lat="59.98962" lon="9.3135">
        <ele>291.10601806640625</ele>
        <time>2000-01-01T00:00:00Z</time>
      </trkpt>
      <trkpt lat="59.98970623704762" lon="9.313585000916534">
        <ele>292.0</ele>
        <time>2000-01-01T00:00:00Z</time>
      </trkpt>
      <trkpt lat="59.99031" lon="9.31418">
        <ele>299.2035217285156</ele>
        <time>2000-01-01T00:00:00Z</time>
      </trkpt>
      <trkpt lat="59.99064" lon="9.31455">
        <ele>303.25177001953125</ele>
        <time>2000-01-01T00:00:00Z</time>
      </trkpt>
      <trkpt lat="59.99071257361228" lon="9.314651603493429">
        <ele>304.20001220703125</ele>
        <time>2000-01-01T00:00:00Z</time>
      </trkpt>
      <trkpt lat="59.99079" lon="9.31476">
        <ele>305.2778625488281</ele>
        <time>2000-01-01T00:00:00Z</time>
      </trkpt>
      <trkpt lat="59.9909" lon="9.31496">
        <ele>306.9732666015625</ele>
        <time>2000-01-01T00:00:00Z</time>
      </trkpt>
      <trkpt lat="59.99103" lon="9.31531">
        <ele>309.4598388671875</ele>
        <time>2000-01-01T00:00:00Z</time>
      </trkpt>
      <trkpt lat="59.9911" lon="9.31571">
        <ele>311.87664794921875</ele>
        <time>2000-01-01T00:00:00Z</time>
      </trkpt>
      <trkpt lat="59.9911" lon="9.31589">
        <ele>312.902587890625</ele>
        <time>2000-01-01T00:00:00Z</time>
      </trkpt>
      <trkpt lat="59.991042181897" lon="9.3166345724664">
        <ele>317.20001220703125</ele>
        <time>2000-01-01T00:00:00Z</time>
      </trkpt>
      <trkpt lat="59.99093" lon="9.31808">
        <ele>321.37115478515625</ele>
        <time>2000-01-01T00:00:00Z</time>
      </trkpt>
      <trkpt lat="59.99089194590258" lon="9.318893216341456">
        <ele>323.70001220703125</ele>
        <time>2000-01-01T00:00:00Z</time>
      </trkpt>
      <trkpt lat="59.99085" lon="9.31979">
        <ele>327.21661376953125</ele>
        <time>2000-01-01T00:00:00Z</time>
      </trkpt>
      <trkpt lat="59.99078" lon="9.32048">
        <ele>329.9656066894531</ele>
        <time>2000-01-01T00:00:00Z</time>
      </trkpt>
      <trkpt lat="59.99066469792331" lon="9.321114130239357">
        <ele>332.6000061035156</ele>
        <time>2000-01-01T00:00:00Z</time>
      </trkpt>
      <trkpt lat="59.99054" lon="9.3218">
        <ele>334.8408508300781</ele>
        <time>2000-01-01T00:00:00Z</time>
      </trkpt>
      <trkpt lat="59.99033" lon="9.32308">
        <ele>338.9775390625</ele>
        <time>2000-01-01T00:00:00Z</time>
      </trkpt>
      <trkpt lat="59.990320823696585" lon="9.323281878316003">
        <ele>339.6000061035156</ele>
        <time>2000-01-01T00:00:00Z</time>
      </trkpt>
      <trkpt lat="59.99032" lon="9.3233">
        <ele>339.668701171875</ele>
        <time>2000-01-01T00:00:00Z</time>
      </trkpt>
      <trkpt lat="59.99032" lon="9.32459">
        <ele>344.535400390625</ele>
        <time>2000-01-01T00:00:00Z</time>
      </trkpt>
      <trkpt lat="59.99033" lon="9.32484">
        <ele>345.4816589355469</ele>
        <time>2000-01-01T00:00:00Z</time>
      </trkpt>
      <trkpt lat="59.99037" lon="9.32507">
        <ele>346.4007568359375</ele>
        <time>2000-01-01T00:00:00Z</time>
      </trkpt>
      <trkpt lat="59.99046" lon="9.32537">
        <ele>347.72021484375</ele>
        <time>2000-01-01T00:00:00Z</time>
      </trkpt>
      <trkpt lat="59.9905032510483" lon="9.325463173576622">
        <ele>348.20001220703125</ele>
        <time>2000-01-01T00:00:00Z</time>
      </trkpt>
      <trkpt lat="59.99085" lon="9.32621">
        <ele>351.10577392578125</ele>
        <time>2000-01-01T00:00:00Z</time>
      </trkpt>
      <trkpt lat="59.99121048992873" lon="9.32724403762907">
        <ele>354.70001220703125</ele>
        <time>2000-01-01T00:00:00Z</time>
      </trkpt>
      <trkpt lat="59.99123" lon="9.3273">
        <ele>354.96929931640625</ele>
        <time>2000-01-01T00:00:00Z</time>
      </trkpt>
      <trkpt lat="59.99147" lon="9.32783">
        <ele>357.7921142578125</ele>
        <time>2000-01-01T00:00:00Z</time>
      </trkpt>
      <trkpt lat="59.9919" lon="9.32862">
        <ele>362.40234375</ele>
        <time>2000-01-01T00:00:00Z</time>
      </trkpt>
      <trkpt lat="59.992" lon="9.32886">
        <ele>363.6356506347656</ele>
        <time>2000-01-01T00:00:00Z</time>
      </trkpt>
      <trkpt lat="59.99211" lon="9.32924">
        <ele>364.3861083984375</ele>
        <time>2000-01-01T00:00:00Z</time>
      </trkpt>
      <trkpt lat="59.99216" lon="9.32947">
        <ele>364.793212890625</ele>
        <time>2000-01-01T00:00:00Z</time>
      </trkpt>
      <trkpt lat="59.9922" lon="9.32981">
        <ele>365.3600158691406</ele>
        <time>2000-01-01T00:00:00Z</time>
      </trkpt>
      <trkpt lat="59.9922" lon="9.33012">
        <ele>365.86328125</ele>
        <time>2000-01-01T00:00:00Z</time>
      </trkpt>
      <trkpt lat="59.99213" lon="9.33044">
        <ele>366.4300537109375</ele>
        <time>2000-01-01T00:00:00Z</time>
      </trkpt>
      <trkpt lat="59.99207" lon="9.33064">
        <ele>366.8087158203125</ele>
        <time>2000-01-01T00:00:00Z</time>
      </trkpt>
      <trkpt lat="59.991951438089764" lon="9.330916620643032">
        <ele>367.3999938964844</ele>
        <time>2000-01-01T00:00:00Z</time>
      </trkpt>
      <trkpt lat="59.99159" lon="9.33176">
        <ele>371.6385192871094</ele>
        <time>2000-01-01T00:00:00Z</time>
      </trkpt>
      <trkpt lat="59.99134" lon="9.33218">
        <ele>374.1300964355469</ele>
        <time>2000-01-01T00:00:00Z</time>
      </trkpt>
      <trkpt lat="59.99113221210189" lon="9.332486203817483">
        <ele>376.1000061035156</ele>
        <time>2000-01-01T00:00:00Z</time>
      </trkpt>
      <trkpt lat="59.99077" lon="9.33302">
        <ele>377.8761901855469</ele>
        <time>2000-01-01T00:00:00Z</time>
      </trkpt>
      <trkpt lat="59.99025559735132" lon="9.333939771200246">
        <ele>380.6000061035156</ele>
        <time>2000-01-01T00:00:00Z</time>
      </trkpt>
      <trkpt lat="59.98959" lon="9.33513">
        <ele>383.4197998046875</ele>
        <time>2000-01-01T00:00:00Z</time>
      </trkpt>
      <trkpt lat="59.989419925502084" lon="9.335488368978373">
        <ele>384.20001220703125</ele>
        <time>2000-01-01T00:00:00Z</time>
      </trkpt>
      <trkpt lat="59.98931" lon="9.33572">
        <ele>384.5221862792969</ele>
        <time>2000-01-01T00:00:00Z</time>
      </trkpt>
      <trkpt lat="59.98907" lon="9.33615">
        <ele>385.1723937988281</ele>
        <time>2000-01-01T00:00:00Z</time>
      </trkpt>
      <trkpt lat="59.98896" lon="9.33629">
        <ele>385.43548583984375</ele>
        <time>2000-01-01T00:00:00Z</time>
      </trkpt>
      <trkpt lat="59.9884932537842" lon="9.336782204645766">
        <ele>386.5</ele>
        <time>2000-01-01T00:00:00Z</time>
      </trkpt>
      <trkpt lat="59.98841" lon="9.33687">
        <ele>386.6485900878906</ele>
        <time>2000-01-01T00:00:00Z</time>
      </trkpt>
      <trkpt lat="59.98795" lon="9.33729">
        <ele>387.4469909667969</ele>
        <time>2000-01-01T00:00:00Z</time>
      </trkpt>
      <trkpt lat="59.98745502446162" lon="9.337723090506131">
        <ele>388.29998779296875</ele>
        <time>2000-01-01T00:00:00Z</time>
      </trkpt>
      <trkpt lat="59.98683" lon="9.33827">
        <ele>390.9331359863281</ele>
        <time>2000-01-01T00:00:00Z</time>
      </trkpt>
      <trkpt lat="59.98669" lon="9.33844">
        <ele>391.5654602050781</ele>
        <time>2000-01-01T00:00:00Z</time>
      </trkpt>
      <trkpt lat="59.98644484292925" lon="9.338764384243683">
        <ele>392.70001220703125</ele>
        <time>2000-01-01T00:00:00Z</time>
      </trkpt>
      <trkpt lat="59.98549429556989" lon="9.340022731239664">
        <ele>401.79998779296875</ele>
        <time>2000-01-01T00:00:00Z</time>
      </trkpt>
      <trkpt lat="59.98496" lon="9.34073">
        <ele>406.6900939941406</ele>
        <time>2000-01-01T00:00:00Z</time>
      </trkpt>
      <trkpt lat="59.9847" lon="9.34115">
        <ele>409.24090576171875</ele>
        <time>2000-01-01T00:00:00Z</time>
      </trkpt>
      <trkpt lat="59.98458921697203" lon="9.341394365531151">
        <ele>410.5</ele>
        <time>2000-01-01T00:00:00Z</time>
      </trkpt>
      <trkpt lat="59.98436" lon="9.3419">
        <ele>411.8472900390625</ele>
        <time>2000-01-01T00:00:00Z</time>
      </trkpt>
      <trkpt lat="59.98419" lon="9.3423">
        <ele>412.8836975097656</ele>
        <time>2000-01-01T00:00:00Z</time>
      </trkpt>
      <trkpt lat="59.984" lon="9.34266">
        <ele>413.9169006347656</ele>
        <time>2000-01-01T00:00:00Z</time>
      </trkpt>
      <trkpt lat="59.98399" lon="9.34284">
        <ele>414.27471923828125</ele>
        <time>2000-01-01T00:00:00Z</time>
      </trkpt>
      <trkpt lat="59.98391" lon="9.34317">
        <ele>414.9986572265625</ele>
        <time>2000-01-01T00:00:00Z</time>
      </trkpt>
      <trkpt lat="59.98357" lon="9.34418">
        <ele>418.7903747558594</ele>
        <time>2000-01-01T00:00:00Z</time>
      </trkpt>
      <trkpt lat="59.98344" lon="9.34441">
        <ele>419.87158203125</ele>
        <time>2000-01-01T00:00:00Z</time>
      </trkpt>
      <trkpt lat="59.98318" lon="9.3448">
        <ele>421.8955993652344</ele>
        <time>2000-01-01T00:00:00Z</time>
      </trkpt>
      <trkpt lat="59.98315681475991" lon="9.34484637029052">
        <ele>422.1000061035156</ele>
        <time>2000-01-01T00:00:00Z</time>
      </trkpt>
      <trkpt lat="59.98312" lon="9.34492">
        <ele>422.629638671875</ele>
        <time>2000-01-01T00:00:00Z</time>
      </trkpt>
      <trkpt lat="59.98304" lon="9.34528">
        <ele>424.634765625</ele>
        <time>2000-01-01T00:00:00Z</time>
      </trkpt>
      <trkpt lat="59.983" lon="9.34539">
        <ele>425.3268737792969</ele>
        <time>2000-01-01T00:00:00Z</time>
      </trkpt>
      <trkpt lat="59.98293" lon="9.34549">
        <ele>426.2029113769531</ele>
        <time>2000-01-01T00:00:00Z</time>
      </trkpt>
      <trkpt lat="59.98285" lon="9.34557">
        <ele>427.1128234863281</ele>
        <time>2000-01-01T00:00:00Z</time>
      </trkpt>
      <trkpt lat="59.98265" lon="9.34565">
        <ele>429.1877746582031</ele>
        <time>2000-01-01T00:00:00Z</time>
      </trkpt>
      <trkpt lat="59.98254" lon="9.34571">
        <ele>430.3479919433594</ele>
        <time>2000-01-01T00:00:00Z</time>
      </trkpt>
      <trkpt lat="59.98223805322781" lon="9.345973235337935">
        <ele>433.70001220703125</ele>
        <time>2000-01-01T00:00:00Z</time>
      </trkpt>
      <trkpt lat="59.98215" lon="9.34605">
        <ele>434.6102600097656</ele>
        <time>2000-01-01T00:00:00Z</time>
      </trkpt>
      <trkpt lat="59.98201" lon="9.34609">
        <ele>435.94989013671875</ele>
        <time>2000-01-01T00:00:00Z</time>
      </trkpt>
      <trkpt lat="59.9819" lon="9.34608">
        <ele>436.99273681640625</ele>
        <time>2000-01-01T00:00:00Z</time>
      </trkpt>
      <trkpt lat="59.98181" lon="9.3461">
        <ele>437.850830078125</ele>
        <time>2000-01-01T00:00:00Z</time>
      </trkpt>
      <trkpt lat="59.98174" lon="9.34614">
        <ele>438.540283203125</ele>
        <time>2000-01-01T00:00:00Z</time>
      </trkpt>
      <trkpt lat="59.98147" lon="9.34636">
        <ele>441.30255126953125</ele>
        <time>2000-01-01T00:00:00Z</time>
      </trkpt>
      <trkpt lat="59.98115" lon="9.34653">
        <ele>444.4394836425781</ele>
        <time>2000-01-01T00:00:00Z</time>
      </trkpt>
      <trkpt lat="59.98084" lon="9.34654">
        <ele>447.376220703125</ele>
        <time>2000-01-01T00:00:00Z</time>
      </trkpt>
      <trkpt lat="59.98072" lon="9.34667">
        <ele>448.66949462890625</ele>
        <time>2000-01-01T00:00:00Z</time>
      </trkpt>
      <trkpt lat="59.98064" lon="9.34688">
        <ele>449.9202575683594</ele>
        <time>2000-01-01T00:00:00Z</time>
      </trkpt>
      <trkpt lat="59.98052" lon="9.34702">
        <ele>451.2367248535156</ele>
        <time>2000-01-01T00:00:00Z</time>
      </trkpt>
      <trkpt lat="59.98014" lon="9.34716">
        <ele>454.8970031738281</ele>
        <time>2000-01-01T00:00:00Z</time>
      </trkpt>
      <trkpt lat="59.98010049658348" lon="9.347191602625978">
        <ele>455.29998779296875</ele>
        <time>2000-01-01T00:00:00Z</time>
      </trkpt>
      <trkpt lat="59.98004" lon="9.34724">
        <ele>455.9230041503906</ele>
        <time>2000-01-01T00:00:00Z</time>
      </trkpt>
      <trkpt lat="59.97993" lon="9.34737">
        <ele>457.1443786621094</ele>
        <time>2000-01-01T00:00:00Z</time>
      </trkpt>
      <trkpt lat="59.97983" lon="9.34746">
        <ele>458.19293212890625</ele>
        <time>2000-01-01T00:00:00Z</time>
      </trkpt>
      <trkpt lat="59.97956" lon="9.34758">
        <ele>460.83770751953125</ele>
        <time>2000-01-01T00:00:00Z</time>
      </trkpt>
      <trkpt lat="59.97941" lon="9.34761">
        <ele>462.2786560058594</ele>
        <time>2000-01-01T00:00:00Z</time>
      </trkpt>
      <trkpt lat="59.97915" lon="9.3476">
        <ele>464.7649230957031</ele>
        <time>2000-01-01T00:00:00Z</time>
      </trkpt>
      <trkpt lat="59.97901" lon="9.34761">
        <ele>466.1038513183594</ele>
        <time>2000-01-01T00:00:00Z</time>
      </trkpt>
      <trkpt lat="59.97900009523209" lon="9.347613095021957">
        <ele>466.20001220703125</ele>
        <time>2000-01-01T00:00:00Z</time>
      </trkpt>
      <trkpt lat="59.97885" lon="9.34766">
        <ele>467.7193908691406</ele>
        <time>2000-01-01T00:00:00Z</time>
      </trkpt>
      <trkpt lat="59.97862" lon="9.34781">
        <ele>470.1383972167969</ele>
        <time>2000-01-01T00:00:00Z</time>
      </trkpt>
      <trkpt lat="59.97845" lon="9.34799">
        <ele>472.06207275390625</ele>
        <time>2000-01-01T00:00:00Z</time>
      </trkpt>
      <trkpt lat="59.97835" lon="9.34805">
        <ele>473.10577392578125</ele>
        <time>2000-01-01T00:00:00Z</time>
      </trkpt>
      <trkpt lat="59.97807" lon="9.34814">
        <ele>475.9420166015625</ele>
        <time>2000-01-01T00:00:00Z</time>
      </trkpt>
      <trkpt lat="59.97793" lon="9.34818">
        <ele>477.3560791015625</ele>
        <time>2000-01-01T00:00:00Z</time>
      </trkpt>
      <trkpt lat="59.97790560616476" lon="9.348179432817076">
        <ele>477.6000061035156</ele>
        <time>2000-01-01T00:00:00Z</time>
      </trkpt>
      <trkpt lat="59.9775" lon="9.34817">
        <ele>483.0079345703125</ele>
        <time>2000-01-01T00:00:00Z</time>
      </trkpt>
      <trkpt lat="59.97736" lon="9.34821">
        <ele>484.893310546875</ele>
        <time>2000-01-01T00:00:00Z</time>
      </trkpt>
      <trkpt lat="59.97723" lon="9.34829">
        <ele>486.7071228027344</ele>
        <time>2000-01-01T00:00:00Z</time>
      </trkpt>
      <trkpt lat="59.97693" lon="9.34826">
        <ele>490.711669921875</ele>
        <time>2000-01-01T00:00:00Z</time>
      </trkpt>
      <trkpt lat="59.97678" lon="9.34826">
        <ele>492.71209716796875</ele>
        <time>2000-01-01T00:00:00Z</time>
      </trkpt>
      <trkpt lat="59.97656" lon="9.3485">
        <ele>494.81201171875</ele>
        <time>2000-01-01T00:00:00Z</time>
      </trkpt>
      <trkpt lat="59.97647" lon="9.34855">
        <ele>495.5823974609375</ele>
        <time>2000-01-01T00:00:00Z</time>
      </trkpt>
      <trkpt lat="59.97628" lon="9.34856">
        <ele>497.1495361328125</ele>
        <time>2000-01-01T00:00:00Z</time>
      </trkpt>
      <trkpt lat="59.97601" lon="9.34868">
        <ele>499.429931640625</ele>
        <time>2000-01-01T00:00:00Z</time>
      </trkpt>
      <trkpt lat="59.97569418808881" lon="9.348908963421703">
        <ele>502.20001220703125</ele>
        <time>2000-01-01T00:00:00Z</time>
      </trkpt>
      <trkpt lat="59.97561" lon="9.34897">
        <ele>503.5041198730469</ele>
        <time>2000-01-01T00:00:00Z</time>
      </trkpt>
      <trkpt lat="59.9755" lon="9.34904">
        <ele>505.1851806640625</ele>
        <time>2000-01-01T00:00:00Z</time>
      </trkpt>
      <trkpt lat="59.9752" lon="9.34908">
        <ele>509.5625</ele>
        <time>2000-01-01T00:00:00Z</time>
      </trkpt>
      <trkpt lat="59.97504" lon="9.34912">
        <ele>511.91046142578125</ele>
        <time>2000-01-01T00:00:00Z</time>
      </trkpt>
      <trkpt lat="59.97466" lon="9.34931">
        <ele>517.6146240234375</ele>
        <time>2000-01-01T00:00:00Z</time>
      </trkpt>
      <trkpt lat="59.97458386603114" lon="9.34936775557823">
        <ele>518.7999877929688</ele>
        <time>2000-01-01T00:00:00Z</time>
      </trkpt>
      <trkpt lat="59.97437" lon="9.34953">
        <ele>520.1641845703125</ele>
        <time>2000-01-01T00:00:00Z</time>
      </trkpt>
      <trkpt lat="59.97399" lon="9.34997">
        <ele>522.7836303710938</ele>
        <time>2000-01-01T00:00:00Z</time>
      </trkpt>
      <trkpt lat="59.97389" lon="9.35003">
        <ele>523.4065551757812</ele>
        <time>2000-01-01T00:00:00Z</time>
      </trkpt>
      <trkpt lat="59.97378" lon="9.35005">
        <ele>524.0651245117188</ele>
        <time>2000-01-01T00:00:00Z</time>
      </trkpt>
      <trkpt lat="59.97352269918453" lon="9.350042203010432">
        <ele>525.5999755859375</ele>
        <time>2000-01-01T00:00:00Z</time>
      </trkpt>
      <trkpt lat="59.97345" lon="9.35004">
        <ele>525.8742065429688</ele>
        <time>2000-01-01T00:00:00Z</time>
      </trkpt>
      <trkpt lat="59.97337" lon="9.35005">
        <ele>526.1766357421875</ele>
        <time>2000-01-01T00:00:00Z</time>
      </trkpt>
      <trkpt lat="59.97321" lon="9.35021">
        <ele>526.8512573242188</ele>
        <time>2000-01-01T00:00:00Z</time>
      </trkpt>
      <trkpt lat="59.97313" lon="9.35037">
        <ele>527.2782592773438</ele>
        <time>2000-01-01T00:00:00Z</time>
      </trkpt>
      <trkpt lat="59.97305" lon="9.35061">
        <ele>527.8226928710938</ele>
        <time>2000-01-01T00:00:00Z</time>
      </trkpt>
      <trkpt lat="59.973" lon="9.35117">
        <ele>528.8960571289062</ele>
        <time>2000-01-01T00:00:00Z</time>
      </trkpt>
      <trkpt lat="59.97299024439992" lon="9.351701490315977">
        <ele>529.9000244140625</ele>
        <time>2000-01-01T00:00:00Z</time>
      </trkpt>
      <trkpt lat="59.97298" lon="9.35226">
        <ele>533.1138916015625</ele>
        <time>2000-01-01T00:00:00Z</time>
      </trkpt>
      <trkpt lat="59.973" lon="9.3526">
        <ele>535.0823974609375</ele>
        <time>2000-01-01T00:00:00Z</time>
      </trkpt>
      <trkpt lat="59.97312" lon="9.35343">
        <ele>540.050048828125</ele>
        <time>2000-01-01T00:00:00Z</time>
      </trkpt>
      <trkpt lat="59.9732198629624" lon="9.353902689071065">
        <ele>543.0</ele>
        <time>2000-01-01T00:00:00Z</time>
      </trkpt>
      <trkpt lat="59.97327" lon="9.35414">
        <ele>543.7688598632812</ele>
        <time>2000-01-01T00:00:00Z</time>
      </trkpt>
      <trkpt lat="59.97331" lon="9.3546">
        <ele>545.162353515625</ele>
        <time>2000-01-01T00:00:00Z</time>
      </trkpt>
      <trkpt lat="59.97335" lon="9.35484">
        <ele>545.91748046875</ele>
        <time>2000-01-01T00:00:00Z</time>
      </trkpt>
      <trkpt lat="59.97346" lon="9.35532">
        <ele>547.4933471679688</ele>
        <time>2000-01-01T00:00:00Z</time>
      </trkpt>
      <trkpt lat="59.9736" lon="9.3558">
        <ele>549.1514892578125</ele>
        <time>2000-01-01T00:00:00Z</time>
      </trkpt>
      <trkpt lat="59.97366460116862" lon="9.355974806244065">
        <ele>549.7999877929688</ele>
        <time>2000-01-01T00:00:00Z</time>
      </trkpt>
      <trkpt lat="59.97377" lon="9.35626">
        <ele>552.725830078125</ele>
        <time>2000-01-01T00:00:00Z</time>
      </trkpt>
      <trkpt lat="59.97381" lon="9.35643">
        <ele>554.2755737304688</ele>
        <time>2000-01-01T00:00:00Z</time>
      </trkpt>
      <trkpt lat="59.97391" lon="9.35718">
        <ele>560.6808471679688</ele>
        <time>2000-01-01T00:00:00Z</time>
      </trkpt>
      <trkpt lat="59.974" lon="9.35779">
        <ele>565.9285278320312</ele>
        <time>2000-01-01T00:00:00Z</time>
      </trkpt>
      <trkpt lat="59.97403" lon="9.35804">
        <ele>568.0497436523438</ele>
        <time>2000-01-01T00:00:00Z</time>
      </trkpt>
      <trkpt lat="59.97403237576947" lon="9.358106532745799">
        <ele>568.5999755859375</ele>
        <time>2000-01-01T00:00:00Z</time>
      </trkpt>
      <trkpt lat="59.97404" lon="9.35832">
        <ele>568.9569091796875</ele>
        <time>2000-01-01T00:00:00Z</time>
      </trkpt>
      <trkpt lat="59.97403" lon="9.35871">
        <ele>569.6083374023438</ele>
        <time>2000-01-01T00:00:00Z</time>
      </trkpt>
      <trkpt lat="59.97376" lon="9.35988">
        <ele>571.7570190429688</ele>
        <time>2000-01-01T00:00:00Z</time>
      </trkpt>
      <trkpt lat="59.97372858876949" lon="9.360260365170932">
        <ele>572.4000244140625</ele>
        <time>2000-01-01T00:00:00Z</time>
      </trkpt>
      <trkpt lat="59.97367" lon="9.36097">
        <ele>574.4834594726562</ele>
        <time>2000-01-01T00:00:00Z</time>
      </trkpt>
      <trkpt lat="59.97366" lon="9.36153">
        <ele>576.1069946289062</ele>
        <time>2000-01-01T00:00:00Z</time>
      </trkpt>
      <trkpt lat="59.97368" lon="9.36193">
        <ele>577.2714233398438</ele>
        <time>2000-01-01T00:00:00Z</time>
      </trkpt>
      <trkpt lat="59.973727131474206" lon="9.362519249194138">
        <ele>579.0</ele>
        <time>2000-01-01T00:00:00Z</time>
      </trkpt>
      <trkpt lat="59.9738" lon="9.36343">
        <ele>583.4127807617188</ele>
        <time>2000-01-01T00:00:00Z</time>
      </trkpt>
      <trkpt lat="59.97383" lon="9.36363">
        <ele>584.411376953125</ele>
        <time>2000-01-01T00:00:00Z</time>
      </trkpt>
      <trkpt lat="59.97410825934944" lon="9.364633423871425">
        <ele>589.9000244140625</ele>
        <time>2000-01-01T00:00:00Z</time>
      </trkpt>
      <trkpt lat="59.97416" lon="9.36482">
        <ele>590.6678466796875</ele>
        <time>2000-01-01T00:00:00Z</time>
      </trkpt>
      <trkpt lat="59.97424" lon="9.365">
        <ele>591.534423828125</ele>
        <time>2000-01-01T00:00:00Z</time>
      </trkpt>
      <trkpt lat="59.97456" lon="9.36562">
        <ele>594.73974609375</ele>
        <time>2000-01-01T00:00:00Z</time>
      </trkpt>
      <trkpt lat="59.97475" lon="9.36581">
        <ele>596.2681274414062</ele>
        <time>2000-01-01T00:00:00Z</time>
      </trkpt>
      <trkpt lat="59.97491" lon="9.36603">
        <ele>597.6649780273438</ele>
        <time>2000-01-01T00:00:00Z</time>
      </trkpt>
      <trkpt lat="59.97495837046557" lon="9.366102555788736">
        <ele>598.0999755859375</ele>
        <time>2000-01-01T00:00:00Z</time>
      </trkpt>
      <trkpt lat="59.97499" lon="9.36615">
        <ele>598.4780883789062</ele>
        <time>2000-01-01T00:00:00Z</time>
      </trkpt>
      <trkpt lat="59.97511" lon="9.36642">
        <ele>600.2055053710938</ele>
        <time>2000-01-01T00:00:00Z</time>
      </trkpt>
      <trkpt lat="59.97519" lon="9.36676">
        <ele>602.003173828125</ele>
        <time>2000-01-01T00:00:00Z</time>
      </trkpt>
      <trkpt lat="59.97521" lon="9.36714">
        <ele>603.8306274414062</ele>
        <time>2000-01-01T00:00:00Z</time>
      </trkpt>
      <trkpt lat="59.97516" lon="9.36777">
        <ele>606.882080078125</ele>
        <time>2000-01-01T00:00:00Z</time>
      </trkpt>
      <trkpt lat="59.975159999927044" lon="9.36821269337746">
        <ele>609.0</ele>
        <time>2000-01-01T00:00:00Z</time>
      </trkpt>
      <trkpt lat="59.97516" lon="9.36825">
        <ele>609.0885009765625</ele>
        <time>2000-01-01T00:00:00Z</time>
      </trkpt>
      <trkpt lat="59.97519" lon="9.36888">
        <ele>610.5884399414062</ele>
        <time>2000-01-01T00:00:00Z</time>
      </trkpt>
      <trkpt lat="59.97525" lon="9.36945">
        <ele>611.9689331054688</ele>
        <time>2000-01-01T00:00:00Z</time>
      </trkpt>
      <trkpt lat="59.97526" lon="9.36961">
        <ele>612.3510131835938</ele>
        <time>2000-01-01T00:00:00Z</time>
      </trkpt>
      <trkpt lat="59.97521" lon="9.37027">
        <ele>613.9329833984375</ele>
        <time>2000-01-01T00:00:00Z</time>
      </trkpt>
      <trkpt lat="59.975205720324816" lon="9.370466831915088">
        <ele>614.4000244140625</ele>
        <time>2000-01-01T00:00:00Z</time>
      </trkpt>
      <trkpt lat="59.9752" lon="9.37073">
        <ele>615.0938110351562</ele>
        <time>2000-01-01T00:00:00Z</time>
      </trkpt>
      <trkpt lat="59.97525" lon="9.37107">
        <ele>616.0269165039062</ele>
        <time>2000-01-01T00:00:00Z</time>
      </trkpt>
      <trkpt lat="59.9753" lon="9.37127">
        <ele>616.6155395507812</ele>
        <time>2000-01-01T00:00:00Z</time>
      </trkpt>
      <trkpt lat="59.9754" lon="9.37153">
        <ele>617.479248046875</ele>
        <time>2000-01-01T00:00:00Z</time>
      </trkpt>
      <trkpt lat="59.97559" lon="9.37179">
        <ele>618.6912841796875</ele>
        <time>2000-01-01T00:00:00Z</time>
      </trkpt>
      <trkpt lat="59.97585" lon="9.37208">
        <ele>620.258056640625</ele>
        <time>2000-01-01T00:00:00Z</time>
      </trkpt>
      <trkpt lat="59.97587155242638" lon="9.372112328897572">
        <ele>620.4000244140625</ele>
        <time>2000-01-01T00:00:00Z</time>
      </trkpt>
      <trkpt lat="59.97593" lon="9.3722">
        <ele>620.5474243164062</ele>
        <time>2000-01-01T00:00:00Z</time>
      </trkpt>
      <trkpt lat="59.97633" lon="9.37299">
        <ele>621.6819458007812</ele>
        <time>2000-01-01T00:00:00Z</time>
      </trkpt>
      <trkpt lat="59.97643" lon="9.37328">
        <ele>622.0374755859375</ele>
        <time>2000-01-01T00:00:00Z</time>
      </trkpt>
      <trkpt lat="59.97646" lon="9.37365">
        <ele>622.4158325195312</ele>
        <time>2000-01-01T00:00:00Z</time>
      </trkpt>
      <trkpt lat="59.976521413027434" lon="9.373903329267426">
        <ele>622.7000122070312</ele>
        <time>2000-01-01T00:00:00Z</time>
      </trkpt>
      <trkpt lat="59.97654" lon="9.37398">
        <ele>622.7598266601562</ele>
        <time>2000-01-01T00:00:00Z</time>
      </trkpt>
      <trkpt lat="59.97667" lon="9.37431">
        <ele>623.0547485351562</ele>
        <time>2000-01-01T00:00:00Z</time>
      </trkpt>
      <trkpt lat="59.97696" lon="9.37498">
        <ele>623.6768798828125</ele>
        <time>2000-01-01T00:00:00Z</time>
      </trkpt>
      <trkpt lat="59.97705" lon="9.37511">
        <ele>623.8327026367188</ele>
        <time>2000-01-01T00:00:00Z</time>
      </trkpt>
      <trkpt lat="59.97714" lon="9.37516">
        <ele>623.9638061523438</ele>
        <time>2000-01-01T00:00:00Z</time>
      </trkpt>
      <trkpt lat="59.97723" lon="9.37519">
        <ele>624.091796875</ele>
        <time>2000-01-01T00:00:00Z</time>
      </trkpt>
      <trkpt lat="59.97738" lon="9.37518">
        <ele>624.3072509765625</ele>
        <time>2000-01-01T00:00:00Z</time>
      </trkpt>
      <trkpt lat="59.97745" lon="9.37515">
        <ele>624.6025390625</ele>
        <time>2000-01-01T00:00:00Z</time>
      </trkpt>
      <trkpt lat="59.9776" lon="9.37515">
        <ele>625.2207641601562</ele>
        <time>2000-01-01T00:00:00Z</time>
      </trkpt>
      <trkpt lat="59.97779" lon="9.37518">
        <ele>626.0065307617188</ele>
        <time>2000-01-01T00:00:00Z</time>
      </trkpt>
      <trkpt lat="59.97786" lon="9.37521">
        <ele>626.301513671875</ele>
        <time>2000-01-01T00:00:00Z</time>
      </trkpt>
      <trkpt lat="59.97815" lon="9.37544">
        <ele>627.587890625</ele>
        <time>2000-01-01T00:00:00Z</time>
      </trkpt>
      <trkpt lat="59.97842968889751" lon="9.37583542227203">
        <ele>629.0</ele>
        <time>2000-01-01T00:00:00Z</time>
      </trkpt>
      <trkpt lat="59.97844" lon="9.37585">
        <ele>629.05322265625</ele>
        <time>2000-01-01T00:00:00Z</time>
      </trkpt>
      <trkpt lat="59.97861" lon="9.37603">
        <ele>629.8631591796875</ele>
        <time>2000-01-01T00:00:00Z</time>
      </trkpt>
      <trkpt lat="59.97875" lon="9.37611">
        <ele>630.476318359375</ele>
        <time>2000-01-01T00:00:00Z</time>
      </trkpt>
      <trkpt lat="59.97895" lon="9.37618">
        <ele>631.3311767578125</ele>
        <time>2000-01-01T00:00:00Z</time>
      </trkpt>
      <trkpt lat="59.97908" lon="9.37626">
        <ele>631.9036865234375</ele>
        <time>2000-01-01T00:00:00Z</time>
      </trkpt>
      <trkpt lat="59.9793" lon="9.37646">
        <ele>632.92138671875</ele>
        <time>2000-01-01T00:00:00Z</time>
      </trkpt>
      <trkpt lat="59.97934" lon="9.37653">
        <ele>633.1450805664062</ele>
        <time>2000-01-01T00:00:00Z</time>
      </trkpt>
      <trkpt lat="59.97941" lon="9.37674">
        <ele>633.6766967773438</ele>
        <time>2000-01-01T00:00:00Z</time>
      </trkpt>
      <trkpt lat="59.97941612941105" lon="9.376797211949263">
        <ele>633.7999877929688</ele>
        <time>2000-01-01T00:00:00Z</time>
      </trkpt>
      <trkpt lat="59.97944" lon="9.37702">
        <ele>634.7396240234375</ele>
        <time>2000-01-01T00:00:00Z</time>
      </trkpt>
      <trkpt lat="59.97945" lon="9.37791">
        <ele>638.4122924804688</ele>
        <time>2000-01-01T00:00:00Z</time>
      </trkpt>
      <trkpt lat="59.97947" lon="9.37809">
        <ele>639.172607421875</ele>
        <time>2000-01-01T00:00:00Z</time>
      </trkpt>
      <trkpt lat="59.97955" lon="9.37833">
        <ele>640.3626708984375</ele>
        <time>2000-01-01T00:00:00Z</time>
      </trkpt>
      <trkpt lat="59.97979" lon="9.3788">
        <ele>643.1327514648438</ele>
        <time>2000-01-01T00:00:00Z</time>
      </trkpt>
      <trkpt lat="59.97984" lon="9.37899">
        <ele>644.3582153320312</ele>
        <time>2000-01-01T00:00:00Z</time>
      </trkpt>
      <trkpt lat="59.97987" lon="9.37933">
        <ele>646.3726196289062</ele>
        <time>2000-01-01T00:00:00Z</time>
      </trkpt>
      <trkpt lat="59.97991" lon="9.37949">
        <ele>647.4166259765625</ele>
        <time>2000-01-01T00:00:00Z</time>
      </trkpt>
      <trkpt lat="59.97997" lon="9.37965">
        <ele>648.5843505859375</ele>
        <time>2000-01-01T00:00:00Z</time>
      </trkpt>
      <trkpt lat="59.98003" lon="9.37974">
        <ele>649.4588012695312</ele>
        <time>2000-01-01T00:00:00Z</time>
      </trkpt>
      <trkpt lat="59.98023" lon="9.37996">
        <ele>652.1224365234375</ele>
        <time>2000-01-01T00:00:00Z</time>
      </trkpt>
      <trkpt lat="59.98034" lon="9.38011">
        <ele>653.6754150390625</ele>
        <time>2000-01-01T00:00:00Z</time>
      </trkpt>
      <trkpt lat="59.98042" lon="9.38025">
        <ele>654.9160766601562</ele>
        <time>2000-01-01T00:00:00Z</time>
      </trkpt>
      <trkpt lat="59.98049836204834" lon="9.38047158834528">
        <ele>656.5</ele>
        <time>2000-01-01T00:00:00Z</time>
      </trkpt>
      <trkpt lat="59.98071" lon="9.38107">
        <ele>658.1078491210938</ele>
        <time>2000-01-01T00:00:00Z</time>
      </trkpt>
      <trkpt lat="59.9809" lon="9.38181">
        <ele>659.9329833984375</ele>
        <time>2000-01-01T00:00:00Z</time>
      </trkpt>
      <trkpt lat="59.98095" lon="9.38194">
        <ele>660.2926635742188</ele>
        <time>2000-01-01T00:00:00Z</time>
      </trkpt>
      <trkpt lat="59.98114228345669" lon="9.382333723418805">
        <ele>661.5</ele>
        <time>2000-01-01T00:00:00Z</time>
      </trkpt>
      <trkpt lat="59.98116" lon="9.38237">
        <ele>661.5244750976562</ele>
        <time>2000-01-01T00:00:00Z</time>
      </trkpt>
      <trkpt lat="59.9814" lon="9.38274">
        <ele>661.8168334960938</ele>
        <time>2000-01-01T00:00:00Z</time>
      </trkpt>
      <trkpt lat="59.98183" lon="9.38332">
        <ele>662.3173217773438</ele>
        <time>2000-01-01T00:00:00Z</time>
      </trkpt>
      <trkpt lat="59.98206055664239" lon="9.383681206007553">
        <ele>662.5999755859375</ele>
        <time>2000-01-01T00:00:00Z</time>
      </trkpt>
      <trkpt lat="59.98213" lon="9.38379">
        <ele>662.5071411132812</ele>
        <time>2000-01-01T00:00:00Z</time>
      </trkpt>
      <trkpt lat="59.98232" lon="9.38404">
        <ele>662.2677001953125</ele>
        <time>2000-01-01T00:00:00Z</time>
      </trkpt>
      <trkpt lat="59.98239" lon="9.38411">
        <ele>662.185302734375</ele>
        <time>2000-01-01T00:00:00Z</time>
      </trkpt>
      <trkpt lat="59.98247" lon="9.38415">
        <ele>662.0985107421875</ele>
        <time>2000-01-01T00:00:00Z</time>
      </trkpt>
      <trkpt lat="59.98276" lon="9.38418">
        <ele>661.7929077148438</ele>
        <time>2000-01-01T00:00:00Z</time>
      </trkpt>
      <trkpt lat="59.98311" lon="9.38434">
        <ele>661.4149780273438</ele>
        <time>2000-01-01T00:00:00Z</time>
      </trkpt>
      <trkpt lat="59.98312411458169" lon="9.38434313661289">
        <ele>661.4000244140625</ele>
        <time>2000-01-01T00:00:00Z</time>
      </trkpt>
      <trkpt lat="59.9832" lon="9.38436">
        <ele>661.16552734375</ele>
        <time>2000-01-01T00:00:00Z</time>
      </trkpt>
      <trkpt lat="59.98338" lon="9.38436">
        <ele>660.6130981445312</ele>
        <time>2000-01-01T00:00:00Z</time>
      </trkpt>
      <trkpt lat="59.98354" lon="9.38433">
        <ele>660.1197509765625</ele>
        <time>2000-01-01T00:00:00Z</time>
      </trkpt>
      <trkpt lat="59.98373" lon="9.38435">
        <ele>659.5355834960938</ele>
        <time>2000-01-01T00:00:00Z</time>
      </trkpt>
      <trkpt lat="59.98387" lon="9.3845">
        <ele>659.0478515625</ele>
        <time>2000-01-01T00:00:00Z</time>
      </trkpt>
      <trkpt lat="59.98396" lon="9.38466">
        <ele>658.6781616210938</ele>
        <time>2000-01-01T00:00:00Z</time>
      </trkpt>
      <trkpt lat="59.98403" lon="9.38488">
        <ele>658.2776489257812</ele>
        <time>2000-01-01T00:00:00Z</time>
      </trkpt>
      <trkpt lat="59.98406633070292" lon="9.385114971703764">
        <ele>657.9000244140625</ele>
        <time>2000-01-01T00:00:00Z</time>
      </trkpt>
      <trkpt lat="59.98418" lon="9.38585">
        <ele>653.8150024414062</ele>
        <time>2000-01-01T00:00:00Z</time>
      </trkpt>
      <trkpt lat="59.98424" lon="9.38608">
        <ele>652.4381713867188</ele>
        <time>2000-01-01T00:00:00Z</time>
      </trkpt>
      <trkpt lat="59.9843" lon="9.38625">
        <ele>651.333251953125</ele>
        <time>2000-01-01T00:00:00Z</time>
      </trkpt>
      <trkpt lat="59.98438" lon="9.38638">
        <ele>650.2391357421875</ele>
        <time>2000-01-01T00:00:00Z</time>
      </trkpt>
      <trkpt lat="59.984735857298055" lon="9.386819396481297">
        <ele>645.7999877929688</ele>
        <time>2000-01-01T00:00:00Z</time>
      </trkpt>
      <trkpt lat="59.98536" lon="9.38759">
        <ele>638.0791625976562</ele>
        <time>2000-01-01T00:00:00Z</time>
      </trkpt>
      <trkpt lat="59.98565" lon="9.38805">
        <ele>634.1826171875</ele>
        <time>2000-01-01T00:00:00Z</time>
      </trkpt>
      <trkpt lat="59.98567951235436" lon="9.388092408469761">
        <ele>633.7999877929688</ele>
        <time>2000-01-01T00:00:00Z</time>
      </trkpt>
      <trkpt lat="59.9862" lon="9.38884">
        <ele>631.157958984375</ele>
        <time>2000-01-01T00:00:00Z</time>
      </trkpt>
      <trkpt lat="59.98644" lon="9.38927">
        <ele>629.8292236328125</ele>
        <time>2000-01-01T00:00:00Z</time>
      </trkpt>
      <trkpt lat="59.98658194458439" lon="9.389481002735627">
        <ele>629.0999755859375</ele>
        <time>2000-01-01T00:00:00Z</time>
      </trkpt>
      <trkpt lat="59.98681" lon="9.38982">
        <ele>627.3301391601562</ele>
        <time>2000-01-01T00:00:00Z</time>
      </trkpt>
      <trkpt lat="59.98712" lon="9.39021">
        <ele>625.0491333007812</ele>
        <time>2000-01-01T00:00:00Z</time>
      </trkpt>
      <trkpt lat="59.987551041759836" lon="9.390674201276486">
        <ele>622.0</ele>
        <time>2000-01-01T00:00:00Z</time>
      </trkpt>
      <trkpt lat="59.98777" lon="9.39091">
        <ele>618.2913818359375</ele>
        <time>2000-01-01T00:00:00Z</time>
      </trkpt>
      <trkpt lat="59.98783" lon="9.39095">
        <ele>617.3479614257812</ele>
        <time>2000-01-01T00:00:00Z</time>
      </trkpt>
      <trkpt lat="59.98815" lon="9.39101">
        <ele>612.5560913085938</ele>
        <time>2000-01-01T00:00:00Z</time>
      </trkpt>
      <trkpt lat="59.9886" lon="9.39103">
        <ele>605.8440551757812</ele>
        <time>2000-01-01T00:00:00Z</time>
      </trkpt>
      <trkpt lat="59.98865644889856" lon="9.391021935769242">
        <ele>605.0</ele>
        <time>2000-01-01T00:00:00Z</time>
      </trkpt>
      <trkpt lat="59.98881" lon="9.391">
        <ele>603.5014038085938</ele>
        <time>2000-01-01T00:00:00Z</time>
      </trkpt>
      <trkpt lat="59.9896" lon="9.39099">
        <ele>595.8094482421875</ele>
        <time>2000-01-01T00:00:00Z</time>
      </trkpt>
      <trkpt lat="59.98968" lon="9.39102">
        <ele>595.016845703125</ele>
        <time>2000-01-01T00:00:00Z</time>
      </trkpt>
      <trkpt lat="59.98978881626594" lon="9.391092544418806">
        <ele>593.9000244140625</ele>
        <time>2000-01-01T00:00:00Z</time>
      </trkpt>
      <trkpt lat="59.98989" lon="9.39116">
        <ele>593.2169189453125</ele>
        <time>2000-01-01T00:00:00Z</time>
      </trkpt>
      <trkpt lat="59.99021" lon="9.39151">
        <ele>590.8817749023438</ele>
        <time>2000-01-01T00:00:00Z</time>
      </trkpt>
      <trkpt lat="59.99054" lon="9.39192">
        <ele>588.3938598632812</ele>
        <time>2000-01-01T00:00:00Z</time>
      </trkpt>
      <trkpt lat="59.990793038422005" lon="9.392160598691957">
        <ele>586.5999755859375</ele>
        <time>2000-01-01T00:00:00Z</time>
      </trkpt>
      <trkpt lat="59.99115" lon="9.3925">
        <ele>583.826171875</ele>
        <time>2000-01-01T00:00:00Z</time>
      </trkpt>
      <trkpt lat="59.99156" lon="9.39293">
        <ele>580.5774536132812</ele>
        <time>2000-01-01T00:00:00Z</time>
      </trkpt>
      <trkpt lat="59.99179" lon="9.39312">
        <ele>578.8312377929688</ele>
        <time>2000-01-01T00:00:00Z</time>
      </trkpt>
      <trkpt lat="59.99182145678652" lon="9.39313966139929">
        <ele>578.5999755859375</ele>
        <time>2000-01-01T00:00:00Z</time>
      </trkpt>
      <trkpt lat="59.99203" lon="9.39327">
        <ele>576.6069946289062</ele>
        <time>2000-01-01T00:00:00Z</time>
      </trkpt>
      <trkpt lat="59.99244" lon="9.39364">
        <ele>572.5032958984375</ele>
        <time>2000-01-01T00:00:00Z</time>
      </trkpt>
      <trkpt lat="59.99263" lon="9.39387">
        <ele>570.4774780273438</ele>
        <time>2000-01-01T00:00:00Z</time>
      </trkpt>
      <trkpt lat="59.992829693232636" lon="9.394169541600926">
        <ele>568.2000122070312</ele>
        <time>2000-01-01T00:00:00Z</time>
      </trkpt>
      <trkpt lat="59.99297" lon="9.39438">
        <ele>567.3538818359375</ele>
        <time>2000-01-01T00:00:00Z</time>
      </trkpt>
      <trkpt lat="59.99312" lon="9.3947">
        <ele>566.295654296875</ele>
        <time>2000-01-01T00:00:00Z</time>
      </trkpt>
      <trkpt lat="59.99327" lon="9.39505">
        <ele>565.1836547851562</ele>
        <time>2000-01-01T00:00:00Z</time>
      </trkpt>
      <trkpt lat="59.99349" lon="9.39596">
        <ele>562.7449340820312</ele>
        <time>2000-01-01T00:00:00Z</time>
      </trkpt>
      <trkpt lat="59.993493222972866" lon="9.395977502391856">
        <ele>562.7000122070312</ele>
        <time>2000-01-01T00:00:00Z</time>
      </trkpt>
      <trkpt lat="59.99356" lon="9.39634">
        <ele>561.53076171875</ele>
        <time>2000-01-01T00:00:00Z</time>
      </trkpt>
      <trkpt lat="59.99364" lon="9.39649">
        <ele>560.866943359375</ele>
        <time>2000-01-01T00:00:00Z</time>
      </trkpt>
      <trkpt lat="59.99374" lon="9.39652">
        <ele>560.2549438476562</ele>
        <time>2000-01-01T00:00:00Z</time>
      </trkpt>
      <trkpt lat="59.99381" lon="9.39652">
        <ele>559.8313598632812</ele>
        <time>2000-01-01T00:00:00Z</time>
      </trkpt>
      <trkpt lat="59.99397" lon="9.39641">
        <ele>558.8072509765625</ele>
        <time>2000-01-01T00:00:00Z</time>
      </trkpt>
      <trkpt lat="59.99444523936051" lon="9.396119916959345">
        <ele>555.7999877929688</ele>
        <time>2000-01-01T00:00:00Z</time>
      </trkpt>
      <trkpt lat="59.99474" lon="9.39594">
        <ele>552.394287109375</ele>
        <time>2000-01-01T00:00:00Z</time>
      </trkpt>
      <trkpt lat="59.99486" lon="9.39588">
        <ele>551.0267333984375</ele>
        <time>2000-01-01T00:00:00Z</time>
      </trkpt>
      <trkpt lat="59.99498" lon="9.39585">
        <ele>549.6907348632812</ele>
        <time>2000-01-01T00:00:00Z</time>
      </trkpt>
      <trkpt lat="59.99522" lon="9.39587">
        <ele>547.0360107421875</ele>
        <time>2000-01-01T00:00:00Z</time>
      </trkpt>
      <trkpt lat="59.99551" lon="9.39595">
        <ele>543.80078125</ele>
        <time>2000-01-01T00:00:00Z</time>
      </trkpt>
      <trkpt lat="59.9955642849506" lon="9.395955615858787">
        <ele>543.2000122070312</ele>
        <time>2000-01-01T00:00:00Z</time>
      </trkpt>
      <trkpt lat="59.9958" lon="9.39598">
        <ele>542.5996704101562</ele>
        <time>2000-01-01T00:00:00Z</time>
      </trkpt>
      <trkpt lat="59.99593" lon="9.39601">
        <ele>542.2667846679688</ele>
        <time>2000-01-01T00:00:00Z</time>
      </trkpt>
      <trkpt lat="59.99619" lon="9.39612">
        <ele>541.5906982421875</ele>
        <time>2000-01-01T00:00:00Z</time>
      </trkpt>
      <trkpt lat="59.99657" lon="9.39634">
        <ele>540.5843505859375</ele>
        <time>2000-01-01T00:00:00Z</time>
      </trkpt>
      <trkpt lat="59.99667565452531" lon="9.396413149518589">
        <ele>540.2999877929688</ele>
        <time>2000-01-01T00:00:00Z</time>
      </trkpt>
      <trkpt lat="59.99709" lon="9.3967">
        <ele>540.4922485351562</ele>
        <time>2000-01-01T00:00:00Z</time>
      </trkpt>
      <trkpt lat="59.99767" lon="9.39696">
        <ele>540.7529907226562</ele>
        <time>2000-01-01T00:00:00Z</time>
      </trkpt>
      <trkpt lat="59.99777231534259" lon="9.397023948092334">
        <ele>540.7999877929688</ele>
        <time>2000-01-01T00:00:00Z</time>
      </trkpt>
      <trkpt lat="59.99799" lon="9.39716">
        <ele>541.7201538085938</ele>
        <time>2000-01-01T00:00:00Z</time>
      </trkpt>
      <trkpt lat="59.99841" lon="9.39751">
        <ele>543.5560913085938</ele>
        <time>2000-01-01T00:00:00Z</time>
      </trkpt>
      <trkpt lat="59.99862" lon="9.39778">
        <ele>544.5634765625</ele>
        <time>2000-01-01T00:00:00Z</time>
      </trkpt>
      <trkpt lat="59.998788713209976" lon="9.398021019885912">
        <ele>545.4000244140625</ele>
        <time>2000-01-01T00:00:00Z</time>
      </trkpt>
      <trkpt lat="59.9989" lon="9.39818">
        <ele>545.6519775390625</ele>
        <time>2000-01-01T00:00:00Z</time>
      </trkpt>
      <trkpt lat="59.99954" lon="9.39921">
        <ele>547.1649169921875</ele>
        <time>2000-01-01T00:00:00Z</time>
      </trkpt>
      <trkpt lat="59.99968768904454" lon="9.39942230303192">
        <ele>547.5</ele>
        <time>2000-01-01T00:00:00Z</time>
      </trkpt>
      <trkpt lat="59.9997" lon="9.39944">
        <ele>547.473388671875</ele>
        <time>2000-01-01T00:00:00Z</time>
      </trkpt>
      <trkpt lat="60.0" lon="9.40007">
        <ele>546.710205078125</ele>
        <time>2000-01-01T00:00:00Z</time>
      </trkpt>
      <trkpt lat="60.00011" lon="9.40034">
        <ele>546.40478515625</ele>
        <time>2000-01-01T00:00:00Z</time>
      </trkpt>
      <trkpt lat="60.00032" lon="9.40159">
        <ele>545.2481079101562</ele>
        <time>2000-01-01T00:00:00Z</time>
      </trkpt>
      <trkpt lat="60.00042" lon="9.40195">
        <ele>544.8869018554688</ele>
        <time>2000-01-01T00:00:00Z</time>
      </trkpt>
      <trkpt lat="60.00058" lon="9.40227">
        <ele>544.4899291992188</ele>
        <time>2000-01-01T00:00:00Z</time>
      </trkpt>
      <trkpt lat="60.00077" lon="9.40248">
        <ele>544.1091918945312</ele>
        <time>2000-01-01T00:00:00Z</time>
      </trkpt>
      <trkpt lat="60.00096" lon="9.40267">
        <ele>543.7365112304688</ele>
        <time>2000-01-01T00:00:00Z</time>
      </trkpt>
      <trkpt lat="60.001072872764695" lon="9.40281736533702">
        <ele>543.5</ele>
        <time>2000-01-01T00:00:00Z</time>
      </trkpt>
      <trkpt lat="60.00132" lon="9.40314">
        <ele>541.9985961914062</ele>
        <time>2000-01-01T00:00:00Z</time>
      </trkpt>
      <trkpt lat="60.00174" lon="9.40348">
        <ele>539.693359375</ele>
        <time>2000-01-01T00:00:00Z</time>
      </trkpt>
      <trkpt lat="60.00187" lon="9.40352">
        <ele>539.0244140625</ele>
        <time>2000-01-01T00:00:00Z</time>
      </trkpt>
      <trkpt lat="60.00197" lon="9.40348">
        <ele>538.5054931640625</ele>
        <time>2000-01-01T00:00:00Z</time>
      </trkpt>
      <trkpt lat="60.00211439217763" lon="9.40335004691684">
        <ele>537.7000122070312</ele>
        <time>2000-01-01T00:00:00Z</time>
      </trkpt>
      <trkpt lat="60.00217" lon="9.4033">
        <ele>537.0103149414062</ele>
        <time>2000-01-01T00:00:00Z</time>
      </trkpt>
      <trkpt lat="60.00267" lon="9.40274">
        <ele>530.5260620117188</ele>
        <time>2000-01-01T00:00:00Z</time>
      </trkpt>
      <trkpt lat="60.00309" lon="9.40263">
        <ele>525.732666015625</ele>
        <time>2000-01-01T00:00:00Z</time>
      </trkpt>
      <trkpt lat="60.003167641864444" lon="9.402574541084679">
        <ele>524.7999877929688</ele>
        <time>2000-01-01T00:00:00Z</time>
      </trkpt>
      <trkpt lat="60.0033" lon="9.40248">
        <ele>524.048095703125</ele>
        <time>2000-01-01T00:00:00Z</time>
      </trkpt>
      <trkpt lat="60.00367" lon="9.40204">
        <ele>521.7449340820312</ele>
        <time>2000-01-01T00:00:00Z</time>
      </trkpt>
      <trkpt lat="60.00386" lon="9.40182">
        <ele>520.570556640625</ele>
        <time>2000-01-01T00:00:00Z</time>
      </trkpt>
      <trkpt lat="60.00406" lon="9.40164">
        <ele>519.39697265625</ele>
        <time>2000-01-01T00:00:00Z</time>
      </trkpt>
      <trkpt lat="60.00417145687071" lon="9.401505078157777">
        <ele>518.7000122070312</ele>
        <time>2000-01-01T00:00:00Z</time>
      </trkpt>
      <trkpt lat="60.00425" lon="9.40141">
        <ele>517.6531372070312</ele>
        <time>2000-01-01T00:00:00Z</time>
      </trkpt>
      <trkpt lat="60.00449" lon="9.40089">
        <ele>513.618408203125</ele>
        <time>2000-01-01T00:00:00Z</time>
      </trkpt>
      <trkpt lat="60.00466" lon="9.40062">
        <ele>511.1434631347656</ele>
        <time>2000-01-01T00:00:00Z</time>
      </trkpt>
      <trkpt lat="60.00485" lon="9.4004">
        <ele>508.6398620605469</ele>
        <time>2000-01-01T00:00:00Z</time>
      </trkpt>
      <trkpt lat="60.00508919577505" lon="9.400207475665859">
        <ele>505.70001220703125</ele>
        <time>2000-01-01T00:00:00Z</time>
      </trkpt>
      <trkpt lat="60.00526" lon="9.40007">
        <ele>504.3113708496094</ele>
        <time>2000-01-01T00:00:00Z</time>
      </trkpt>
      <trkpt lat="60.00545" lon="9.39989">
        <ele>502.725341796875</ele>
        <time>2000-01-01T00:00:00Z</time>
      </trkpt>
      <trkpt lat="60.00565" lon="9.39968">
        <ele>501.0214538574219</ele>
        <time>2000-01-01T00:00:00Z</time>
      </trkpt>
      <trkpt lat="60.00583" lon="9.39944">
        <ele>499.3893127441406</ele>
        <time>2000-01-01T00:00:00Z</time>
      </trkpt>
      <trkpt lat="60.00602" lon="9.39928">
        <ele>497.8345642089844</ele>
        <time>2000-01-01T00:00:00Z</time>
      </trkpt>
      <trkpt lat="60.006114944394206" lon="9.399236843226934">
        <ele>497.1000061035156</ele>
        <time>2000-01-01T00:00:00Z</time>
      </trkpt>
      <trkpt lat="60.00624" lon="9.39918">
        <ele>496.5038757324219</ele>
        <time>2000-01-01T00:00:00Z</time>
      </trkpt>
      <trkpt lat="60.00645" lon="9.39937">
        <ele>495.43231201171875</ele>
        <time>2000-01-01T00:00:00Z</time>
      </trkpt>
      <trkpt lat="60.00665" lon="9.39947">
        <ele>494.4738464355469</ele>
        <time>2000-01-01T00:00:00Z</time>
      </trkpt>
      <trkpt lat="60.00682" lon="9.39975">
        <ele>493.4502868652344</ele>
        <time>2000-01-01T00:00:00Z</time>
      </trkpt>
      <trkpt lat="60.00696" lon="9.39994">
        <ele>492.6636962890625</ele>
        <time>2000-01-01T00:00:00Z</time>
      </trkpt>
      <trkpt lat="60.00714" lon="9.40001">
        <ele>491.8113708496094</ele>
        <time>2000-01-01T00:00:00Z</time>
      </trkpt>
      <trkpt lat="60.00736" lon="9.39997">
        <ele>491.5508728027344</ele>
        <time>2000-01-01T00:00:00Z</time>
      </trkpt>
      <trkpt lat="60.00758" lon="9.40001">
        <ele>491.2989807128906</ele>
        <time>2000-01-01T00:00:00Z</time>
      </trkpt>
      <trkpt lat="60.00774" lon="9.40011">
        <ele>491.10784912109375</ele>
        <time>2000-01-01T00:00:00Z</time>
      </trkpt>
      <trkpt lat="60.00793" lon="9.40033">
        <ele>490.8575744628906</ele>
        <time>2000-01-01T00:00:00Z</time>
      </trkpt>
      <trkpt lat="60.00816" lon="9.40073">
        <ele>490.51007080078125</ele>
        <time>2000-01-01T00:00:00Z</time>
      </trkpt>
      <trkpt lat="60.00819" lon="9.40075">
        <ele>490.5060119628906</ele>
        <time>2000-01-01T00:00:00Z</time>
      </trkpt>
      <trkpt lat="60.0082" lon="9.40088">
        <ele>490.5232849121094</ele>
        <time>2000-01-01T00:00:00Z</time>
      </trkpt>
      <trkpt lat="60.00814" lon="9.4012">
        <ele>490.5682373046875</ele>
        <time>2000-01-01T00:00:00Z</time>
      </trkpt>
      <trkpt lat="60.008" lon="9.40152">
        <ele>490.6241760253906</ele>
        <time>2000-01-01T00:00:00Z</time>
      </trkpt>
      <trkpt lat="60.00784" lon="9.4018">
        <ele>490.6801452636719</ele>
        <time>2000-01-01T00:00:00Z</time>
      </trkpt>
      <trkpt lat="60.00766" lon="9.40207">
        <ele>490.7393493652344</ele>
        <time>2000-01-01T00:00:00Z</time>
      </trkpt>
      <trkpt lat="60.00747" lon="9.40229">
        <ele>490.7970886230469</ele>
        <time>2000-01-01T00:00:00Z</time>
      </trkpt>
      <trkpt lat="60.007460068450754" lon="9.40229943369381">
        <ele>490.79998779296875</ele>
        <time>2000-01-01T00:00:00Z</time>
      </trkpt>
      <trkpt lat="60.00727" lon="9.40248">
        <ele>490.523193359375</ele>
        <time>2000-01-01T00:00:00Z</time>
      </trkpt>
      <trkpt lat="60.00711" lon="9.40277">
        <ele>490.2390441894531</ele>
        <time>2000-01-01T00:00:00Z</time>
      </trkpt>
      <trkpt lat="60.00666" lon="9.40372">
        <ele>489.3782958984375</ele>
        <time>2000-01-01T00:00:00Z</time>
      </trkpt>
      <trkpt lat="60.00661624770769" lon="9.40380066013375">
        <ele>489.29998779296875</ele>
        <time>2000-01-01T00:00:00Z</time>
      </trkpt>
      <trkpt lat="60.00634" lon="9.40431">
        <ele>486.6305847167969</ele>
        <time>2000-01-01T00:00:00Z</time>
      </trkpt>
      <trkpt lat="60.00624" lon="9.4046">
        <ele>485.379638671875</ele>
        <time>2000-01-01T00:00:00Z</time>
      </trkpt>
      <trkpt lat="60.00613" lon="9.40541">
        <ele>482.3983154296875</ele>
        <time>2000-01-01T00:00:00Z</time>
      </trkpt>
      <trkpt lat="60.0060312438378" lon="9.40568347811702">
        <ele>481.20001220703125</ele>
        <time>2000-01-01T00:00:00Z</time>
      </trkpt>
      <trkpt lat="60.006" lon="9.40577">
        <ele>480.8958740234375</ele>
        <time>2000-01-01T00:00:00Z</time>
      </trkpt>
      <trkpt lat="60.00585" lon="9.4061">
        <ele>479.62469482421875</ele>
        <time>2000-01-01T00:00:00Z</time>
      </trkpt>
      <trkpt lat="60.00568" lon="9.40638">
        <ele>478.3690185546875</ele>
        <time>2000-01-01T00:00:00Z</time>
      </trkpt>
      <trkpt lat="60.00541" lon="9.40705">
        <ele>475.9161682128906</ele>
        <time>2000-01-01T00:00:00Z</time>
      </trkpt>
      <trkpt lat="60.005259159532514" lon="9.407351680883059">
        <ele>474.70001220703125</ele>
        <time>2000-01-01T00:00:00Z</time>
      </trkpt>
      <trkpt lat="60.00525" lon="9.40737">
        <ele>474.5406494140625</ele>
        <time>2000-01-01T00:00:00Z</time>
      </trkpt>
      <trkpt lat="60.00467" lon="9.40796">
        <ele>466.5509948730469</ele>
        <time>2000-01-01T00:00:00Z</time>
      </trkpt>
      <trkpt lat="60.00448" lon="9.40818">
        <ele>463.85498046875</ele>
        <time>2000-01-01T00:00:00Z</time>
      </trkpt>
      <trkpt lat="60.00426716647299" lon="9.408467950025008">
        <ele>460.70001220703125</ele>
        <time>2000-01-01T00:00:00Z</time>
      </trkpt>
      <trkpt lat="60.00414" lon="9.40864">
        <ele>460.1344909667969</ele>
        <time>2000-01-01T00:00:00Z</time>
      </trkpt>
      <trkpt lat="60.00388" lon="9.40933">
        <ele>458.5430603027344</ele>
        <time>2000-01-01T00:00:00Z</time>
      </trkpt>
      <trkpt lat="60.00377" lon="9.40972">
        <ele>457.7184143066406</ele>
        <time>2000-01-01T00:00:00Z</time>
      </trkpt>
      <trkpt lat="60.00357728780041" lon="9.410257553937209">
        <ele>456.5</ele>
        <time>2000-01-01T00:00:00Z</time>
      </trkpt>
      <trkpt lat="60.00339" lon="9.41078">
        <ele>454.1881408691406</ele>
        <time>2000-01-01T00:00:00Z</time>
      </trkpt>
      <trkpt lat="60.00321" lon="9.41159">
        <ele>451.00091552734375</ele>
        <time>2000-01-01T00:00:00Z</time>
      </trkpt>
      <trkpt lat="60.00315" lon="9.41199">
        <ele>449.4989318847656</ele>
        <time>2000-01-01T00:00:00Z</time>
      </trkpt>
      <trkpt lat="60.003131577894614" lon="9.412321403670953">
        <ele>448.29998779296875</ele>
        <time>2000-01-01T00:00:00Z</time>
      </trkpt>
      <trkpt lat="60.00307" lon="9.41343">
        <ele>447.5663146972656</ele>
        <time>2000-01-01T00:00:00Z</time>
      </trkpt>
      <trkpt lat="60.00307" lon="9.41362">
        <ele>447.4413146972656</ele>
        <time>2000-01-01T00:00:00Z</time>
      </trkpt>
      <trkpt lat="60.00311" lon="9.41406">
        <ele>447.1470642089844</ele>
        <time>2000-01-01T00:00:00Z</time>
      </trkpt>
      <trkpt lat="60.00319422289731" lon="9.414560088613912">
        <ele>446.79998779296875</ele>
        <time>2000-01-01T00:00:00Z</time>
      </trkpt>
      <trkpt lat="60.00327" lon="9.41501">
        <ele>446.8624572753906</ele>
        <time>2000-01-01T00:00:00Z</time>
      </trkpt>
      <trkpt lat="60.00329" lon="9.41523">
        <ele>446.8918762207031</ele>
        <time>2000-01-01T00:00:00Z</time>
      </trkpt>
      <trkpt lat="60.00326" lon="9.41553">
        <ele>446.93212890625</ele>
        <time>2000-01-01T00:00:00Z</time>
      </trkpt>
      <trkpt lat="60.00318" lon="9.41594">
        <ele>446.9900207519531</ele>
        <time>2000-01-01T00:00:00Z</time>
      </trkpt>
      <trkpt lat="60.00309" lon="9.41633">
        <ele>447.0465393066406</ele>
        <time>2000-01-01T00:00:00Z</time>
      </trkpt>
      <trkpt lat="60.00299017271621" lon="9.416683932880098">
        <ele>447.1000061035156</ele>
        <time>2000-01-01T00:00:00Z</time>
      </trkpt>
      <trkpt lat="60.00298" lon="9.41672">
        <ele>447.1018371582031</ele>
        <time>2000-01-01T00:00:00Z</time>
      </trkpt>
      <trkpt lat="60.00286" lon="9.41709">
        <ele>447.12115478515625</ele>
        <time>2000-01-01T00:00:00Z</time>
      </trkpt>
      <trkpt lat="60.00273" lon="9.41741">
        <ele>447.1392517089844</ele>
        <time>2000-01-01T00:00:00Z</time>
      </trkpt>
      <trkpt lat="60.00242" lon="9.41804">
        <ele>447.1780090332031</ele>
        <time>2000-01-01T00:00:00Z</time>
      </trkpt>
      <trkpt lat="60.00227" lon="9.41837">
        <ele>447.19757080078125</ele>
        <time>2000-01-01T00:00:00Z</time>
      </trkpt>
      <trkpt lat="60.00225942355837" lon="9.418421554901254">
        <ele>447.20001220703125</ele>
        <time>2000-01-01T00:00:00Z</time>
      </trkpt>
      <trkpt lat="60.00219" lon="9.41876">
        <ele>447.1518859863281</ele>
        <time>2000-01-01T00:00:00Z</time>
      </trkpt>
      <trkpt lat="60.00209" lon="9.4196">
        <ele>447.03826904296875</ele>
        <time>2000-01-01T00:00:00Z</time>
      </trkpt>
      <trkpt lat="60.00203" lon="9.41998">
        <ele>446.98583984375</ele>
        <time>2000-01-01T00:00:00Z</time>
      </trkpt>
      <trkpt lat="60.00189" lon="9.42023">
        <ele>446.93646240234375</ele>
        <time>2000-01-01T00:00:00Z</time>
      </trkpt>
      <trkpt lat="60.00175789901664" lon="9.420313432122342">
        <ele>446.8999938964844</ele>
        <time>2000-01-01T00:00:00Z</time>
      </trkpt>
      <trkpt lat="60.0017" lon="9.42035">
        <ele>446.6761779785156</ele>
        <time>2000-01-01T00:00:00Z</time>
      </trkpt>
      <trkpt lat="60.00148" lon="9.42043">
        <ele>445.8525695800781</ele>
        <time>2000-01-01T00:00:00Z</time>
      </trkpt>
      <trkpt lat="60.00127" lon="9.42056">
        <ele>445.0426940917969</ele>
        <time>2000-01-01T00:00:00Z</time>
      </trkpt>
      <trkpt lat="60.00107" lon="9.42076">
        <ele>444.2188415527344</ele>
        <time>2000-01-01T00:00:00Z</time>
      </trkpt>
      <trkpt lat="60.00087" lon="9.42092">
        <ele>443.4255065917969</ele>
        <time>2000-01-01T00:00:00Z</time>
      </trkpt>
      <trkpt lat="60.00069959979254" lon="9.421117305465819">
        <ele>442.70001220703125</ele>
        <time>2000-01-01T00:00:00Z</time>
      </trkpt>
      <trkpt lat="60.00068" lon="9.42114">
        <ele>442.6583251953125</ele>
        <time>2000-01-01T00:00:00Z</time>
      </trkpt>
      <trkpt lat="60.00051" lon="9.42139">
        <ele>442.2696838378906</ele>
        <time>2000-01-01T00:00:00Z</time>
      </trkpt>
      <trkpt lat="60.00034" lon="9.42167">
        <ele>441.8639831542969</ele>
        <time>2000-01-01T00:00:00Z</time>
      </trkpt>
      <trkpt lat="59.99984507692622" lon="9.422620562712357">
        <ele>440.6000061035156</ele>
        <time>2000-01-01T00:00:00Z</time>
      </trkpt>
      <trkpt lat="59.99971" lon="9.42288">
        <ele>440.2057800292969</ele>
        <time>2000-01-01T00:00:00Z</time>
      </trkpt>
      <trkpt lat="59.99961" lon="9.42325">
        <ele>439.7630615234375</ele>
        <time>2000-01-01T00:00:00Z</time>
      </trkpt>
      <trkpt lat="59.99958" lon="9.42369">
        <ele>439.29571533203125</ele>
        <time>2000-01-01T00:00:00Z</time>
      </trkpt>
      <trkpt lat="59.99958" lon="9.42412">
        <ele>438.8431396484375</ele>
        <time>2000-01-01T00:00:00Z</time>
      </trkpt>
      <trkpt lat="59.99961" lon="9.42454">
        <ele>438.39654541015625</ele>
        <time>2000-01-01T00:00:00Z</time>
      </trkpt>
      <trkpt lat="59.99966538928887" lon="9.424690342466455">
        <ele>438.20001220703125</ele>
        <time>2000-01-01T00:00:00Z</time>
      </trkpt>
      <trkpt lat="59.99968" lon="9.42473">
        <ele>438.1180114746094</ele>
        <time>2000-01-01T00:00:00Z</time>
      </trkpt>
      <trkpt lat="59.99984" lon="9.42504">
        <ele>437.37530517578125</ele>
        <time>2000-01-01T00:00:00Z</time>
      </trkpt>
      <trkpt lat="59.99993" lon="9.42536">
        <ele>436.7635498046875</ele>
        <time>2000-01-01T00:00:00Z</time>
      </trkpt>
      <trkpt lat="59.99999" lon="9.42579">
        <ele>436.01947021484375</ele>
        <time>2000-01-01T00:00:00Z</time>
      </trkpt>
      <trkpt lat="60.00005" lon="9.42598">
        <ele>435.64508056640625</ele>
        <time>2000-01-01T00:00:00Z</time>
      </trkpt>
      <trkpt lat="60.00011935336578" lon="9.426714029318154">
        <ele>434.3999938964844</ele>
        <time>2000-01-01T00:00:00Z</time>
      </trkpt>
      <trkpt lat="60.00017" lon="9.42725">
        <ele>431.864501953125</ele>
        <time>2000-01-01T00:00:00Z</time>
      </trkpt>
      <trkpt lat="60.00018" lon="9.42768">
        <ele>429.8629150390625</ele>
        <time>2000-01-01T00:00:00Z</time>
      </trkpt>
      <trkpt lat="60.00016" lon="9.42811">
        <ele>427.8556213378906</ele>
        <time>2000-01-01T00:00:00Z</time>
      </trkpt>
      <trkpt lat="60.00018" lon="9.42842">
        <ele>426.4024353027344</ele>
        <time>2000-01-01T00:00:00Z</time>
      </trkpt>
      <trkpt lat="60.000252115643896" lon="9.42896088066393">
        <ele>423.79998779296875</ele>
        <time>2000-01-01T00:00:00Z</time>
      </trkpt>
      <trkpt lat="60.0003" lon="9.42932">
        <ele>422.8870849609375</ele>
        <time>2000-01-01T00:00:00Z</time>
      </trkpt>
      <trkpt lat="60.00049" lon="9.43058">
        <ele>419.6549987792969</ele>
        <time>2000-01-01T00:00:00Z</time>
      </trkpt>
      <trkpt lat="60.00060777090401" lon="9.431123582093358">
        <ele>418.20001220703125</ele>
        <time>2000-01-01T00:00:00Z</time>
      </trkpt>
      <trkpt lat="60.00075" lon="9.43178">
        <ele>417.6666259765625</ele>
        <time>2000-01-01T00:00:00Z</time>
      </trkpt>
      <trkpt lat="60.00083" lon="9.43221">
        <ele>417.32452392578125</ele>
        <time>2000-01-01T00:00:00Z</time>
      </trkpt>
      <trkpt lat="60.00103" lon="9.43291">
        <ele>416.7234191894531</ele>
        <time>2000-01-01T00:00:00Z</time>
      </trkpt>
      <trkpt lat="60.00113432834361" lon="9.433125177799994">
        <ele>416.5</ele>
        <time>2000-01-01T00:00:00Z</time>
      </trkpt>
      <trkpt lat="60.00119" lon="9.43324">
        <ele>416.6613464355469</ele>
        <time>2000-01-01T00:00:00Z</time>
      </trkpt>
      <trkpt lat="60.00132" lon="9.4334">
        <ele>416.96923828125</ele>
        <time>2000-01-01T00:00:00Z</time>
      </trkpt>
      <trkpt lat="60.00168" lon="9.43372">
        <ele>417.763916015625</ele>
        <time>2000-01-01T00:00:00Z</time>
      </trkpt>
      <trkpt lat="60.00179" lon="9.43391">
        <ele>418.05712890625</ele>
        <time>2000-01-01T00:00:00Z</time>
      </trkpt>
      <trkpt lat="60.00201404684591" lon="9.43449447012974">
        <ele>418.79998779296875</ele>
        <time>2000-01-01T00:00:00Z</time>
      </trkpt>
      <trkpt lat="60.00202" lon="9.43451">
        <ele>418.7648010253906</ele>
        <time>2000-01-01T00:00:00Z</time>
      </trkpt>
      <trkpt lat="60.00217" lon="9.43484">
        <ele>417.9629821777344</ele>
        <time>2000-01-01T00:00:00Z</time>
      </trkpt>
      <trkpt lat="60.00224" lon="9.43503">
        <ele>417.5384826660156</ele>
        <time>2000-01-01T00:00:00Z</time>
      </trkpt>
      <trkpt lat="60.00234" lon="9.43543">
        <ele>416.7344970703125</ele>
        <time>2000-01-01T00:00:00Z</time>
      </trkpt>
      <trkpt lat="60.0024" lon="9.43584">
        <ele>415.9664001464844</ele>
        <time>2000-01-01T00:00:00Z</time>
      </trkpt>
      <trkpt lat="60.00237932015344" lon="9.436543060256772">
        <ele>414.70001220703125</ele>
        <time>2000-01-01T00:00:00Z</time>
      </trkpt>
      <trkpt lat="60.00237" lon="9.43686">
        <ele>413.9759826660156</ele>
        <time>2000-01-01T00:00:00Z</time>
      </trkpt>
      <trkpt lat="60.00243" lon="9.437">
        <ele>413.55535888671875</ele>
        <time>2000-01-01T00:00:00Z</time>
      </trkpt>
      <trkpt lat="60.00249" lon="9.43705">
        <ele>413.2590637207031</ele>
        <time>2000-01-01T00:00:00Z</time>
      </trkpt>
      <trkpt lat="60.00283" lon="9.43717">
        <ele>411.6842041015625</ele>
        <time>2000-01-01T00:00:00Z</time>
      </trkpt>
      <trkpt lat="60.0029" lon="9.43732">
        <ele>411.21649169921875</ele>
        <time>2000-01-01T00:00:00Z</time>
      </trkpt>
      <trkpt lat="60.00297" lon="9.43767">
        <ele>410.356689453125</ele>
        <time>2000-01-01T00:00:00Z</time>
      </trkpt>
      <trkpt lat="60.00302049275083" lon="9.438031865652983">
        <ele>409.5</ele>
        <time>2000-01-01T00:00:00Z</time>
      </trkpt>
      <trkpt lat="60.00303" lon="9.4381">
        <ele>409.0877685546875</ele>
        <time>2000-01-01T00:00:00Z</time>
      </trkpt>
      <trkpt lat="60.00312" lon="9.43845">
        <ele>406.7919616699219</ele>
        <time>2000-01-01T00:00:00Z</time>
      </trkpt>
      <trkpt lat="60.00319" lon="9.43867">
        <ele>405.2706604003906</ele>
        <time>2000-01-01T00:00:00Z</time>
      </trkpt>
      <trkpt lat="60.00351" lon="9.43917">
        <ele>400.53399658203125</ele>
        <time>2000-01-01T00:00:00Z</time>
      </trkpt>
      <trkpt lat="60.00365" lon="9.43952">
        <ele>397.91949462890625</ele>
        <time>2000-01-01T00:00:00Z</time>
      </trkpt>
      <trkpt lat="60.00373021349449" lon="9.43976732579304">
        <ele>396.20001220703125</ele>
        <time>2000-01-01T00:00:00Z</time>
      </trkpt>
      <trkpt lat="60.00377" lon="9.43989">
        <ele>395.87933349609375</ele>
        <time>2000-01-01T00:00:00Z</time>
      </trkpt>
      <trkpt lat="60.00385" lon="9.4403">
        <ele>394.9143371582031</ele>
        <time>2000-01-01T00:00:00Z</time>
      </trkpt>
      <trkpt lat="60.00389" lon="9.44073">
        <ele>393.95526123046875</ele>
        <time>2000-01-01T00:00:00Z</time>
      </trkpt>
      <trkpt lat="60.00398" lon="9.44112">
        <ele>393.0135192871094</ele>
        <time>2000-01-01T00:00:00Z</time>
      </trkpt>
      <trkpt lat="60.00412" lon="9.44147">
        <ele>392.0306091308594</ele>
        <time>2000-01-01T00:00:00Z</time>
      </trkpt>
      <trkpt lat="60.00422" lon="9.44178">
        <ele>391.2217712402344</ele>
        <time>2000-01-01T00:00:00Z</time>
      </trkpt>
      <trkpt lat="60.00431" lon="9.44216">
        <ele>391.1280212402344</ele>
        <time>2000-01-01T00:00:00Z</time>
      </trkpt>
      <trkpt lat="60.00455" lon="9.44291">
        <ele>390.9718017578125</ele>
        <time>2000-01-01T00:00:00Z</time>
      </trkpt>
      <trkpt lat="60.00481" lon="9.44361">
        <ele>390.81884765625</ele>
        <time>2000-01-01T00:00:00Z</time>
      </trkpt>
      <trkpt lat="60.00483452370339" lon="9.443705646083371">
        <ele>390.79998779296875</ele>
        <time>2000-01-01T00:00:00Z</time>
      </trkpt>
      <trkpt lat="60.00491" lon="9.444">
        <ele>391.046630859375</ele>
        <time>2000-01-01T00:00:00Z</time>
      </trkpt>
      <trkpt lat="60.00498" lon="9.44435">
        <ele>391.3276062011719</ele>
        <time>2000-01-01T00:00:00Z</time>
      </trkpt>
      <trkpt lat="60.005" lon="9.44467">
        <ele>391.56805419921875</ele>
        <time>2000-01-01T00:00:00Z</time>
      </trkpt>
      <trkpt lat="60.00494" lon="9.44535">
        <ele>392.08282470703125</ele>
        <time>2000-01-01T00:00:00Z</time>
      </trkpt>
      <trkpt lat="60.004953000337714" lon="9.445909071345408">
        <ele>392.5</ele>
        <time>2000-01-01T00:00:00Z</time>
      </trkpt>
      <trkpt lat="60.00496" lon="9.44621">
        <ele>392.7113342285156</ele>
        <time>2000-01-01T00:00:00Z</time>
      </trkpt>
      <trkpt lat="60.00499" lon="9.44654">
        <ele>392.94671630859375</ele>
        <time>2000-01-01T00:00:00Z</time>
      </trkpt>
      <trkpt lat="60.00518" lon="9.44778">
        <ele>393.85662841796875</ele>
        <time>2000-01-01T00:00:00Z</time>
      </trkpt>
      <trkpt lat="60.00521245105861" lon="9.448120737703457">
        <ele>394.1000061035156</ele>
        <time>2000-01-01T00:00:00Z</time>
      </trkpt>
      <trkpt lat="60.00522" lon="9.4482">
        <ele>394.0646057128906</ele>
        <time>2000-01-01T00:00:00Z</time>
      </trkpt>
      <trkpt lat="60.00521" lon="9.44849">
        <ele>393.9371643066406</ele>
        <time>2000-01-01T00:00:00Z</time>
      </trkpt>
      <trkpt lat="60.00518" lon="9.44874">
        <ele>393.82440185546875</ele>
        <time>2000-01-01T00:00:00Z</time>
      </trkpt>
      <trkpt lat="60.00481" lon="9.45004">
        <ele>393.1684265136719</ele>
        <time>2000-01-01T00:00:00Z</time>
      </trkpt>
      <trkpt lat="60.004761744140765" lon="9.45016264234747">
        <ele>393.1000061035156</ele>
        <time>2000-01-01T00:00:00Z</time>
      </trkpt>
      <trkpt lat="60.00457" lon="9.45065">
        <ele>392.1209411621094</ele>
        <time>2000-01-01T00:00:00Z</time>
      </trkpt>
      <trkpt lat="60.00427" lon="9.45133">
        <ele>390.6893310546875</ele>
        <time>2000-01-01T00:00:00Z</time>
      </trkpt>
      <trkpt lat="60.0041" lon="9.45162">
        <ele>389.9838562011719</ele>
        <time>2000-01-01T00:00:00Z</time>
      </trkpt>
      <trkpt lat="60.00398731113481" lon="9.451827765110453">
        <ele>389.5</ele>
        <time>2000-01-01T00:00:00Z</time>
      </trkpt>
      <trkpt lat="60.00378" lon="9.45221">
        <ele>386.92803955078125</ele>
        <time>2000-01-01T00:00:00Z</time>
      </trkpt>
      <trkpt lat="60.00351" lon="9.45288">
        <ele>383.00347900390625</ele>
        <time>2000-01-01T00:00:00Z</time>
      </trkpt>
      <trkpt lat="60.00341" lon="9.45319">
        <ele>381.3204650878906</ele>
        <time>2000-01-01T00:00:00Z</time>
      </trkpt>
      <trkpt lat="60.00336" lon="9.45353">
        <ele>379.70440673828125</ele>
        <time>2000-01-01T00:00:00Z</time>
      </trkpt>
      <trkpt lat="60.00335588830274" lon="9.45366225565614">
        <ele>379.1000061035156</ele>
        <time>2000-01-01T00:00:00Z</time>
      </trkpt>
      <trkpt lat="60.00332" lon="9.45482">
        <ele>376.3531799316406</ele>
        <time>2000-01-01T00:00:00Z</time>
      </trkpt>
      <trkpt lat="60.00334" lon="9.45515">
        <ele>375.5658874511719</ele>
        <time>2000-01-01T00:00:00Z</time>
      </trkpt>
      <trkpt lat="60.00352710778886" lon="9.455843416563406">
        <ele>373.70001220703125</ele>
        <time>2000-01-01T00:00:00Z</time>
      </trkpt>
      <trkpt lat="60.00368" lon="9.45641">
        <ele>372.429443359375</ele>
        <time>2000-01-01T00:00:00Z</time>
      </trkpt>
      <trkpt lat="60.00376" lon="9.45678">
        <ele>371.6338806152344</ele>
        <time>2000-01-01T00:00:00Z</time>
      </trkpt>
      <trkpt lat="60.00381" lon="9.45713">
        <ele>370.91558837890625</ele>
        <time>2000-01-01T00:00:00Z</time>
      </trkpt>
      <trkpt lat="60.00396" lon="9.45784">
        <ele>369.39447021484375</ele>
        <time>2000-01-01T00:00:00Z</time>
      </trkpt>
      <trkpt lat="60.0039824969635" lon="9.457927741949298">
        <ele>369.20001220703125</ele>
        <time>2000-01-01T00:00:00Z</time>
      </trkpt>
      <trkpt lat="60.00406" lon="9.45823">
        <ele>368.94677734375</ele>
        <time>2000-01-01T00:00:00Z</time>
      </trkpt>
      <trkpt lat="60.00413" lon="9.45842">
        <ele>368.7707824707031</ele>
        <time>2000-01-01T00:00:00Z</time>
      </trkpt>
      <trkpt lat="60.00406" lon="9.4587">
        <ele>368.53741455078125</ele>
        <time>2000-01-01T00:00:00Z</time>
      </trkpt>
      <trkpt lat="60.00396" lon="9.45893">
        <ele>368.31024169921875</ele>
        <time>2000-01-01T00:00:00Z</time>
      </trkpt>
      <trkpt lat="60.00379" lon="9.4592">
        <ele>367.9864807128906</ele>
        <time>2000-01-01T00:00:00Z</time>
      </trkpt>
      <trkpt lat="60.00359" lon="9.45942">
        <ele>367.6461181640625</ele>
        <time>2000-01-01T00:00:00Z</time>
      </trkpt>
      <trkpt lat="60.00350948623917" lon="9.45953182397074">
        <ele>367.5</ele>
        <time>2000-01-01T00:00:00Z</time>
      </trkpt>
      <trkpt lat="60.00341" lon="9.45967">
        <ele>367.393798828125</ele>
        <time>2000-01-01T00:00:00Z</time>
      </trkpt>
      <trkpt lat="60.00307" lon="9.4602">
        <ele>367.01568603515625</ele>
        <time>2000-01-01T00:00:00Z</time>
      </trkpt>
      <trkpt lat="60.0029" lon="9.4605">
        <ele>366.81683349609375</ele>
        <time>2000-01-01T00:00:00Z</time>
      </trkpt>
      <trkpt lat="60.00275" lon="9.46082">
        <ele>366.62451171875</ele>
        <time>2000-01-01T00:00:00Z</time>
      </trkpt>
      <trkpt lat="60.00265945731316" lon="9.461038632351775">
        <ele>366.5</ele>
        <time>2000-01-01T00:00:00Z</time>
      </trkpt>
      <trkpt lat="60.00222" lon="9.4621">
        <ele>365.35174560546875</ele>
        <time>2000-01-01T00:00:00Z</time>
      </trkpt>
      <trkpt lat="60.00197" lon="9.46282">
        <ele>364.6213073730469</ele>
        <time>2000-01-01T00:00:00Z</time>
      </trkpt>
      <trkpt lat="60.00196171992872" lon="9.462839514303251">
        <ele>364.6000061035156</ele>
        <time>2000-01-01T00:00:00Z</time>
      </trkpt>
      <trkpt lat="60.00183" lon="9.46315">
        <ele>363.4392395019531</ele>
        <time>2000-01-01T00:00:00Z</time>
      </trkpt>
      <trkpt lat="60.00156" lon="9.46362">
        <ele>361.39862060546875</ele>
        <time>2000-01-01T00:00:00Z</time>
      </trkpt>
      <trkpt lat="60.00121" lon="9.46404">
        <ele>359.0713195800781</ele>
        <time>2000-01-01T00:00:00Z</time>
      </trkpt>
      <trkpt lat="60.0011" lon="9.46426">
        <ele>358.1844787597656</ele>
        <time>2000-01-01T00:00:00Z</time>
      </trkpt>
      <trkpt lat="60.00109323994303" lon="9.464286359158521">
        <ele>358.1000061035156</ele>
        <time>2000-01-01T00:00:00Z</time>
      </trkpt>
      <trkpt lat="60.001" lon="9.46465">
        <ele>357.6160583496094</ele>
        <time>2000-01-01T00:00:00Z</time>
      </trkpt>
      <trkpt lat="60.00094" lon="9.46505">
        <ele>357.12152099609375</ele>
        <time>2000-01-01T00:00:00Z</time>
      </trkpt>
      <trkpt lat="60.0009" lon="9.46549">
        <ele>356.592041015625</ele>
        <time>2000-01-01T00:00:00Z</time>
      </trkpt>
      <trkpt lat="60.00072" lon="9.4663">
        <ele>355.54241943359375</ele>
        <time>2000-01-01T00:00:00Z</time>
      </trkpt>
      <trkpt lat="60.000687271368875" lon="9.466400910565769">
        <ele>355.3999938964844</ele>
        <time>2000-01-01T00:00:00Z</time>
      </trkpt>
      <trkpt lat="60.0006" lon="9.46667">
        <ele>354.2325134277344</ele>
        <time>2000-01-01T00:00:00Z</time>
      </trkpt>
      <trkpt lat="60.00054" lon="9.46707">
        <ele>352.7123107910156</ele>
        <time>2000-01-01T00:00:00Z</time>
      </trkpt>
      <trkpt lat="60.00049" lon="9.46749">
        <ele>351.14117431640625</ele>
        <time>2000-01-01T00:00:00Z</time>
      </trkpt>
      <trkpt lat="60.00051" lon="9.46837">
        <ele>347.9345703125</ele>
        <time>2000-01-01T00:00:00Z</time>
      </trkpt>
      <trkpt lat="60.00050826612162" lon="9.468599260872464">
        <ele>347.1000061035156</ele>
        <time>2000-01-01T00:00:00Z</time>
      </trkpt>
      <trkpt lat="60.0005" lon="9.4697">
        <ele>345.5550231933594</ele>
        <time>2000-01-01T00:00:00Z</time>
      </trkpt>
      <trkpt lat="60.00052" lon="9.47012">
        <ele>344.9629821777344</ele>
        <time>2000-01-01T00:00:00Z</time>
      </trkpt>
      <trkpt lat="60.000503726366915" lon="9.470876690321235">
        <ele>343.8999938964844</ele>
        <time>2000-01-01T00:00:00Z</time>
      </trkpt>
      <trkpt lat="60.0005" lon="9.47105">
        <ele>343.7782897949219</ele>
        <time>2000-01-01T00:00:00Z</time>
      </trkpt>
      <trkpt lat="60.00054" lon="9.47204">
        <ele>343.08135986328125</ele>
        <time>2000-01-01T00:00:00Z</time>
      </trkpt>
      <trkpt lat="60.00061" lon="9.47249">
        <ele>342.7506103515625</ele>
        <time>2000-01-01T00:00:00Z</time>
      </trkpt>
      <trkpt lat="60.00072656549642" lon="9.473088372856573">
        <ele>342.29998779296875</ele>
        <time>2000-01-01T00:00:00Z</time>
      </trkpt>
      <trkpt lat="60.00076" lon="9.47326">
        <ele>342.1707763671875</ele>
        <time>2000-01-01T00:00:00Z</time>
      </trkpt>
      <trkpt lat="60.00095" lon="9.47403">
        <ele>341.5682373046875</ele>
        <time>2000-01-01T00:00:00Z</time>
      </trkpt>
      <trkpt lat="60.00108" lon="9.47486">
        <ele>340.9578857421875</ele>
        <time>2000-01-01T00:00:00Z</time>
      </trkpt>
      <trkpt lat="60.001105389305" lon="9.47522402631496">
        <ele>340.70001220703125</ele>
        <time>2000-01-01T00:00:00Z</time>
      </trkpt>
      <trkpt lat="60.00117" lon="9.47615">
        <ele>339.8389587402344</ele>
        <time>2000-01-01T00:00:00Z</time>
      </trkpt>
      <trkpt lat="60.00118" lon="9.47702">
        <ele>339.0374755859375</ele>
        <time>2000-01-01T00:00:00Z</time>
      </trkpt>
      <trkpt lat="60.00117" lon="9.47747">
        <ele>338.6226501464844</ele>
        <time>2000-01-01T00:00:00Z</time>
      </trkpt>
      <trkpt lat="60.00116827988135" lon="9.477494335281444">
        <ele>338.6000061035156</ele>
        <time>2000-01-01T00:00:00Z</time>
      </trkpt>
      <trkpt lat="60.00105" lon="9.47919">
        <ele>337.098388671875</ele>
        <time>2000-01-01T00:00:00Z</time>
      </trkpt>
      <trkpt lat="60.00103267558987" lon="9.47975718521906">
        <ele>336.6000061035156</ele>
        <time>2000-01-01T00:00:00Z</time>
      </trkpt>
      <trkpt lat="60.00101" lon="9.4805">
        <ele>336.20831298828125</ele>
        <time>2000-01-01T00:00:00Z</time>
      </trkpt>
      <trkpt lat="60.001" lon="9.48138">
        <ele>335.7451171875</ele>
        <time>2000-01-01T00:00:00Z</time>
      </trkpt>
      <trkpt lat="60.000955198277076" lon="9.482029611714502">
        <ele>335.3999938964844</ele>
        <time>2000-01-01T00:00:00Z</time>
      </trkpt>
      <trkpt lat="60.00094" lon="9.48225">
        <ele>335.3219299316406</ele>
        <time>2000-01-01T00:00:00Z</time>
      </trkpt>
      <trkpt lat="60.0008" lon="9.48308">
        <ele>335.0146179199219</ele>
        <time>2000-01-01T00:00:00Z</time>
      </trkpt>
      <trkpt lat="60.0007" lon="9.48346">
        <ele>334.8639221191406</ele>
        <time>2000-01-01T00:00:00Z</time>
      </trkpt>
      <trkpt lat="60.00058" lon="9.48382">
        <ele>334.712158203125</ele>
        <time>2000-01-01T00:00:00Z</time>
      </trkpt>
      <trkpt lat="60.00046520859719" lon="9.484042407968259">
        <ele>334.6000061035156</ele>
        <time>2000-01-01T00:00:00Z</time>
      </trkpt>
      <trkpt lat="60.00042" lon="9.48413">
        <ele>334.57794189453125</ele>
        <time>2000-01-01T00:00:00Z</time>
      </trkpt>
      <trkpt lat="60.00036" lon="9.48437">
        <ele>334.5308532714844</ele>
        <time>2000-01-01T00:00:00Z</time>
      </trkpt>
      <trkpt lat="60.000184605543126" lon="9.48622301034685">
        <ele>334.20001220703125</ele>
        <time>2000-01-01T00:00:00Z</time>
      </trkpt>
      <trkpt lat="60.00013" lon="9.4868">
        <ele>336.64678955078125</ele>
        <time>2000-01-01T00:00:00Z</time>
      </trkpt>
      <trkpt lat="60.00006" lon="9.4872">
        <ele>338.412353515625</ele>
        <time>2000-01-01T00:00:00Z</time>
      </trkpt>
      <trkpt lat="60.0001" lon="9.48747">
        <ele>339.58563232421875</ele>
        <time>2000-01-01T00:00:00Z</time>
      </trkpt>
      <trkpt lat="60.0003" lon="9.48765">
        <ele>341.4134826660156</ele>
        <time>2000-01-01T00:00:00Z</time>
      </trkpt>
      <trkpt lat="60.00038" lon="9.48777">
        <ele>342.2464599609375</ele>
        <time>2000-01-01T00:00:00Z</time>
      </trkpt>
      <trkpt lat="60.00047492425128" lon="9.488062683569684">
        <ele>343.70001220703125</ele>
        <time>2000-01-01T00:00:00Z</time>
      </trkpt>
      <trkpt lat="60.0005" lon="9.48814">
        <ele>343.93438720703125</ele>
        <time>2000-01-01T00:00:00Z</time>
      </trkpt>
      <trkpt lat="60.00059" lon="9.48854">
        <ele>345.0499267578125</ele>
        <time>2000-01-01T00:00:00Z</time>
      </trkpt>
      <trkpt lat="60.00066" lon="9.48873">
        <ele>345.650390625</ele>
        <time>2000-01-01T00:00:00Z</time>
      </trkpt>
      <trkpt lat="60.00075" lon="9.48886">
        <ele>346.2152404785156</ele>
        <time>2000-01-01T00:00:00Z</time>
      </trkpt>
      <trkpt lat="60.00095" lon="9.48902">
        <ele>347.31109619140625</ele>
        <time>2000-01-01T00:00:00Z</time>
      </trkpt>
      <trkpt lat="60.00117" lon="9.48914">
        <ele>348.47088623046875</ele>
        <time>2000-01-01T00:00:00Z</time>
      </trkpt>
      <trkpt lat="60.00137030374334" lon="9.48919633711157">
        <ele>349.5</ele>
        <time>2000-01-01T00:00:00Z</time>
      </trkpt>
      <trkpt lat="60.00181" lon="9.48932">
        <ele>356.1987609863281</ele>
        <time>2000-01-01T00:00:00Z</time>
      </trkpt>
      <trkpt lat="60.00192" lon="9.4894">
        <ele>357.9651794433594</ele>
        <time>2000-01-01T00:00:00Z</time>
      </trkpt>
      <trkpt lat="60.0021" lon="9.48965">
        <ele>361.2704772949219</ele>
        <time>2000-01-01T00:00:00Z</time>
      </trkpt>
      <trkpt lat="60.00226" lon="9.48995">
        <ele>364.5798645019531</ele>
        <time>2000-01-01T00:00:00Z</time>
      </trkpt>
      <trkpt lat="60.00237093549902" lon="9.490122575543568">
        <ele>366.70001220703125</ele>
        <time>2000-01-01T00:00:00Z</time>
      </trkpt>
      <trkpt lat="60.00271" lon="9.49065">
        <ele>368.50848388671875</ele>
        <time>2000-01-01T00:00:00Z</time>
      </trkpt>
      <trkpt lat="60.00292" lon="9.49075">
        <ele>369.4174499511719</ele>
        <time>2000-01-01T00:00:00Z</time>
      </trkpt>
      <trkpt lat="60.00335" lon="9.49092">
        <ele>371.2628173828125</ele>
        <time>2000-01-01T00:00:00Z</time>
      </trkpt>
      <trkpt lat="60.00340434306931" lon="9.490949724980792">
        <ele>371.5</ele>
        <time>2000-01-01T00:00:00Z</time>
      </trkpt>
      <trkpt lat="60.00399" lon="9.49127">
        <ele>373.5770263671875</ele>
        <time>2000-01-01T00:00:00Z</time>
      </trkpt>
      <trkpt lat="60.00416" lon="9.49142">
        <ele>374.21258544921875</ele>
        <time>2000-01-01T00:00:00Z</time>
      </trkpt>
      <trkpt lat="60.00424" lon="9.49152">
        <ele>374.5352478027344</ele>
        <time>2000-01-01T00:00:00Z</time>
      </trkpt>
      <trkpt lat="60.00439" lon="9.4918">
        <ele>375.2372741699219</ele>
        <time>2000-01-01T00:00:00Z</time>
      </trkpt>
      <trkpt lat="60.00443040297638" lon="9.491850325807906">
        <ele>375.3999938964844</ele>
        <time>2000-01-01T00:00:00Z</time>
      </trkpt>
      <trkpt lat="60.00492" lon="9.49246">
        <ele>375.75408935546875</ele>
        <time>2000-01-01T00:00:00Z</time>
      </trkpt>
      <trkpt lat="60.005329151960524" lon="9.493234778157424">
        <ele>376.1000061035156</ele>
        <time>2000-01-01T00:00:00Z</time>
      </trkpt>
      <trkpt lat="60.00539" lon="9.49335">
        <ele>376.0485534667969</ele>
        <time>2000-01-01T00:00:00Z</time>
      </trkpt>
      <trkpt lat="60.00566" lon="9.49401">
        <ele>375.7867736816406</ele>
        <time>2000-01-01T00:00:00Z</time>
      </trkpt>
      <trkpt lat="60.00597" lon="9.49463">
        <ele>375.5176086425781</ele>
        <time>2000-01-01T00:00:00Z</time>
      </trkpt>
      <trkpt lat="60.006122967173866" lon="9.494860682003074">
        <ele>375.3999938964844</ele>
        <time>2000-01-01T00:00:00Z</time>
      </trkpt>
      <trkpt lat="60.0066" lon="9.49558">
        <ele>377.23394775390625</ele>
        <time>2000-01-01T00:00:00Z</time>
      </trkpt>
      <trkpt lat="60.00706877783959" lon="9.496126907919658">
        <ele>378.8999938964844</ele>
        <time>2000-01-01T00:00:00Z</time>
      </trkpt>
      <trkpt lat="60.00714" lon="9.49621">
        <ele>380.1724853515625</ele>
        <time>2000-01-01T00:00:00Z</time>
      </trkpt>
      <trkpt lat="60.00727" lon="9.49626">
        <ele>382.216064453125</ele>
        <time>2000-01-01T00:00:00Z</time>
      </trkpt>
      <trkpt lat="60.00761" lon="9.49609">
        <ele>387.6270751953125</ele>
        <time>2000-01-01T00:00:00Z</time>
      </trkpt>
      <trkpt lat="60.00773" lon="9.49609">
        <ele>389.4797058105469</ele>
        <time>2000-01-01T00:00:00Z</time>
      </trkpt>
      <trkpt lat="60.00813785815497" lon="9.496492424894956">
        <ele>396.5</ele>
        <time>2000-01-01T00:00:00Z</time>
      </trkpt>
      <trkpt lat="60.00848" lon="9.49683">
        <ele>398.50775146484375</ele>
        <time>2000-01-01T00:00:00Z</time>
      </trkpt>
      <trkpt lat="60.00881" lon="9.49704">
        <ele>400.3302307128906</ele>
        <time>2000-01-01T00:00:00Z</time>
      </trkpt>
      <trkpt lat="60.00891" lon="9.49713">
        <ele>400.907470703125</ele>
        <time>2000-01-01T00:00:00Z</time>
      </trkpt>
      <trkpt lat="60.00907" lon="9.4974">
        <ele>402.00897216796875</ele>
        <time>2000-01-01T00:00:00Z</time>
      </trkpt>
      <trkpt lat="60.009132841380094" lon="9.497537962996946">
        <ele>402.5</ele>
        <time>2000-01-01T00:00:00Z</time>
      </trkpt>
      <trkpt lat="60.00948" lon="9.4983">
        <ele>403.1328125</ele>
        <time>2000-01-01T00:00:00Z</time>
      </trkpt>
      <trkpt lat="60.00957" lon="9.49854">
        <ele>403.3169860839844</ele>
        <time>2000-01-01T00:00:00Z</time>
      </trkpt>
      <trkpt lat="60.00965" lon="9.49895">
        <ele>403.587158203125</ele>
        <time>2000-01-01T00:00:00Z</time>
      </trkpt>
      <trkpt lat="60.00968" lon="9.49933">
        <ele>403.82330322265625</ele>
        <time>2000-01-01T00:00:00Z</time>
      </trkpt>
      <trkpt lat="60.00967999915305" lon="9.499454993680141">
        <ele>403.8999938964844</ele>
        <time>2000-01-01T00:00:00Z</time>
      </trkpt>
      <trkpt lat="60.00968" lon="9.49976">
        <ele>403.8331298828125</ele>
        <time>2000-01-01T00:00:00Z</time>
      </trkpt>
      <trkpt lat="60.00971" lon="9.50002">
        <ele>403.774658203125</ele>
        <time>2000-01-01T00:00:00Z</time>
      </trkpt>
      <trkpt lat="60.00995642965522" lon="9.501656293914458">
        <ele>403.3999938964844</ele>
        <time>2000-01-01T00:00:00Z</time>
      </trkpt>
      <trkpt lat="60.00996" lon="9.50168">
        <ele>403.4075927734375</ele>
        <time>2000-01-01T00:00:00Z</time>
      </trkpt>
      <trkpt lat="60.01026" lon="9.50319">
        <ele>403.9062805175781</ele>
        <time>2000-01-01T00:00:00Z</time>
      </trkpt>
      <trkpt lat="60.010393934070464" lon="9.503761452850217">
        <ele>404.1000061035156</ele>
        <time>2000-01-01T00:00:00Z</time>
      </trkpt>
      <trkpt lat="60.01041" lon="9.50383">
        <ele>404.0900573730469</ele>
        <time>2000-01-01T00:00:00Z</time>
      </trkpt>
      <trkpt lat="60.01058" lon="9.50556">
        <ele>403.8581237792969</ele>
        <time>2000-01-01T00:00:00Z</time>
      </trkpt>
      <trkpt lat="60.01063405138975" lon="9.505988588639806">
        <ele>403.79998779296875</ele>
        <time>2000-01-01T00:00:00Z</time>
      </trkpt>
      <trkpt lat="60.01072" lon="9.50667">
        <ele>403.1221618652344</ele>
        <time>2000-01-01T00:00:00Z</time>
      </trkpt>
      <trkpt lat="60.01079" lon="9.50703">
        <ele>402.74951171875</ele>
        <time>2000-01-01T00:00:00Z</time>
      </trkpt>
      <trkpt lat="60.01098" lon="9.50756">
        <ele>402.1204528808594</ele>
        <time>2000-01-01T00:00:00Z</time>
      </trkpt>
      <trkpt lat="60.01105" lon="9.50782">
        <ele>401.8356628417969</ele>
        <time>2000-01-01T00:00:00Z</time>
      </trkpt>
      <trkpt lat="60.01109909421713" lon="9.508043653576678">
        <ele>401.6000061035156</ele>
        <time>2000-01-01T00:00:00Z</time>
      </trkpt>
      <trkpt lat="60.01114" lon="9.50823">
        <ele>400.9754333496094</ele>
        <time>2000-01-01T00:00:00Z</time>
      </trkpt>
      <trkpt lat="60.01126" lon="9.50906">
        <ele>398.32403564453125</ele>
        <time>2000-01-01T00:00:00Z</time>
      </trkpt>
      <trkpt lat="60.01139" lon="9.50967">
        <ele>396.28887939453125</ele>
        <time>2000-01-01T00:00:00Z</time>
      </trkpt>
      <trkpt lat="60.01141" lon="9.50983">
        <ele>395.7828063964844</ele>
        <time>2000-01-01T00:00:00Z</time>
      </trkpt>
      <trkpt lat="60.01140999992007" lon="9.51021542083195">
        <ele>394.6000061035156</ele>
        <time>2000-01-01T00:00:00Z</time>
      </trkpt>
      <trkpt lat="60.01141" lon="9.51026">
        <ele>394.37908935546875</ele>
        <time>2000-01-01T00:00:00Z</time>
      </trkpt>
      <trkpt lat="60.01138" lon="9.51087">
        <ele>391.3427429199219</ele>
        <time>2000-01-01T00:00:00Z</time>
      </trkpt>
      <trkpt lat="60.01134" lon="9.5113">
        <ele>389.17529296875</ele>
        <time>2000-01-01T00:00:00Z</time>
      </trkpt>
      <trkpt lat="60.0111113555888" lon="9.51239421939658">
        <ele>383.29998779296875</ele>
        <time>2000-01-01T00:00:00Z</time>
      </trkpt>
      <trkpt lat="60.01106" lon="9.51264">
        <ele>382.739501953125</ele>
        <time>2000-01-01T00:00:00Z</time>
      </trkpt>
      <trkpt lat="60.01101" lon="9.51282">
        <ele>382.3060607910156</ele>
        <time>2000-01-01T00:00:00Z</time>
      </trkpt>
      <trkpt lat="60.01075" lon="9.51346">
        <ele>380.570556640625</ele>
        <time>2000-01-01T00:00:00Z</time>
      </trkpt>
      <trkpt lat="60.01062" lon="9.51394">
        <ele>379.4215393066406</ele>
        <time>2000-01-01T00:00:00Z</time>
      </trkpt>
      <trkpt lat="60.01057" lon="9.51433">
        <ele>378.5740966796875</ele>
        <time>2000-01-01T00:00:00Z</time>
      </trkpt>
      <trkpt lat="60.0105874455917" lon="9.514334984479202">
        <ele>378.5</ele>
        <time>2000-01-01T00:00:00Z</time>
      </trkpt>
      <trkpt lat="60.01064" lon="9.51435">
        <ele>378.62103271484375</ele>
        <time>2000-01-01T00:00:00Z</time>
      </trkpt>
      <trkpt lat="60.01087" lon="9.5142">
        <ele>379.1727294921875</ele>
        <time>2000-01-01T00:00:00Z</time>
      </trkpt>
      <trkpt lat="60.01126" lon="9.51412">
        <ele>380.0668029785156</ele>
        <time>2000-01-01T00:00:00Z</time>
      </trkpt>
      <trkpt lat="60.01131" lon="9.51413">
        <ele>380.18145751953125</ele>
        <time>2000-01-01T00:00:00Z</time>
      </trkpt>
      <trkpt lat="60.01151" lon="9.51425">
        <ele>380.65771484375</ele>
        <time>2000-01-01T00:00:00Z</time>
      </trkpt>
      <trkpt lat="60.01165" lon="9.51445">
        <ele>381.0499572753906</ele>
        <time>2000-01-01T00:00:00Z</time>
      </trkpt>
      <trkpt lat="60.01167101512537" lon="9.514462609199954">
        <ele>381.1000061035156</ele>
        <time>2000-01-01T00:00:00Z</time>
      </trkpt>
      <trkpt lat="60.01175" lon="9.51451">
        <ele>381.68560791015625</ele>
        <time>2000-01-01T00:00:00Z</time>
      </trkpt>
      <trkpt lat="60.012" lon="9.51462">
        <ele>383.5042419433594</ele>
        <time>2000-01-01T00:00:00Z</time>
      </trkpt>
      <trkpt lat="60.01217" lon="9.51472">
        <ele>384.7633056640625</ele>
        <time>2000-01-01T00:00:00Z</time>
      </trkpt>
      <trkpt lat="60.01258" lon="9.51478">
        <ele>387.68408203125</ele>
        <time>2000-01-01T00:00:00Z</time>
      </trkpt>
      <trkpt lat="60.012779389799185" lon="9.514932166822323">
        <ele>389.20001220703125</ele>
        <time>2000-01-01T00:00:00Z</time>
      </trkpt>
      <trkpt lat="60.01296" lon="9.51507">
        <ele>390.01397705078125</ele>
        <time>2000-01-01T00:00:00Z</time>
      </trkpt>
      <trkpt lat="60.01323" lon="9.51519">
        <ele>391.1784362792969</ele>
        <time>2000-01-01T00:00:00Z</time>
      </trkpt>
      <trkpt lat="60.01337" lon="9.51535">
        <ele>391.8570861816406</ele>
        <time>2000-01-01T00:00:00Z</time>
      </trkpt>
      <trkpt lat="60.0135" lon="9.51555">
        <ele>392.5477294921875</ele>
        <time>2000-01-01T00:00:00Z</time>
      </trkpt>
      <trkpt lat="60.013735176609885" lon="9.516054940472344">
        <ele>394.0</ele>
        <time>2000-01-01T00:00:00Z</time>
      </trkpt>
      <trkpt lat="60.01384" lon="9.51628">
        <ele>394.04046630859375</ele>
        <time>2000-01-01T00:00:00Z</time>
      </trkpt>
      <trkpt lat="60.01409" lon="9.51691">
        <ele>394.146240234375</ele>
        <time>2000-01-01T00:00:00Z</time>
      </trkpt>
      <trkpt lat="60.01425" lon="9.51721">
        <ele>394.2039489746094</ele>
        <time>2000-01-01T00:00:00Z</time>
      </trkpt>
      <trkpt lat="60.01449" lon="9.51735">
        <ele>394.2697448730469</ele>
        <time>2000-01-01T00:00:00Z</time>
      </trkpt>
      <trkpt lat="60.014602283324805" lon="9.517399666125918">
        <ele>394.29998779296875</ele>
        <time>2000-01-01T00:00:00Z</time>
      </trkpt>
      <trkpt lat="60.01501" lon="9.51758">
        <ele>394.3732604980469</ele>
        <time>2000-01-01T00:00:00Z</time>
      </trkpt>
      <trkpt lat="60.01517" lon="9.51776">
        <ele>394.40545654296875</ele>
        <time>2000-01-01T00:00:00Z</time>
      </trkpt>
      <trkpt lat="60.01527" lon="9.51795">
        <ele>394.42962646484375</ele>
        <time>2000-01-01T00:00:00Z</time>
      </trkpt>
      <trkpt lat="60.01536" lon="9.51824">
        <ele>394.4595642089844</ele>
        <time>2000-01-01T00:00:00Z</time>
      </trkpt>
      <trkpt lat="60.015512636893625" lon="9.51858544185841">
        <ele>394.5</ele>
        <time>2000-01-01T00:00:00Z</time>
      </trkpt>
      <trkpt lat="60.01555" lon="9.51867">
        <ele>394.4455871582031</ele>
        <time>2000-01-01T00:00:00Z</time>
      </trkpt>
      <trkpt lat="60.01574" lon="9.51889">
        <ele>394.2337341308594</ele>
        <time>2000-01-01T00:00:00Z</time>
      </trkpt>
      <trkpt lat="60.01594" lon="9.51929">
        <ele>393.9609069824219</ele>
        <time>2000-01-01T00:00:00Z</time>
      </trkpt>
      <trkpt lat="60.01609" lon="9.51943">
        <ele>393.80120849609375</ele>
        <time>2000-01-01T00:00:00Z</time>
      </trkpt>
      <trkpt lat="60.01632" lon="9.51949">
        <ele>393.5774230957031</ele>
        <time>2000-01-01T00:00:00Z</time>
      </trkpt>
      <trkpt lat="60.01637" lon="9.51946">
        <ele>393.5270690917969</ele>
        <time>2000-01-01T00:00:00Z</time>
      </trkpt>
      <trkpt lat="60.016497949494195" lon="9.51952241564689">
        <ele>393.3999938964844</ele>
        <time>2000-01-01T00:00:00Z</time>
      </trkpt>
      <trkpt lat="60.01678" lon="9.51966">
        <ele>393.3236083984375</ele>
        <time>2000-01-01T00:00:00Z</time>
      </trkpt>
      <trkpt lat="60.01717" lon="9.52008">
        <ele>393.2070617675781</ele>
        <time>2000-01-01T00:00:00Z</time>
      </trkpt>
      <trkpt lat="60.01747" lon="9.52032">
        <ele>393.1220703125</ele>
        <time>2000-01-01T00:00:00Z</time>
      </trkpt>
      <trkpt lat="60.01755152418403" lon="9.52035913204994">
        <ele>393.1000061035156</ele>
        <time>2000-01-01T00:00:00Z</time>
      </trkpt>
      <trkpt lat="60.01772" lon="9.52044">
        <ele>393.52557373046875</ele>
        <time>2000-01-01T00:00:00Z</time>
      </trkpt>
      <trkpt lat="60.01806" lon="9.52075">
        <ele>394.44317626953125</ele>
        <time>2000-01-01T00:00:00Z</time>
      </trkpt>
      <trkpt lat="60.01838" lon="9.52077">
        <ele>395.2294006347656</ele>
        <time>2000-01-01T00:00:00Z</time>
      </trkpt>
      <trkpt lat="60.01853" lon="9.52075">
        <ele>395.5987548828125</ele>
        <time>2000-01-01T00:00:00Z</time>
      </trkpt>
      <trkpt lat="60.018633322125375" lon="9.520617615783186">
        <ele>395.8999938964844</ele>
        <time>2000-01-01T00:00:00Z</time>
      </trkpt>
      <trkpt lat="60.01885" lon="9.52034">
        <ele>396.351318359375</ele>
        <time>2000-01-01T00:00:00Z</time>
      </trkpt>
      <trkpt lat="60.01915" lon="9.52015">
        <ele>396.90338134765625</ele>
        <time>2000-01-01T00:00:00Z</time>
      </trkpt>
      <trkpt lat="60.01946" lon="9.52">
        <ele>397.4628601074219</ele>
        <time>2000-01-01T00:00:00Z</time>
      </trkpt>
      <trkpt lat="60.01963" lon="9.51999">
        <ele>397.76123046875</ele>
        <time>2000-01-01T00:00:00Z</time>
      </trkpt>
      <trkpt lat="60.01970837816824" lon="9.520011376033478">
        <ele>397.8999938964844</ele>
        <time>2000-01-01T00:00:00Z</time>
      </trkpt>
      <trkpt lat="60.01985" lon="9.52005">
        <ele>397.6492919921875</ele>
        <time>2000-01-01T00:00:00Z</time>
      </trkpt>
      <trkpt lat="60.01998" lon="9.52031">
        <ele>397.32684326171875</ele>
        <time>2000-01-01T00:00:00Z</time>
      </trkpt>
      <trkpt lat="60.02005" lon="9.5207">
        <ele>396.9635925292969</ele>
        <time>2000-01-01T00:00:00Z</time>
      </trkpt>
      <trkpt lat="60.02015" lon="9.52166">
        <ele>396.1039733886719</ele>
        <time>2000-01-01T00:00:00Z</time>
      </trkpt>
      <trkpt lat="60.020158141179884" lon="9.52189205677872">
        <ele>395.8999938964844</ele>
        <time>2000-01-01T00:00:00Z</time>
      </trkpt>
      <trkpt lat="60.02017" lon="9.52223">
        <ele>394.6528625488281</ele>
        <time>2000-01-01T00:00:00Z</time>
      </trkpt>
      <trkpt lat="60.02026" lon="9.52309">
        <ele>391.4181213378906</ele>
        <time>2000-01-01T00:00:00Z</time>
      </trkpt>
      <trkpt lat="60.02025" lon="9.52409">
        <ele>387.7358093261719</ele>
        <time>2000-01-01T00:00:00Z</time>
      </trkpt>
      <trkpt lat="60.020257762562544" lon="9.524152102866548">
        <ele>387.5</ele>
        <time>2000-01-01T00:00:00Z</time>
      </trkpt>
      <trkpt lat="60.02028" lon="9.52433">
        <ele>387.03399658203125</ele>
        <time>2000-01-01T00:00:00Z</time>
      </trkpt>
      <trkpt lat="60.0204" lon="9.52458">
        <ele>386.15240478515625</ele>
        <time>2000-01-01T00:00:00Z</time>
      </trkpt>
      <trkpt lat="60.02057" lon="9.52479">
        <ele>385.1363830566406</ele>
        <time>2000-01-01T00:00:00Z</time>
      </trkpt>
      <trkpt lat="60.02087" lon="9.52531">
        <ele>383.1170654296875</ele>
        <time>2000-01-01T00:00:00Z</time>
      </trkpt>
      <trkpt lat="60.02100581692365" lon="9.525796684718095">
        <ele>381.70001220703125</ele>
        <time>2000-01-01T00:00:00Z</time>
      </trkpt>
      <trkpt lat="60.02111" lon="9.52617">
        <ele>380.3132629394531</ele>
        <time>2000-01-01T00:00:00Z</time>
      </trkpt>
      <trkpt lat="60.02134" lon="9.52672">
        <ele>377.98699951171875</ele>
        <time>2000-01-01T00:00:00Z</time>
      </trkpt>
      <trkpt lat="60.02144" lon="9.52717">
        <ele>376.38983154296875</ele>
        <time>2000-01-01T00:00:00Z</time>
      </trkpt>
      <trkpt lat="60.021527216779944" lon="9.52779020856541">
        <ele>374.29998779296875</ele>
        <time>2000-01-01T00:00:00Z</time>
      </trkpt>
      <trkpt lat="60.02153" lon="9.52781">
        <ele>374.22259521484375</ele>
        <time>2000-01-01T00:00:00Z</time>
      </trkpt>
      <trkpt lat="60.02162" lon="9.52823">
        <ele>372.4997253417969</ele>
        <time>2000-01-01T00:00:00Z</time>
      </trkpt>
      <trkpt lat="60.02163" lon="9.52853">
        <ele>371.3668518066406</ele>
        <time>2000-01-01T00:00:00Z</time>
      </trkpt>
      <trkpt lat="60.0216" lon="9.5288">
        <ele>370.32421875</ele>
        <time>2000-01-01T00:00:00Z</time>
      </trkpt>
      <trkpt lat="60.02161" lon="9.52903">
        <ele>369.4538269042969</ele>
        <time>2000-01-01T00:00:00Z</time>
      </trkpt>
      <trkpt lat="60.0216" lon="9.52934">
        <ele>368.28302001953125</ele>
        <time>2000-01-01T00:00:00Z</time>
      </trkpt>
      <trkpt lat="60.02151" lon="9.52973">
        <ele>366.6636962890625</ele>
        <time>2000-01-01T00:00:00Z</time>
      </trkpt>
      <trkpt lat="60.021450188508624" lon="9.52995594552433">
        <ele>365.70001220703125</ele>
        <time>2000-01-01T00:00:00Z</time>
      </trkpt>
      <trkpt lat="60.02133" lon="9.53041">
        <ele>364.4839782714844</ele>
        <time>2000-01-01T00:00:00Z</time>
      </trkpt>
      <trkpt lat="60.02121" lon="9.53067">
        <ele>363.6461486816406</ele>
        <time>2000-01-01T00:00:00Z</time>
      </trkpt>
      <trkpt lat="60.02113" lon="9.53106">
        <ele>362.6483459472656</ele>
        <time>2000-01-01T00:00:00Z</time>
      </trkpt>
      <trkpt lat="60.02102" lon="9.53112">
        <ele>362.1082458496094</ele>
        <time>2000-01-01T00:00:00Z</time>
      </trkpt>
      <trkpt lat="60.0208" lon="9.53121">
        <ele>361.0447998046875</ele>
        <time>2000-01-01T00:00:00Z</time>
      </trkpt>
      <trkpt lat="60.0207" lon="9.53128">
        <ele>360.5429992675781</ele>
        <time>2000-01-01T00:00:00Z</time>
      </trkpt>
      <trkpt lat="60.02065895544784" lon="9.531341566792866">
        <ele>360.29998779296875</ele>
        <time>2000-01-01T00:00:00Z</time>
      </trkpt>
      <trkpt lat="60.02064" lon="9.53137">
        <ele>359.99212646484375</ele>
        <time>2000-01-01T00:00:00Z</time>
      </trkpt>
      <trkpt lat="60.0206" lon="9.53155">
        <ele>358.71484375</ele>
        <time>2000-01-01T00:00:00Z</time>
      </trkpt>
      <trkpt lat="60.02061" lon="9.53177">
        <ele>357.28143310546875</ele>
        <time>2000-01-01T00:00:00Z</time>
      </trkpt>
      <trkpt lat="60.02067" lon="9.53214">
        <ele>354.75860595703125</ele>
        <time>2000-01-01T00:00:00Z</time>
      </trkpt>
      <trkpt lat="60.02068" lon="9.53219">
        <ele>354.4092712402344</ele>
        <time>2000-01-01T00:00:00Z</time>
      </trkpt>
      <trkpt lat="60.02077" lon="9.5326">
        <ele>351.5045166015625</ele>
        <time>2000-01-01T00:00:00Z</time>
      </trkpt>
      <trkpt lat="60.02101344106291" lon="9.533387128991102">
        <ele>345.5</ele>
        <time>2000-01-01T00:00:00Z</time>
      </trkpt>
      <trkpt lat="60.02107" lon="9.53357">
        <ele>344.0770263671875</ele>
        <time>2000-01-01T00:00:00Z</time>
      </trkpt>
      <trkpt lat="60.02117" lon="9.53396">
        <ele>341.17529296875</ele>
        <time>2000-01-01T00:00:00Z</time>
      </trkpt>
      <trkpt lat="60.02161" lon="9.53519">
        <ele>331.16412353515625</ele>
        <time>2000-01-01T00:00:00Z</time>
      </trkpt>
      <trkpt lat="60.02162876294925" lon="9.535299181373366">
        <ele>330.3999938964844</ele>
        <time>2000-01-01T00:00:00Z</time>
      </trkpt>
      <trkpt lat="60.02172" lon="9.53583">
        <ele>328.185546875</ele>
        <time>2000-01-01T00:00:00Z</time>
      </trkpt>
      <trkpt lat="60.02175" lon="9.53664">
        <ele>324.98187255859375</ele>
        <time>2000-01-01T00:00:00Z</time>
      </trkpt>
      <trkpt lat="60.02182" lon="9.53704">
        <ele>323.310302734375</ele>
        <time>2000-01-01T00:00:00Z</time>
      </trkpt>
      <trkpt lat="60.021946560293756" lon="9.53745270218273">
        <ele>321.3999938964844</ele>
        <time>2000-01-01T00:00:00Z</time>
      </trkpt>
      <trkpt lat="60.02205" lon="9.53779">
        <ele>320.515380859375</ele>
        <time>2000-01-01T00:00:00Z</time>
      </trkpt>
      <trkpt lat="60.02212" lon="9.53813">
        <ele>319.69342041015625</ele>
        <time>2000-01-01T00:00:00Z</time>
      </trkpt>
      <trkpt lat="60.02219" lon="9.53901">
        <ele>317.7016906738281</ele>
        <time>2000-01-01T00:00:00Z</time>
      </trkpt>
      <trkpt lat="60.02229888110642" lon="9.53959799405312">
        <ele>316.29998779296875</ele>
        <time>2000-01-01T00:00:00Z</time>
      </trkpt>
      <trkpt lat="60.02244" lon="9.54036">
        <ele>313.379638671875</ele>
        <time>2000-01-01T00:00:00Z</time>
      </trkpt>
      <trkpt lat="60.02255" lon="9.54063">
        <ele>312.1274108886719</ele>
        <time>2000-01-01T00:00:00Z</time>
      </trkpt>
      <trkpt lat="60.02266" lon="9.54079">
        <ele>311.1494140625</ele>
        <time>2000-01-01T00:00:00Z</time>
      </trkpt>
      <trkpt lat="60.02286" lon="9.54094">
        <ele>309.61322021484375</ele>
        <time>2000-01-01T00:00:00Z</time>
      </trkpt>
      <trkpt lat="60.02302" lon="9.54118">
        <ele>308.1747741699219</ele>
        <time>2000-01-01T00:00:00Z</time>
      </trkpt>
      <trkpt lat="60.02302736955039" lon="9.541194740946917">
        <ele>308.1000061035156</ele>
        <time>2000-01-01T00:00:00Z</time>
      </trkpt>
      <trkpt lat="60.02315" lon="9.54144">
        <ele>306.9140625</ele>
        <time>2000-01-01T00:00:00Z</time>
      </trkpt>
      <trkpt lat="60.02326" lon="9.54173">
        <ele>305.6695251464844</ele>
        <time>2000-01-01T00:00:00Z</time>
      </trkpt>
      <trkpt lat="60.02344" lon="9.54233">
        <ele>303.2771911621094</ele>
        <time>2000-01-01T00:00:00Z</time>
      </trkpt>
      <trkpt lat="60.02357" lon="9.54267">
        <ele>301.8136901855469</ele>
        <time>2000-01-01T00:00:00Z</time>
      </trkpt>
      <trkpt lat="60.023676003923114" lon="9.543058688331042">
        <ele>300.29998779296875</ele>
        <time>2000-01-01T00:00:00Z</time>
      </trkpt>
      <trkpt lat="60.02378" lon="9.54344">
        <ele>297.52044677734375</ele>
        <time>2000-01-01T00:00:00Z</time>
      </trkpt>
      <trkpt lat="60.02412300860192" lon="9.545155048178493">
        <ele>285.70001220703125</ele>
        <time>2000-01-01T00:00:00Z</time>
      </trkpt>
      <trkpt lat="60.02415" lon="9.54529">
        <ele>284.8716735839844</ele>
        <time>2000-01-01T00:00:00Z</time>
      </trkpt>
      <trkpt lat="60.02422" lon="9.54605">
        <ele>280.4688720703125</ele>
        <time>2000-01-01T00:00:00Z</time>
      </trkpt>
      <trkpt lat="60.02423" lon="9.54692">
        <ele>275.51123046875</ele>
        <time>2000-01-01T00:00:00Z</time>
      </trkpt>
      <trkpt lat="60.02428" lon="9.54727">
        <ele>273.4369201660156</ele>
        <time>2000-01-01T00:00:00Z</time>
      </trkpt>
      <trkpt lat="60.024319472510264" lon="9.547372439013081">
        <ele>272.70001220703125</ele>
        <time>2000-01-01T00:00:00Z</time>
      </trkpt>
      <trkpt lat="60.02465" lon="9.54823">
        <ele>268.8079833984375</ele>
        <time>2000-01-01T00:00:00Z</time>
      </trkpt>
      <trkpt lat="60.02483" lon="9.54886">
        <ele>266.1999206542969</ele>
        <time>2000-01-01T00:00:00Z</time>
      </trkpt>
      <trkpt lat="60.02493250179244" lon="9.549286199218306">
        <ele>264.5</ele>
        <time>2000-01-01T00:00:00Z</time>
      </trkpt>
      <trkpt lat="60.02502" lon="9.54965">
        <ele>262.6596374511719</ele>
        <time>2000-01-01T00:00:00Z</time>
      </trkpt>
      <trkpt lat="60.02517" lon="9.55048">
        <ele>258.6373596191406</ele>
        <time>2000-01-01T00:00:00Z</time>
      </trkpt>
      <trkpt lat="60.02526" lon="9.5508">
        <ele>256.9637451171875</ele>
        <time>2000-01-01T00:00:00Z</time>
      </trkpt>
      <trkpt lat="60.02538" lon="9.55104">
        <ele>255.4165802001953</ele>
        <time>2000-01-01T00:00:00Z</time>
      </trkpt>
      <trkpt lat="60.02549634512178" lon="9.551210885017195">
        <ele>254.10000610351562</ele>
        <time>2000-01-01T00:00:00Z</time>
      </trkpt>
      <trkpt lat="60.0257" lon="9.55151">
        <ele>250.2228240966797</ele>
        <time>2000-01-01T00:00:00Z</time>
      </trkpt>
      <trkpt lat="60.02585" lon="9.55183">
        <ele>246.85780334472656</ele>
        <time>2000-01-01T00:00:00Z</time>
      </trkpt>
      <trkpt lat="60.02609" lon="9.55255">
        <ele>240.21954345703125</ele>
        <time>2000-01-01T00:00:00Z</time>
      </trkpt>
      <trkpt lat="60.02623" lon="9.55289">
        <ele>236.84095764160156</ele>
        <time>2000-01-01T00:00:00Z</time>
      </trkpt>
      <trkpt lat="60.02623863392187" lon="9.552916189128865">
        <ele>236.60000610351562</ele>
        <time>2000-01-01T00:00:00Z</time>
      </trkpt>
      <trkpt lat="60.02657" lon="9.55392">
        <ele>231.9600372314453</ele>
        <time>2000-01-01T00:00:00Z</time>
      </trkpt>
      <trkpt lat="60.02663" lon="9.55406">
        <ele>231.248779296875</ele>
        <time>2000-01-01T00:00:00Z</time>
      </trkpt>
      <trkpt lat="60.02682" lon="9.55427">
        <ele>229.57342529296875</ele>
        <time>2000-01-01T00:00:00Z</time>
      </trkpt>
      <trkpt lat="60.02699" lon="9.55444">
        <ele>228.1068572998047</ele>
        <time>2000-01-01T00:00:00Z</time>
      </trkpt>
      <trkpt lat="60.02702742704708" lon="9.554466734339684">
        <ele>227.8000030517578</ele>
        <time>2000-01-01T00:00:00Z</time>
      </trkpt>
      <trkpt lat="60.0272" lon="9.55459">
        <ele>227.65538024902344</ele>
        <time>2000-01-01T00:00:00Z</time>
      </trkpt>
      <trkpt lat="60.02739" lon="9.55477">
        <ele>227.48939514160156</ele>
        <time>2000-01-01T00:00:00Z</time>
      </trkpt>
      <trkpt lat="60.02776" lon="9.5552">
        <ele>227.15164184570312</ele>
        <time>2000-01-01T00:00:00Z</time>
      </trkpt>
      <trkpt lat="60.02797" lon="9.55538">
        <ele>226.97128295898438</ele>
        <time>2000-01-01T00:00:00Z</time>
      </trkpt>
      <trkpt lat="60.02805592073804" lon="9.555435848772888">
        <ele>226.89999389648438</ele>
        <time>2000-01-01T00:00:00Z</time>
      </trkpt>
      <trkpt lat="60.02817" lon="9.55551">
        <ele>226.9946746826172</ele>
        <time>2000-01-01T00:00:00Z</time>
      </trkpt>
      <trkpt lat="60.02832" lon="9.55555">
        <ele>227.11415100097656</ele>
        <time>2000-01-01T00:00:00Z</time>
      </trkpt>
      <trkpt lat="60.02875" lon="9.55551">
        <ele>227.45399475097656</ele>
        <time>2000-01-01T00:00:00Z</time>
      </trkpt>
      <trkpt lat="60.02919" lon="9.55553">
        <ele>227.79954528808594</ele>
        <time>2000-01-01T00:00:00Z</time>
      </trkpt>
      <trkpt lat="60.02961" lon="9.55566">
        <ele>227.68771362304688</ele>
        <time>2000-01-01T00:00:00Z</time>
      </trkpt>
      <trkpt lat="60.03022" lon="9.55577">
        <ele>227.52655029296875</ele>
        <time>2000-01-01T00:00:00Z</time>
      </trkpt>
      <trkpt lat="60.03031745051629" lon="9.555822206223091">
        <ele>227.5</ele>
        <time>2000-01-01T00:00:00Z</time>
      </trkpt>
      <trkpt lat="60.0305" lon="9.55592">
        <ele>226.4556884765625</ele>
        <time>2000-01-01T00:00:00Z</time>
      </trkpt>
      <trkpt lat="60.03069" lon="9.55614">
        <ele>225.24278259277344</ele>
        <time>2000-01-01T00:00:00Z</time>
      </trkpt>
      <trkpt lat="60.03081" lon="9.55625">
        <ele>224.51353454589844</ele>
        <time>2000-01-01T00:00:00Z</time>
      </trkpt>
      <trkpt lat="60.03103" lon="9.55632">
        <ele>223.2825927734375</ele>
        <time>2000-01-01T00:00:00Z</time>
      </trkpt>
      <trkpt lat="60.03125" lon="9.55634">
        <ele>222.0655517578125</ele>
        <time>2000-01-01T00:00:00Z</time>
      </trkpt>
      <trkpt lat="60.031406526487935" lon="9.556329079389174">
        <ele>221.1999969482422</ele>
        <time>2000-01-01T00:00:00Z</time>
      </trkpt>
      <trkpt lat="60.03168" lon="9.55631">
        <ele>218.0555877685547</ele>
        <time>2000-01-01T00:00:00Z</time>
      </trkpt>
      <trkpt lat="60.0321" lon="9.55622">
        <ele>213.2019500732422</ele>
        <time>2000-01-01T00:00:00Z</time>
      </trkpt>
      <trkpt lat="60.03226" lon="9.55623">
        <ele>211.36231994628906</ele>
        <time>2000-01-01T00:00:00Z</time>
      </trkpt>
      <trkpt lat="60.03239" lon="9.55631">
        <ele>209.7998809814453</ele>
        <time>2000-01-01T00:00:00Z</time>
      </trkpt>
      <trkpt lat="60.03250237043718" lon="9.556502636101143">
        <ele>208.10000610351562</ele>
        <time>2000-01-01T00:00:00Z</time>
      </trkpt>
      <trkpt lat="60.0326" lon="9.55667">
        <ele>206.1275177001953</ele>
        <time>2000-01-01T00:00:00Z</time>
      </trkpt>
      <trkpt lat="60.03279" lon="9.55682">
        <ele>202.99197387695312</ele>
        <time>2000-01-01T00:00:00Z</time>
      </trkpt>
      <trkpt lat="60.03297" lon="9.55684">
        <ele>200.22463989257812</ele>
        <time>2000-01-01T00:00:00Z</time>
      </trkpt>
      <trkpt lat="60.03319" lon="9.55675">
        <ele>196.77825927734375</ele>
        <time>2000-01-01T00:00:00Z</time>
      </trkpt>
      <trkpt lat="60.03357629118465" lon="9.556523878313183">
        <ele>190.60000610351562</ele>
        <time>2000-01-01T00:00:00Z</time>
      </trkpt>
      <trkpt lat="60.0336" lon="9.55651">
        <ele>190.4069061279297</ele>
        <time>2000-01-01T00:00:00Z</time>
      </trkpt>
      <trkpt lat="60.03377" lon="9.55646">
        <ele>189.06582641601562</ele>
        <time>2000-01-01T00:00:00Z</time>
      </trkpt>
      <trkpt lat="60.03421" lon="9.55654">
        <ele>185.61659240722656</ele>
        <time>2000-01-01T00:00:00Z</time>
      </trkpt>
      <trkpt lat="60.03465" lon="9.55656">
        <ele>182.18115234375</ele>
        <time>2000-01-01T00:00:00Z</time>
      </trkpt>
      <trkpt lat="60.03471148938624" lon="9.556552313391265">
        <ele>181.6999969482422</ele>
        <time>2000-01-01T00:00:00Z</time>
      </trkpt>
      <trkpt lat="60.03505" lon="9.55651">
        <ele>178.30880737304688</ele>
        <time>2000-01-01T00:00:00Z</time>
      </trkpt>
      <trkpt lat="60.03527" lon="9.55644">
        <ele>176.08154296875</ele>
        <time>2000-01-01T00:00:00Z</time>
      </trkpt>
      <trkpt lat="60.03548" lon="9.55632">
        <ele>173.8977508544922</ele>
        <time>2000-01-01T00:00:00Z</time>
      </trkpt>
      <trkpt lat="60.03563" lon="9.55619">
        <ele>172.26364135742188</ele>
        <time>2000-01-01T00:00:00Z</time>
      </trkpt>
      <trkpt lat="60.035781643147914" lon="9.555940234740065">
        <ele>170.3000030517578</ele>
        <time>2000-01-01T00:00:00Z</time>
      </trkpt>
      <trkpt lat="60.0358" lon="9.55591">
        <ele>170.3000030517578</ele>
        <time>2000-01-01T00:00:00Z</time>
      </trkpt>
      <trkpt lat="60.03625" lon="9.55494">
        <ele>170.3000030517578</ele>
        <time>2000-01-01T00:00:00Z</time>
      </trkpt>
      <trkpt lat="60.03641" lon="9.5547">
        <ele>170.3000030517578</ele>
        <time>2000-01-01T00:00:00Z</time>
      </trkpt>
      <trkpt lat="60.03657" lon="9.55454">
        <ele>170.3000030517578</ele>
        <time>2000-01-01T00:00:00Z</time>
      </trkpt>
      <trkpt lat="60.036585735581525" lon="9.554390511635232">
        <ele>170.3000030517578</ele>
        <time>2000-01-01T00:00:00Z</time>
      </trkpt>
      <trkpt lat="60.03659" lon="9.55435">
        <ele>170.3543701171875</ele>
        <time>2000-01-01T00:00:00Z</time>
      </trkpt>
      <trkpt lat="60.03667" lon="9.55409">
        <ele>170.75579833984375</ele>
        <time>2000-01-01T00:00:00Z</time>
      </trkpt>
      <trkpt lat="60.03717" lon="9.55267">
        <ele>173.0391082763672</ele>
        <time>2000-01-01T00:00:00Z</time>
      </trkpt>
      <trkpt lat="60.037240125485404" lon="9.55252974156084">
        <ele>173.3000030517578</ele>
        <time>2000-01-01T00:00:00Z</time>
      </trkpt>
      <trkpt lat="60.03748" lon="9.55205">
        <ele>173.9839630126953</ele>
        <time>2000-01-01T00:00:00Z</time>
      </trkpt>
      <trkpt lat="60.03776" lon="9.55141">
        <ele>174.84133911132812</ele>
        <time>2000-01-01T00:00:00Z</time>
      </trkpt>
      <trkpt lat="60.03805519299819" lon="9.550943404533538">
        <ele>175.60000610351562</ele>
        <time>2000-01-01T00:00:00Z</time>
      </trkpt>
      <trkpt lat="60.03807" lon="9.55092">
        <ele>175.5287628173828</ele>
        <time>2000-01-01T00:00:00Z</time>
      </trkpt>
      <trkpt lat="60.03827" lon="9.55074">
        <ele>174.70196533203125</ele>
        <time>2000-01-01T00:00:00Z</time>
      </trkpt>
      <trkpt lat="60.03846" lon="9.55062">
        <ele>173.95053100585938</ele>
        <time>2000-01-01T00:00:00Z</time>
      </trkpt>
      <trkpt lat="60.03866" lon="9.55048">
        <ele>173.15142822265625</ele>
        <time>2000-01-01T00:00:00Z</time>
      </trkpt>
      <trkpt lat="60.03904" lon="9.55007">
        <ele>171.5234832763672</ele>
        <time>2000-01-01T00:00:00Z</time>
      </trkpt>
      <trkpt lat="60.03909602558618" lon="9.55003148215079">
        <ele>171.3000030517578</ele>
        <time>2000-01-01T00:00:00Z</time>
      </trkpt>
      <trkpt lat="60.0392" lon="9.54996">
        <ele>170.7502899169922</ele>
        <time>2000-01-01T00:00:00Z</time>
      </trkpt>
      <trkpt lat="60.03926" lon="9.54998">
        <ele>170.4462127685547</ele>
        <time>2000-01-01T00:00:00Z</time>
      </trkpt>
      <trkpt lat="60.03942" lon="9.55014">
        <ele>169.55198669433594</ele>
        <time>2000-01-01T00:00:00Z</time>
      </trkpt>
      <trkpt lat="60.03958" lon="9.55027">
        <ele>168.6886749267578</ele>
        <time>2000-01-01T00:00:00Z</time>
      </trkpt>
      <trkpt lat="60.03977" lon="9.55029">
        <ele>167.7373809814453</ele>
        <time>2000-01-01T00:00:00Z</time>
      </trkpt>
      <trkpt lat="60.03997" lon="9.55026">
        <ele>166.73477172851562</ele>
        <time>2000-01-01T00:00:00Z</time>
      </trkpt>
      <trkpt lat="60.04019388506036" lon="9.550185369923074">
        <ele>165.60000610351562</ele>
        <time>2000-01-01T00:00:00Z</time>
      </trkpt>
      <trkpt lat="60.0406" lon="9.55005">
        <ele>160.25498962402344</ele>
        <time>2000-01-01T00:00:00Z</time>
      </trkpt>
      <trkpt lat="60.0408" lon="9.55003">
        <ele>157.65615844726562</ele>
        <time>2000-01-01T00:00:00Z</time>
      </trkpt>
      <trkpt lat="60.04101" lon="9.55003">
        <ele>154.9293975830078</ele>
        <time>2000-01-01T00:00:00Z</time>
      </trkpt>
      <trkpt lat="60.04132565666997" lon="9.550108914288682">
        <ele>150.8000030517578</ele>
        <time>2000-01-01T00:00:00Z</time>
      </trkpt>
      <trkpt lat="60.04145" lon="9.55014">
        <ele>149.7118682861328</ele>
        <time>2000-01-01T00:00:00Z</time>
      </trkpt>
      <trkpt lat="60.04231" lon="9.55014">
        <ele>142.24363708496094</ele>
        <time>2000-01-01T00:00:00Z</time>
      </trkpt>
      <trkpt lat="60.04246439327862" lon="9.550161053646855">
        <ele>140.89999389648438</ele>
        <time>2000-01-01T00:00:00Z</time>
      </trkpt>
      <trkpt lat="60.04253" lon="9.55017">
        <ele>140.32301330566406</ele>
        <time>2000-01-01T00:00:00Z</time>
      </trkpt>
      <trkpt lat="60.04268" lon="9.55021">
        <ele>138.99560546875</ele>
        <time>2000-01-01T00:00:00Z</time>
      </trkpt>
      <trkpt lat="60.04318" lon="9.5504">
        <ele>134.53175354003906</ele>
        <time>2000-01-01T00:00:00Z</time>
      </trkpt>
      <trkpt lat="60.04339" lon="9.5504">
        <ele>132.68994140625</ele>
        <time>2000-01-01T00:00:00Z</time>
      </trkpt>
      <trkpt lat="60.04348" lon="9.55034">
        <ele>131.85784912109375</ele>
        <time>2000-01-01T00:00:00Z</time>
      </trkpt>
      <trkpt lat="60.04356740042448" lon="9.550208899251622">
        <ele>130.89999389648438</ele>
        <time>2000-01-01T00:00:00Z</time>
      </trkpt>
      <trkpt lat="60.0436" lon="9.55016">
        <ele>130.92855834960938</ele>
        <time>2000-01-01T00:00:00Z</time>
      </trkpt>
      <trkpt lat="60.04374" lon="9.54991">
        <ele>131.06021118164062</ele>
        <time>2000-01-01T00:00:00Z</time>
      </trkpt>
      <trkpt lat="60.04411" lon="9.54883">
        <ele>131.5190887451172</ele>
        <time>2000-01-01T00:00:00Z</time>
      </trkpt>
      <trkpt lat="60.04422" lon="9.54859">
        <ele>131.63323974609375</ele>
        <time>2000-01-01T00:00:00Z</time>
      </trkpt>
      <trkpt lat="60.04429615298796" lon="9.548475767942948">
        <ele>131.6999969482422</ele>
        <time>2000-01-01T00:00:00Z</time>
      </trkpt>
      <trkpt lat="60.04448" lon="9.5482">
        <ele>131.9820556640625</ele>
        <time>2000-01-01T00:00:00Z</time>
      </trkpt>
      <trkpt lat="60.04461" lon="9.54812">
        <ele>132.14910888671875</ele>
        <time>2000-01-01T00:00:00Z</time>
      </trkpt>
      <trkpt lat="60.0448" lon="9.54816">
        <ele>132.38368225097656</ele>
        <time>2000-01-01T00:00:00Z</time>
      </trkpt>
      <trkpt lat="60.04502" lon="9.54816">
        <ele>132.65380859375</ele>
        <time>2000-01-01T00:00:00Z</time>
      </trkpt>
      <trkpt lat="60.0453708566289" lon="9.547971077164934">
        <ele>133.10000610351562</ele>
        <time>2000-01-01T00:00:00Z</time>
      </trkpt>
      <trkpt lat="60.04541" lon="9.54795">
        <ele>133.21368408203125</ele>
        <time>2000-01-01T00:00:00Z</time>
      </trkpt>
      <trkpt lat="60.04556" lon="9.54784">
        <ele>133.662109375</ele>
        <time>2000-01-01T00:00:00Z</time>
      </trkpt>
      <trkpt lat="60.04562" lon="9.54774">
        <ele>133.8812713623047</ele>
        <time>2000-01-01T00:00:00Z</time>
      </trkpt>
      <trkpt lat="60.04569" lon="9.54765">
        <ele>134.11473083496094</ele>
        <time>2000-01-01T00:00:00Z</time>
      </trkpt>
      <trkpt lat="60.04582" lon="9.54736">
        <ele>134.66099548339844</ele>
        <time>2000-01-01T00:00:00Z</time>
      </trkpt>
      <trkpt lat="60.04625764310702" lon="9.546585702104124">
        <ele>136.3000030517578</ele>
        <time>2000-01-01T00:00:00Z</time>
      </trkpt>
      <trkpt lat="60.04647" lon="9.54621">
        <ele>136.39942932128906</ele>
        <time>2000-01-01T00:00:00Z</time>
      </trkpt>
      <trkpt lat="60.04677" lon="9.54564">
        <ele>136.54449462890625</ele>
        <time>2000-01-01T00:00:00Z</time>
      </trkpt>
      <trkpt lat="60.0469" lon="9.54544">
        <ele>136.6020050048828</ele>
        <time>2000-01-01T00:00:00Z</time>
      </trkpt>
      <trkpt lat="60.04703" lon="9.54537">
        <ele>136.64923095703125</ele>
        <time>2000-01-01T00:00:00Z</time>
      </trkpt>
      <trkpt lat="60.04713" lon="9.54538">
        <ele>136.68438720703125</ele>
        <time>2000-01-01T00:00:00Z</time>
      </trkpt>
      <trkpt lat="60.047172986151715" lon="9.545403284853945">
        <ele>136.6999969482422</ele>
        <time>2000-01-01T00:00:00Z</time>
      </trkpt>
      <trkpt lat="60.04737" lon="9.54551">
        <ele>135.75132751464844</ele>
        <time>2000-01-01T00:00:00Z</time>
      </trkpt>
      <trkpt lat="60.04774" lon="9.546">
        <ele>133.68907165527344</ele>
        <time>2000-01-01T00:00:00Z</time>
      </trkpt>
      <trkpt lat="60.04791" lon="9.54615">
        <ele>132.82537841796875</ele>
        <time>2000-01-01T00:00:00Z</time>
      </trkpt>
      <trkpt lat="60.04807" lon="9.54621">
        <ele>132.0687713623047</ele>
        <time>2000-01-01T00:00:00Z</time>
      </trkpt>
      <trkpt lat="60.04821293719497" lon="9.546177514231976">
        <ele>131.39999389648438</ele>
        <time>2000-01-01T00:00:00Z</time>
      </trkpt>
      <trkpt lat="60.04829" lon="9.54616">
        <ele>130.9715576171875</ele>
        <time>2000-01-01T00:00:00Z</time>
      </trkpt>
      <trkpt lat="60.04849" lon="9.54604">
        <ele>129.8176727294922</ele>
        <time>2000-01-01T00:00:00Z</time>
      </trkpt>
      <trkpt lat="60.04863" lon="9.54605">
        <ele>129.04379272460938</ele>
        <time>2000-01-01T00:00:00Z</time>
      </trkpt>
      <trkpt lat="60.04906" lon="9.54618">
        <ele>126.64064025878906</ele>
        <time>2000-01-01T00:00:00Z</time>
      </trkpt>
      <trkpt lat="60.04928" lon="9.54622">
        <ele>125.41991424560547</ele>
        <time>2000-01-01T00:00:00Z</time>
      </trkpt>
      <trkpt lat="60.04933754420491" lon="9.546206720530721">
        <ele>125.0999984741211</ele>
        <time>2000-01-01T00:00:00Z</time>
      </trkpt>
      <trkpt lat="60.04941" lon="9.54619">
        <ele>124.8889389038086</ele>
        <time>2000-01-01T00:00:00Z</time>
      </trkpt>
      <trkpt lat="60.04944" lon="9.54618">
        <ele>124.80081939697266</ele>
        <time>2000-01-01T00:00:00Z</time>
      </trkpt>
      <trkpt lat="60.04965" lon="9.54606">
        <ele>124.16883087158203</ele>
        <time>2000-01-01T00:00:00Z</time>
      </trkpt>
      <trkpt lat="60.04985" lon="9.54588">
        <ele>123.53408813476562</ele>
        <time>2000-01-01T00:00:00Z</time>
      </trkpt>
      <trkpt lat="60.05003" lon="9.54564">
        <ele>122.90819549560547</ele>
        <time>2000-01-01T00:00:00Z</time>
      </trkpt>
      <trkpt lat="60.05023" lon="9.54546">
        <ele>122.27345275878906</ele>
        <time>2000-01-01T00:00:00Z</time>
      </trkpt>
      <trkpt lat="60.05038178194798" lon="9.545337832076621">
        <ele>121.80000305175781</ele>
        <time>2000-01-01T00:00:00Z</time>
      </trkpt>
      <trkpt lat="60.05064" lon="9.54513">
        <ele>122.2393569946289</ele>
        <time>2000-01-01T00:00:00Z</time>
      </trkpt>
      <trkpt lat="60.05082" lon="9.54502">
        <ele>122.53654479980469</ele>
        <time>2000-01-01T00:00:00Z</time>
      </trkpt>
      <trkpt lat="60.05098" lon="9.54499">
        <ele>122.79017639160156</ele>
        <time>2000-01-01T00:00:00Z</time>
      </trkpt>
      <trkpt lat="60.0512" lon="9.545">
        <ele>123.13768768310547</ele>
        <time>2000-01-01T00:00:00Z</time>
      </trkpt>
      <trkpt lat="60.05149159793448" lon="9.544946284546434">
        <ele>123.5999984741211</ele>
        <time>2000-01-01T00:00:00Z</time>
      </trkpt>
      <trkpt lat="60.05158" lon="9.54493">
        <ele>123.63892364501953</ele>
        <time>2000-01-01T00:00:00Z</time>
      </trkpt>
      <trkpt lat="60.05199" lon="9.54468">
        <ele>123.82688903808594</ele>
        <time>2000-01-01T00:00:00Z</time>
      </trkpt>
      <trkpt lat="60.0522" lon="9.54458">
        <ele>123.92156982421875</ele>
        <time>2000-01-01T00:00:00Z</time>
      </trkpt>
      <trkpt lat="60.052600685745425" lon="9.544438579246185">
        <ele>124.0999984741211</ele>
        <time>2000-01-01T00:00:00Z</time>
      </trkpt>
      <trkpt lat="60.05305" lon="9.54428">
        <ele>122.45931243896484</ele>
        <time>2000-01-01T00:00:00Z</time>
      </trkpt>
      <trkpt lat="60.05329" lon="9.54422">
        <ele>121.58960723876953</ele>
        <time>2000-01-01T00:00:00Z</time>
      </trkpt>
      <trkpt lat="60.05373180185673" lon="9.544191496592196">
        <ele>120.0</ele>
        <time>2000-01-01T00:00:00Z</time>
      </trkpt>
      <trkpt lat="60.05391" lon="9.54418">
        <ele>119.56206512451172</ele>
        <time>2000-01-01T00:00:00Z</time>
      </trkpt>
      <trkpt lat="60.054" lon="9.54418">
        <ele>119.34109497070312</ele>
        <time>2000-01-01T00:00:00Z</time>
      </trkpt>
      <trkpt lat="60.05411" lon="9.54422">
        <ele>119.0665512084961</ele>
        <time>2000-01-01T00:00:00Z</time>
      </trkpt>
      <trkpt lat="60.05421" lon="9.54429">
        <ele>118.80636596679688</ele>
        <time>2000-01-01T00:00:00Z</time>
      </trkpt>
      <trkpt lat="60.05428" lon="9.54435">
        <ele>118.61927795410156</ele>
        <time>2000-01-01T00:00:00Z</time>
      </trkpt>
      <trkpt lat="60.05436" lon="9.54449">
        <ele>118.35841369628906</ele>
        <time>2000-01-01T00:00:00Z</time>
      </trkpt>
      <trkpt lat="60.05444" lon="9.54478">
        <ele>117.95219421386719</ele>
        <time>2000-01-01T00:00:00Z</time>
      </trkpt>
      <trkpt lat="60.05471333251" lon="9.544503152793354">
        <ele>117.19999694824219</ele>
        <time>2000-01-01T00:00:00Z</time>
      </trkpt>
      <trkpt lat="60.05522" lon="9.54399">
        <ele>115.50679016113281</ele>
        <time>2000-01-01T00:00:00Z</time>
      </trkpt>
      <trkpt lat="60.0555" lon="9.54365">
        <ele>114.53038024902344</ele>
        <time>2000-01-01T00:00:00Z</time>
      </trkpt>
      <trkpt lat="60.05570561380354" lon="9.543383463248173">
        <ele>113.80000305175781</ele>
        <time>2000-01-01T00:00:00Z</time>
      </trkpt>
      <trkpt lat="60.05577" lon="9.5433">
        <ele>113.64522552490234</ele>
        <time>2000-01-01T00:00:00Z</time>
      </trkpt>
      <trkpt lat="60.05612" lon="9.54279">
        <ele>112.772216796875</ele>
        <time>2000-01-01T00:00:00Z</time>
      </trkpt>
      <trkpt lat="60.05626" lon="9.54254">
        <ele>112.39384460449219</ele>
        <time>2000-01-01T00:00:00Z</time>
      </trkpt>
      <trkpt lat="60.05635" lon="9.54232">
        <ele>112.1073226928711</ele>
        <time>2000-01-01T00:00:00Z</time>
      </trkpt>
      <trkpt lat="60.05642" lon="9.5421">
        <ele>111.84465026855469</ele>
        <time>2000-01-01T00:00:00Z</time>
      </trkpt>
      <trkpt lat="60.05649" lon="9.54183">
        <ele>111.53824615478516</ele>
        <time>2000-01-01T00:00:00Z</time>
      </trkpt>
      <trkpt lat="60.056495642323824" lon="9.541793718441017">
        <ele>111.5</ele>
        <time>2000-01-01T00:00:00Z</time>
      </trkpt>
      <trkpt lat="60.05656" lon="9.54138">
        <ele>111.48102569580078</ele>
        <time>2000-01-01T00:00:00Z</time>
      </trkpt>
      <trkpt lat="60.05659" lon="9.54088">
        <ele>111.45897674560547</ele>
        <time>2000-01-01T00:00:00Z</time>
      </trkpt>
      <trkpt lat="60.05661" lon="9.53968">
        <ele>111.40641021728516</ele>
        <time>2000-01-01T00:00:00Z</time>
      </trkpt>
      <trkpt lat="60.056625337637854" lon="9.539536846642955">
        <ele>111.4000015258789</ele>
        <time>2000-01-01T00:00:00Z</time>
      </trkpt>
      <trkpt lat="60.05664" lon="9.5394">
        <ele>111.42450714111328</ele>
        <time>2000-01-01T00:00:00Z</time>
      </trkpt>
      <trkpt lat="60.05671" lon="9.53897">
        <ele>111.50370788574219</ele>
        <time>2000-01-01T00:00:00Z</time>
      </trkpt>
      <trkpt lat="60.05685" lon="9.53855">
        <ele>111.59215545654297</ele>
        <time>2000-01-01T00:00:00Z</time>
      </trkpt>
      <trkpt lat="60.05675" lon="9.53832">
        <ele>111.64558410644531</ele>
        <time>2000-01-01T00:00:00Z</time>
      </trkpt>
      <trkpt lat="60.05711531001776" lon="9.53782803911423">
        <ele>111.80000305175781</ele>
        <time>2000-01-01T00:00:00Z</time>
      </trkpt>
      <trkpt lat="60.0575" lon="9.53731">
        <ele>113.42627716064453</ele>
        <time>2000-01-01T00:00:00Z</time>
      </trkpt>
      <trkpt lat="60.0576" lon="9.53657">
        <ele>114.76882934570312</ele>
        <time>2000-01-01T00:00:00Z</time>
      </trkpt>
      <trkpt lat="60.05761" lon="9.53645">
        <ele>114.98197937011719</ele>
        <time>2000-01-01T00:00:00Z</time>
      </trkpt>
      <trkpt lat="60.05763" lon="9.53642">
        <ele>115.0694808959961</ele>
        <time>2000-01-01T00:00:00Z</time>
      </trkpt>
      <trkpt lat="60.05771" lon="9.53638">
        <ele>115.35892486572266</ele>
        <time>2000-01-01T00:00:00Z</time>
      </trkpt>
      <trkpt lat="60.05772" lon="9.53635">
        <ele>115.42210388183594</ele>
        <time>2000-01-01T00:00:00Z</time>
      </trkpt>
      <trkpt lat="60.05772" lon="9.53613">
        <ele>115.81182861328125</ele>
        <time>2000-01-01T00:00:00Z</time>
      </trkpt>
      <trkpt lat="60.05773" lon="9.53606">
        <ele>116.01553344726562</ele>
        <time>2000-01-01T00:00:00Z</time>
      </trkpt>
      <trkpt lat="60.05778" lon="9.53599">
        <ele>116.35810089111328</ele>
        <time>2000-01-01T00:00:00Z</time>
      </trkpt>
      <trkpt lat="60.05788" lon="9.53568">
        <ele>117.39227294921875</ele>
        <time>2000-01-01T00:00:00Z</time>
      </trkpt>
      <trkpt lat="60.05803" lon="9.53535">
        <ele>118.64312744140625</ele>
        <time>2000-01-01T00:00:00Z</time>
      </trkpt>
      <trkpt lat="60.05816" lon="9.53488">
        <ele>120.14842987060547</ele>
        <time>2000-01-01T00:00:00Z</time>
      </trkpt>
      <trkpt lat="60.05822" lon="9.53434">
        <ele>121.69873809814453</ele>
        <time>2000-01-01T00:00:00Z</time>
      </trkpt>
      <trkpt lat="60.05825419560717" lon="9.53417471262834">
        <ele>122.19999694824219</ele>
        <time>2000-01-01T00:00:00Z</time>
      </trkpt>
      <trkpt lat="60.05834" lon="9.53376">
        <ele>125.81594848632812</ele>
        <time>2000-01-01T00:00:00Z</time>
      </trkpt>
      <trkpt lat="60.05837" lon="9.53337">
        <ele>128.99539184570312</ele>
        <time>2000-01-01T00:00:00Z</time>
      </trkpt>
      <trkpt lat="60.05843" lon="9.5331">
        <ele>131.3764190673828</ele>
        <time>2000-01-01T00:00:00Z</time>
      </trkpt>
      <trkpt lat="60.05846" lon="9.53287">
        <ele>133.2913360595703</ele>
        <time>2000-01-01T00:00:00Z</time>
      </trkpt>
      <trkpt lat="60.05847" lon="9.53231">
        <ele>137.80441284179688</ele>
        <time>2000-01-01T00:00:00Z</time>
      </trkpt>
      <trkpt lat="60.05851525980697" lon="9.531975077026635">
        <ele>140.60000610351562</ele>
        <time>2000-01-01T00:00:00Z</time>
      </trkpt>
      <trkpt lat="60.05852" lon="9.53194">
        <ele>140.74163818359375</ele>
        <time>2000-01-01T00:00:00Z</time>
      </trkpt>
      <trkpt lat="60.05853" lon="9.53112">
        <ele>143.93763732910156</ele>
        <time>2000-01-01T00:00:00Z</time>
      </trkpt>
      <trkpt lat="60.05844" lon="9.52983">
        <ele>149.01251220703125</ele>
        <time>2000-01-01T00:00:00Z</time>
      </trkpt>
      <trkpt lat="60.058439988096886" lon="9.529704831047463">
        <ele>149.5</ele>
        <time>2000-01-01T00:00:00Z</time>
      </trkpt>
      <trkpt lat="60.05844" lon="9.52848">
        <ele>154.16502380371094</ele>
        <time>2000-01-01T00:00:00Z</time>
      </trkpt>
      <trkpt lat="60.0584" lon="9.52789">
        <ele>156.43324279785156</ele>
        <time>2000-01-01T00:00:00Z</time>
      </trkpt>
      <trkpt lat="60.05842038619055" lon="9.527427896212838">
        <ele>158.1999969482422</ele>
        <time>2000-01-01T00:00:00Z</time>
      </trkpt>
      <trkpt lat="60.05843" lon="9.52721">
        <ele>158.08505249023438</ele>
        <time>2000-01-01T00:00:00Z</time>
      </trkpt>
      <trkpt lat="60.05854" lon="9.52684">
        <ele>157.8588104248047</ele>
        <time>2000-01-01T00:00:00Z</time>
      </trkpt>
      <trkpt lat="60.05865" lon="9.52652">
        <ele>157.65467834472656</ele>
        <time>2000-01-01T00:00:00Z</time>
      </trkpt>
      <trkpt lat="60.0588" lon="9.52623">
        <ele>157.435302734375</ele>
        <time>2000-01-01T00:00:00Z</time>
      </trkpt>
      <trkpt lat="60.05893" lon="9.52604">
        <ele>157.26593017578125</ele>
        <time>2000-01-01T00:00:00Z</time>
      </trkpt>
      <trkpt lat="60.05903" lon="9.52585">
        <ele>157.12088012695312</ele>
        <time>2000-01-01T00:00:00Z</time>
      </trkpt>
      <trkpt lat="60.05909897172897" lon="9.52566607351911">
        <ele>157.0</ele>
        <time>2000-01-01T00:00:00Z</time>
      </trkpt>
      <trkpt lat="60.05918" lon="9.52545">
        <ele>156.39659118652344</ele>
        <time>2000-01-01T00:00:00Z</time>
      </trkpt>
      <trkpt lat="60.05929" lon="9.52491">
        <ele>155.09429931640625</ele>
        <time>2000-01-01T00:00:00Z</time>
      </trkpt>
      <trkpt lat="60.05938" lon="9.52444">
        <ele>153.970458984375</ele>
        <time>2000-01-01T00:00:00Z</time>
      </trkpt>
      <trkpt lat="60.05944" lon="9.52432">
        <ele>153.59107971191406</ele>
        <time>2000-01-01T00:00:00Z</time>
      </trkpt>
      <trkpt lat="60.0595" lon="9.52415">
        <ele>153.12628173828125</ele>
        <time>2000-01-01T00:00:00Z</time>
      </trkpt>
      <trkpt lat="60.05963102784865" lon="9.523667573223177">
        <ele>151.89999389648438</ele>
        <time>2000-01-01T00:00:00Z</time>
      </trkpt>
      <trkpt lat="60.05972" lon="9.52334">
        <ele>150.6592254638672</ele>
        <time>2000-01-01T00:00:00Z</time>
      </trkpt>
      <trkpt lat="60.05981" lon="9.52287">
        <ele>148.98448181152344</ele>
        <time>2000-01-01T00:00:00Z</time>
      </trkpt>
      <trkpt lat="60.05986" lon="9.52246">
        <ele>147.58018493652344</ele>
        <time>2000-01-01T00:00:00Z</time>
      </trkpt>
      <trkpt lat="60.05987" lon="9.52218">
        <ele>146.64608764648438</ele>
        <time>2000-01-01T00:00:00Z</time>
      </trkpt>
      <trkpt lat="60.05992" lon="9.52198">
        <ele>145.9018096923828</ele>
        <time>2000-01-01T00:00:00Z</time>
      </trkpt>
      <trkpt lat="60.05981" lon="9.52211">
        <ele>145.05062866210938</ele>
        <time>2000-01-01T00:00:00Z</time>
      </trkpt>
      <trkpt lat="60.05972" lon="9.52219">
        <ele>144.39422607421875</ele>
        <time>2000-01-01T00:00:00Z</time>
      </trkpt>
      <trkpt lat="60.05971999738358" lon="9.522161717948515">
        <ele>144.3000030517578</ele>
        <time>2000-01-01T00:00:00Z</time>
      </trkpt>
      <trkpt lat="60.05972" lon="9.52158">
        <ele>143.3322296142578</ele>
        <time>2000-01-01T00:00:00Z</time>
      </trkpt>
      <trkpt lat="60.05975" lon="9.52155">
        <ele>143.22056579589844</ele>
        <time>2000-01-01T00:00:00Z</time>
      </trkpt>
      <trkpt lat="60.05995" lon="9.52146">
        <ele>142.5374755859375</ele>
        <time>2000-01-01T00:00:00Z</time>
      </trkpt>
      <trkpt lat="60.06001" lon="9.52134">
        <ele>142.25482177734375</ele>
        <time>2000-01-01T00:00:00Z</time>
      </trkpt>
      <trkpt lat="60.06008" lon="9.52111">
        <ele>141.80661010742188</ele>
        <time>2000-01-01T00:00:00Z</time>
      </trkpt>
      <trkpt lat="60.06019" lon="9.52042">
        <ele>140.60169982910156</ele>
        <time>2000-01-01T00:00:00Z</time>
      </trkpt>
      <trkpt lat="60.060195242053986" lon="9.520359713358866">
        <ele>140.5</ele>
        <time>2000-01-01T00:00:00Z</time>
      </trkpt>
      <trkpt lat="60.06021" lon="9.52019">
        <ele>140.3567352294922</ele>
        <time>2000-01-01T00:00:00Z</time>
      </trkpt>
      <trkpt lat="60.06023" lon="9.51961">
        <ele>139.8731689453125</ele>
        <time>2000-01-01T00:00:00Z</time>
      </trkpt>
      <trkpt lat="60.06029" lon="9.51915">
        <ele>139.47769165039062</ele>
        <time>2000-01-01T00:00:00Z</time>
      </trkpt>
      <trkpt lat="60.0603" lon="9.51864">
        <ele>139.05311584472656</ele>
        <time>2000-01-01T00:00:00Z</time>
      </trkpt>
      <trkpt lat="60.06038" lon="9.51822">
        <ele>138.67916870117188</ele>
        <time>2000-01-01T00:00:00Z</time>
      </trkpt>
      <trkpt lat="60.06039307951662" lon="9.518128438940286">
        <ele>138.60000610351562</ele>
        <time>2000-01-01T00:00:00Z</time>
      </trkpt>
      <trkpt lat="60.06043" lon="9.51787">
        <ele>138.71766662597656</ele>
        <time>2000-01-01T00:00:00Z</time>
      </trkpt>
      <trkpt lat="60.06054" lon="9.51674">
        <ele>139.22169494628906</ele>
        <time>2000-01-01T00:00:00Z</time>
      </trkpt>
      <trkpt lat="60.06062" lon="9.51621">
        <ele>139.464111328125</ele>
        <time>2000-01-01T00:00:00Z</time>
      </trkpt>
      <trkpt lat="60.06064612223708" lon="9.515903965656356">
        <ele>139.60000610351562</ele>
        <time>2000-01-01T00:00:00Z</time>
      </trkpt>
      <trkpt lat="60.06069" lon="9.51539">
        <ele>140.2392120361328</ele>
        <time>2000-01-01T00:00:00Z</time>
      </trkpt>
      <trkpt lat="60.06069" lon="9.51495">
        <ele>140.7784423828125</ele>
        <time>2000-01-01T00:00:00Z</time>
      </trkpt>
      <trkpt lat="60.06064" lon="9.51427">
        <ele>141.6209259033203</ele>
        <time>2000-01-01T00:00:00Z</time>
      </trkpt>
      <trkpt lat="60.0606399984993" lon="9.513634461992142">
        <ele>142.39999389648438</ele>
        <time>2000-01-01T00:00:00Z</time>
      </trkpt>
      <trkpt lat="60.06064" lon="9.51332">
        <ele>142.2072296142578</ele>
        <time>2000-01-01T00:00:00Z</time>
      </trkpt>
      <trkpt lat="60.06062" lon="9.51295">
        <ele>141.9791717529297</ele>
        <time>2000-01-01T00:00:00Z</time>
      </trkpt>
      <trkpt lat="60.06061" lon="9.51189">
        <ele>141.32945251464844</ele>
        <time>2000-01-01T00:00:00Z</time>
      </trkpt>
      <trkpt lat="60.06061" lon="9.51156">
        <ele>141.12716674804688</ele>
        <time>2000-01-01T00:00:00Z</time>
      </trkpt>
      <trkpt lat="60.060626605553864" lon="9.511355193986581">
        <ele>141.0</ele>
        <time>2000-01-01T00:00:00Z</time>
      </trkpt>
      <trkpt lat="60.06064" lon="9.51119">
        <ele>140.92674255371094</ele>
        <time>2000-01-01T00:00:00Z</time>
      </trkpt>
      <trkpt lat="60.06076" lon="9.51105">
        <ele>140.80491638183594</ele>
        <time>2000-01-01T00:00:00Z</time>
      </trkpt>
      <trkpt lat="60.06055" lon="9.51045">
        <ele>140.48414611816406</ele>
        <time>2000-01-01T00:00:00Z</time>
      </trkpt>
      <trkpt lat="60.06036" lon="9.50976">
        <ele>140.13917541503906</ele>
        <time>2000-01-01T00:00:00Z</time>
      </trkpt>
      <trkpt lat="60.060259820941845" lon="9.509513411077611">
        <ele>140.0</ele>
        <time>2000-01-01T00:00:00Z</time>
      </trkpt>
      <trkpt lat="60.0601" lon="9.50912">
        <ele>139.71128845214844</ele>
        <time>2000-01-01T00:00:00Z</time>
      </trkpt>
      <trkpt lat="60.06005" lon="9.50889">
        <ele>139.5685577392578</ele>
        <time>2000-01-01T00:00:00Z</time>
      </trkpt>
      <trkpt lat="60.06005" lon="9.50875">
        <ele>139.4888916015625</ele>
        <time>2000-01-01T00:00:00Z</time>
      </trkpt>
      <trkpt lat="60.06008" lon="9.50843">
        <ele>139.3035430908203</ele>
        <time>2000-01-01T00:00:00Z</time>
      </trkpt>
      <trkpt lat="60.06028" lon="9.50751">
        <ele>138.7324676513672</ele>
        <time>2000-01-01T00:00:00Z</time>
      </trkpt>
      <trkpt lat="60.060287985287985" lon="9.507455232978193">
        <ele>138.6999969482422</ele>
        <time>2000-01-01T00:00:00Z</time>
      </trkpt>
      <trkpt lat="60.06035" lon="9.50703">
        <ele>137.67202758789062</ele>
        <time>2000-01-01T00:00:00Z</time>
      </trkpt>
      <trkpt lat="60.06061" lon="9.50618">
        <ele>135.35894775390625</ele>
        <time>2000-01-01T00:00:00Z</time>
      </trkpt>
      <trkpt lat="60.06068" lon="9.50601">
        <ele>134.84780883789062</ele>
        <time>2000-01-01T00:00:00Z</time>
      </trkpt>
      <trkpt lat="60.06075" lon="9.50569">
        <ele>134.0371856689453</ele>
        <time>2000-01-01T00:00:00Z</time>
      </trkpt>
      <trkpt lat="60.06077" lon="9.50549">
        <ele>133.56362915039062</ele>
        <time>2000-01-01T00:00:00Z</time>
      </trkpt>
      <trkpt lat="60.06076540829275" lon="9.50542001278691">
        <ele>133.39999389648438</ele>
        <time>2000-01-01T00:00:00Z</time>
      </trkpt>
      <trkpt lat="60.06073" lon="9.50488">
        <ele>130.0859375</ele>
        <time>2000-01-01T00:00:00Z</time>
      </trkpt>
      <trkpt lat="60.06074" lon="9.50471">
        <ele>129.04449462890625</ele>
        <time>2000-01-01T00:00:00Z</time>
      </trkpt>
      <trkpt lat="60.06077" lon="9.50456">
        <ele>128.06105041503906</ele>
        <time>2000-01-01T00:00:00Z</time>
      </trkpt>
      <trkpt lat="60.06086" lon="9.50433">
        <ele>126.2822265625</ele>
        <time>2000-01-01T00:00:00Z</time>
      </trkpt>
      <trkpt lat="60.061" lon="9.50439">
        <ele>124.53654479980469</ele>
        <time>2000-01-01T00:00:00Z</time>
      </trkpt>
      <trkpt lat="60.06113" lon="9.50441">
        <ele>122.94744873046875</ele>
        <time>2000-01-01T00:00:00Z</time>
      </trkpt>
      <trkpt lat="60.06122" lon="9.50437">
        <ele>121.82315826416016</ele>
        <time>2000-01-01T00:00:00Z</time>
      </trkpt>
      <trkpt lat="60.0613" lon="9.50432">
        <ele>120.80159759521484</ele>
        <time>2000-01-01T00:00:00Z</time>
      </trkpt>
      <trkpt lat="60.06139272689365" lon="9.504214025714735">
        <ele>119.5</ele>
        <time>2000-01-01T00:00:00Z</time>
      </trkpt>
      <trkpt lat="60.06151" lon="9.50408">
        <ele>118.7894287109375</ele>
        <time>2000-01-01T00:00:00Z</time>
      </trkpt>
      <trkpt lat="60.06161" lon="9.50402">
        <ele>118.2401351928711</ele>
        <time>2000-01-01T00:00:00Z</time>
      </trkpt>
      <trkpt lat="60.0617" lon="9.50399">
        <ele>117.7598648071289</ele>
        <time>2000-01-01T00:00:00Z</time>
      </trkpt>
      <trkpt lat="60.06181" lon="9.50399">
        <ele>117.1812515258789</ele>
        <time>2000-01-01T00:00:00Z</time>
      </trkpt>
      <trkpt lat="60.06208" lon="9.50404">
        <ele>115.75402069091797</ele>
        <time>2000-01-01T00:00:00Z</time>
      </trkpt>
      <trkpt lat="60.06214" lon="9.50403">
        <ele>115.43717956542969</ele>
        <time>2000-01-01T00:00:00Z</time>
      </trkpt>
      <trkpt lat="60.06213" lon="9.50369">
        <ele>114.54279327392578</ele>
        <time>2000-01-01T00:00:00Z</time>
      </trkpt>
      <trkpt lat="60.06211667726875" lon="9.503293826202379">
        <ele>113.5</ele>
        <time>2000-01-01T00:00:00Z</time>
      </trkpt>
      <trkpt lat="60.06209" lon="9.5025">
        <ele>111.72380065917969</ele>
        <time>2000-01-01T00:00:00Z</time>
      </trkpt>
      <trkpt lat="60.06209" lon="9.50218">
        <ele>111.00942993164062</ele>
        <time>2000-01-01T00:00:00Z</time>
      </trkpt>
      <trkpt lat="60.06213" lon="9.50178">
        <ele>110.09868621826172</ele>
        <time>2000-01-01T00:00:00Z</time>
      </trkpt>
      <trkpt lat="60.06221" lon="9.50147">
        <ele>109.31956481933594</ele>
        <time>2000-01-01T00:00:00Z</time>
      </trkpt>
      <trkpt lat="60.06233207127151" lon="9.501138663451545">
        <ele>108.4000015258789</ele>
        <time>2000-01-01T00:00:00Z</time>
      </trkpt>
      <trkpt lat="60.06235" lon="9.50109">
        <ele>108.40264892578125</ele>
        <time>2000-01-01T00:00:00Z</time>
      </trkpt>
      <trkpt lat="60.0630811783291" lon="9.499416862265873">
        <ele>108.5</ele>
        <time>2000-01-01T00:00:00Z</time>
      </trkpt>
      <trkpt lat="60.06383238065588" lon="9.497698419855142">
        <ele>108.80000305175781</ele>
        <time>2000-01-01T00:00:00Z</time>
      </trkpt>
      <trkpt lat="60.06433" lon="9.49656">
        <ele>108.73375701904297</ele>
        <time>2000-01-01T00:00:00Z</time>
      </trkpt>
      <trkpt lat="60.06453" lon="9.49602">
        <ele>108.70431518554688</ele>
        <time>2000-01-01T00:00:00Z</time>
      </trkpt>
      <trkpt lat="60.06455205744761" lon="9.495931765067715">
        <ele>108.69999694824219</ele>
        <time>2000-01-01T00:00:00Z</time>
      </trkpt>
      <trkpt lat="60.06464" lon="9.49558">
        <ele>108.69999694824219</ele>
        <time>2000-01-01T00:00:00Z</time>
      </trkpt>
      <trkpt lat="60.06472" lon="9.49512">
        <ele>108.69999694824219</ele>
        <time>2000-01-01T00:00:00Z</time>
      </trkpt>
      <trkpt lat="60.06479" lon="9.49444">
        <ele>108.69999694824219</ele>
        <time>2000-01-01T00:00:00Z</time>
      </trkpt>
      <trkpt lat="60.064814141918724" lon="9.493731817015721">
        <ele>108.69999694824219</ele>
        <time>2000-01-01T00:00:00Z</time>
      </trkpt>
      <trkpt lat="60.06482" lon="9.49356">
        <ele>108.7452392578125</ele>
        <time>2000-01-01T00:00:00Z</time>
      </trkpt>
      <trkpt lat="60.06485" lon="9.49304">
        <ele>108.8827133178711</ele>
        <time>2000-01-01T00:00:00Z</time>
      </trkpt>
      <trkpt lat="60.06496" lon="9.49243">
        <ele>109.05305480957031</ele>
        <time>2000-01-01T00:00:00Z</time>
      </trkpt>
      <trkpt lat="60.06509" lon="9.49203">
        <ele>109.17840576171875</ele>
        <time>2000-01-01T00:00:00Z</time>
      </trkpt>
      <trkpt lat="60.06521" lon="9.49172">
        <ele>109.28144073486328</ele>
        <time>2000-01-01T00:00:00Z</time>
      </trkpt>
      <trkpt lat="60.06523456413659" lon="9.49166935120924">
        <ele>109.30000305175781</ele>
        <time>2000-01-01T00:00:00Z</time>
      </trkpt>
      <trkpt lat="60.06588" lon="9.49034">
        <ele>109.05644989013672</ele>
        <time>2000-01-01T00:00:00Z</time>
      </trkpt>
      <trkpt lat="60.06602267482882" lon="9.490018979578009">
        <ele>109.0</ele>
        <time>2000-01-01T00:00:00Z</time>
      </trkpt>
      <trkpt lat="60.06612" lon="9.4898">
        <ele>108.8973388671875</ele>
        <time>2000-01-01T00:00:00Z</time>
      </trkpt>
      <trkpt lat="60.06619" lon="9.48958">
        <ele>108.80596923828125</ele>
        <time>2000-01-01T00:00:00Z</time>
      </trkpt>
      <trkpt lat="60.06631" lon="9.48909">
        <ele>108.61480712890625</ele>
        <time>2000-01-01T00:00:00Z</time>
      </trkpt>
      <trkpt lat="60.06652991997629" lon="9.487990324259037">
        <ele>108.19999694824219</ele>
        <time>2000-01-01T00:00:00Z</time>
      </trkpt>
      <trkpt lat="60.06675" lon="9.48689">
        <ele>108.35565948486328</ele>
        <time>2000-01-01T00:00:00Z</time>
      </trkpt>
      <trkpt lat="60.06691" lon="9.48624">
        <ele>108.4508285522461</ele>
        <time>2000-01-01T00:00:00Z</time>
      </trkpt>
      <trkpt lat="60.06701876710217" lon="9.485935451316484">
        <ele>108.5</ele>
        <time>2000-01-01T00:00:00Z</time>
      </trkpt>
      <trkpt lat="60.06706" lon="9.48582">
        <ele>108.5683822631836</ele>
        <time>2000-01-01T00:00:00Z</time>
      </trkpt>
      <trkpt lat="60.06724" lon="9.48547">
        <ele>108.810302734375</ele>
        <time>2000-01-01T00:00:00Z</time>
      </trkpt>
      <trkpt lat="60.06784" lon="9.48457">
        <ele>109.53338623046875</ele>
        <time>2000-01-01T00:00:00Z</time>
      </trkpt>
      <trkpt lat="60.06789199949051" lon="9.484479000387742">
        <ele>109.5999984741211</ele>
        <time>2000-01-01T00:00:00Z</time>
      </trkpt>
      <trkpt lat="60.06796" lon="9.48436">
        <ele>109.61582946777344</ele>
        <time>2000-01-01T00:00:00Z</time>
      </trkpt>
      <trkpt lat="60.06812" lon="9.48403">
        <ele>109.65611267089844</ele>
        <time>2000-01-01T00:00:00Z</time>
      </trkpt>
      <trkpt lat="60.06826" lon="9.48365">
        <ele>109.69746398925781</ele>
        <time>2000-01-01T00:00:00Z</time>
      </trkpt>
      <trkpt lat="60.06857777638683" lon="9.482666834923664">
        <ele>109.80000305175781</ele>
        <time>2000-01-01T00:00:00Z</time>
      </trkpt>
      <trkpt lat="60.0689" lon="9.48167">
        <ele>109.64405822753906</ele>
        <time>2000-01-01T00:00:00Z</time>
      </trkpt>
      <trkpt lat="60.06924010363442" lon="9.480810293099765">
        <ele>109.5</ele>
        <time>2000-01-01T00:00:00Z</time>
      </trkpt>
      <trkpt lat="60.06926" lon="9.48076">
        <ele>109.4691162109375</ele>
        <time>2000-01-01T00:00:00Z</time>
      </trkpt>
      <trkpt lat="60.06976" lon="9.4796">
        <ele>108.73110961914062</ele>
        <time>2000-01-01T00:00:00Z</time>
      </trkpt>
      <trkpt lat="60.07000583031876" lon="9.47912004086663">
        <ele>108.4000015258789</ele>
        <time>2000-01-01T00:00:00Z</time>
      </trkpt>
      <trkpt lat="60.07018" lon="9.47878">
        <ele>108.37867736816406</ele>
        <time>2000-01-01T00:00:00Z</time>
      </trkpt>
      <trkpt lat="60.0704" lon="9.47841">
        <ele>108.3534927368164</ele>
        <time>2000-01-01T00:00:00Z</time>
      </trkpt>
      <trkpt lat="60.07085" lon="9.47773">
        <ele>108.3040542602539</ele>
        <time>2000-01-01T00:00:00Z</time>
      </trkpt>
      <trkpt lat="60.07088905108849" lon="9.477680432458598">
        <ele>108.30000305175781</ele>
        <time>2000-01-01T00:00:00Z</time>
      </trkpt>
      <trkpt lat="60.07111" lon="9.4774">
        <ele>108.32294464111328</ele>
        <time>2000-01-01T00:00:00Z</time>
      </trkpt>
      <trkpt lat="60.07149" lon="9.47698">
        <ele>108.36100006103516</ele>
        <time>2000-01-01T00:00:00Z</time>
      </trkpt>
      <trkpt lat="60.071884562586845" lon="9.47656933229266">
        <ele>108.4000015258789</ele>
        <time>2000-01-01T00:00:00Z</time>
      </trkpt>
      <trkpt lat="60.07198" lon="9.47647">
        <ele>108.40943908691406</ele>
        <time>2000-01-01T00:00:00Z</time>
      </trkpt>
      <trkpt lat="60.07263" lon="9.47589">
        <ele>108.47183990478516</ele>
        <time>2000-01-01T00:00:00Z</time>
      </trkpt>
      <trkpt lat="60.072930662531455" lon="9.475664497412094">
        <ele>108.5</ele>
        <time>2000-01-01T00:00:00Z</time>
      </trkpt>
      <trkpt lat="60.07339" lon="9.47532">
        <ele>108.75810241699219</ele>
        <time>2000-01-01T00:00:00Z</time>
      </trkpt>
      <trkpt lat="60.07365" lon="9.47516">
        <ele>108.90126037597656</ele>
        <time>2000-01-01T00:00:00Z</time>
      </trkpt>
      <trkpt lat="60.07392" lon="9.47502">
        <ele>109.04803466796875</ele>
        <time>2000-01-01T00:00:00Z</time>
      </trkpt>
      <trkpt lat="60.07401646599733" lon="9.474977608973854">
        <ele>109.0999984741211</ele>
        <time>2000-01-01T00:00:00Z</time>
      </trkpt>
      <trkpt lat="60.07458" lon="9.47473">
        <ele>109.40362548828125</ele>
        <time>2000-01-01T00:00:00Z</time>
      </trkpt>
      <trkpt lat="60.075126754179095" lon="9.47445962486483">
        <ele>109.69999694824219</ele>
        <time>2000-01-01T00:00:00Z</time>
      </trkpt>
      <trkpt lat="60.07549" lon="9.47428">
        <ele>109.83126831054688</ele>
        <time>2000-01-01T00:00:00Z</time>
      </trkpt>
      <trkpt lat="60.07622647825582" lon="9.473857872044384">
        <ele>110.0999984741211</ele>
        <time>2000-01-01T00:00:00Z</time>
      </trkpt>
      <trkpt lat="60.07631" lon="9.47381">
        <ele>110.0923843383789</ele>
        <time>2000-01-01T00:00:00Z</time>
      </trkpt>
      <trkpt lat="60.0773164999808" lon="9.473188335368196">
        <ele>110.0</ele>
        <time>2000-01-01T00:00:00Z</time>
      </trkpt>
      <trkpt lat="60.07767" lon="9.47297">
        <ele>109.96755981445312</ele>
        <time>2000-01-01T00:00:00Z</time>
      </trkpt>
      <trkpt lat="60.07807" lon="9.47269">
        <ele>109.9303970336914</ele>
        <time>2000-01-01T00:00:00Z</time>
      </trkpt>
      <trkpt lat="60.07823" lon="9.47256">
        <ele>109.91524505615234</ele>
        <time>2000-01-01T00:00:00Z</time>
      </trkpt>
      <trkpt lat="60.07838762758056" lon="9.47241305239917">
        <ele>109.9000015258789</ele>
        <time>2000-01-01T00:00:00Z</time>
      </trkpt>
      <trkpt lat="60.07882" lon="9.47201">
        <ele>109.6490478515625</ele>
        <time>2000-01-01T00:00:00Z</time>
      </trkpt>
      <trkpt lat="60.07904" lon="9.47184">
        <ele>109.52495574951172</ele>
        <time>2000-01-01T00:00:00Z</time>
      </trkpt>
      <trkpt lat="60.07922" lon="9.47174">
        <ele>109.42667388916016</ele>
        <time>2000-01-01T00:00:00Z</time>
      </trkpt>
      <trkpt lat="60.079456136786945" lon="9.471646787845167">
        <ele>109.30000305175781</ele>
        <time>2000-01-01T00:00:00Z</time>
      </trkpt>
      <trkpt lat="60.0796" lon="9.47159">
        <ele>109.26141357421875</ele>
        <time>2000-01-01T00:00:00Z</time>
      </trkpt>
      <trkpt lat="60.08039" lon="9.47135">
        <ele>109.05117797851562</ele>
        <time>2000-01-01T00:00:00Z</time>
      </trkpt>
      <trkpt lat="60.08058337288652" lon="9.471308385758773">
        <ele>109.0</ele>
        <time>2000-01-01T00:00:00Z</time>
      </trkpt>
      <trkpt lat="60.08118" lon="9.47118">
        <ele>110.2631607055664</ele>
        <time>2000-01-01T00:00:00Z</time>
      </trkpt>
      <trkpt lat="60.08171825345472" lon="9.47109285290378">
        <ele>111.4000015258789</ele>
        <time>2000-01-01T00:00:00Z</time>
      </trkpt>
      <trkpt lat="60.08223" lon="9.47101">
        <ele>112.52580261230469</ele>
        <time>2000-01-01T00:00:00Z</time>
      </trkpt>
      <trkpt lat="60.08271" lon="9.47087">
        <ele>113.5894546508789</ele>
        <time>2000-01-01T00:00:00Z</time>
      </trkpt>
      <trkpt lat="60.082848146516845" lon="9.470807725743054">
        <ele>113.9000015258789</ele>
        <time>2000-01-01T00:00:00Z</time>
      </trkpt>
      <trkpt lat="60.083960517134884" lon="9.470306994886274">
        <ele>115.69999694824219</ele>
        <time>2000-01-01T00:00:00Z</time>
      </trkpt>
      <trkpt lat="60.0850728858611" lon="9.469806230238023">
        <ele>116.30000305175781</ele>
        <time>2000-01-01T00:00:00Z</time>
      </trkpt>
      <trkpt lat="60.08522" lon="9.46974">
        <ele>116.08839416503906</ele>
        <time>2000-01-01T00:00:00Z</time>
      </trkpt>
      <trkpt lat="60.08555" lon="9.46957">
        <ele>115.61023712158203</ele>
        <time>2000-01-01T00:00:00Z</time>
      </trkpt>
      <trkpt lat="60.08578" lon="9.46941">
        <ele>115.26864624023438</ele>
        <time>2000-01-01T00:00:00Z</time>
      </trkpt>
      <trkpt lat="60.08604" lon="9.46915">
        <ele>114.86087799072266</ele>
        <time>2000-01-01T00:00:00Z</time>
      </trkpt>
      <trkpt lat="60.08613632936243" lon="9.469025338112312">
        <ele>114.69999694824219</ele>
        <time>2000-01-01T00:00:00Z</time>
      </trkpt>
      <trkpt lat="60.08621" lon="9.46893">
        <ele>114.48470306396484</ele>
        <time>2000-01-01T00:00:00Z</time>
      </trkpt>
      <trkpt lat="60.08631" lon="9.46877">
        <ele>114.17044067382812</ele>
        <time>2000-01-01T00:00:00Z</time>
      </trkpt>
      <trkpt lat="60.08647" lon="9.46843">
        <ele>113.59782409667969</ele>
        <time>2000-01-01T00:00:00Z</time>
      </trkpt>
      <trkpt lat="60.0866" lon="9.468">
        <ele>112.98197937011719</ele>
        <time>2000-01-01T00:00:00Z</time>
      </trkpt>
      <trkpt lat="60.08665" lon="9.46768">
        <ele>112.57125091552734</ele>
        <time>2000-01-01T00:00:00Z</time>
      </trkpt>
      <trkpt lat="60.08669" lon="9.46721">
        <ele>111.98728942871094</ele>
        <time>2000-01-01T00:00:00Z</time>
      </trkpt>
      <trkpt lat="60.08668907486586" lon="9.467138739728316">
        <ele>111.9000015258789</ele>
        <time>2000-01-01T00:00:00Z</time>
      </trkpt>
      <trkpt lat="60.08667" lon="9.46564">
        <ele>111.17864227294922</ele>
        <time>2000-01-01T00:00:00Z</time>
      </trkpt>
      <trkpt lat="60.0867" lon="9.46541">
        <ele>111.0642318725586</ele>
        <time>2000-01-01T00:00:00Z</time>
      </trkpt>
      <trkpt lat="60.08677" lon="9.46511">
        <ele>110.90484619140625</ele>
        <time>2000-01-01T00:00:00Z</time>
      </trkpt>
      <trkpt lat="60.086846949588775" lon="9.464956100006981">
        <ele>110.80000305175781</ele>
        <time>2000-01-01T00:00:00Z</time>
      </trkpt>
      <trkpt lat="60.08692" lon="9.46481">
        <ele>110.6914291381836</ele>
        <time>2000-01-01T00:00:00Z</time>
      </trkpt>
      <trkpt lat="60.08712" lon="9.46451">
        <ele>110.4284896850586</ele>
        <time>2000-01-01T00:00:00Z</time>
      </trkpt>
      <trkpt lat="60.08734" lon="9.46413">
        <ele>110.12285614013672</ele>
        <time>2000-01-01T00:00:00Z</time>
      </trkpt>
      <trkpt lat="60.0876779837102" lon="9.463399949388739">
        <ele>109.5999984741211</ele>
        <time>2000-01-01T00:00:00Z</time>
      </trkpt>
      <trkpt lat="60.08784" lon="9.46305">
        <ele>109.37025451660156</ele>
        <time>2000-01-01T00:00:00Z</time>
      </trkpt>
      <trkpt lat="60.08805" lon="9.46272">
        <ele>109.11284637451172</ele>
        <time>2000-01-01T00:00:00Z</time>
      </trkpt>
      <trkpt lat="60.08826" lon="9.46251">
        <ele>108.88638305664062</ele>
        <time>2000-01-01T00:00:00Z</time>
      </trkpt>
      <trkpt lat="60.08845" lon="9.4624">
        <ele>108.6955795288086</ele>
        <time>2000-01-01T00:00:00Z</time>
      </trkpt>
      <trkpt lat="60.0886" lon="9.46235">
        <ele>108.54884338378906</ele>
        <time>2000-01-01T00:00:00Z</time>
      </trkpt>
      <trkpt lat="60.088650658990886" lon="9.46235">
        <ele>108.5</ele>
        <time>2000-01-01T00:00:00Z</time>
      </trkpt>
      <trkpt lat="60.0888" lon="9.46235">
        <ele>108.57860565185547</ele>
        <time>2000-01-01T00:00:00Z</time>
      </trkpt>
      <trkpt lat="60.08905" lon="9.46241">
        <ele>108.71109771728516</ele>
        <time>2000-01-01T00:00:00Z</time>
      </trkpt>
      <trkpt lat="60.08932" lon="9.46255">
        <ele>108.85786437988281</ele>
        <time>2000-01-01T00:00:00Z</time>
      </trkpt>
      <trkpt lat="60.08955" lon="9.4627">
        <ele>108.9851303100586</ele>
        <time>2000-01-01T00:00:00Z</time>
      </trkpt>
      <trkpt lat="60.08975670463906" lon="9.46284057382515">
        <ele>109.0999984741211</ele>
        <time>2000-01-01T00:00:00Z</time>
      </trkpt>
      <trkpt lat="60.09055" lon="9.46338">
        <ele>109.24695587158203</ele>
        <time>2000-01-01T00:00:00Z</time>
      </trkpt>
      <trkpt lat="60.09081" lon="9.46358">
        <ele>109.29580688476562</ele>
        <time>2000-01-01T00:00:00Z</time>
      </trkpt>
      <trkpt lat="60.090819926533335" lon="9.463536321879237">
        <ele>109.30000305175781</ele>
        <time>2000-01-01T00:00:00Z</time>
      </trkpt>
      <trkpt lat="60.09086" lon="9.46336">
        <ele>109.35086059570312</ele>
        <time>2000-01-01T00:00:00Z</time>
      </trkpt>
      <trkpt lat="60.09088" lon="9.46329">
        <ele>109.37203216552734</ele>
        <time>2000-01-01T00:00:00Z</time>
      </trkpt>
      <trkpt lat="60.09094" lon="9.46313">
        <ele>109.42456817626953</ele>
        <time>2000-01-01T00:00:00Z</time>
      </trkpt>
      <trkpt lat="60.09101" lon="9.46299">
        <ele>109.47660064697266</ele>
        <time>2000-01-01T00:00:00Z</time>
      </trkpt>
      <trkpt lat="60.09121" lon="9.46276">
        <ele>109.59790802001953</ele>
        <time>2000-01-01T00:00:00Z</time>
      </trkpt>
      <trkpt lat="60.09174478084703" lon="9.462341889335562">
        <ele>109.9000015258789</ele>
        <time>2000-01-01T00:00:00Z</time>
      </trkpt>
      <trkpt lat="60.09231" lon="9.4619">
        <ele>114.4228286743164</ele>
        <time>2000-01-01T00:00:00Z</time>
      </trkpt>
      <trkpt lat="60.0925" lon="9.46172">
        <ele>115.98988342285156</ele>
        <time>2000-01-01T00:00:00Z</time>
      </trkpt>
      <trkpt lat="60.09266" lon="9.46149">
        <ele>117.4571304321289</ele>
        <time>2000-01-01T00:00:00Z</time>
      </trkpt>
      <trkpt lat="60.09274288026072" lon="9.461298510222127">
        <ele>118.4000015258789</ele>
        <time>2000-01-01T00:00:00Z</time>
      </trkpt>
      <trkpt lat="60.09295" lon="9.46082">
        <ele>122.14070129394531</ele>
        <time>2000-01-01T00:00:00Z</time>
      </trkpt>
      <trkpt lat="60.0931" lon="9.46062">
        <ele>124.27375793457031</ele>
        <time>2000-01-01T00:00:00Z</time>
      </trkpt>
      <trkpt lat="60.09316" lon="9.46058">
        <ele>125.02286529541016</ele>
        <time>2000-01-01T00:00:00Z</time>
      </trkpt>
      <trkpt lat="60.09332" lon="9.46052">
        <ele>126.94994354248047</ele>
        <time>2000-01-01T00:00:00Z</time>
      </trkpt>
      <trkpt lat="60.09367" lon="9.46049">
        <ele>131.0977783203125</ele>
        <time>2000-01-01T00:00:00Z</time>
      </trkpt>
      <trkpt lat="60.09373744773487" lon="9.460477351667304">
        <ele>131.89999389648438</ele>
        <time>2000-01-01T00:00:00Z</time>
      </trkpt>
      <trkpt lat="60.09431" lon="9.46037">
        <ele>135.3297882080078</ele>
        <time>2000-01-01T00:00:00Z</time>
      </trkpt>
      <trkpt lat="60.094873786924815" lon="9.460295447976712">
        <ele>138.6999969482422</ele>
        <time>2000-01-01T00:00:00Z</time>
      </trkpt>
      <trkpt lat="60.09552" lon="9.46021">
        <ele>145.34605407714844</ele>
        <time>2000-01-01T00:00:00Z</time>
      </trkpt>
      <trkpt lat="60.09577" lon="9.46016">
        <ele>147.92428588867188</ele>
        <time>2000-01-01T00:00:00Z</time>
      </trkpt>
      <trkpt lat="60.09601" lon="9.46008">
        <ele>150.4084930419922</ele>
        <time>2000-01-01T00:00:00Z</time>
      </trkpt>
      <trkpt lat="60.09625" lon="9.45998">
        <ele>151.39747619628906</ele>
        <time>2000-01-01T00:00:00Z</time>
      </trkpt>
      <trkpt lat="60.09651" lon="9.45982">
        <ele>152.49476623535156</ele>
        <time>2000-01-01T00:00:00Z</time>
      </trkpt>
      <trkpt lat="60.09684" lon="9.45957">
        <ele>153.91806030273438</ele>
        <time>2000-01-01T00:00:00Z</time>
      </trkpt>
      <trkpt lat="60.097089998995806" lon="9.459375550129918">
        <ele>155.0</ele>
        <time>2000-01-01T00:00:00Z</time>
      </trkpt>
      <trkpt lat="60.09756" lon="9.45901">
        <ele>155.44215393066406</ele>
        <time>2000-01-01T00:00:00Z</time>
      </trkpt>
      <trkpt lat="60.09779" lon="9.45881">
        <ele>155.6620330810547</ele>
        <time>2000-01-01T00:00:00Z</time>
      </trkpt>
      <trkpt lat="60.09805" lon="9.45852">
        <ele>155.92298889160156</ele>
        <time>2000-01-01T00:00:00Z</time>
      </trkpt>
      <trkpt lat="60.098122605101096" lon="9.458420991627003">
        <ele>156.0</ele>
        <time>2000-01-01T00:00:00Z</time>
      </trkpt>
      <trkpt lat="60.09827" lon="9.45822">
        <ele>156.1250762939453</ele>
        <time>2000-01-01T00:00:00Z</time>
      </trkpt>
      <trkpt lat="60.09847" lon="9.45788">
        <ele>156.30902099609375</ele>
        <time>2000-01-01T00:00:00Z</time>
      </trkpt>
      <trkpt lat="60.09869" lon="9.45744">
        <ele>156.5269775390625</ele>
        <time>2000-01-01T00:00:00Z</time>
      </trkpt>
      <trkpt lat="60.09887" lon="9.45704">
        <ele>156.71551513671875</ele>
        <time>2000-01-01T00:00:00Z</time>
      </trkpt>
      <trkpt lat="60.09894196422327" lon="9.45684624908977">
        <ele>156.8000030517578</ele>
        <time>2000-01-01T00:00:00Z</time>
      </trkpt>
      <trkpt lat="60.099" lon="9.45669">
        <ele>156.83407592773438</ele>
        <time>2000-01-01T00:00:00Z</time>
      </trkpt>
      <trkpt lat="60.09916" lon="9.45611">
        <ele>156.95001220703125</ele>
        <time>2000-01-01T00:00:00Z</time>
      </trkpt>
      <trkpt lat="60.09926" lon="9.45556">
        <ele>157.0524139404297</ele>
        <time>2000-01-01T00:00:00Z</time>
      </trkpt>
      <trkpt lat="60.09932" lon="9.45486">
        <ele>157.1766357421875</ele>
        <time>2000-01-01T00:00:00Z</time>
      </trkpt>
      <trkpt lat="60.09932518953055" lon="9.45472687775044">
        <ele>157.1999969482422</ele>
        <time>2000-01-01T00:00:00Z</time>
      </trkpt>
      <trkpt lat="60.09937" lon="9.45358">
        <ele>152.27049255371094</ele>
        <time>2000-01-01T00:00:00Z</time>
      </trkpt>
      <trkpt lat="60.0994" lon="9.45339">
        <ele>151.41648864746094</ele>
        <time>2000-01-01T00:00:00Z</time>
      </trkpt>
      <trkpt lat="60.0995" lon="9.45306">
        <ele>149.7616424560547</ele>
        <time>2000-01-01T00:00:00Z</time>
      </trkpt>
      <trkpt lat="60.09956" lon="9.45297">
        <ele>149.11734008789062</ele>
        <time>2000-01-01T00:00:00Z</time>
      </trkpt>
      <trkpt lat="60.09964" lon="9.45289">
        <ele>148.34921264648438</ele>
        <time>2000-01-01T00:00:00Z</time>
      </trkpt>
      <trkpt lat="60.0997" lon="9.45285">
        <ele>147.80538940429688</ele>
        <time>2000-01-01T00:00:00Z</time>
      </trkpt>
      <trkpt lat="60.09974700883528" lon="9.452841704241417">
        <ele>147.39999389648438</ele>
        <time>2000-01-01T00:00:00Z</time>
      </trkpt>
      <trkpt lat="60.09987" lon="9.45282">
        <ele>146.999267578125</ele>
        <time>2000-01-01T00:00:00Z</time>
      </trkpt>
      <trkpt lat="60.10006" lon="9.45286">
        <ele>146.37933349609375</ele>
        <time>2000-01-01T00:00:00Z</time>
      </trkpt>
      <trkpt lat="60.10064" lon="9.453">
        <ele>144.4833526611328</ele>
        <time>2000-01-01T00:00:00Z</time>
      </trkpt>
      <trkpt lat="60.10081" lon="9.45306">
        <ele>143.92318725585938</ele>
        <time>2000-01-01T00:00:00Z</time>
      </trkpt>
      <trkpt lat="60.10087686800672" lon="9.453092097164935">
        <ele>143.6999969482422</ele>
        <time>2000-01-01T00:00:00Z</time>
      </trkpt>
      <trkpt lat="60.10106" lon="9.45318">
        <ele>144.36065673828125</ele>
        <time>2000-01-01T00:00:00Z</time>
      </trkpt>
      <trkpt lat="60.10143" lon="9.45342">
        <ele>145.72491455078125</ele>
        <time>2000-01-01T00:00:00Z</time>
      </trkpt>
      <trkpt lat="60.101960469967175" lon="9.453797759417963">
        <ele>147.6999969482422</ele>
        <time>2000-01-01T00:00:00Z</time>
      </trkpt>
      <trkpt lat="60.10209" lon="9.45389">
        <ele>149.53273010253906</ele>
        <time>2000-01-01T00:00:00Z</time>
      </trkpt>
      <trkpt lat="60.10237" lon="9.45407">
        <ele>153.4518585205078</ele>
        <time>2000-01-01T00:00:00Z</time>
      </trkpt>
      <trkpt lat="60.10261" lon="9.45418">
        <ele>156.73411560058594</ele>
        <time>2000-01-01T00:00:00Z</time>
      </trkpt>
      <trkpt lat="60.10299" lon="9.45431">
        <ele>161.87355041503906</ele>
        <time>2000-01-01T00:00:00Z</time>
      </trkpt>
      <trkpt lat="60.10306470185974" lon="9.454347351187376">
        <ele>162.89999389648438</ele>
        <time>2000-01-01T00:00:00Z</time>
      </trkpt>
      <trkpt lat="60.10319" lon="9.45441">
        <ele>163.794677734375</ele>
        <time>2000-01-01T00:00:00Z</time>
      </trkpt>
      <trkpt lat="60.10343" lon="9.45459">
        <ele>165.57037353515625</ele>
        <time>2000-01-01T00:00:00Z</time>
      </trkpt>
      <trkpt lat="60.10402" lon="9.45513">
        <ele>170.0640106201172</ele>
        <time>2000-01-01T00:00:00Z</time>
      </trkpt>
      <trkpt lat="60.10412044536994" lon="9.45519927353361">
        <ele>170.8000030517578</ele>
        <time>2000-01-01T00:00:00Z</time>
      </trkpt>
      <trkpt lat="60.10431" lon="9.45533">
        <ele>171.67918395996094</ele>
        <time>2000-01-01T00:00:00Z</time>
      </trkpt>
      <trkpt lat="60.10443" lon="9.45537">
        <ele>172.212646484375</ele>
        <time>2000-01-01T00:00:00Z</time>
      </trkpt>
      <trkpt lat="60.1046" lon="9.45542">
        <ele>172.966064453125</ele>
        <time>2000-01-01T00:00:00Z</time>
      </trkpt>
      <trkpt lat="60.10485" lon="9.45544">
        <ele>174.0634002685547</ele>
        <time>2000-01-01T00:00:00Z</time>
      </trkpt>
      <trkpt lat="60.10501" lon="9.45541">
        <ele>174.7682342529297</ele>
        <time>2000-01-01T00:00:00Z</time>
      </trkpt>
      <trkpt lat="60.10524328189724" lon="9.455348899373941">
        <ele>175.8000030517578</ele>
        <time>2000-01-01T00:00:00Z</time>
      </trkpt>
      <trkpt lat="60.10585" lon="9.45519">
        <ele>175.5316619873047</ele>
        <time>2000-01-01T00:00:00Z</time>
      </trkpt>
      <trkpt lat="60.10608" lon="9.45511">
        <ele>175.42929077148438</ele>
        <time>2000-01-01T00:00:00Z</time>
      </trkpt>
      <trkpt lat="60.10635" lon="9.45498">
        <ele>175.30751037597656</ele>
        <time>2000-01-01T00:00:00Z</time>
      </trkpt>
      <trkpt lat="60.1063663815305" lon="9.454970167344577">
        <ele>175.3000030517578</ele>
        <time>2000-01-01T00:00:00Z</time>
      </trkpt>
      <trkpt lat="60.1068" lon="9.45471">
        <ele>174.30763244628906</ele>
        <time>2000-01-01T00:00:00Z</time>
      </trkpt>
      <trkpt lat="60.10736" lon="9.45434">
        <ele>173.01486206054688</ele>
        <time>2000-01-01T00:00:00Z</time>
      </trkpt>
      <trkpt lat="60.10745634735952" lon="9.45430450350127">
        <ele>172.8000030517578</ele>
        <time>2000-01-01T00:00:00Z</time>
      </trkpt>
      <trkpt lat="60.10755" lon="9.45427">
        <ele>172.74989318847656</ele>
        <time>2000-01-01T00:00:00Z</time>
      </trkpt>
      <trkpt lat="60.10773" lon="9.45424">
        <ele>172.6548309326172</ele>
        <time>2000-01-01T00:00:00Z</time>
      </trkpt>
      <trkpt lat="60.10785" lon="9.45426">
        <ele>172.59146118164062</ele>
        <time>2000-01-01T00:00:00Z</time>
      </trkpt>
      <trkpt lat="60.10799" lon="9.45429">
        <ele>172.51736450195312</ele>
        <time>2000-01-01T00:00:00Z</time>
      </trkpt>
      <trkpt lat="60.1082" lon="9.4544">
        <ele>172.40313720703125</ele>
        <time>2000-01-01T00:00:00Z</time>
      </trkpt>
      <trkpt lat="60.108546364897755" lon="9.454741753266251">
        <ele>172.1999969482422</ele>
        <time>2000-01-01T00:00:00Z</time>
      </trkpt>
      <trkpt lat="60.10895" lon="9.45514">
        <ele>172.87069702148438</ele>
        <time>2000-01-01T00:00:00Z</time>
      </trkpt>
      <trkpt lat="60.10960853323924" lon="9.455555163860026">
        <ele>173.89999389648438</ele>
        <time>2000-01-01T00:00:00Z</time>
      </trkpt>
      <trkpt lat="60.10987" lon="9.45572">
        <ele>174.3567352294922</ele>
        <time>2000-01-01T00:00:00Z</time>
      </trkpt>
      <trkpt lat="60.10999" lon="9.45578">
        <ele>174.56285095214844</ele>
        <time>2000-01-01T00:00:00Z</time>
      </trkpt>
      <trkpt lat="60.11024" lon="9.45587">
        <ele>174.98617553710938</ele>
        <time>2000-01-01T00:00:00Z</time>
      </trkpt>
      <trkpt lat="60.1104" lon="9.4559">
        <ele>175.2540283203125</ele>
        <time>2000-01-01T00:00:00Z</time>
      </trkpt>
      <trkpt lat="60.11061" lon="9.45591">
        <ele>175.6040802001953</ele>
        <time>2000-01-01T00:00:00Z</time>
      </trkpt>
      <trkpt lat="60.110727480469464" lon="9.455900472126968">
        <ele>175.8000030517578</ele>
        <time>2000-01-01T00:00:00Z</time>
      </trkpt>
      <trkpt lat="60.11172" lon="9.45582">
        <ele>175.45147705078125</ele>
        <time>2000-01-01T00:00:00Z</time>
      </trkpt>
      <trkpt lat="60.11185" lon="9.4558">
        <ele>175.40574645996094</ele>
        <time>2000-01-01T00:00:00Z</time>
      </trkpt>
      <trkpt lat="60.11186604638121" lon="9.455793720415873">
        <ele>175.39999389648438</ele>
        <time>2000-01-01T00:00:00Z</time>
      </trkpt>
      <trkpt lat="60.11208" lon="9.45571">
        <ele>174.94110107421875</ele>
        <time>2000-01-01T00:00:00Z</time>
      </trkpt>
      <trkpt lat="60.11222" lon="9.45564">
        <ele>174.63742065429688</ele>
        <time>2000-01-01T00:00:00Z</time>
      </trkpt>
      <trkpt lat="60.11243" lon="9.4555">
        <ele>174.1716766357422</ele>
        <time>2000-01-01T00:00:00Z</time>
      </trkpt>
      <trkpt lat="60.11266" lon="9.4553">
        <ele>173.64398193359375</ele>
        <time>2000-01-01T00:00:00Z</time>
      </trkpt>
      <trkpt lat="60.11293340744622" lon="9.455024589862436">
        <ele>173.0</ele>
        <time>2000-01-01T00:00:00Z</time>
      </trkpt>
      <trkpt lat="60.113952364833025" lon="9.453998403010283">
        <ele>166.3000030517578</ele>
        <time>2000-01-01T00:00:00Z</time>
      </trkpt>
      <trkpt lat="60.11406" lon="9.45389">
        <ele>165.6768341064453</ele>
        <time>2000-01-01T00:00:00Z</time>
      </trkpt>
      <trkpt lat="60.11439" lon="9.45358">
        <ele>163.79116821289062</ele>
        <time>2000-01-01T00:00:00Z</time>
      </trkpt>
      <trkpt lat="60.11456" lon="9.45347">
        <ele>162.8666229248047</ele>
        <time>2000-01-01T00:00:00Z</time>
      </trkpt>
      <trkpt lat="60.11487" lon="9.45334">
        <ele>161.2278289794922</ele>
        <time>2000-01-01T00:00:00Z</time>
      </trkpt>
      <trkpt lat="60.11501" lon="9.45332">
        <ele>160.50128173828125</ele>
        <time>2000-01-01T00:00:00Z</time>
      </trkpt>
      <trkpt lat="60.11502959680143" lon="9.453318968542948">
        <ele>160.39999389648438</ele>
        <time>2000-01-01T00:00:00Z</time>
      </trkpt>
      <trkpt lat="60.1152" lon="9.45331">
        <ele>160.66908264160156</ele>
        <time>2000-01-01T00:00:00Z</time>
      </trkpt>
      <trkpt lat="60.11534" lon="9.45331">
        <ele>160.89019775390625</ele>
        <time>2000-01-01T00:00:00Z</time>
      </trkpt>
      <trkpt lat="60.11549" lon="9.45335">
        <ele>161.12913513183594</ele>
        <time>2000-01-01T00:00:00Z</time>
      </trkpt>
      <trkpt lat="60.11567" lon="9.45341">
        <ele>161.41720581054688</ele>
        <time>2000-01-01T00:00:00Z</time>
      </trkpt>
      <trkpt lat="60.11612" lon="9.45359">
        <ele>162.14163208007812</ele>
        <time>2000-01-01T00:00:00Z</time>
      </trkpt>
      <trkpt lat="60.1161556916913" lon="9.453609294781131">
        <ele>162.1999969482422</ele>
        <time>2000-01-01T00:00:00Z</time>
      </trkpt>
      <trkpt lat="60.11649" lon="9.45379">
        <ele>164.84193420410156</ele>
        <time>2000-01-01T00:00:00Z</time>
      </trkpt>
      <trkpt lat="60.1171" lon="9.45415">
        <ele>169.69387817382812</ele>
        <time>2000-01-01T00:00:00Z</time>
      </trkpt>
      <trkpt lat="60.11726" lon="9.45423">
        <ele>170.92323303222656</ele>
        <time>2000-01-01T00:00:00Z</time>
      </trkpt>
      <trkpt lat="60.1175" lon="9.45427">
        <ele>171.74708557128906</ele>
        <time>2000-01-01T00:00:00Z</time>
      </trkpt>
      <trkpt lat="60.11769" lon="9.45426">
        <ele>172.39727783203125</ele>
        <time>2000-01-01T00:00:00Z</time>
      </trkpt>
      <trkpt lat="60.11797" lon="9.4542">
        <ele>173.360595703125</ele>
        <time>2000-01-01T00:00:00Z</time>
      </trkpt>
      <trkpt lat="60.118386023815894" lon="9.454073495258728">
        <ele>174.8000030517578</ele>
        <time>2000-01-01T00:00:00Z</time>
      </trkpt>
      <trkpt lat="60.11951323834711" lon="9.453730954607495">
        <ele>173.0</ele>
        <time>2000-01-01T00:00:00Z</time>
      </trkpt>
      <trkpt lat="60.120640451993694" lon="9.453388390497993">
        <ele>169.89999389648438</ele>
        <time>2000-01-01T00:00:00Z</time>
      </trkpt>
      <trkpt lat="60.12103" lon="9.45327">
        <ele>167.27349853515625</ele>
        <time>2000-01-01T00:00:00Z</time>
      </trkpt>
      <trkpt lat="60.12176745883314" lon="9.453043089569046">
        <ele>162.3000030517578</ele>
        <time>2000-01-01T00:00:00Z</time>
      </trkpt>
      <trkpt lat="60.12181" lon="9.45303">
        <ele>161.85104370117188</ele>
        <time>2000-01-01T00:00:00Z</time>
      </trkpt>
      <trkpt lat="60.12202" lon="9.45295">
        <ele>159.6197052001953</ele>
        <time>2000-01-01T00:00:00Z</time>
      </trkpt>
      <trkpt lat="60.12213" lon="9.4529">
        <ele>158.44232177734375</ele>
        <time>2000-01-01T00:00:00Z</time>
      </trkpt>
      <trkpt lat="60.1223" lon="9.45277">
        <ele>156.5436248779297</ele>
        <time>2000-01-01T00:00:00Z</time>
      </trkpt>
      <trkpt lat="60.12283770154222" lon="9.452289161793967">
        <ele>150.39999389648438</ele>
        <time>2000-01-01T00:00:00Z</time>
      </trkpt>
      <trkpt lat="60.12334" lon="9.45184">
        <ele>147.9883575439453</ele>
        <time>2000-01-01T00:00:00Z</time>
      </trkpt>
      <trkpt lat="60.12336" lon="9.45184">
        <ele>147.90074157714844</ele>
        <time>2000-01-01T00:00:00Z</time>
      </trkpt>
      <trkpt lat="60.12355" lon="9.45173">
        <ele>147.03347778320312</ele>
        <time>2000-01-01T00:00:00Z</time>
      </trkpt>
      <trkpt lat="60.12353" lon="9.45156">
        <ele>146.65170288085938</ele>
        <time>2000-01-01T00:00:00Z</time>
      </trkpt>
      <trkpt lat="60.12355" lon="9.4513">
        <ele>146.07711791992188</ele>
        <time>2000-01-01T00:00:00Z</time>
      </trkpt>
      <trkpt lat="60.12358" lon="9.45118">
        <ele>145.7838592529297</ele>
        <time>2000-01-01T00:00:00Z</time>
      </trkpt>
      <trkpt lat="60.123645953736784" lon="9.45106458061529">
        <ele>145.39999389648438</ele>
        <time>2000-01-01T00:00:00Z</time>
      </trkpt>
      <trkpt lat="60.1237" lon="9.45097">
        <ele>145.2930908203125</ele>
        <time>2000-01-01T00:00:00Z</time>
      </trkpt>
      <trkpt lat="60.12393" lon="9.45072">
        <ele>144.903076171875</ele>
        <time>2000-01-01T00:00:00Z</time>
      </trkpt>
      <trkpt lat="60.12466496642604" lon="9.450051848589839">
        <ele>143.6999969482422</ele>
        <time>2000-01-01T00:00:00Z</time>
      </trkpt>
      <trkpt lat="60.1247" lon="9.45002">
        <ele>143.68650817871094</ele>
        <time>2000-01-01T00:00:00Z</time>
      </trkpt>
      <trkpt lat="60.12487" lon="9.44984">
        <ele>143.61907958984375</ele>
        <time>2000-01-01T00:00:00Z</time>
      </trkpt>
      <trkpt lat="60.12526" lon="9.4494">
        <ele>143.46209716796875</ele>
        <time>2000-01-01T00:00:00Z</time>
      </trkpt>
      <trkpt lat="60.125653039401726" lon="9.448912338460582">
        <ele>143.3000030517578</ele>
        <time>2000-01-01T00:00:00Z</time>
      </trkpt>
      <trkpt lat="60.1258" lon="9.44873">
        <ele>143.23939514160156</ele>
        <time>2000-01-01T00:00:00Z</time>
      </trkpt>
      <trkpt lat="60.12626" lon="9.4481">
        <ele>143.04400634765625</ele>
        <time>2000-01-01T00:00:00Z</time>
      </trkpt>
      <trkpt lat="60.12634" lon="9.44798">
        <ele>143.00897216796875</ele>
        <time>2000-01-01T00:00:00Z</time>
      </trkpt>
      <trkpt lat="60.12656430039795" lon="9.447548652723418">
        <ele>142.89999389648438</ele>
        <time>2000-01-01T00:00:00Z</time>
      </trkpt>
      <trkpt lat="60.1266" lon="9.44748">
        <ele>142.85232543945312</ele>
        <time>2000-01-01T00:00:00Z</time>
      </trkpt>
      <trkpt lat="60.12686" lon="9.44684">
        <ele>142.45541381835938</ele>
        <time>2000-01-01T00:00:00Z</time>
      </trkpt>
      <trkpt lat="60.1271" lon="9.44607">
        <ele>142.01890563964844</ele>
        <time>2000-01-01T00:00:00Z</time>
      </trkpt>
      <trkpt lat="60.12719263903044" lon="9.44565412742254">
        <ele>141.8000030517578</ele>
        <time>2000-01-01T00:00:00Z</time>
      </trkpt>
      <trkpt lat="60.12765843992821" lon="9.443564954781111">
        <ele>138.8000030517578</ele>
        <time>2000-01-01T00:00:00Z</time>
      </trkpt>
      <trkpt lat="60.1278" lon="9.44293">
        <ele>138.52645874023438</ele>
        <time>2000-01-01T00:00:00Z</time>
      </trkpt>
      <trkpt lat="60.1279" lon="9.44259">
        <ele>138.3712158203125</ele>
        <time>2000-01-01T00:00:00Z</time>
      </trkpt>
      <trkpt lat="60.12811" lon="9.442">
        <ele>138.08609008789062</ele>
        <time>2000-01-01T00:00:00Z</time>
      </trkpt>
      <trkpt lat="60.12828551744816" lon="9.441684068439736">
        <ele>137.89999389648438</ele>
        <time>2000-01-01T00:00:00Z</time>
      </trkpt>
      <trkpt lat="60.12831" lon="9.44164">
        <ele>137.93173217773438</ele>
        <time>2000-01-01T00:00:00Z</time>
      </trkpt>
      <trkpt lat="60.12845" lon="9.44144">
        <ele>138.09747314453125</ele>
        <time>2000-01-01T00:00:00Z</time>
      </trkpt>
      <trkpt lat="60.1288" lon="9.44105">
        <ele>138.48373413085938</ele>
        <time>2000-01-01T00:00:00Z</time>
      </trkpt>
      <trkpt lat="60.129285288925196" lon="9.44059747753358">
        <ele>139.0</ele>
        <time>2000-01-01T00:00:00Z</time>
      </trkpt>
      <trkpt lat="60.13031950918263" lon="9.439633946720566">
        <ele>139.5</ele>
        <time>2000-01-01T00:00:00Z</time>
      </trkpt>
      <trkpt lat="60.13135366080099" lon="9.438670412773218">
        <ele>139.5</ele>
        <time>2000-01-01T00:00:00Z</time>
      </trkpt>
      <trkpt lat="60.13232" lon="9.43777">
        <ele>140.62132263183594</ele>
        <time>2000-01-01T00:00:00Z</time>
      </trkpt>
      <trkpt lat="60.132389442008964" lon="9.437714446199202">
        <ele>140.6999969482422</ele>
        <time>2000-01-01T00:00:00Z</time>
      </trkpt>
      <trkpt lat="60.13247" lon="9.43765">
        <ele>140.85971069335938</ele>
        <time>2000-01-01T00:00:00Z</time>
      </trkpt>
      <trkpt lat="60.13269" lon="9.43752">
        <ele>141.28216552734375</ele>
        <time>2000-01-01T00:00:00Z</time>
      </trkpt>
      <trkpt lat="60.13307" lon="9.43741">
        <ele>141.98939514160156</ele>
        <time>2000-01-01T00:00:00Z</time>
      </trkpt>
      <trkpt lat="60.13338" lon="9.43738">
        <ele>142.56105041503906</ele>
        <time>2000-01-01T00:00:00Z</time>
      </trkpt>
      <trkpt lat="60.13350966541787" lon="9.437388104157522">
        <ele>142.8000030517578</ele>
        <time>2000-01-01T00:00:00Z</time>
      </trkpt>
      <trkpt lat="60.1337" lon="9.4374">
        <ele>142.9837188720703</ele>
        <time>2000-01-01T00:00:00Z</time>
      </trkpt>
      <trkpt lat="60.13431" lon="9.43753">
        <ele>143.57557678222656</ele>
        <time>2000-01-01T00:00:00Z</time>
      </trkpt>
      <trkpt lat="60.13464320302034" lon="9.437620054882599">
        <ele>143.89999389648438</ele>
        <time>2000-01-01T00:00:00Z</time>
      </trkpt>
      <trkpt lat="60.13468" lon="9.43763">
        <ele>143.8934783935547</ele>
        <time>2000-01-01T00:00:00Z</time>
      </trkpt>
      <trkpt lat="60.13498" lon="9.43773">
        <ele>143.8401336669922</ele>
        <time>2000-01-01T00:00:00Z</time>
      </trkpt>
      <trkpt lat="60.13511" lon="9.43779">
        <ele>143.81674194335938</ele>
        <time>2000-01-01T00:00:00Z</time>
      </trkpt>
      <trkpt lat="60.13533" lon="9.43792">
        <ele>143.77651977539062</ele>
        <time>2000-01-01T00:00:00Z</time>
      </trkpt>
      <trkpt lat="60.13559" lon="9.43813">
        <ele>143.72735595703125</ele>
        <time>2000-01-01T00:00:00Z</time>
      </trkpt>
      <trkpt lat="60.13572931599639" lon="9.438270687246957">
        <ele>143.6999969482422</ele>
        <time>2000-01-01T00:00:00Z</time>
      </trkpt>
      <trkpt lat="60.13663" lon="9.43918">
        <ele>141.22410583496094</ele>
        <time>2000-01-01T00:00:00Z</time>
      </trkpt>
      <trkpt lat="60.13675174912138" lon="9.439282269790306">
        <ele>140.89999389648438</ele>
        <time>2000-01-01T00:00:00Z</time>
      </trkpt>
      <trkpt lat="60.13688" lon="9.43939">
        <ele>140.97315979003906</ele>
        <time>2000-01-01T00:00:00Z</time>
      </trkpt>
      <trkpt lat="60.13705" lon="9.43946">
        <ele>141.0644989013672</ele>
        <time>2000-01-01T00:00:00Z</time>
      </trkpt>
      <trkpt lat="60.13718" lon="9.43948">
        <ele>141.1331024169922</ele>
        <time>2000-01-01T00:00:00Z</time>
      </trkpt>
      <trkpt lat="60.13736" lon="9.43945">
        <ele>141.22816467285156</ele>
        <time>2000-01-01T00:00:00Z</time>
      </trkpt>
      <trkpt lat="60.13754" lon="9.43935">
        <ele>141.32644653320312</ele>
        <time>2000-01-01T00:00:00Z</time>
      </trkpt>
      <trkpt lat="60.13769" lon="9.4392">
        <ele>141.4146270751953</ele>
        <time>2000-01-01T00:00:00Z</time>
      </trkpt>
      <trkpt lat="60.13776" lon="9.43911">
        <ele>141.4583740234375</ele>
        <time>2000-01-01T00:00:00Z</time>
      </trkpt>
      <trkpt lat="60.13782071694519" lon="9.439008288813937">
        <ele>141.5</ele>
        <time>2000-01-01T00:00:00Z</time>
      </trkpt>
      <trkpt lat="60.13816" lon="9.43844">
        <ele>144.1349639892578</ele>
        <time>2000-01-01T00:00:00Z</time>
      </trkpt>
      <trkpt lat="60.13832" lon="9.43822">
        <ele>145.291748046875</ele>
        <time>2000-01-01T00:00:00Z</time>
      </trkpt>
      <trkpt lat="60.13841" lon="9.43813">
        <ele>145.89120483398438</ele>
        <time>2000-01-01T00:00:00Z</time>
      </trkpt>
      <trkpt lat="60.13877" lon="9.43788">
        <ele>148.1634063720703</ele>
        <time>2000-01-01T00:00:00Z</time>
      </trkpt>
      <trkpt lat="60.1387900494987" lon="9.43785772163399">
        <ele>148.3000030517578</ele>
        <time>2000-01-01T00:00:00Z</time>
      </trkpt>
      <trkpt lat="60.13895" lon="9.43768">
        <ele>149.13375854492188</ele>
        <time>2000-01-01T00:00:00Z</time>
      </trkpt>
      <trkpt lat="60.1391" lon="9.43745">
        <ele>149.99449157714844</ele>
        <time>2000-01-01T00:00:00Z</time>
      </trkpt>
      <trkpt lat="60.13937" lon="9.43695">
        <ele>151.6697540283203</ele>
        <time>2000-01-01T00:00:00Z</time>
      </trkpt>
      <trkpt lat="60.13968" lon="9.43657">
        <ele>153.3261260986328</ele>
        <time>2000-01-01T00:00:00Z</time>
      </trkpt>
      <trkpt lat="60.13971357323016" lon="9.43653373889434">
        <ele>153.5</ele>
        <time>2000-01-01T00:00:00Z</time>
      </trkpt>
      <trkpt lat="60.13993" lon="9.4363">
        <ele>154.1465606689453</ele>
        <time>2000-01-01T00:00:00Z</time>
      </trkpt>
      <trkpt lat="60.14071" lon="9.43556">
        <ele>156.41650390625</ele>
        <time>2000-01-01T00:00:00Z</time>
      </trkpt>
      <trkpt lat="60.14073813055173" lon="9.43553038379889">
        <ele>156.5</ele>
        <time>2000-01-01T00:00:00Z</time>
      </trkpt>
      <trkpt lat="60.14109" lon="9.43516">
        <ele>156.7787628173828</ele>
        <time>2000-01-01T00:00:00Z</time>
      </trkpt>
      <trkpt lat="60.14175757673978" lon="9.434505769931748">
        <ele>157.3000030517578</ele>
        <time>2000-01-01T00:00:00Z</time>
      </trkpt>
      <trkpt lat="60.14209" lon="9.43418">
        <ele>159.27903747558594</ele>
        <time>2000-01-01T00:00:00Z</time>
      </trkpt>
      <trkpt lat="60.14237" lon="9.43387">
        <ele>160.98974609375</ele>
        <time>2000-01-01T00:00:00Z</time>
      </trkpt>
      <trkpt lat="60.14261" lon="9.43357">
        <ele>162.50228881835938</ele>
        <time>2000-01-01T00:00:00Z</time>
      </trkpt>
      <trkpt lat="60.14274691016692" lon="9.433375165133322">
        <ele>163.39999389648438</ele>
        <time>2000-01-01T00:00:00Z</time>
      </trkpt>
      <trkpt lat="60.14287" lon="9.4332">
        <ele>164.06161499023438</ele>
        <time>2000-01-01T00:00:00Z</time>
      </trkpt>
      <trkpt lat="60.14306" lon="9.43289">
        <ele>165.13510131835938</ele>
        <time>2000-01-01T00:00:00Z</time>
      </trkpt>
      <trkpt lat="60.14360635809953" lon="9.431874325484333">
        <ele>168.39999389648438</ele>
        <time>2000-01-01T00:00:00Z</time>
      </trkpt>
      <trkpt lat="60.14384" lon="9.43144">
        <ele>169.34939575195312</ele>
        <time>2000-01-01T00:00:00Z</time>
      </trkpt>
      <trkpt lat="60.14411" lon="9.43102">
        <ele>170.36769104003906</ele>
        <time>2000-01-01T00:00:00Z</time>
      </trkpt>
      <trkpt lat="60.14424" lon="9.43084">
        <ele>170.83843994140625</ele>
        <time>2000-01-01T00:00:00Z</time>
      </trkpt>
      <trkpt lat="60.14452" lon="9.43051">
        <ele>171.8000030517578</ele>
        <time>2000-01-01T00:00:00Z</time>
      </trkpt>
      <trkpt lat="60.14475" lon="9.43028">
        <ele>171.8000030517578</ele>
        <time>2000-01-01T00:00:00Z</time>
      </trkpt>
      <trkpt lat="60.14499" lon="9.43012">
        <ele>171.8000030517578</ele>
        <time>2000-01-01T00:00:00Z</time>
      </trkpt>
      <trkpt lat="60.14557" lon="9.42991">
        <ele>171.8000030517578</ele>
        <time>2000-01-01T00:00:00Z</time>
      </trkpt>
      <trkpt lat="60.14560703023558" lon="9.429887471616237">
        <ele>171.8000030517578</ele>
        <time>2000-01-01T00:00:00Z</time>
      </trkpt>
      <trkpt lat="60.14631" lon="9.42946">
        <ele>171.99327087402344</ele>
        <time>2000-01-01T00:00:00Z</time>
      </trkpt>
      <trkpt lat="60.146703042369126" lon="9.429258908525378">
        <ele>172.10000610351562</ele>
        <time>2000-01-01T00:00:00Z</time>
      </trkpt>
      <trkpt lat="60.14674" lon="9.42924">
        <ele>172.1200714111328</ele>
        <time>2000-01-01T00:00:00Z</time>
      </trkpt>
      <trkpt lat="60.14782430173689" lon="9.428845703112229">
        <ele>172.6999969482422</ele>
        <time>2000-01-01T00:00:00Z</time>
      </trkpt>
      <trkpt lat="60.1485" lon="9.4286">
        <ele>173.24208068847656</ele>
        <time>2000-01-01T00:00:00Z</time>
      </trkpt>
      <trkpt lat="60.14882" lon="9.42846">
        <ele>173.5006561279297</ele>
        <time>2000-01-01T00:00:00Z</time>
      </trkpt>
      <trkpt lat="60.148940992582574" lon="9.428390196207808">
        <ele>173.60000610351562</ele>
        <time>2000-01-01T00:00:00Z</time>
      </trkpt>
      <trkpt lat="60.14908" lon="9.42831">
        <ele>173.66342163085938</ele>
        <time>2000-01-01T00:00:00Z</time>
      </trkpt>
      <trkpt lat="60.14954" lon="9.42801">
        <ele>173.87551879882812</ele>
        <time>2000-01-01T00:00:00Z</time>
      </trkpt>
      <trkpt lat="60.1499" lon="9.42775">
        <ele>174.0432891845703</ele>
        <time>2000-01-01T00:00:00Z</time>
      </trkpt>
      <trkpt lat="60.15001985628732" lon="9.427652439709307">
        <ele>174.10000610351562</ele>
        <time>2000-01-01T00:00:00Z</time>
      </trkpt>
      <trkpt lat="60.15033" lon="9.4274">
        <ele>174.07064819335938</ele>
        <time>2000-01-01T00:00:00Z</time>
      </trkpt>
      <trkpt lat="60.15075" lon="9.42703">
        <ele>174.03042602539062</ele>
        <time>2000-01-01T00:00:00Z</time>
      </trkpt>
      <trkpt lat="60.15102" lon="9.42675">
        <ele>174.00376892089844</ele>
        <time>2000-01-01T00:00:00Z</time>
      </trkpt>
      <trkpt lat="60.15105750673044" lon="9.42670780304465">
        <ele>174.0</ele>
        <time>2000-01-01T00:00:00Z</time>
      </trkpt>
      <trkpt lat="60.15126" lon="9.42648">
        <ele>173.85751342773438</ele>
        <time>2000-01-01T00:00:00Z</time>
      </trkpt>
      <trkpt lat="60.15185" lon="9.42567">
        <ele>173.4187469482422</ele>
        <time>2000-01-01T00:00:00Z</time>
      </trkpt>
      <trkpt lat="60.15201387881429" lon="9.425463633354113">
        <ele>173.3000030517578</ele>
        <time>2000-01-01T00:00:00Z</time>
      </trkpt>
      <trkpt lat="60.15212" lon="9.42533">
        <ele>173.2450714111328</ele>
        <time>2000-01-01T00:00:00Z</time>
      </trkpt>
      <trkpt lat="60.15242" lon="9.42503">
        <ele>173.09811401367188</ele>
        <time>2000-01-01T00:00:00Z</time>
      </trkpt>
      <trkpt lat="60.15261" lon="9.42488">
        <ele>173.0085906982422</ele>
        <time>2000-01-01T00:00:00Z</time>
      </trkpt>
      <trkpt lat="60.15277" lon="9.42477">
        <ele>172.93441772460938</ele>
        <time>2000-01-01T00:00:00Z</time>
      </trkpt>
      <trkpt lat="60.15306626464475" lon="9.42461241187125">
        <ele>172.8000030517578</ele>
        <time>2000-01-01T00:00:00Z</time>
      </trkpt>
      <trkpt lat="60.15324" lon="9.42452">
        <ele>172.8000030517578</ele>
        <time>2000-01-01T00:00:00Z</time>
      </trkpt>
      <trkpt lat="60.15348" lon="9.42441">
        <ele>172.8000030517578</ele>
        <time>2000-01-01T00:00:00Z</time>
      </trkpt>
      <trkpt lat="60.15418536740528" lon="9.424185323236303">
        <ele>172.8000030517578</ele>
        <time>2000-01-01T00:00:00Z</time>
      </trkpt>
      <trkpt lat="60.15483" lon="9.42398">
        <ele>173.2007293701172</ele>
        <time>2000-01-01T00:00:00Z</time>
      </trkpt>
      <trkpt lat="60.15514" lon="9.42387">
        <ele>173.39398193359375</ele>
        <time>2000-01-01T00:00:00Z</time>
      </trkpt>
      <trkpt lat="60.15530349494772" lon="9.42375852608715">
        <ele>173.5</ele>
        <time>2000-01-01T00:00:00Z</time>
      </trkpt>
      <trkpt lat="60.15536" lon="9.42372">
        <ele>173.5418701171875</ele>
        <time>2000-01-01T00:00:00Z</time>
      </trkpt>
      <trkpt lat="60.15592" lon="9.42328">
        <ele>173.9638214111328</ele>
        <time>2000-01-01T00:00:00Z</time>
      </trkpt>
      <trkpt lat="60.15622" lon="9.42312">
        <ele>174.1815948486328</ele>
        <time>2000-01-01T00:00:00Z</time>
      </trkpt>
      <trkpt lat="60.156385881774035" lon="9.423058100815073">
        <ele>174.3000030517578</ele>
        <time>2000-01-01T00:00:00Z</time>
      </trkpt>
      <trkpt lat="60.15689" lon="9.42287">
        <ele>174.07513427734375</ele>
        <time>2000-01-01T00:00:00Z</time>
      </trkpt>
      <trkpt lat="60.15705" lon="9.42278">
        <ele>174.0022735595703</ele>
        <time>2000-01-01T00:00:00Z</time>
      </trkpt>
      <trkpt lat="60.15727" lon="9.42258">
        <ele>173.8963623046875</ele>
        <time>2000-01-01T00:00:00Z</time>
      </trkpt>
      <trkpt lat="60.15745863676841" lon="9.422353634390262">
        <ele>173.8000030517578</ele>
        <time>2000-01-01T00:00:00Z</time>
      </trkpt>
      <trkpt lat="60.15762" lon="9.42216">
        <ele>173.7340545654297</ele>
        <time>2000-01-01T00:00:00Z</time>
      </trkpt>
      <trkpt lat="60.15808" lon="9.42153">
        <ele>173.5387420654297</ele>
        <time>2000-01-01T00:00:00Z</time>
      </trkpt>
      <trkpt lat="60.15832" lon="9.42115">
        <ele>173.43153381347656</ele>
        <time>2000-01-01T00:00:00Z</time>
      </trkpt>
      <trkpt lat="60.15838907851394" lon="9.421034354915422">
        <ele>173.39999389648438</ele>
        <time>2000-01-01T00:00:00Z</time>
      </trkpt>
      <trkpt lat="60.15878" lon="9.42038">
        <ele>173.48924255371094</ele>
        <time>2000-01-01T00:00:00Z</time>
      </trkpt>
      <trkpt lat="60.15924" lon="9.41953">
        <ele>173.598876953125</ele>
        <time>2000-01-01T00:00:00Z</time>
      </trkpt>
      <trkpt lat="60.15967" lon="9.41863">
        <ele>173.92333984375</ele>
        <time>2000-01-01T00:00:00Z</time>
      </trkpt>
      <trkpt lat="60.15999" lon="9.41788">
        <ele>174.18203735351562</ele>
        <time>2000-01-01T00:00:00Z</time>
      </trkpt>
      <trkpt lat="60.16001003789669" lon="9.417824583456335">
        <ele>174.1999969482422</ele>
        <time>2000-01-01T00:00:00Z</time>
      </trkpt>
      <trkpt lat="60.160681915801476" lon="9.415973522762581">
        <ele>174.3000030517578</ele>
        <time>2000-01-01T00:00:00Z</time>
      </trkpt>
      <trkpt lat="60.16093" lon="9.41529">
        <ele>174.11537170410156</ele>
        <time>2000-01-01T00:00:00Z</time>
      </trkpt>
      <trkpt lat="60.16108" lon="9.41498">
        <ele>174.02102661132812</ele>
        <time>2000-01-01T00:00:00Z</time>
      </trkpt>
      <trkpt lat="60.16126" lon="9.41468">
        <ele>173.91847229003906</ele>
        <time>2000-01-01T00:00:00Z</time>
      </trkpt>
      <trkpt lat="60.16148" lon="9.41445">
        <ele>173.8096923828125</ele>
        <time>2000-01-01T00:00:00Z</time>
      </trkpt>
      <trkpt lat="60.16150048182434" lon="9.414433241907378">
        <ele>173.8000030517578</ele>
        <time>2000-01-01T00:00:00Z</time>
      </trkpt>
      <trkpt lat="60.16159" lon="9.41436">
        <ele>173.8084716796875</ele>
        <time>2000-01-01T00:00:00Z</time>
      </trkpt>
      <trkpt lat="60.16208" lon="9.41409">
        <ele>173.85304260253906</ele>
        <time>2000-01-01T00:00:00Z</time>
      </trkpt>
      <trkpt lat="60.16222" lon="9.414">
        <ele>173.86593627929688</ele>
        <time>2000-01-01T00:00:00Z</time>
      </trkpt>
      <trkpt lat="60.16257605999731" lon="9.413688446001874">
        <ele>173.89999389648438</ele>
        <time>2000-01-01T00:00:00Z</time>
      </trkpt>
      <trkpt lat="60.16278" lon="9.41351">
        <ele>174.1145782470703</ele>
        <time>2000-01-01T00:00:00Z</time>
      </trkpt>
      <trkpt lat="60.16298" lon="9.4134">
        <ele>174.31468200683594</ele>
        <time>2000-01-01T00:00:00Z</time>
      </trkpt>
      <trkpt lat="60.16312" lon="9.41337">
        <ele>174.4505157470703</ele>
        <time>2000-01-01T00:00:00Z</time>
      </trkpt>
      <trkpt lat="60.16331" lon="9.41336">
        <ele>174.6338348388672</ele>
        <time>2000-01-01T00:00:00Z</time>
      </trkpt>
      <trkpt lat="60.16368801231425" lon="9.413427202218028">
        <ele>175.0</ele>
        <time>2000-01-01T00:00:00Z</time>
      </trkpt>
      <trkpt lat="60.16376" lon="9.41344">
        <ele>175.0</ele>
        <time>2000-01-01T00:00:00Z</time>
      </trkpt>
      <trkpt lat="60.16399" lon="9.41346">
        <ele>175.0</ele>
        <time>2000-01-01T00:00:00Z</time>
      </trkpt>
      <trkpt lat="60.1642" lon="9.41343">
        <ele>175.0</ele>
        <time>2000-01-01T00:00:00Z</time>
      </trkpt>
      <trkpt lat="60.16437" lon="9.41339">
        <ele>175.0</ele>
        <time>2000-01-01T00:00:00Z</time>
      </trkpt>
      <trkpt lat="60.16465" lon="9.41327">
        <ele>175.0</ele>
        <time>2000-01-01T00:00:00Z</time>
      </trkpt>
      <trkpt lat="60.16481136342593" lon="9.413165113734086">
        <ele>175.0</ele>
        <time>2000-01-01T00:00:00Z</time>
      </trkpt>
      <trkpt lat="60.16485" lon="9.41314">
        <ele>174.9893035888672</ele>
        <time>2000-01-01T00:00:00Z</time>
      </trkpt>
      <trkpt lat="60.16503" lon="9.413">
        <ele>174.9385223388672</ele>
        <time>2000-01-01T00:00:00Z</time>
      </trkpt>
      <trkpt lat="60.16581" lon="9.41226">
        <ele>174.7115478515625</ele>
        <time>2000-01-01T00:00:00Z</time>
      </trkpt>
      <trkpt lat="60.16584992283737" lon="9.412223146476558">
        <ele>174.6999969482422</ele>
        <time>2000-01-01T00:00:00Z</time>
      </trkpt>
      <trkpt lat="60.16607" lon="9.41202">
        <ele>174.6787567138672</ele>
        <time>2000-01-01T00:00:00Z</time>
      </trkpt>
      <trkpt lat="60.166904672047586" lon="9.411354764978922">
        <ele>174.60000610351562</ele>
        <time>2000-01-01T00:00:00Z</time>
      </trkpt>
      <trkpt lat="60.1674" lon="9.41096">
        <ele>174.69346618652344</ele>
        <time>2000-01-01T00:00:00Z</time>
      </trkpt>
      <trkpt lat="60.1676" lon="9.41079">
        <ele>174.7315673828125</ele>
        <time>2000-01-01T00:00:00Z</time>
      </trkpt>
      <trkpt lat="60.1678" lon="9.41057">
        <ele>174.7715606689453</ele>
        <time>2000-01-01T00:00:00Z</time>
      </trkpt>
      <trkpt lat="60.16791" lon="9.41043">
        <ele>174.79440307617188</ele>
        <time>2000-01-01T00:00:00Z</time>
      </trkpt>
      <trkpt lat="60.167935125704" lon="9.410390278753193">
        <ele>174.8000030517578</ele>
        <time>2000-01-01T00:00:00Z</time>
      </trkpt>
      <trkpt lat="60.16822" lon="9.40994">
        <ele>174.92715454101562</ele>
        <time>2000-01-01T00:00:00Z</time>
      </trkpt>
      <trkpt lat="60.16855" lon="9.40927">
        <ele>175.09170532226562</ele>
        <time>2000-01-01T00:00:00Z</time>
      </trkpt>
      <trkpt lat="60.16875960888545" lon="9.408814574912327">
        <ele>175.1999969482422</ele>
        <time>2000-01-01T00:00:00Z</time>
      </trkpt>
      <trkpt lat="60.16942" lon="9.40738">
        <ele>174.6883087158203</ele>
        <time>2000-01-01T00:00:00Z</time>
      </trkpt>
      <trkpt lat="60.16954498109544" lon="9.407155033897766">
        <ele>174.60000610351562</ele>
        <time>2000-01-01T00:00:00Z</time>
      </trkpt>
      <trkpt lat="60.16957" lon="9.40711">
        <ele>174.53228759765625</ele>
        <time>2000-01-01T00:00:00Z</time>
      </trkpt>
      <trkpt lat="60.16969" lon="9.40693">
        <ele>174.23013305664062</ele>
        <time>2000-01-01T00:00:00Z</time>
      </trkpt>
      <trkpt lat="60.1698" lon="9.40681">
        <ele>173.9777374267578</ele>
        <time>2000-01-01T00:00:00Z</time>
      </trkpt>
      <trkpt lat="60.17017" lon="9.4065">
        <ele>173.16903686523438</ele>
        <time>2000-01-01T00:00:00Z</time>
      </trkpt>
      <trkpt lat="60.17036" lon="9.40637">
        <ele>172.76406860351562</ele>
        <time>2000-01-01T00:00:00Z</time>
      </trkpt>
      <trkpt lat="60.17049" lon="9.40629">
        <ele>172.48988342285156</ele>
        <time>2000-01-01T00:00:00Z</time>
      </trkpt>
      <trkpt lat="60.17058274284529" lon="9.406258019285264">
        <ele>172.3000030517578</ele>
        <time>2000-01-01T00:00:00Z</time>
      </trkpt>
      <trkpt lat="60.17078" lon="9.40619">
        <ele>172.3000030517578</ele>
        <time>2000-01-01T00:00:00Z</time>
      </trkpt>
      <trkpt lat="60.17106" lon="9.40619">
        <ele>172.3000030517578</ele>
        <time>2000-01-01T00:00:00Z</time>
      </trkpt>
      <trkpt lat="60.17131" lon="9.40622">
        <ele>172.3000030517578</ele>
        <time>2000-01-01T00:00:00Z</time>
      </trkpt>
      <trkpt lat="60.171718195315044" lon="9.406285075005">
        <ele>172.3000030517578</ele>
        <time>2000-01-01T00:00:00Z</time>
      </trkpt>
      <trkpt lat="60.172" lon="9.40633">
        <ele>172.49835205078125</ele>
        <time>2000-01-01T00:00:00Z</time>
      </trkpt>
      <trkpt lat="60.17285560322318" lon="9.406442716874269">
        <ele>173.10000610351562</ele>
        <time>2000-01-01T00:00:00Z</time>
      </trkpt>
      <trkpt lat="60.17367" lon="9.40655">
        <ele>173.3863525390625</ele>
        <time>2000-01-01T00:00:00Z</time>
      </trkpt>
      <trkpt lat="60.1739" lon="9.40656">
        <ele>173.46707153320312</ele>
        <time>2000-01-01T00:00:00Z</time>
      </trkpt>
      <trkpt lat="60.17399384402591" lon="9.406556246209258">
        <ele>173.5</ele>
        <time>2000-01-01T00:00:00Z</time>
      </trkpt>
      <trkpt lat="60.17415" lon="9.40655">
        <ele>173.65066528320312</ele>
        <time>2000-01-01T00:00:00Z</time>
      </trkpt>
      <trkpt lat="60.17438" lon="9.4065">
        <ele>173.87393188476562</ele>
        <time>2000-01-01T00:00:00Z</time>
      </trkpt>
      <trkpt lat="60.17447" lon="9.40646">
        <ele>173.96282958984375</ele>
        <time>2000-01-01T00:00:00Z</time>
      </trkpt>
      <trkpt lat="60.17456" lon="9.40641">
        <ele>174.05291748046875</ele>
        <time>2000-01-01T00:00:00Z</time>
      </trkpt>
      <trkpt lat="60.17474" lon="9.40627">
        <ele>174.2391357421875</ele>
        <time>2000-01-01T00:00:00Z</time>
      </trkpt>
      <trkpt lat="60.175" lon="9.406">
        <ele>174.5215301513672</ele>
        <time>2000-01-01T00:00:00Z</time>
      </trkpt>
      <trkpt lat="60.1750683206961" lon="9.405911179951753">
        <ele>174.60000610351562</ele>
        <time>2000-01-01T00:00:00Z</time>
      </trkpt>
      <trkpt lat="60.1753" lon="9.40561">
        <ele>174.69680786132812</ele>
        <time>2000-01-01T00:00:00Z</time>
      </trkpt>
      <trkpt lat="60.17587" lon="9.40478">
        <ele>174.94374084472656</ele>
        <time>2000-01-01T00:00:00Z</time>
      </trkpt>
      <trkpt lat="60.17601" lon="9.4046">
        <ele>174.9954376220703</ele>
        <time>2000-01-01T00:00:00Z</time>
      </trkpt>
      <trkpt lat="60.17616" lon="9.40445">
        <ele>174.8632049560547</ele>
        <time>2000-01-01T00:00:00Z</time>
      </trkpt>
      <trkpt lat="60.17635" lon="9.40433">
        <ele>174.7059783935547</ele>
        <time>2000-01-01T00:00:00Z</time>
      </trkpt>
      <trkpt lat="60.1765" lon="9.40425">
        <ele>174.5834503173828</ele>
        <time>2000-01-01T00:00:00Z</time>
      </trkpt>
      <trkpt lat="60.17710586056206" lon="9.404070292520151">
        <ele>174.10000610351562</ele>
        <time>2000-01-01T00:00:00Z</time>
      </trkpt>
      <trkpt lat="60.17768" lon="9.4039">
        <ele>174.456298828125</ele>
        <time>2000-01-01T00:00:00Z</time>
      </trkpt>
      <trkpt lat="60.17809" lon="9.4037">
        <ele>174.71534729003906</ele>
        <time>2000-01-01T00:00:00Z</time>
      </trkpt>
      <trkpt lat="60.17822145786559" lon="9.403616344816225">
        <ele>174.8000030517578</ele>
        <time>2000-01-01T00:00:00Z</time>
      </trkpt>
      <trkpt lat="60.17831" lon="9.40356">
        <ele>174.88148498535156</ele>
        <time>2000-01-01T00:00:00Z</time>
      </trkpt>
      <trkpt lat="60.1785" lon="9.40341">
        <ele>175.06048583984375</ele>
        <time>2000-01-01T00:00:00Z</time>
      </trkpt>
      <trkpt lat="60.17864" lon="9.40329">
        <ele>175.19400024414062</ele>
        <time>2000-01-01T00:00:00Z</time>
      </trkpt>
      <trkpt lat="60.17909" lon="9.40279">
        <ele>175.6449737548828</ele>
        <time>2000-01-01T00:00:00Z</time>
      </trkpt>
      <trkpt lat="60.17924826726817" lon="9.402631732674676">
        <ele>175.8000030517578</ele>
        <time>2000-01-01T00:00:00Z</time>
      </trkpt>
      <trkpt lat="60.17928" lon="9.4026">
        <ele>175.8404541015625</ele>
        <time>2000-01-01T00:00:00Z</time>
      </trkpt>
      <trkpt lat="60.17982" lon="9.40219">
        <ele>176.49862670898438</ele>
        <time>2000-01-01T00:00:00Z</time>
      </trkpt>
      <trkpt lat="60.18003" lon="9.40199">
        <ele>176.7635498046875</ele>
        <time>2000-01-01T00:00:00Z</time>
      </trkpt>
      <trkpt lat="60.180283548831746" lon="9.401686565856604">
        <ele>177.10000610351562</ele>
        <time>2000-01-01T00:00:00Z</time>
      </trkpt>
      <trkpt lat="60.18064" lon="9.40126">
        <ele>177.10000610351562</ele>
        <time>2000-01-01T00:00:00Z</time>
      </trkpt>
      <trkpt lat="60.18106" lon="9.40078">
        <ele>177.10000610351562</ele>
        <time>2000-01-01T00:00:00Z</time>
      </trkpt>
      <trkpt lat="60.1812625483492" lon="9.400513004400802">
        <ele>177.10000610351562</ele>
        <time>2000-01-01T00:00:00Z</time>
      </trkpt>
      <trkpt lat="60.18128" lon="9.40049">
        <ele>177.0835418701172</ele>
        <time>2000-01-01T00:00:00Z</time>
      </trkpt>
      <trkpt lat="60.18153" lon="9.40008">
        <ele>176.8289031982422</ele>
        <time>2000-01-01T00:00:00Z</time>
      </trkpt>
      <trkpt lat="60.18196" lon="9.39927">
        <ele>176.36376953125</ele>
        <time>2000-01-01T00:00:00Z</time>
      </trkpt>
      <trkpt lat="60.18213293928314" lon="9.399039413149364">
        <ele>176.1999969482422</ele>
        <time>2000-01-01T00:00:00Z</time>
      </trkpt>
      <trkpt lat="60.18226" lon="9.39887">
        <ele>176.18663024902344</ele>
        <time>2000-01-01T00:00:00Z</time>
      </trkpt>
      <trkpt lat="60.18279" lon="9.39824">
        <ele>176.13262939453125</ele>
        <time>2000-01-01T00:00:00Z</time>
      </trkpt>
      <trkpt lat="60.18309" lon="9.39783">
        <ele>176.10081481933594</ele>
        <time>2000-01-01T00:00:00Z</time>
      </trkpt>
      <trkpt lat="60.18309736908354" lon="9.397818785515273">
        <ele>176.10000610351562</ele>
        <time>2000-01-01T00:00:00Z</time>
      </trkpt>
      <trkpt lat="60.18361" lon="9.39704">
        <ele>175.9309539794922</ele>
        <time>2000-01-01T00:00:00Z</time>
      </trkpt>
      <trkpt lat="60.18382" lon="9.39664">
        <ele>175.85482788085938</ele>
        <time>2000-01-01T00:00:00Z</time>
      </trkpt>
      <trkpt lat="60.1839496861952" lon="9.396311969570396">
        <ele>175.8000030517578</ele>
        <time>2000-01-01T00:00:00Z</time>
      </trkpt>
      <trkpt lat="60.18399" lon="9.39621">
        <ele>175.77728271484375</ele>
        <time>2000-01-01T00:00:00Z</time>
      </trkpt>
      <trkpt lat="60.18422" lon="9.39557">
        <ele>175.63951110839844</ele>
        <time>2000-01-01T00:00:00Z</time>
      </trkpt>
      <trkpt lat="60.18446" lon="9.39476">
        <ele>175.4750213623047</ele>
        <time>2000-01-01T00:00:00Z</time>
      </trkpt>
      <trkpt lat="60.18456105232965" lon="9.394381014289028">
        <ele>175.39999389648438</ele>
        <time>2000-01-01T00:00:00Z</time>
      </trkpt>
      <trkpt lat="60.18482" lon="9.39341">
        <ele>175.83248901367188</ele>
        <time>2000-01-01T00:00:00Z</time>
      </trkpt>
      <trkpt lat="60.18509" lon="9.39248">
        <ele>176.2552032470703</ele>
        <time>2000-01-01T00:00:00Z</time>
      </trkpt>
      <trkpt lat="60.1851147085375" lon="9.392377245151101">
        <ele>176.3000030517578</ele>
        <time>2000-01-01T00:00:00Z</time>
      </trkpt>
      <trkpt lat="60.18528" lon="9.39169">
        <ele>176.6329345703125</ele>
        <time>2000-01-01T00:00:00Z</time>
      </trkpt>
      <trkpt lat="60.18553" lon="9.39029">
        <ele>177.28164672851562</ele>
        <time>2000-01-01T00:00:00Z</time>
      </trkpt>
      <trkpt lat="60.185540017558104" lon="9.390253004790697">
        <ele>177.3000030517578</ele>
        <time>2000-01-01T00:00:00Z</time>
      </trkpt>
      <trkpt lat="60.18566" lon="9.38981">
        <ele>177.36599731445312</ele>
        <time>2000-01-01T00:00:00Z</time>
      </trkpt>
      <trkpt lat="60.18574" lon="9.38961">
        <ele>177.3995819091797</ele>
        <time>2000-01-01T00:00:00Z</time>
      </trkpt>
      <trkpt lat="60.18597" lon="9.3892">
        <ele>177.48046875</ele>
        <time>2000-01-01T00:00:00Z</time>
      </trkpt>
      <trkpt lat="60.18627" lon="9.38882">
        <ele>177.57376098632812</ele>
        <time>2000-01-01T00:00:00Z</time>
      </trkpt>
      <trkpt lat="60.186357820746146" lon="9.388724857590397">
        <ele>177.60000610351562</ele>
        <time>2000-01-01T00:00:00Z</time>
      </trkpt>
      <trkpt lat="60.18663" lon="9.38843">
        <ele>177.49154663085938</ele>
        <time>2000-01-01T00:00:00Z</time>
      </trkpt>
      <trkpt lat="60.1868" lon="9.3883">
        <ele>177.42771911621094</ele>
        <time>2000-01-01T00:00:00Z</time>
      </trkpt>
      <trkpt lat="60.18701" lon="9.38818">
        <ele>177.35113525390625</ele>
        <time>2000-01-01T00:00:00Z</time>
      </trkpt>
      <trkpt lat="60.18738" lon="9.38805">
        <ele>177.21932983398438</ele>
        <time>2000-01-01T00:00:00Z</time>
      </trkpt>
      <trkpt lat="60.18743475984531" lon="9.388037222268913">
        <ele>177.1999969482422</ele>
        <time>2000-01-01T00:00:00Z</time>
      </trkpt>
      <trkpt lat="60.18768" lon="9.38798">
        <ele>176.81021118164062</ele>
        <time>2000-01-01T00:00:00Z</time>
      </trkpt>
      <trkpt lat="60.18811" lon="9.38792">
        <ele>176.12966918945312</ele>
        <time>2000-01-01T00:00:00Z</time>
      </trkpt>
      <trkpt lat="60.18839" lon="9.38791">
        <ele>175.68753051757812</ele>
        <time>2000-01-01T00:00:00Z</time>
      </trkpt>
      <trkpt lat="60.18857187251966" lon="9.387928187252983">
        <ele>175.39999389648438</ele>
        <time>2000-01-01T00:00:00Z</time>
      </trkpt>
      <trkpt lat="60.18859" lon="9.38793">
        <ele>175.36338806152344</ele>
        <time>2000-01-01T00:00:00Z</time>
      </trkpt>
      <trkpt lat="60.18873" lon="9.38797">
        <ele>175.07810974121094</ele>
        <time>2000-01-01T00:00:00Z</time>
      </trkpt>
      <trkpt lat="60.18884" lon="9.38801">
        <ele>174.8525848388672</ele>
        <time>2000-01-01T00:00:00Z</time>
      </trkpt>
      <trkpt lat="60.18916" lon="9.38818">
        <ele>174.184814453125</ele>
        <time>2000-01-01T00:00:00Z</time>
      </trkpt>
      <trkpt lat="60.18967249581712" lon="9.388507589622987">
        <ele>173.10000610351562</ele>
        <time>2000-01-01T00:00:00Z</time>
      </trkpt>
      <trkpt lat="60.19075912897474" lon="9.38920185731363">
        <ele>172.1999969482422</ele>
        <time>2000-01-01T00:00:00Z</time>
      </trkpt>
      <trkpt lat="60.19184569373842" lon="9.389896129586573">
        <ele>172.10000610351562</ele>
        <time>2000-01-01T00:00:00Z</time>
      </trkpt>
      <trkpt lat="60.19193" lon="9.38995">
        <ele>172.13104248046875</ele>
        <time>2000-01-01T00:00:00Z</time>
      </trkpt>
      <trkpt lat="60.19239" lon="9.39023">
        <ele>172.29965209960938</ele>
        <time>2000-01-01T00:00:00Z</time>
      </trkpt>
      <trkpt lat="60.19293315193258" lon="9.390584395232594">
        <ele>172.5</ele>
        <time>2000-01-01T00:00:00Z</time>
      </trkpt>
      <trkpt lat="60.19401761776355" lon="9.39129186997643">
        <ele>172.60000610351562</ele>
        <time>2000-01-01T00:00:00Z</time>
      </trkpt>
      <trkpt lat="60.19426" lon="9.39145">
        <ele>172.51060485839844</ele>
        <time>2000-01-01T00:00:00Z</time>
      </trkpt>
      <trkpt lat="60.19437" lon="9.39151">
        <ele>172.4706268310547</ele>
        <time>2000-01-01T00:00:00Z</time>
      </trkpt>
      <trkpt lat="60.19448" lon="9.39156">
        <ele>172.43106079101562</ele>
        <time>2000-01-01T00:00:00Z</time>
      </trkpt>
      <trkpt lat="60.19447" lon="9.39165">
        <ele>172.41497802734375</ele>
        <time>2000-01-01T00:00:00Z</time>
      </trkpt>
      <trkpt lat="60.1944" lon="9.39206">
        <ele>172.33937072753906</ele>
        <time>2000-01-01T00:00:00Z</time>
      </trkpt>
      <trkpt lat="60.19433" lon="9.39236">
        <ele>172.28158569335938</ele>
        <time>2000-01-01T00:00:00Z</time>
      </trkpt>
      <trkpt lat="60.19423509541302" lon="9.392787061911207">
        <ele>172.1999969482422</ele>
        <time>2000-01-01T00:00:00Z</time>
      </trkpt>
      <trkpt lat="60.19415" lon="9.39317">
        <ele>172.236572265625</ele>
        <time>2000-01-01T00:00:00Z</time>
      </trkpt>
      <trkpt lat="60.194" lon="9.39381">
        <ele>172.29827880859375</ele>
        <time>2000-01-01T00:00:00Z</time>
      </trkpt>
      <trkpt lat="60.1939" lon="9.39419">
        <ele>172.3357696533203</ele>
        <time>2000-01-01T00:00:00Z</time>
      </trkpt>
      <trkpt lat="60.19387" lon="9.39432">
        <ele>172.3482666015625</ele>
        <time>2000-01-01T00:00:00Z</time>
      </trkpt>
      <trkpt lat="60.1938" lon="9.39462">
        <ele>172.37716674804688</ele>
        <time>2000-01-01T00:00:00Z</time>
      </trkpt>
      <trkpt lat="60.193746169875794" lon="9.39485839005932">
        <ele>172.39999389648438</ele>
        <time>2000-01-01T00:00:00Z</time>
      </trkpt>
      <trkpt lat="60.19373" lon="9.39493">
        <ele>172.46511840820312</ele>
        <time>2000-01-01T00:00:00Z</time>
      </trkpt>
      <trkpt lat="60.19369" lon="9.39509">
        <ele>172.61346435546875</ele>
        <time>2000-01-01T00:00:00Z</time>
      </trkpt>
      <trkpt lat="60.19364" lon="9.39535">
        <ele>172.84449768066406</ele>
        <time>2000-01-01T00:00:00Z</time>
      </trkpt>
      <trkpt lat="60.1936" lon="9.39559">
        <ele>173.05413818359375</ele>
        <time>2000-01-01T00:00:00Z</time>
      </trkpt>
      <trkpt lat="60.19357" lon="9.39579">
        <ele>173.2271728515625</ele>
        <time>2000-01-01T00:00:00Z</time>
      </trkpt>
      <trkpt lat="60.19355" lon="9.39592">
        <ele>173.33998107910156</ele>
        <time>2000-01-01T00:00:00Z</time>
      </trkpt>
      <trkpt lat="60.19354" lon="9.39604">
        <ele>173.44076538085938</ele>
        <time>2000-01-01T00:00:00Z</time>
      </trkpt>
      <trkpt lat="60.19355" lon="9.39617">
        <ele>173.54971313476562</ele>
        <time>2000-01-01T00:00:00Z</time>
      </trkpt>
      <trkpt lat="60.19355" lon="9.39628">
        <ele>173.64088439941406</ele>
        <time>2000-01-01T00:00:00Z</time>
      </trkpt>
      <trkpt lat="60.19357" lon="9.39641">
        <ele>173.75357055664062</ele>
        <time>2000-01-01T00:00:00Z</time>
      </trkpt>
      <trkpt lat="60.19358" lon="9.39651">
        <ele>173.8380584716797</ele>
        <time>2000-01-01T00:00:00Z</time>
      </trkpt>
      <trkpt lat="60.1936" lon="9.39663">
        <ele>173.9429168701172</ele>
        <time>2000-01-01T00:00:00Z</time>
      </trkpt>
      <trkpt lat="60.19365" lon="9.39683">
        <ele>174.12843322753906</ele>
        <time>2000-01-01T00:00:00Z</time>
      </trkpt>
      <trkpt lat="60.19368" lon="9.39695">
        <ele>174.23963928222656</ele>
        <time>2000-01-01T00:00:00Z</time>
      </trkpt>
      <trkpt lat="60.19369" lon="9.39702">
        <ele>174.39999389648438</ele>
        <time>2000-01-01T00:00:00Z</time>
      </trkpt>
      <trkpt lat="60.19375" lon="9.39704">
        <ele>174.40533447265625</ele>
        <time>2000-01-01T00:00:00Z</time>
      </trkpt>
      <trkpt lat="60.19374" lon="9.39718">
        <ele>174.4114990234375</ele>
        <time>2000-01-01T00:00:00Z</time>
      </trkpt>
      <trkpt lat="60.19371" lon="9.39709">
        <ele>174.4162139892578</ele>
        <time>2000-01-01T00:00:00Z</time>
      </trkpt>
      <trkpt lat="60.19375" lon="9.39704">
        <ele>174.42034912109375</ele>
        <time>2000-01-01T00:00:00Z</time>
      </trkpt>
      <trkpt lat="60.19379" lon="9.39704">
        <ele>174.42385864257812</ele>
        <time>2000-01-01T00:00:00Z</time>
      </trkpt>
      <trkpt lat="60.19432" lon="9.39754">
        <ele>174.47520446777344</ele>
        <time>2000-01-01T00:00:00Z</time>
      </trkpt>
      <trkpt lat="60.194563682316236" lon="9.397827988683469">
        <ele>174.5</ele>
        <time>2000-01-01T00:00:00Z</time>
      </trkpt>
      <trkpt lat="60.19465" lon="9.39793">
        <ele>174.70196533203125</ele>
        <time>2000-01-01T00:00:00Z</time>
      </trkpt>
      <trkpt lat="60.19477" lon="9.398">
        <ele>174.9540252685547</ele>
        <time>2000-01-01T00:00:00Z</time>
      </trkpt>
      <trkpt lat="60.19489" lon="9.398">
        <ele>175.19610595703125</ele>
        <time>2000-01-01T00:00:00Z</time>
      </trkpt>
      <trkpt lat="60.19504" lon="9.39796">
        <ele>175.50137329101562</ele>
        <time>2000-01-01T00:00:00Z</time>
      </trkpt>
      <trkpt lat="60.19535" lon="9.39773">
        <ele>176.16793823242188</ele>
        <time>2000-01-01T00:00:00Z</time>
      </trkpt>
      <trkpt lat="60.19548" lon="9.39766">
        <ele>176.43943786621094</ele>
        <time>2000-01-01T00:00:00Z</time>
      </trkpt>
      <trkpt lat="60.19561" lon="9.39768">
        <ele>176.7024688720703</ele>
        <time>2000-01-01T00:00:00Z</time>
      </trkpt>
      <trkpt lat="60.19565720989875" lon="9.397700984487788">
        <ele>176.8000030517578</ele>
        <time>2000-01-01T00:00:00Z</time>
      </trkpt>
      <trkpt lat="60.19606" lon="9.39788">
        <ele>178.10255432128906</ele>
        <time>2000-01-01T00:00:00Z</time>
      </trkpt>
      <trkpt lat="60.19633" lon="9.39796">
        <ele>178.96432495117188</ele>
        <time>2000-01-01T00:00:00Z</time>
      </trkpt>
      <trkpt lat="60.19672" lon="9.39815">
        <ele>180.2313995361328</ele>
        <time>2000-01-01T00:00:00Z</time>
      </trkpt>
      <trkpt lat="60.1967680954683" lon="9.398196640969994">
        <ele>180.39999389648438</ele>
        <time>2000-01-01T00:00:00Z</time>
      </trkpt>
      <trkpt lat="60.19705" lon="9.39847">
        <ele>180.8117218017578</ele>
        <time>2000-01-01T00:00:00Z</time>
      </trkpt>
      <trkpt lat="60.19766" lon="9.39911">
        <ele>181.7168731689453</ele>
        <time>2000-01-01T00:00:00Z</time>
      </trkpt>
      <trkpt lat="60.197786072196955" lon="9.399228656270195">
        <ele>181.89999389648438</ele>
        <time>2000-01-01T00:00:00Z</time>
      </trkpt>
      <trkpt lat="60.19783" lon="9.39927">
        <ele>181.84043884277344</ele>
        <time>2000-01-01T00:00:00Z</time>
      </trkpt>
      <trkpt lat="60.19818" lon="9.39946">
        <ele>181.39527893066406</ele>
        <time>2000-01-01T00:00:00Z</time>
      </trkpt>
      <trkpt lat="60.19847" lon="9.39959">
        <ele>181.03042602539062</ele>
        <time>2000-01-01T00:00:00Z</time>
      </trkpt>
      <trkpt lat="60.19861" lon="9.39963">
        <ele>180.85678100585938</ele>
        <time>2000-01-01T00:00:00Z</time>
      </trkpt>
      <trkpt lat="60.198900520252614" lon="9.399638070011106">
        <ele>180.5</ele>
        <time>2000-01-01T00:00:00Z</time>
      </trkpt>
      <trkpt lat="60.19897" lon="9.39964">
        <ele>180.28057861328125</ele>
        <time>2000-01-01T00:00:00Z</time>
      </trkpt>
      <trkpt lat="60.19922" lon="9.39964">
        <ele>179.4911651611328</ele>
        <time>2000-01-01T00:00:00Z</time>
      </trkpt>
      <trkpt lat="60.19943" lon="9.39961">
        <ele>178.8263702392578</ele>
        <time>2000-01-01T00:00:00Z</time>
      </trkpt>
      <trkpt lat="60.19965" lon="9.39962">
        <ele>178.13150024414062</ele>
        <time>2000-01-01T00:00:00Z</time>
      </trkpt>
      <trkpt lat="60.19985" lon="9.39967">
        <ele>177.4951171875</ele>
        <time>2000-01-01T00:00:00Z</time>
      </trkpt>
      <trkpt lat="60.20003830398342" lon="9.399685692005436">
        <ele>176.89999389648438</ele>
        <time>2000-01-01T00:00:00Z</time>
      </trkpt>
      <trkpt lat="60.20009" lon="9.39969">
        <ele>176.84100341796875</ele>
        <time>2000-01-01T00:00:00Z</time>
      </trkpt>
      <trkpt lat="60.20021" lon="9.39967">
        <ele>176.7036895751953</ele>
        <time>2000-01-01T00:00:00Z</time>
      </trkpt>
      <trkpt lat="60.20052" lon="9.39967">
        <ele>176.3502197265625</ele>
        <time>2000-01-01T00:00:00Z</time>
      </trkpt>
      <trkpt lat="60.20079" lon="9.39961">
        <ele>176.04046630859375</ele>
        <time>2000-01-01T00:00:00Z</time>
      </trkpt>
      <trkpt lat="60.20106" lon="9.39959">
        <ele>175.73239135742188</ele>
        <time>2000-01-01T00:00:00Z</time>
      </trkpt>
      <trkpt lat="60.20117607373776" lon="9.399594836425253">
        <ele>175.60000610351562</ele>
        <time>2000-01-01T00:00:00Z</time>
      </trkpt>
      <trkpt lat="60.2013" lon="9.3996">
        <ele>175.85006713867188</ele>
        <time>2000-01-01T00:00:00Z</time>
      </trkpt>
      <trkpt lat="60.20159" lon="9.39956">
        <ele>176.43649291992188</ele>
        <time>2000-01-01T00:00:00Z</time>
      </trkpt>
      <trkpt lat="60.20202" lon="9.39955">
        <ele>177.3040313720703</ele>
        <time>2000-01-01T00:00:00Z</time>
      </trkpt>
      <trkpt lat="60.20231496294494" lon="9.399582773742432">
        <ele>177.89999389648438</ele>
        <time>2000-01-01T00:00:00Z</time>
      </trkpt>
      <trkpt lat="60.20247" lon="9.3996">
        <ele>177.88638305664062</ele>
        <time>2000-01-01T00:00:00Z</time>
      </trkpt>
      <trkpt lat="60.20267" lon="9.39959">
        <ele>177.86883544921875</ele>
        <time>2000-01-01T00:00:00Z</time>
      </trkpt>
      <trkpt lat="60.20295" lon="9.39953">
        <ele>177.84413146972656</ele>
        <time>2000-01-01T00:00:00Z</time>
      </trkpt>
      <trkpt lat="60.20313" lon="9.39944">
        <ele>177.82786560058594</ele>
        <time>2000-01-01T00:00:00Z</time>
      </trkpt>
      <trkpt lat="60.20335" lon="9.39923">
        <ele>177.80650329589844</ele>
        <time>2000-01-01T00:00:00Z</time>
      </trkpt>
      <trkpt lat="60.20340598056169" lon="9.399132032886037">
        <ele>177.8000030517578</ele>
        <time>2000-01-01T00:00:00Z</time>
      </trkpt>
      <trkpt lat="60.20351" lon="9.39895">
        <ele>177.72744750976562</ele>
        <time>2000-01-01T00:00:00Z</time>
      </trkpt>
      <trkpt lat="60.20364" lon="9.39848">
        <ele>177.58677673339844</ele>
        <time>2000-01-01T00:00:00Z</time>
      </trkpt>
      <trkpt lat="60.20373" lon="9.39802">
        <ele>177.45748901367188</ele>
        <time>2000-01-01T00:00:00Z</time>
      </trkpt>
      <trkpt lat="60.20381718440968" lon="9.39705115073156">
        <ele>177.1999969482422</ele>
        <time>2000-01-01T00:00:00Z</time>
      </trkpt>
      <trkpt lat="60.20391" lon="9.39602">
        <ele>177.29135131835938</ele>
        <time>2000-01-01T00:00:00Z</time>
      </trkpt>
      <trkpt lat="60.20397" lon="9.3951">
        <ele>177.3722381591797</ele>
        <time>2000-01-01T00:00:00Z</time>
      </trkpt>
      <trkpt lat="60.20395375362396" lon="9.394783198163674">
        <ele>177.39999389648438</ele>
        <time>2000-01-01T00:00:00Z</time>
      </trkpt>
      <trkpt lat="60.20395" lon="9.39471">
        <ele>177.50262451171875</ele>
        <time>2000-01-01T00:00:00Z</time>
      </trkpt>
      <trkpt lat="60.20392" lon="9.39447">
        <ele>177.84780883789062</ele>
        <time>2000-01-01T00:00:00Z</time>
      </trkpt>
      <trkpt lat="60.20376" lon="9.39363">
        <ele>179.10252380371094</ele>
        <time>2000-01-01T00:00:00Z</time>
      </trkpt>
      <trkpt lat="60.20373" lon="9.39327">
        <ele>179.61166381835938</ele>
        <time>2000-01-01T00:00:00Z</time>
      </trkpt>
      <trkpt lat="60.20379" lon="9.39283">
        <ele>180.248046875</ele>
        <time>2000-01-01T00:00:00Z</time>
      </trkpt>
      <trkpt lat="60.20383922968163" lon="9.39259791640983">
        <ele>180.60000610351562</ele>
        <time>2000-01-01T00:00:00Z</time>
      </trkpt>
      <trkpt lat="60.20386" lon="9.3925">
        <ele>180.6464080810547</ele>
        <time>2000-01-01T00:00:00Z</time>
      </trkpt>
      <trkpt lat="60.20395" lon="9.39224">
        <ele>180.78451538085938</ele>
        <time>2000-01-01T00:00:00Z</time>
      </trkpt>
      <trkpt lat="60.20444" lon="9.39116">
        <ele>181.42193603515625</ele>
        <time>2000-01-01T00:00:00Z</time>
      </trkpt>
      <trkpt lat="60.20452" lon="9.39105">
        <ele>181.50692749023438</ele>
        <time>2000-01-01T00:00:00Z</time>
      </trkpt>
      <trkpt lat="60.20461356121156" lon="9.390949241700081">
        <ele>181.60000610351562</ele>
        <time>2000-01-01T00:00:00Z</time>
      </trkpt>
      <trkpt lat="60.20465" lon="9.39091">
        <ele>181.54562377929688</ele>
        <time>2000-01-01T00:00:00Z</time>
      </trkpt>
      <trkpt lat="60.20487" lon="9.39077">
        <ele>181.24205017089844</ele>
        <time>2000-01-01T00:00:00Z</time>
      </trkpt>
      <trkpt lat="60.20493" lon="9.39075">
        <ele>181.1620330810547</ele>
        <time>2000-01-01T00:00:00Z</time>
      </trkpt>
      <trkpt lat="60.20569" lon="9.39067">
        <ele>180.16073608398438</ele>
        <time>2000-01-01T00:00:00Z</time>
      </trkpt>
      <trkpt lat="60.205735913396616" lon="9.390660546692976">
        <ele>180.10000610351562</ele>
        <time>2000-01-01T00:00:00Z</time>
      </trkpt>
      <trkpt lat="60.20603" lon="9.3906">
        <ele>179.529541015625</ele>
        <time>2000-01-01T00:00:00Z</time>
      </trkpt>
      <trkpt lat="60.2061" lon="9.39057">
        <ele>179.3914337158203</ele>
        <time>2000-01-01T00:00:00Z</time>
      </trkpt>
      <trkpt lat="60.2062" lon="9.39051">
        <ele>179.1900634765625</ele>
        <time>2000-01-01T00:00:00Z</time>
      </trkpt>
      <trkpt lat="60.20642" lon="9.39035">
        <ele>178.73866271972656</ele>
        <time>2000-01-01T00:00:00Z</time>
      </trkpt>
      <trkpt lat="60.20665" lon="9.39037">
        <ele>178.29441833496094</ele>
        <time>2000-01-01T00:00:00Z</time>
      </trkpt>
      <trkpt lat="60.20655" lon="9.39042">
        <ele>178.0955810546875</ele>
        <time>2000-01-01T00:00:00Z</time>
      </trkpt>
      <trkpt lat="60.20649" lon="9.39042">
        <ele>177.97979736328125</ele>
        <time>2000-01-01T00:00:00Z</time>
      </trkpt>
      <trkpt lat="60.20649" lon="9.39034">
        <ele>177.90309143066406</ele>
        <time>2000-01-01T00:00:00Z</time>
      </trkpt>
      <trkpt lat="60.20645" lon="9.39028">
        <ele>177.883056640625</ele>
        <time>2000-01-01T00:00:00Z</time>
      </trkpt>
      <trkpt lat="60.20656" lon="9.3902">
        <ele>177.84201049804688</ele>
        <time>2000-01-01T00:00:00Z</time>
      </trkpt>
      <trkpt lat="60.2065" lon="9.39026">
        <ele>177.81851196289062</ele>
        <time>2000-01-01T00:00:00Z</time>
      </trkpt>
      <trkpt lat="60.20647" lon="9.39032">
        <ele>177.80368041992188</ele>
        <time>2000-01-01T00:00:00Z</time>
      </trkpt>
      <trkpt lat="60.20651" lon="9.39026">
        <ele>177.78616333007812</ele>
        <time>2000-01-01T00:00:00Z</time>
      </trkpt>
      <trkpt lat="60.20656" lon="9.39022">
        <ele>177.7672882080078</ele>
        <time>2000-01-01T00:00:00Z</time>
      </trkpt>
      <trkpt lat="60.2066" lon="9.39015">
        <ele>177.74868774414062</ele>
        <time>2000-01-01T00:00:00Z</time>
      </trkpt>
      <trkpt lat="60.20671" lon="9.39007">
        <ele>177.70765686035156</ele>
        <time>2000-01-01T00:00:00Z</time>
      </trkpt>
      <trkpt lat="60.20677" lon="9.38999">
        <ele>177.68240356445312</ele>
        <time>2000-01-01T00:00:00Z</time>
      </trkpt>
      <trkpt lat="60.20699" lon="9.38939">
        <ele>177.5524139404297</ele>
        <time>2000-01-01T00:00:00Z</time>
      </trkpt>
      <trkpt lat="60.20702540684727" lon="9.389097893072064">
        <ele>177.5</ele>
        <time>2000-01-01T00:00:00Z</time>
      </trkpt>
      <trkpt lat="60.20703" lon="9.38906">
        <ele>177.48980712890625</ele>
        <time>2000-01-01T00:00:00Z</time>
      </trkpt>
      <trkpt lat="60.20673" lon="9.38736">
        <ele>177.01805114746094</ele>
        <time>2000-01-01T00:00:00Z</time>
      </trkpt>
      <trkpt lat="60.20669" lon="9.38709">
        <ele>176.9443817138672</ele>
        <time>2000-01-01T00:00:00Z</time>
      </trkpt>
      <trkpt lat="60.2066814664622" lon="9.386921147795794">
        <ele>176.89999389648438</ele>
        <time>2000-01-01T00:00:00Z</time>
      </trkpt>
      <trkpt lat="60.20664" lon="9.3861">
        <ele>176.93597412109375</ele>
        <time>2000-01-01T00:00:00Z</time>
      </trkpt>
      <trkpt lat="60.2065" lon="9.38496">
        <ele>176.98715209960938</ele>
        <time>2000-01-01T00:00:00Z</time>
      </trkpt>
      <trkpt lat="60.20649" lon="9.38471">
        <ele>176.99807739257812</ele>
        <time>2000-01-01T00:00:00Z</time>
      </trkpt>
      <trkpt lat="60.20649236349863" lon="9.38466625928647">
        <ele>177.0</ele>
        <time>2000-01-01T00:00:00Z</time>
      </trkpt>
      <trkpt lat="60.20651" lon="9.38434">
        <ele>177.25746154785156</ele>
        <time>2000-01-01T00:00:00Z</time>
      </trkpt>
      <trkpt lat="60.2066" lon="9.38378">
        <ele>177.71917724609375</ele>
        <time>2000-01-01T00:00:00Z</time>
      </trkpt>
      <trkpt lat="60.20671" lon="9.38335">
        <ele>178.0985870361328</ele>
        <time>2000-01-01T00:00:00Z</time>
      </trkpt>
      <trkpt lat="60.20682" lon="9.38303">
        <ele>178.4038543701172</ele>
        <time>2000-01-01T00:00:00Z</time>
      </trkpt>
      <trkpt lat="60.20698" lon="9.38268">
        <ele>178.77694702148438</ele>
        <time>2000-01-01T00:00:00Z</time>
      </trkpt>
      <trkpt lat="60.20699052919092" lon="9.382659633986073">
        <ele>178.8000030517578</ele>
        <time>2000-01-01T00:00:00Z</time>
      </trkpt>
      <trkpt lat="60.20728" lon="9.3821">
        <ele>180.70118713378906</ele>
        <time>2000-01-01T00:00:00Z</time>
      </trkpt>
      <trkpt lat="60.20746" lon="9.38184">
        <ele>181.7506103515625</ele>
        <time>2000-01-01T00:00:00Z</time>
      </trkpt>
      <trkpt lat="60.20772" lon="9.38156">
        <ele>183.14732360839844</ele>
        <time>2000-01-01T00:00:00Z</time>
      </trkpt>
      <trkpt lat="60.207927600347055" lon="9.381400307332932">
        <ele>184.1999969482422</ele>
        <time>2000-01-01T00:00:00Z</time>
      </trkpt>
      <trkpt lat="60.20798" lon="9.38136">
        <ele>184.22459411621094</ele>
        <time>2000-01-01T00:00:00Z</time>
      </trkpt>
      <trkpt lat="60.20822" lon="9.38121">
        <ele>184.33480834960938</ele>
        <time>2000-01-01T00:00:00Z</time>
      </trkpt>
      <trkpt lat="60.20877" lon="9.38075">
        <ele>184.5960235595703</ele>
        <time>2000-01-01T00:00:00Z</time>
      </trkpt>
      <trkpt lat="60.208975404669964" lon="9.38051173043533">
        <ele>184.6999969482422</ele>
        <time>2000-01-01T00:00:00Z</time>
      </trkpt>
      <trkpt lat="60.20902" lon="9.38046">
        <ele>184.7947998046875</ele>
        <time>2000-01-01T00:00:00Z</time>
      </trkpt>
      <trkpt lat="60.20916" lon="9.38025">
        <ele>185.11642456054688</ele>
        <time>2000-01-01T00:00:00Z</time>
      </trkpt>
      <trkpt lat="60.20951" lon="9.37986">
        <ele>185.8533172607422</ele>
        <time>2000-01-01T00:00:00Z</time>
      </trkpt>
      <trkpt lat="60.20966" lon="9.37975">
        <ele>186.1473846435547</ele>
        <time>2000-01-01T00:00:00Z</time>
      </trkpt>
      <trkpt lat="60.20982" lon="9.37969">
        <ele>186.44717407226562</ele>
        <time>2000-01-01T00:00:00Z</time>
      </trkpt>
      <trkpt lat="60.210010813707186" lon="9.379723673128401">
        <ele>186.8000030517578</ele>
        <time>2000-01-01T00:00:00Z</time>
      </trkpt>
      <trkpt lat="60.21016" lon="9.37975">
        <ele>187.6407012939453</ele>
        <time>2000-01-01T00:00:00Z</time>
      </trkpt>
      <trkpt lat="60.21027" lon="9.37971">
        <ele>188.2681884765625</ele>
        <time>2000-01-01T00:00:00Z</time>
      </trkpt>
      <trkpt lat="60.21034" lon="9.37966">
        <ele>188.68516540527344</ele>
        <time>2000-01-01T00:00:00Z</time>
      </trkpt>
      <trkpt lat="60.21043" lon="9.37959">
        <ele>189.226806640625</ele>
        <time>2000-01-01T00:00:00Z</time>
      </trkpt>
      <trkpt lat="60.21054" lon="9.37943">
        <ele>189.98866271972656</ele>
        <time>2000-01-01T00:00:00Z</time>
      </trkpt>
      <trkpt lat="60.21061" lon="9.3794">
        <ele>190.3904266357422</ele>
        <time>2000-01-01T00:00:00Z</time>
      </trkpt>
      <trkpt lat="60.21072" lon="9.37956">
        <ele>191.15228271484375</ele>
        <time>2000-01-01T00:00:00Z</time>
      </trkpt>
      <trkpt lat="60.21084" lon="9.37958">
        <ele>191.82823181152344</ele>
        <time>2000-01-01T00:00:00Z</time>
      </trkpt>
      <trkpt lat="60.21088" lon="9.37955">
        <ele>192.06785583496094</ele>
        <time>2000-01-01T00:00:00Z</time>
      </trkpt>
      <trkpt lat="60.21104" lon="9.37959">
        <ele>192.9729461669922</ele>
        <time>2000-01-01T00:00:00Z</time>
      </trkpt>
      <trkpt lat="60.21108041123261" lon="9.379586632381155">
        <ele>193.1999969482422</ele>
        <time>2000-01-01T00:00:00Z</time>
      </trkpt>
      <trkpt lat="60.21116" lon="9.37958">
        <ele>193.77992248535156</ele>
        <time>2000-01-01T00:00:00Z</time>
      </trkpt>
      <trkpt lat="60.21128" lon="9.37945">
        <ele>194.7720489501953</ele>
        <time>2000-01-01T00:00:00Z</time>
      </trkpt>
      <trkpt lat="60.2116" lon="9.37899">
        <ele>197.63479614257812</ele>
        <time>2000-01-01T00:00:00Z</time>
      </trkpt>
      <trkpt lat="60.21179" lon="9.37878">
        <ele>199.21286010742188</ele>
        <time>2000-01-01T00:00:00Z</time>
      </trkpt>
      <trkpt lat="60.21203960047199" lon="9.378395985991702">
        <ele>201.5</ele>
        <time>2000-01-01T00:00:00Z</time>
      </trkpt>
      <trkpt lat="60.21244" lon="9.37778">
        <ele>203.2239227294922</ele>
        <time>2000-01-01T00:00:00Z</time>
      </trkpt>
      <trkpt lat="60.21264" lon="9.37753">
        <ele>204.02926635742188</ele>
        <time>2000-01-01T00:00:00Z</time>
      </trkpt>
      <trkpt lat="60.21300792225042" lon="9.377210488556473">
        <ele>205.39999389648438</ele>
        <time>2000-01-01T00:00:00Z</time>
      </trkpt>
      <trkpt lat="60.21302" lon="9.3772">
        <ele>205.41152954101562</ele>
        <time>2000-01-01T00:00:00Z</time>
      </trkpt>
      <trkpt lat="60.21316" lon="9.37712">
        <ele>205.5391845703125</ele>
        <time>2000-01-01T00:00:00Z</time>
      </trkpt>
      <trkpt lat="60.21342" lon="9.37704">
        <ele>205.76988220214844</ele>
        <time>2000-01-01T00:00:00Z</time>
      </trkpt>
      <trkpt lat="60.21384" lon="9.37674">
        <ele>206.16078186035156</ele>
        <time>2000-01-01T00:00:00Z</time>
      </trkpt>
      <trkpt lat="60.214092361493186" lon="9.376531909321525">
        <ele>206.39999389648438</ele>
        <time>2000-01-01T00:00:00Z</time>
      </trkpt>
      <trkpt lat="60.21441" lon="9.37627">
        <ele>207.15269470214844</ele>
        <time>2000-01-01T00:00:00Z</time>
      </trkpt>
      <trkpt lat="60.21459" lon="9.37616">
        <ele>207.565185546875</ele>
        <time>2000-01-01T00:00:00Z</time>
      </trkpt>
      <trkpt lat="60.21485" lon="9.37591">
        <ele>208.197021484375</ele>
        <time>2000-01-01T00:00:00Z</time>
      </trkpt>
      <trkpt lat="60.21508" lon="9.37573">
        <ele>208.73814392089844</ele>
        <time>2000-01-01T00:00:00Z</time>
      </trkpt>
      <trkpt lat="60.2151503590995" lon="9.375685125070042">
        <ele>208.89999389648438</ele>
        <time>2000-01-01T00:00:00Z</time>
      </trkpt>
      <trkpt lat="60.21577" lon="9.37529">
        <ele>209.81219482421875</ele>
        <time>2000-01-01T00:00:00Z</time>
      </trkpt>
      <trkpt lat="60.21624473696118" lon="9.375044974082025">
        <ele>210.5</ele>
        <time>2000-01-01T00:00:00Z</time>
      </trkpt>
      <trkpt lat="60.21639" lon="9.37497">
        <ele>210.53945922851562</ele>
        <time>2000-01-01T00:00:00Z</time>
      </trkpt>
      <trkpt lat="60.21652" lon="9.37486">
        <ele>210.57656860351562</ele>
        <time>2000-01-01T00:00:00Z</time>
      </trkpt>
      <trkpt lat="60.21669" lon="9.37468">
        <ele>210.62710571289062</ele>
        <time>2000-01-01T00:00:00Z</time>
      </trkpt>
      <trkpt lat="60.21683" lon="9.37445">
        <ele>210.67466735839844</ele>
        <time>2000-01-01T00:00:00Z</time>
      </trkpt>
      <trkpt lat="60.21697" lon="9.37431">
        <ele>210.71580505371094</ele>
        <time>2000-01-01T00:00:00Z</time>
      </trkpt>
      <trkpt lat="60.2172771553152" lon="9.374129320374093">
        <ele>210.8000030517578</ele>
        <time>2000-01-01T00:00:00Z</time>
      </trkpt>
      <trkpt lat="60.21731" lon="9.37411">
        <ele>210.8480224609375</ele>
        <time>2000-01-01T00:00:00Z</time>
      </trkpt>
      <trkpt lat="60.21774" lon="9.37382">
        <ele>211.4844512939453</ele>
        <time>2000-01-01T00:00:00Z</time>
      </trkpt>
      <trkpt lat="60.21785" lon="9.37373">
        <ele>211.65109252929688</ele>
        <time>2000-01-01T00:00:00Z</time>
      </trkpt>
      <trkpt lat="60.21805" lon="9.37352">
        <ele>211.9676513671875</ele>
        <time>2000-01-01T00:00:00Z</time>
      </trkpt>
      <trkpt lat="60.21830419984134" lon="9.373169615316964">
        <ele>212.39999389648438</ele>
        <time>2000-01-01T00:00:00Z</time>
      </trkpt>
      <trkpt lat="60.21842" lon="9.37301">
        <ele>213.6678924560547</ele>
        <time>2000-01-01T00:00:00Z</time>
      </trkpt>
      <trkpt lat="60.21854" lon="9.37287">
        <ele>214.9208984375</ele>
        <time>2000-01-01T00:00:00Z</time>
      </trkpt>
      <trkpt lat="60.21868" lon="9.37283">
        <ele>216.1984100341797</ele>
        <time>2000-01-01T00:00:00Z</time>
      </trkpt>
      <trkpt lat="60.21874" lon="9.37284">
        <ele>216.74232482910156</ele>
        <time>2000-01-01T00:00:00Z</time>
      </trkpt>
      <trkpt lat="60.21888" lon="9.37292">
        <ele>218.05711364746094</ele>
        <time>2000-01-01T00:00:00Z</time>
      </trkpt>
      <trkpt lat="60.2191" lon="9.37315">
        <ele>220.29669189453125</ele>
        <time>2000-01-01T00:00:00Z</time>
      </trkpt>
      <trkpt lat="60.21917" lon="9.3732">
        <ele>220.9677276611328</ele>
        <time>2000-01-01T00:00:00Z</time>
      </trkpt>
      <trkpt lat="60.21922" lon="9.37321">
        <ele>221.4216766357422</ele>
        <time>2000-01-01T00:00:00Z</time>
      </trkpt>
      <trkpt lat="60.21926" lon="9.3732">
        <ele>221.7858428955078</ele>
        <time>2000-01-01T00:00:00Z</time>
      </trkpt>
      <trkpt lat="60.21935" lon="9.37324">
        <ele>222.61851501464844</ele>
        <time>2000-01-01T00:00:00Z</time>
      </trkpt>
      <trkpt lat="60.21935790867967" lon="9.373248730312671">
        <ele>222.6999969482422</ele>
        <time>2000-01-01T00:00:00Z</time>
      </trkpt>
      <trkpt lat="60.21964" lon="9.37356">
        <ele>223.91326904296875</ele>
        <time>2000-01-01T00:00:00Z</time>
      </trkpt>
      <trkpt lat="60.21991" lon="9.37404">
        <ele>225.27178955078125</ele>
        <time>2000-01-01T00:00:00Z</time>
      </trkpt>
      <trkpt lat="60.2199" lon="9.37397">
        <ele>225.40823364257812</ele>
        <time>2000-01-01T00:00:00Z</time>
      </trkpt>
      <trkpt lat="60.21974" lon="9.37373">
        <ele>226.1607666015625</ele>
        <time>2000-01-01T00:00:00Z</time>
      </trkpt>
      <trkpt lat="60.21976" lon="9.3738">
        <ele>226.31204223632812</ele>
        <time>2000-01-01T00:00:00Z</time>
      </trkpt>
      <trkpt lat="60.21986" lon="9.37394">
        <ele>226.77142333984375</ele>
        <time>2000-01-01T00:00:00Z</time>
      </trkpt>
      <trkpt lat="60.21990599442461" lon="9.374019447839382">
        <ele>227.0</ele>
        <time>2000-01-01T00:00:00Z</time>
      </trkpt>
      <trkpt lat="60.22008" lon="9.37432">
        <ele>231.90672302246094</ele>
        <time>2000-01-01T00:00:00Z</time>
      </trkpt>
      <trkpt lat="60.22024" lon="9.37447">
        <ele>235.68405151367188</ele>
        <time>2000-01-01T00:00:00Z</time>
      </trkpt>
      <trkpt lat="60.22032" lon="9.3745">
        <ele>237.42564392089844</ele>
        <time>2000-01-01T00:00:00Z</time>
      </trkpt>
      <trkpt lat="60.22038" lon="9.37437">
        <ele>239.31211853027344</ele>
        <time>2000-01-01T00:00:00Z</time>
      </trkpt>
      <trkpt lat="60.22039" lon="9.37431">
        <ele>239.98484802246094</ele>
        <time>2000-01-01T00:00:00Z</time>
      </trkpt>
      <trkpt lat="60.22037" lon="9.37396">
        <ele>243.72972106933594</ele>
        <time>2000-01-01T00:00:00Z</time>
      </trkpt>
      <trkpt lat="60.22037" lon="9.37345">
        <ele>249.1509246826172</ele>
        <time>2000-01-01T00:00:00Z</time>
      </trkpt>
      <trkpt lat="60.22035892471702" lon="9.3732395937233">
        <ele>251.39999389648438</ele>
        <time>2000-01-01T00:00:00Z</time>
      </trkpt>
      <trkpt lat="60.22034" lon="9.37288">
        <ele>252.50271606445312</ele>
        <time>2000-01-01T00:00:00Z</time>
      </trkpt>
      <trkpt lat="60.22025" lon="9.37236">
        <ele>254.18199157714844</ele>
        <time>2000-01-01T00:00:00Z</time>
      </trkpt>
      <trkpt lat="60.22027" lon="9.37221">
        <ele>254.6555938720703</ele>
        <time>2000-01-01T00:00:00Z</time>
      </trkpt>
      <trkpt lat="60.22042" lon="9.37203">
        <ele>255.72775268554688</ele>
        <time>2000-01-01T00:00:00Z</time>
      </trkpt>
      <trkpt lat="60.22067" lon="9.37195">
        <ele>257.2820129394531</ele>
        <time>2000-01-01T00:00:00Z</time>
      </trkpt>
      <trkpt lat="60.22085179094449" lon="9.37192922379294">
        <ele>258.3999938964844</ele>
        <time>2000-01-01T00:00:00Z</time>
      </trkpt>
      <trkpt lat="60.22102" lon="9.37191">
        <ele>259.7447814941406</ele>
        <time>2000-01-01T00:00:00Z</time>
      </trkpt>
      <trkpt lat="60.22129" lon="9.37187">
        <ele>261.90576171875</ele>
        <time>2000-01-01T00:00:00Z</time>
      </trkpt>
      <trkpt lat="60.2214" lon="9.37182">
        <ele>262.8058776855469</ele>
        <time>2000-01-01T00:00:00Z</time>
      </trkpt>
      <trkpt lat="60.22156" lon="9.37179">
        <ele>264.0884704589844</ele>
        <time>2000-01-01T00:00:00Z</time>
      </trkpt>
      <trkpt lat="60.22171" lon="9.37181">
        <ele>265.2884216308594</ele>
        <time>2000-01-01T00:00:00Z</time>
      </trkpt>
      <trkpt lat="60.221986243044064" lon="9.371766836388494">
        <ele>267.5</ele>
        <time>2000-01-01T00:00:00Z</time>
      </trkpt>
      <trkpt lat="60.22235" lon="9.37171">
        <ele>268.7160949707031</ele>
        <time>2000-01-01T00:00:00Z</time>
      </trkpt>
      <trkpt lat="60.22264" lon="9.37164">
        <ele>269.6896057128906</ele>
        <time>2000-01-01T00:00:00Z</time>
      </trkpt>
      <trkpt lat="60.22279" lon="9.37163">
        <ele>270.1898498535156</ele>
        <time>2000-01-01T00:00:00Z</time>
      </trkpt>
      <trkpt lat="60.22312298552903" lon="9.371615522199145">
        <ele>271.29998779296875</ele>
        <time>2000-01-01T00:00:00Z</time>
      </trkpt>
      <trkpt lat="60.22348" lon="9.3716">
        <ele>270.8614807128906</ele>
        <time>2000-01-01T00:00:00Z</time>
      </trkpt>
      <trkpt lat="60.2236" lon="9.37159">
        <ele>270.7139892578125</ele>
        <time>2000-01-01T00:00:00Z</time>
      </trkpt>
      <trkpt lat="60.22367" lon="9.37155">
        <ele>270.6246337890625</ele>
        <time>2000-01-01T00:00:00Z</time>
      </trkpt>
      <trkpt lat="60.22373" lon="9.37148">
        <ele>270.53948974609375</ele>
        <time>2000-01-01T00:00:00Z</time>
      </trkpt>
      <trkpt lat="60.22383" lon="9.37098">
        <ele>270.2107849121094</ele>
        <time>2000-01-01T00:00:00Z</time>
      </trkpt>
      <trkpt lat="60.22387" lon="9.37091">
        <ele>270.14569091796875</ele>
        <time>2000-01-01T00:00:00Z</time>
      </trkpt>
      <trkpt lat="60.22405523922158" lon="9.370757690041728">
        <ele>269.8999938964844</ele>
        <time>2000-01-01T00:00:00Z</time>
      </trkpt>
      <trkpt lat="60.22432" lon="9.37054">
        <ele>269.6993103027344</ele>
        <time>2000-01-01T00:00:00Z</time>
      </trkpt>
      <trkpt lat="60.22462" lon="9.37034">
        <ele>269.4775695800781</ele>
        <time>2000-01-01T00:00:00Z</time>
      </trkpt>
      <trkpt lat="60.2249" lon="9.37021">
        <ele>269.27593994140625</ele>
        <time>2000-01-01T00:00:00Z</time>
      </trkpt>
      <trkpt lat="60.225141436954694" lon="9.37007380436095">
        <ele>269.1000061035156</ele>
        <time>2000-01-01T00:00:00Z</time>
      </trkpt>
      <trkpt lat="60.22529" lon="9.36999">
        <ele>269.5059814453125</ele>
        <time>2000-01-01T00:00:00Z</time>
      </trkpt>
      <trkpt lat="60.22539" lon="9.36995">
        <ele>269.7742614746094</ele>
        <time>2000-01-01T00:00:00Z</time>
      </trkpt>
      <trkpt lat="60.22549" lon="9.36999">
        <ele>270.04254150390625</ele>
        <time>2000-01-01T00:00:00Z</time>
      </trkpt>
      <trkpt lat="60.2256" lon="9.37001">
        <ele>270.33319091796875</ele>
        <time>2000-01-01T00:00:00Z</time>
      </trkpt>
      <trkpt lat="60.2257" lon="9.37001">
        <ele>270.5963134765625</ele>
        <time>2000-01-01T00:00:00Z</time>
      </trkpt>
      <trkpt lat="60.22575" lon="9.37">
        <ele>270.7285461425781</ele>
        <time>2000-01-01T00:00:00Z</time>
      </trkpt>
      <trkpt lat="60.22593" lon="9.36991">
        <ele>271.216552734375</ele>
        <time>2000-01-01T00:00:00Z</time>
      </trkpt>
      <trkpt lat="60.226252260921314" lon="9.369720434019372">
        <ele>272.1000061035156</ele>
        <time>2000-01-01T00:00:00Z</time>
      </trkpt>
      <trkpt lat="60.22644" lon="9.36961">
        <ele>272.16864013671875</ele>
        <time>2000-01-01T00:00:00Z</time>
      </trkpt>
      <trkpt lat="60.22686" lon="9.36943">
        <ele>272.31927490234375</ele>
        <time>2000-01-01T00:00:00Z</time>
      </trkpt>
      <trkpt lat="60.22701" lon="9.36938">
        <ele>272.37261962890625</ele>
        <time>2000-01-01T00:00:00Z</time>
      </trkpt>
      <trkpt lat="60.22723" lon="9.36924">
        <ele>272.4535827636719</ele>
        <time>2000-01-01T00:00:00Z</time>
      </trkpt>
      <trkpt lat="60.227351749534606" lon="9.369135642990047">
        <ele>272.5</ele>
        <time>2000-01-01T00:00:00Z</time>
      </trkpt>
      <trkpt lat="60.22744" lon="9.36906">
        <ele>272.2728576660156</ele>
        <time>2000-01-01T00:00:00Z</time>
      </trkpt>
      <trkpt lat="60.22762" lon="9.3688">
        <ele>271.7482604980469</ele>
        <time>2000-01-01T00:00:00Z</time>
      </trkpt>
      <trkpt lat="60.22771" lon="9.36864">
        <ele>271.4639587402344</ele>
        <time>2000-01-01T00:00:00Z</time>
      </trkpt>
      <trkpt lat="60.2278" lon="9.36842">
        <ele>271.12872314453125</ele>
        <time>2000-01-01T00:00:00Z</time>
      </trkpt>
      <trkpt lat="60.22784" lon="9.36825">
        <ele>270.9075012207031</ele>
        <time>2000-01-01T00:00:00Z</time>
      </trkpt>
      <trkpt lat="60.228" lon="9.36786">
        <ele>270.3125915527344</ele>
        <time>2000-01-01T00:00:00Z</time>
      </trkpt>
      <trkpt lat="60.22815177563786" lon="9.367549220596874">
        <ele>269.79998779296875</ele>
        <time>2000-01-01T00:00:00Z</time>
      </trkpt>
      <trkpt lat="60.22821" lon="9.36743">
        <ele>269.3994140625</ele>
        <time>2000-01-01T00:00:00Z</time>
      </trkpt>
      <trkpt lat="60.22835" lon="9.36721">
        <ele>268.542724609375</ele>
        <time>2000-01-01T00:00:00Z</time>
      </trkpt>
      <trkpt lat="60.22894" lon="9.36639">
        <ele>265.0844421386719</ele>
        <time>2000-01-01T00:00:00Z</time>
      </trkpt>
      <trkpt lat="60.22906527220887" lon="9.366181208947651">
        <ele>264.29998779296875</ele>
        <time>2000-01-01T00:00:00Z</time>
      </trkpt>
      <trkpt lat="60.22927" lon="9.36584">
        <ele>263.3909606933594</ele>
        <time>2000-01-01T00:00:00Z</time>
      </trkpt>
      <trkpt lat="60.22941" lon="9.3657">
        <ele>262.8562316894531</ele>
        <time>2000-01-01T00:00:00Z</time>
      </trkpt>
      <trkpt lat="60.2296" lon="9.36557">
        <ele>262.1697998046875</ele>
        <time>2000-01-01T00:00:00Z</time>
      </trkpt>
      <trkpt lat="60.22984" lon="9.36534">
        <ele>261.2605895996094</ele>
        <time>2000-01-01T00:00:00Z</time>
      </trkpt>
      <trkpt lat="60.23005454723584" lon="9.36507539123527">
        <ele>260.3999938964844</ele>
        <time>2000-01-01T00:00:00Z</time>
      </trkpt>
      <trkpt lat="60.23014" lon="9.36497">
        <ele>259.4771423339844</ele>
        <time>2000-01-01T00:00:00Z</time>
      </trkpt>
      <trkpt lat="60.23043" lon="9.3645">
        <ele>256.04888916015625</ele>
        <time>2000-01-01T00:00:00Z</time>
      </trkpt>
      <trkpt lat="60.23056" lon="9.36425">
        <ele>254.3934326171875</ele>
        <time>2000-01-01T00:00:00Z</time>
      </trkpt>
      <trkpt lat="60.23078" lon="9.36388">
        <ele>251.75372314453125</ele>
        <time>2000-01-01T00:00:00Z</time>
      </trkpt>
      <trkpt lat="60.23087" lon="9.36365">
        <ele>250.41464233398438</ele>
        <time>2000-01-01T00:00:00Z</time>
      </trkpt>
      <trkpt lat="60.23088597522224" lon="9.36354215573998">
        <ele>249.89999389648438</ele>
        <time>2000-01-01T00:00:00Z</time>
      </trkpt>
      <trkpt lat="60.23095" lon="9.36311">
        <ele>248.87869262695312</ele>
        <time>2000-01-01T00:00:00Z</time>
      </trkpt>
      <trkpt lat="60.23097" lon="9.36288">
        <ele>248.34991455078125</ele>
        <time>2000-01-01T00:00:00Z</time>
      </trkpt>
      <trkpt lat="60.23097" lon="9.36282">
        <ele>248.21401977539062</ele>
        <time>2000-01-01T00:00:00Z</time>
      </trkpt>
      <trkpt lat="60.23116" lon="9.36273">
        <ele>247.3237762451172</ele>
        <time>2000-01-01T00:00:00Z</time>
      </trkpt>
      <trkpt lat="60.23128" lon="9.36266">
        <ele>246.7539520263672</ele>
        <time>2000-01-01T00:00:00Z</time>
      </trkpt>
      <trkpt lat="60.23127" lon="9.3626">
        <ele>246.61062622070312</ele>
        <time>2000-01-01T00:00:00Z</time>
      </trkpt>
      <trkpt lat="60.23123" lon="9.36224">
        <ele>245.77520751953125</ele>
        <time>2000-01-01T00:00:00Z</time>
      </trkpt>
      <trkpt lat="60.23121" lon="9.36213">
        <ele>245.50991821289062</ele>
        <time>2000-01-01T00:00:00Z</time>
      </trkpt>
      <trkpt lat="60.23116" lon="9.36184">
        <ele>244.81471252441406</ele>
        <time>2000-01-01T00:00:00Z</time>
      </trkpt>
      <trkpt lat="60.23114062121754" lon="9.361807702480384">
        <ele>244.6999969482422</ele>
        <time>2000-01-01T00:00:00Z</time>
      </trkpt>
      <trkpt lat="60.23107" lon="9.36169">
        <ele>245.06985473632812</ele>
        <time>2000-01-01T00:00:00Z</time>
      </trkpt>
      <trkpt lat="60.231" lon="9.36158">
        <ele>245.42808532714844</ele>
        <time>2000-01-01T00:00:00Z</time>
      </trkpt>
      <trkpt lat="60.2308" lon="9.36131">
        <ele>246.39956665039062</ele>
        <time>2000-01-01T00:00:00Z</time>
      </trkpt>
      <trkpt lat="60.23069" lon="9.36113">
        <ele>246.97142028808594</ele>
        <time>2000-01-01T00:00:00Z</time>
      </trkpt>
      <trkpt lat="60.23066" lon="9.36106">
        <ele>247.1566619873047</ele>
        <time>2000-01-01T00:00:00Z</time>
      </trkpt>
      <trkpt lat="60.23062" lon="9.36091">
        <ele>247.49777221679688</ele>
        <time>2000-01-01T00:00:00Z</time>
      </trkpt>
      <trkpt lat="60.23063" lon="9.36074">
        <ele>247.84071350097656</ele>
        <time>2000-01-01T00:00:00Z</time>
      </trkpt>
      <trkpt lat="60.23066" lon="9.36061">
        <ele>248.12791442871094</ele>
        <time>2000-01-01T00:00:00Z</time>
      </trkpt>
      <trkpt lat="60.23071" lon="9.36053">
        <ele>248.38555908203125</ele>
        <time>2000-01-01T00:00:00Z</time>
      </trkpt>
      <trkpt lat="60.23078" lon="9.36045">
        <ele>248.71031188964844</ele>
        <time>2000-01-01T00:00:00Z</time>
      </trkpt>
      <trkpt lat="60.2308" lon="9.36041">
        <ele>248.8240203857422</ele>
        <time>2000-01-01T00:00:00Z</time>
      </trkpt>
      <trkpt lat="60.23082" lon="9.36033">
        <ele>249.0034637451172</ele>
        <time>2000-01-01T00:00:00Z</time>
      </trkpt>
      <trkpt lat="60.23085" lon="9.36032">
        <ele>249.12615966796875</ele>
        <time>2000-01-01T00:00:00Z</time>
      </trkpt>
      <trkpt lat="60.230893056214065" lon="9.360316687965758">
        <ele>249.3000030517578</ele>
        <time>2000-01-01T00:00:00Z</time>
      </trkpt>
      <trkpt lat="60.23098" lon="9.36031">
        <ele>250.04026794433594</ele>
        <time>2000-01-01T00:00:00Z</time>
      </trkpt>
      <trkpt lat="60.2312" lon="9.3602">
        <ele>251.9689178466797</ele>
        <time>2000-01-01T00:00:00Z</time>
      </trkpt>
      <trkpt lat="60.23145" lon="9.36021">
        <ele>254.0963897705078</ele>
        <time>2000-01-01T00:00:00Z</time>
      </trkpt>
      <trkpt lat="60.23154" lon="9.3602">
        <ele>254.86329650878906</ele>
        <time>2000-01-01T00:00:00Z</time>
      </trkpt>
      <trkpt lat="60.23154" lon="9.36002">
        <ele>255.6236572265625</ele>
        <time>2000-01-01T00:00:00Z</time>
      </trkpt>
      <trkpt lat="60.23161" lon="9.35979">
        <ele>256.76324462890625</ele>
        <time>2000-01-01T00:00:00Z</time>
      </trkpt>
      <trkpt lat="60.23180786727056" lon="9.359441376650427">
        <ele>259.0</ele>
        <time>2000-01-01T00:00:00Z</time>
      </trkpt>
      <trkpt lat="60.23182" lon="9.35942">
        <ele>259.033935546875</ele>
        <time>2000-01-01T00:00:00Z</time>
      </trkpt>
      <trkpt lat="60.23213" lon="9.35902">
        <ele>259.8089599609375</ele>
        <time>2000-01-01T00:00:00Z</time>
      </trkpt>
      <trkpt lat="60.23229" lon="9.35885">
        <ele>260.18975830078125</ele>
        <time>2000-01-01T00:00:00Z</time>
      </trkpt>
      <trkpt lat="60.23244" lon="9.35864">
        <ele>260.5743103027344</ele>
        <time>2000-01-01T00:00:00Z</time>
      </trkpt>
      <trkpt lat="60.23254" lon="9.35855">
        <ele>260.8049011230469</ele>
        <time>2000-01-01T00:00:00Z</time>
      </trkpt>
      <trkpt lat="60.23272" lon="9.35853">
        <ele>261.18438720703125</ele>
        <time>2000-01-01T00:00:00Z</time>
      </trkpt>
      <trkpt lat="60.23281322256322" lon="9.358444545216635">
        <ele>261.3999938964844</ele>
        <time>2000-01-01T00:00:00Z</time>
      </trkpt>
      <trkpt lat="60.23296" lon="9.35831">
        <ele>261.3434143066406</ele>
        <time>2000-01-01T00:00:00Z</time>
      </trkpt>
      <trkpt lat="60.2331" lon="9.35826">
        <ele>261.29351806640625</ele>
        <time>2000-01-01T00:00:00Z</time>
      </trkpt>
      <trkpt lat="60.23329" lon="9.35818">
        <ele>261.2254333496094</ele>
        <time>2000-01-01T00:00:00Z</time>
      </trkpt>
      <trkpt lat="60.23339" lon="9.3581">
        <ele>261.18768310546875</ele>
        <time>2000-01-01T00:00:00Z</time>
      </trkpt>
      <trkpt lat="60.23359" lon="9.35765">
        <ele>261.0824890136719</ele>
        <time>2000-01-01T00:00:00Z</time>
      </trkpt>
      <trkpt lat="60.23364" lon="9.35719">
        <ele>261.0004577636719</ele>
        <time>2000-01-01T00:00:00Z</time>
      </trkpt>
      <trkpt lat="60.23364" lon="9.35653">
        <ele>260.7709655761719</ele>
        <time>2000-01-01T00:00:00Z</time>
      </trkpt>
      <trkpt lat="60.23366" lon="9.35631">
        <ele>260.69305419921875</ele>
        <time>2000-01-01T00:00:00Z</time>
      </trkpt>
      <trkpt lat="60.23371" lon="9.35612">
        <ele>260.6181640625</ele>
        <time>2000-01-01T00:00:00Z</time>
      </trkpt>
      <trkpt lat="60.23415943249563" lon="9.355331857116884">
        <ele>260.20001220703125</ele>
        <time>2000-01-01T00:00:00Z</time>
      </trkpt>
      <trkpt lat="60.2344" lon="9.35491">
        <ele>260.0321350097656</ele>
        <time>2000-01-01T00:00:00Z</time>
      </trkpt>
      <trkpt lat="60.23454" lon="9.35478">
        <ele>259.9510192871094</ele>
        <time>2000-01-01T00:00:00Z</time>
      </trkpt>
      <trkpt lat="60.23454" lon="9.35463">
        <ele>259.9118347167969</ele>
        <time>2000-01-01T00:00:00Z</time>
      </trkpt>
      <trkpt lat="60.23458" lon="9.35465">
        <ele>259.89013671875</ele>
        <time>2000-01-01T00:00:00Z</time>
      </trkpt>
      <trkpt lat="60.23461" lon="9.3545">
        <ele>259.8478698730469</ele>
        <time>2000-01-01T00:00:00Z</time>
      </trkpt>
      <trkpt lat="60.23464" lon="9.35414">
        <ele>259.75250244140625</ele>
        <time>2000-01-01T00:00:00Z</time>
      </trkpt>
      <trkpt lat="60.23471" lon="9.35378">
        <ele>259.6514892578125</ele>
        <time>2000-01-01T00:00:00Z</time>
      </trkpt>
      <trkpt lat="60.23472129125633" lon="9.353584266859423">
        <ele>259.6000061035156</ele>
        <time>2000-01-01T00:00:00Z</time>
      </trkpt>
      <trkpt lat="60.23474" lon="9.35326">
        <ele>259.5715637207031</ele>
        <time>2000-01-01T00:00:00Z</time>
      </trkpt>
      <trkpt lat="60.23472" lon="9.35273">
        <ele>259.5252685546875</ele>
        <time>2000-01-01T00:00:00Z</time>
      </trkpt>
      <trkpt lat="60.23475" lon="9.35259">
        <ele>259.5119934082031</ele>
        <time>2000-01-01T00:00:00Z</time>
      </trkpt>
      <trkpt lat="60.23483" lon="9.35233">
        <ele>259.4853515625</ele>
        <time>2000-01-01T00:00:00Z</time>
      </trkpt>
      <trkpt lat="60.23491" lon="9.35196">
        <ele>259.4501953125</ele>
        <time>2000-01-01T00:00:00Z</time>
      </trkpt>
      <trkpt lat="60.23503" lon="9.35174">
        <ele>259.4217529296875</ele>
        <time>2000-01-01T00:00:00Z</time>
      </trkpt>
      <trkpt lat="60.235108835380096" lon="9.351547291221753">
        <ele>259.3999938964844</ele>
        <time>2000-01-01T00:00:00Z</time>
      </trkpt>
      <trkpt lat="60.23512" lon="9.35152">
        <ele>259.40460205078125</ele>
        <time>2000-01-01T00:00:00Z</time>
      </trkpt>
      <trkpt lat="60.23524" lon="9.35129">
        <ele>259.4482116699219</ele>
        <time>2000-01-01T00:00:00Z</time>
      </trkpt>
      <trkpt lat="60.2358" lon="9.35052">
        <ele>259.6266174316406</ele>
        <time>2000-01-01T00:00:00Z</time>
      </trkpt>
      <trkpt lat="60.23594" lon="9.35036">
        <ele>259.6689758300781</ele>
        <time>2000-01-01T00:00:00Z</time>
      </trkpt>
      <trkpt lat="60.23604893180352" lon="9.350269223490791">
        <ele>259.70001220703125</ele>
        <time>2000-01-01T00:00:00Z</time>
      </trkpt>
      <trkpt lat="60.23606" lon="9.35026">
        <ele>259.7042236328125</ele>
        <time>2000-01-01T00:00:00Z</time>
      </trkpt>
      <trkpt lat="60.23614" lon="9.35022">
        <ele>259.7331237792969</ele>
        <time>2000-01-01T00:00:00Z</time>
      </trkpt>
      <trkpt lat="60.23638" lon="9.34999">
        <ele>259.8263854980469</ele>
        <time>2000-01-01T00:00:00Z</time>
      </trkpt>
      <trkpt lat="60.23661" lon="9.34982">
        <ele>259.9123229980469</ele>
        <time>2000-01-01T00:00:00Z</time>
      </trkpt>
      <trkpt lat="60.23671" lon="9.34972">
        <ele>259.9515075683594</ele>
        <time>2000-01-01T00:00:00Z</time>
      </trkpt>
      <trkpt lat="60.23678" lon="9.34969">
        <ele>259.97662353515625</ele>
        <time>2000-01-01T00:00:00Z</time>
      </trkpt>
      <trkpt lat="60.23682" lon="9.34966">
        <ele>259.9915771484375</ele>
        <time>2000-01-01T00:00:00Z</time>
      </trkpt>
      <trkpt lat="60.23684" lon="9.34967">
        <ele>259.9988098144531</ele>
        <time>2000-01-01T00:00:00Z</time>
      </trkpt>
      <trkpt lat="60.23692" lon="9.34967">
        <ele>260.0268859863281</ele>
        <time>2000-01-01T00:00:00Z</time>
      </trkpt>
      <trkpt lat="60.237" lon="9.34969">
        <ele>260.05517578125</ele>
        <time>2000-01-01T00:00:00Z</time>
      </trkpt>
      <trkpt lat="60.23709" lon="9.34975">
        <ele>260.08843994140625</ele>
        <time>2000-01-01T00:00:00Z</time>
      </trkpt>
      <trkpt lat="60.23712293790755" lon="9.349753659778592">
        <ele>260.1000061035156</ele>
        <time>2000-01-01T00:00:00Z</time>
      </trkpt>
      <trkpt lat="60.23718" lon="9.34976">
        <ele>260.1451110839844</ele>
        <time>2000-01-01T00:00:00Z</time>
      </trkpt>
      <trkpt lat="60.23723" lon="9.34979">
        <ele>260.1863098144531</ele>
        <time>2000-01-01T00:00:00Z</time>
      </trkpt>
      <trkpt lat="60.23752" lon="9.34979">
        <ele>260.4152526855469</ele>
        <time>2000-01-01T00:00:00Z</time>
      </trkpt>
      <trkpt lat="60.23765" lon="9.34973">
        <ele>260.5205078125</ele>
        <time>2000-01-01T00:00:00Z</time>
      </trkpt>
      <trkpt lat="60.23768" lon="9.3497">
        <ele>260.5469665527344</ele>
        <time>2000-01-01T00:00:00Z</time>
      </trkpt>
      <trkpt lat="60.23773" lon="9.3496">
        <ele>260.6025695800781</ele>
        <time>2000-01-01T00:00:00Z</time>
      </trkpt>
      <trkpt lat="60.23783" lon="9.34959">
        <ele>260.6816101074219</ele>
        <time>2000-01-01T00:00:00Z</time>
      </trkpt>
      <trkpt lat="60.23794" lon="9.34962">
        <ele>260.7692565917969</ele>
        <time>2000-01-01T00:00:00Z</time>
      </trkpt>
      <trkpt lat="60.23801" lon="9.34966">
        <ele>260.8266906738281</ele>
        <time>2000-01-01T00:00:00Z</time>
      </trkpt>
      <trkpt lat="60.23811" lon="9.34982">
        <ele>260.927490234375</ele>
        <time>2000-01-01T00:00:00Z</time>
      </trkpt>
      <trkpt lat="60.238161200607834" lon="9.349973601892133">
        <ele>261.0</ele>
        <time>2000-01-01T00:00:00Z</time>
      </trkpt>
      <trkpt lat="60.23817" lon="9.35">
        <ele>261.0290832519531</ele>
        <time>2000-01-01T00:00:00Z</time>
      </trkpt>
      <trkpt lat="60.23825" lon="9.35015">
        <ele>261.2303771972656</ele>
        <time>2000-01-01T00:00:00Z</time>
      </trkpt>
      <trkpt lat="60.23831" lon="9.35041">
        <ele>261.4925537109375</ele>
        <time>2000-01-01T00:00:00Z</time>
      </trkpt>
      <trkpt lat="60.23853" lon="9.35116">
        <ele>262.2890930175781</ele>
        <time>2000-01-01T00:00:00Z</time>
      </trkpt>
      <trkpt lat="60.23856" lon="9.35141">
        <ele>262.5242614746094</ele>
        <time>2000-01-01T00:00:00Z</time>
      </trkpt>
      <trkpt lat="60.23857" lon="9.35185">
        <ele>262.927001953125</ele>
        <time>2000-01-01T00:00:00Z</time>
      </trkpt>
      <trkpt lat="60.23853489887308" lon="9.352025505146331">
        <ele>263.1000061035156</ele>
        <time>2000-01-01T00:00:00Z</time>
      </trkpt>
      <trkpt lat="60.23852" lon="9.3521">
        <ele>263.2084045410156</ele>
        <time>2000-01-01T00:00:00Z</time>
      </trkpt>
      <trkpt lat="60.23851" lon="9.35231">
        <ele>263.4931640625</ele>
        <time>2000-01-01T00:00:00Z</time>
      </trkpt>
      <trkpt lat="60.23854" lon="9.3524">
        <ele>263.63946533203125</ele>
        <time>2000-01-01T00:00:00Z</time>
      </trkpt>
      <trkpt lat="60.2386" lon="9.35248">
        <ele>263.83514404296875</ele>
        <time>2000-01-01T00:00:00Z</time>
      </trkpt>
      <trkpt lat="60.23866" lon="9.35261">
        <ele>264.0747375488281</ele>
        <time>2000-01-01T00:00:00Z</time>
      </trkpt>
      <trkpt lat="60.23882" lon="9.353">
        <ele>264.75762939453125</ele>
        <time>2000-01-01T00:00:00Z</time>
      </trkpt>
      <trkpt lat="60.23886" lon="9.35328">
        <ele>265.1509094238281</ele>
        <time>2000-01-01T00:00:00Z</time>
      </trkpt>
      <trkpt lat="60.23884" lon="9.3535">
        <ele>265.4527893066406</ele>
        <time>2000-01-01T00:00:00Z</time>
      </trkpt>
      <trkpt lat="60.23887" lon="9.35383">
        <ele>265.9056091308594</ele>
        <time>2000-01-01T00:00:00Z</time>
      </trkpt>
      <trkpt lat="60.238901174299436" lon="9.354038881916006">
        <ele>266.20001220703125</ele>
        <time>2000-01-01T00:00:00Z</time>
      </trkpt>
      <trkpt lat="60.23897" lon="9.3545">
        <ele>266.3887023925781</ele>
        <time>2000-01-01T00:00:00Z</time>
      </trkpt>
      <trkpt lat="60.23898" lon="9.35487">
        <ele>266.5339050292969</ele>
        <time>2000-01-01T00:00:00Z</time>
      </trkpt>
      <trkpt lat="60.23902" lon="9.35519">
        <ele>266.6632080078125</ele>
        <time>2000-01-01T00:00:00Z</time>
      </trkpt>
      <trkpt lat="60.2392" lon="9.35583">
        <ele>266.9514465332031</ele>
        <time>2000-01-01T00:00:00Z</time>
      </trkpt>
      <trkpt lat="60.239261743891795" lon="9.356188131378689">
        <ele>267.1000061035156</ele>
        <time>2000-01-01T00:00:00Z</time>
      </trkpt>
      <trkpt lat="60.23935" lon="9.3567">
        <ele>267.3595275878906</ele>
        <time>2000-01-01T00:00:00Z</time>
      </trkpt>
      <trkpt lat="60.2394" lon="9.35684">
        <ele>267.442138671875</ele>
        <time>2000-01-01T00:00:00Z</time>
      </trkpt>
      <trkpt lat="60.23949" lon="9.35699">
        <ele>267.5548400878906</ele>
        <time>2000-01-01T00:00:00Z</time>
      </trkpt>
      <trkpt lat="60.23959" lon="9.35711">
        <ele>267.6671447753906</ele>
        <time>2000-01-01T00:00:00Z</time>
      </trkpt>
      <trkpt lat="60.23967" lon="9.35716">
        <ele>267.7479553222656</ele>
        <time>2000-01-01T00:00:00Z</time>
      </trkpt>
      <trkpt lat="60.23989" lon="9.35726">
        <ele>267.9655456542969</ele>
        <time>2000-01-01T00:00:00Z</time>
      </trkpt>
      <trkpt lat="60.23985671672631" lon="9.357744938654468">
        <ele>268.20001220703125</ele>
        <time>2000-01-01T00:00:00Z</time>
      </trkpt>
      <trkpt lat="60.23982" lon="9.35828">
        <ele>268.7644348144531</ele>
        <time>2000-01-01T00:00:00Z</time>
      </trkpt>
      <trkpt lat="60.23978" lon="9.35909">
        <ele>269.614990234375</ele>
        <time>2000-01-01T00:00:00Z</time>
      </trkpt>
      <trkpt lat="60.23973" lon="9.35921">
        <ele>269.7787170410156</ele>
        <time>2000-01-01T00:00:00Z</time>
      </trkpt>
      <trkpt lat="60.23962" lon="9.35931">
        <ele>270.0327453613281</ele>
        <time>2000-01-01T00:00:00Z</time>
      </trkpt>
      <trkpt lat="60.23943" lon="9.35942">
        <ele>270.44891357421875</ele>
        <time>2000-01-01T00:00:00Z</time>
      </trkpt>
      <trkpt lat="60.23935872319564" lon="9.35943697052539">
        <ele>270.6000061035156</ele>
        <time>2000-01-01T00:00:00Z</time>
      </trkpt>
      <trkpt lat="60.23922" lon="9.35947">
        <ele>270.80828857421875</ele>
        <time>2000-01-01T00:00:00Z</time>
      </trkpt>
      <trkpt lat="60.23917" lon="9.35951">
        <ele>270.8885192871094</ele>
        <time>2000-01-01T00:00:00Z</time>
      </trkpt>
      <trkpt lat="60.23913" lon="9.35957">
        <ele>270.962890625</ele>
        <time>2000-01-01T00:00:00Z</time>
      </trkpt>
      <trkpt lat="60.23911" lon="9.35975">
        <ele>271.0993957519531</ele>
        <time>2000-01-01T00:00:00Z</time>
      </trkpt>
      <trkpt lat="60.23929" lon="9.3596">
        <ele>271.3898620605469</ele>
        <time>2000-01-01T00:00:00Z</time>
      </trkpt>
      <trkpt lat="60.2396" lon="9.35942">
        <ele>271.87091064453125</ele>
        <time>2000-01-01T00:00:00Z</time>
      </trkpt>
      <trkpt lat="60.23975" lon="9.35937">
        <ele>272.0976257324219</ele>
        <time>2000-01-01T00:00:00Z</time>
      </trkpt>
      <trkpt lat="60.23989" lon="9.35939">
        <ele>272.29754638671875</ele>
        <time>2000-01-01T00:00:00Z</time>
      </trkpt>
      <trkpt lat="60.24016" lon="9.35951">
        <ele>272.15203857421875</ele>
        <time>2000-01-01T00:00:00Z</time>
      </trkpt>
      <trkpt lat="60.2403" lon="9.3596">
        <ele>272.07470703125</ele>
        <time>2000-01-01T00:00:00Z</time>
      </trkpt>
      <trkpt lat="60.24091" lon="9.36021">
        <ele>271.71630859375</ele>
        <time>2000-01-01T00:00:00Z</time>
      </trkpt>
      <trkpt lat="60.2409389707364" lon="9.36023207382193">
        <ele>271.70001220703125</ele>
        <time>2000-01-01T00:00:00Z</time>
      </trkpt>
      <trkpt lat="60.24112" lon="9.36037">
        <ele>272.42999267578125</ele>
        <time>2000-01-01T00:00:00Z</time>
      </trkpt>
      <trkpt lat="60.2412" lon="9.3604">
        <ele>272.7369079589844</ele>
        <time>2000-01-01T00:00:00Z</time>
      </trkpt>
      <trkpt lat="60.24129" lon="9.36039">
        <ele>273.0768737792969</ele>
        <time>2000-01-01T00:00:00Z</time>
      </trkpt>
      <trkpt lat="60.24143" lon="9.3603">
        <ele>273.6311340332031</ele>
        <time>2000-01-01T00:00:00Z</time>
      </trkpt>
      <trkpt lat="60.24152" lon="9.36015">
        <ele>274.0716857910156</ele>
        <time>2000-01-01T00:00:00Z</time>
      </trkpt>
      <trkpt lat="60.24158" lon="9.35988">
        <ele>274.6254577636719</ele>
        <time>2000-01-01T00:00:00Z</time>
      </trkpt>
      <trkpt lat="60.24167553560013" lon="9.359171438742065">
        <ele>276.0</ele>
        <time>2000-01-01T00:00:00Z</time>
      </trkpt>
      <trkpt lat="60.2417" lon="9.35899">
        <ele>276.294677734375</ele>
        <time>2000-01-01T00:00:00Z</time>
      </trkpt>
      <trkpt lat="60.24173" lon="9.35881">
        <ele>276.5922546386719</ele>
        <time>2000-01-01T00:00:00Z</time>
      </trkpt>
      <trkpt lat="60.24176" lon="9.35868">
        <ele>276.8169860839844</ele>
        <time>2000-01-01T00:00:00Z</time>
      </trkpt>
      <trkpt lat="60.2418" lon="9.35854">
        <ele>277.0701599121094</ele>
        <time>2000-01-01T00:00:00Z</time>
      </trkpt>
      <trkpt lat="60.24184" lon="9.35844">
        <ele>277.27142333984375</ele>
        <time>2000-01-01T00:00:00Z</time>
      </trkpt>
      <trkpt lat="60.24186" lon="9.3584">
        <ele>277.36041259765625</ele>
        <time>2000-01-01T00:00:00Z</time>
      </trkpt>
      <trkpt lat="60.24192" lon="9.35831">
        <ele>277.59661865234375</ele>
        <time>2000-01-01T00:00:00Z</time>
      </trkpt>
      <trkpt lat="60.24199" lon="9.35824">
        <ele>277.8433837890625</ele>
        <time>2000-01-01T00:00:00Z</time>
      </trkpt>
      <trkpt lat="60.24214" lon="9.35811">
        <ele>278.3590087890625</ele>
        <time>2000-01-01T00:00:00Z</time>
      </trkpt>
      <trkpt lat="60.24234" lon="9.35797">
        <ele>279.0275573730469</ele>
        <time>2000-01-01T00:00:00Z</time>
      </trkpt>
      <trkpt lat="60.24245" lon="9.35788">
        <ele>279.4024658203125</ele>
        <time>2000-01-01T00:00:00Z</time>
      </trkpt>
      <trkpt lat="60.242504781014766" lon="9.357819132141007">
        <ele>279.6000061035156</ele>
        <time>2000-01-01T00:00:00Z</time>
      </trkpt>
      <trkpt lat="60.24254" lon="9.35778">
        <ele>279.7763977050781</ele>
        <time>2000-01-01T00:00:00Z</time>
      </trkpt>
      <trkpt lat="60.24264" lon="9.35766">
        <ele>280.286865234375</ele>
        <time>2000-01-01T00:00:00Z</time>
      </trkpt>
      <trkpt lat="60.24269" lon="9.35758">
        <ele>280.5668640136719</ele>
        <time>2000-01-01T00:00:00Z</time>
      </trkpt>
      <trkpt lat="60.24271" lon="9.35755">
        <ele>280.6762390136719</ele>
        <time>2000-01-01T00:00:00Z</time>
      </trkpt>
      <trkpt lat="60.24275" lon="9.35746">
        <ele>280.939208984375</ele>
        <time>2000-01-01T00:00:00Z</time>
      </trkpt>
      <trkpt lat="60.24289" lon="9.3571">
        <ele>281.9347229003906</ele>
        <time>2000-01-01T00:00:00Z</time>
      </trkpt>
      <trkpt lat="60.24299" lon="9.35688">
        <ele>282.5841064453125</ele>
        <time>2000-01-01T00:00:00Z</time>
      </trkpt>
      <trkpt lat="60.24307" lon="9.35674">
        <ele>283.048828125</ele>
        <time>2000-01-01T00:00:00Z</time>
      </trkpt>
      <trkpt lat="60.24313" lon="9.35664">
        <ele>283.39031982421875</ele>
        <time>2000-01-01T00:00:00Z</time>
      </trkpt>
      <trkpt lat="60.24319" lon="9.35657">
        <ele>283.69439697265625</ele>
        <time>2000-01-01T00:00:00Z</time>
      </trkpt>
      <trkpt lat="60.24325" lon="9.35652">
        <ele>283.9791564941406</ele>
        <time>2000-01-01T00:00:00Z</time>
      </trkpt>
      <trkpt lat="60.24334" lon="9.35646">
        <ele>284.3948974609375</ele>
        <time>2000-01-01T00:00:00Z</time>
      </trkpt>
      <trkpt lat="60.243384397689894" lon="9.3564304015338">
        <ele>284.6000061035156</ele>
        <time>2000-01-01T00:00:00Z</time>
      </trkpt>
      <trkpt lat="60.2434" lon="9.35642">
        <ele>284.6605529785156</ele>
        <time>2000-01-01T00:00:00Z</time>
      </trkpt>
      <trkpt lat="60.24352" lon="9.35637">
        <ele>285.1119689941406</ele>
        <time>2000-01-01T00:00:00Z</time>
      </trkpt>
      <trkpt lat="60.24377" lon="9.35629">
        <ele>286.0445251464844</ele>
        <time>2000-01-01T00:00:00Z</time>
      </trkpt>
      <trkpt lat="60.2439" lon="9.35629">
        <ele>286.5234069824219</ele>
        <time>2000-01-01T00:00:00Z</time>
      </trkpt>
      <trkpt lat="60.24393" lon="9.3563">
        <ele>286.63543701171875</ele>
        <time>2000-01-01T00:00:00Z</time>
      </trkpt>
      <trkpt lat="60.24398" lon="9.35626">
        <ele>286.8336181640625</ele>
        <time>2000-01-01T00:00:00Z</time>
      </trkpt>
      <trkpt lat="60.24403" lon="9.35623">
        <ele>287.02581787109375</ele>
        <time>2000-01-01T00:00:00Z</time>
      </trkpt>
      <trkpt lat="60.24414" lon="9.3562">
        <ele>287.43475341796875</ele>
        <time>2000-01-01T00:00:00Z</time>
      </trkpt>
      <trkpt lat="60.24431" lon="9.35617">
        <ele>288.0633850097656</ele>
        <time>2000-01-01T00:00:00Z</time>
      </trkpt>
      <trkpt lat="60.24439" lon="9.3562">
        <ele>288.3631896972656</ele>
        <time>2000-01-01T00:00:00Z</time>
      </trkpt>
      <trkpt lat="60.24450856761669" lon="9.3562">
        <ele>288.79998779296875</ele>
        <time>2000-01-01T00:00:00Z</time>
      </trkpt>
      <trkpt lat="60.24466" lon="9.3562">
        <ele>289.22503662109375</ele>
        <time>2000-01-01T00:00:00Z</time>
      </trkpt>
      <trkpt lat="60.2448" lon="9.35623">
        <ele>289.6202087402344</ele>
        <time>2000-01-01T00:00:00Z</time>
      </trkpt>
      <trkpt lat="60.24491" lon="9.35625">
        <ele>289.9302062988281</ele>
        <time>2000-01-01T00:00:00Z</time>
      </trkpt>
      <trkpt lat="60.24503" lon="9.35631">
        <ele>290.2772521972656</ele>
        <time>2000-01-01T00:00:00Z</time>
      </trkpt>
      <trkpt lat="60.24505" lon="9.35632">
        <ele>290.3350830078125</ele>
        <time>2000-01-01T00:00:00Z</time>
      </trkpt>
      <trkpt lat="60.24533" lon="9.35652">
        <ele>291.1689147949219</ele>
        <time>2000-01-01T00:00:00Z</time>
      </trkpt>
      <trkpt lat="60.24545" lon="9.35659">
        <ele>291.51959228515625</ele>
        <time>2000-01-01T00:00:00Z</time>
      </trkpt>
      <trkpt lat="60.24549" lon="9.35662">
        <ele>291.6393737792969</ele>
        <time>2000-01-01T00:00:00Z</time>
      </trkpt>
      <trkpt lat="60.24561" lon="9.35666">
        <ele>291.98077392578125</ele>
        <time>2000-01-01T00:00:00Z</time>
      </trkpt>
      <trkpt lat="60.24559" lon="9.35666">
        <ele>292.05419921875</ele>
        <time>2000-01-01T00:00:00Z</time>
      </trkpt>
      <trkpt lat="60.24565" lon="9.35668">
        <ele>292.304931640625</ele>
        <time>2000-01-01T00:00:00Z</time>
      </trkpt>
      <trkpt lat="60.2457" lon="9.35668">
        <ele>292.51104736328125</ele>
        <time>2000-01-01T00:00:00Z</time>
      </trkpt>
      <trkpt lat="60.24574" lon="9.35668">
        <ele>292.6759338378906</ele>
        <time>2000-01-01T00:00:00Z</time>
      </trkpt>
      <trkpt lat="60.24578" lon="9.35667">
        <ele>292.84210205078125</ele>
        <time>2000-01-01T00:00:00Z</time>
      </trkpt>
      <trkpt lat="60.24584" lon="9.35662">
        <ele>293.1097717285156</ele>
        <time>2000-01-01T00:00:00Z</time>
      </trkpt>
      <trkpt lat="60.24596" lon="9.35653">
        <ele>293.63763427734375</ele>
        <time>2000-01-01T00:00:00Z</time>
      </trkpt>
      <trkpt lat="60.24619" lon="9.3563">
        <ele>294.6961975097656</ele>
        <time>2000-01-01T00:00:00Z</time>
      </trkpt>
      <trkpt lat="60.24651" lon="9.35595">
        <ele>296.19720458984375</ele>
        <time>2000-01-01T00:00:00Z</time>
      </trkpt>
      <trkpt lat="60.2466" lon="9.35581">
        <ele>296.66595458984375</ele>
        <time>2000-01-01T00:00:00Z</time>
      </trkpt>
      <trkpt lat="60.24665" lon="9.35573">
        <ele>296.69024658203125</ele>
        <time>2000-01-01T00:00:00Z</time>
      </trkpt>
      <trkpt lat="60.24668" lon="9.35566">
        <ele>296.6822204589844</ele>
        <time>2000-01-01T00:00:00Z</time>
      </trkpt>
      <trkpt lat="60.2467" lon="9.35558">
        <ele>296.6744079589844</ele>
        <time>2000-01-01T00:00:00Z</time>
      </trkpt>
      <trkpt lat="60.24675" lon="9.35539">
        <ele>296.65570068359375</ele>
        <time>2000-01-01T00:00:00Z</time>
      </trkpt>
      <trkpt lat="60.24681" lon="9.35516">
        <ele>296.633056640625</ele>
        <time>2000-01-01T00:00:00Z</time>
      </trkpt>
      <trkpt lat="60.24684" lon="9.35501">
        <ele>296.6189880371094</ele>
        <time>2000-01-01T00:00:00Z</time>
      </trkpt>
      <trkpt lat="60.2469" lon="9.35432">
        <ele>296.5579833984375</ele>
        <time>2000-01-01T00:00:00Z</time>
      </trkpt>
      <trkpt lat="60.24692" lon="9.35408">
        <ele>296.53680419921875</ele>
        <time>2000-01-01T00:00:00Z</time>
      </trkpt>
      <trkpt lat="60.24694" lon="9.35396">
        <ele>296.5257873535156</ele>
        <time>2000-01-01T00:00:00Z</time>
      </trkpt>
      <trkpt lat="60.24698" lon="9.35373">
        <ele>296.50457763671875</ele>
        <time>2000-01-01T00:00:00Z</time>
      </trkpt>
      <trkpt lat="60.24699253374311" lon="9.353684041744259">
        <ele>296.5</ele>
        <time>2000-01-01T00:00:00Z</time>
      </trkpt>
      <trkpt lat="60.24704" lon="9.35351">
        <ele>296.3703308105469</ele>
        <time>2000-01-01T00:00:00Z</time>
      </trkpt>
      <trkpt lat="60.24709" lon="9.35338">
        <ele>296.262939453125</ele>
        <time>2000-01-01T00:00:00Z</time>
      </trkpt>
      <trkpt lat="60.2472" lon="9.35308">
        <ele>296.0193786621094</ele>
        <time>2000-01-01T00:00:00Z</time>
      </trkpt>
      <trkpt lat="60.24723" lon="9.35297">
        <ele>295.93743896484375</ele>
        <time>2000-01-01T00:00:00Z</time>
      </trkpt>
      <trkpt lat="60.24728" lon="9.35275">
        <ele>295.7794494628906</ele>
        <time>2000-01-01T00:00:00Z</time>
      </trkpt>
      <trkpt lat="60.2473" lon="9.35263">
        <ele>295.6968078613281</ele>
        <time>2000-01-01T00:00:00Z</time>
      </trkpt>
      <trkpt lat="60.24733" lon="9.35235">
        <ele>295.509765625</ele>
        <time>2000-01-01T00:00:00Z</time>
      </trkpt>
      <trkpt lat="60.24733" lon="9.35222">
        <ele>295.4248962402344</ele>
        <time>2000-01-01T00:00:00Z</time>
      </trkpt>
      <trkpt lat="60.24732" lon="9.3517">
        <ele>295.0851135253906</ele>
        <time>2000-01-01T00:00:00Z</time>
      </trkpt>
      <trkpt lat="60.247314587439845" lon="9.351570102049447">
        <ele>295.0</ele>
        <time>2000-01-01T00:00:00Z</time>
      </trkpt>
      <trkpt lat="60.24731" lon="9.35146">
        <ele>295.01922607421875</ele>
        <time>2000-01-01T00:00:00Z</time>
      </trkpt>
      <trkpt lat="60.24734" lon="9.35063">
        <ele>295.16412353515625</ele>
        <time>2000-01-01T00:00:00Z</time>
      </trkpt>
      <trkpt lat="60.24734" lon="9.35026">
        <ele>295.2285461425781</ele>
        <time>2000-01-01T00:00:00Z</time>
      </trkpt>
      <trkpt lat="60.24733" lon="9.35007">
        <ele>295.2618103027344</ele>
        <time>2000-01-01T00:00:00Z</time>
      </trkpt>
      <trkpt lat="60.24733" lon="9.34983">
        <ele>295.3036193847656</ele>
        <time>2000-01-01T00:00:00Z</time>
      </trkpt>
      <trkpt lat="60.24734" lon="9.34955">
        <ele>295.35247802734375</ele>
        <time>2000-01-01T00:00:00Z</time>
      </trkpt>
      <trkpt lat="60.24736" lon="9.34934">
        <ele>295.38970947265625</ele>
        <time>2000-01-01T00:00:00Z</time>
      </trkpt>
      <trkpt lat="60.247372199642356" lon="9.34928632031867">
        <ele>295.3999938964844</ele>
        <time>2000-01-01T00:00:00Z</time>
      </trkpt>
      <trkpt lat="60.24741" lon="9.34912">
        <ele>295.39202880859375</ele>
        <time>2000-01-01T00:00:00Z</time>
      </trkpt>
      <trkpt lat="60.24745" lon="9.34894">
        <ele>295.3834533691406</ele>
        <time>2000-01-01T00:00:00Z</time>
      </trkpt>
      <trkpt lat="60.2476" lon="9.34839">
        <ele>295.35614013671875</ele>
        <time>2000-01-01T00:00:00Z</time>
      </trkpt>
      <trkpt lat="60.24765" lon="9.3482">
        <ele>295.3467712402344</ele>
        <time>2000-01-01T00:00:00Z</time>
      </trkpt>
      <trkpt lat="60.24768" lon="9.34798">
        <ele>295.3368225097656</ele>
        <time>2000-01-01T00:00:00Z</time>
      </trkpt>
      <trkpt lat="60.24769" lon="9.34792">
        <ele>295.3340759277344</ele>
        <time>2000-01-01T00:00:00Z</time>
      </trkpt>
      <trkpt lat="60.2477" lon="9.34776">
        <ele>295.3270568847656</ele>
        <time>2000-01-01T00:00:00Z</time>
      </trkpt>
      <trkpt lat="60.2477" lon="9.34754">
        <ele>295.3174743652344</ele>
        <time>2000-01-01T00:00:00Z</time>
      </trkpt>
      <trkpt lat="60.24769" lon="9.34745">
        <ele>295.3134765625</ele>
        <time>2000-01-01T00:00:00Z</time>
      </trkpt>
      <trkpt lat="60.24766012685975" lon="9.347146300750806">
        <ele>295.29998779296875</ele>
        <time>2000-01-01T00:00:00Z</time>
      </trkpt>
      <trkpt lat="60.24763" lon="9.34684">
        <ele>295.1368713378906</ele>
        <time>2000-01-01T00:00:00Z</time>
      </trkpt>
      <trkpt lat="60.24762" lon="9.34663">
        <ele>295.0267028808594</ele>
        <time>2000-01-01T00:00:00Z</time>
      </trkpt>
      <trkpt lat="60.2476" lon="9.3463">
        <ele>294.85302734375</ele>
        <time>2000-01-01T00:00:00Z</time>
      </trkpt>
      <trkpt lat="60.24761" lon="9.34611">
        <ele>294.75323486328125</ele>
        <time>2000-01-01T00:00:00Z</time>
      </trkpt>
      <trkpt lat="60.24762" lon="9.34601">
        <ele>294.699951171875</ele>
        <time>2000-01-01T00:00:00Z</time>
      </trkpt>
      <trkpt lat="60.24765" lon="9.34571">
        <ele>294.54010009765625</ele>
        <time>2000-01-01T00:00:00Z</time>
      </trkpt>
      <trkpt lat="60.24769" lon="9.34551">
        <ele>294.427490234375</ele>
        <time>2000-01-01T00:00:00Z</time>
      </trkpt>
      <trkpt lat="60.24778" lon="9.3451">
        <ele>294.1933288574219</ele>
        <time>2000-01-01T00:00:00Z</time>
      </trkpt>
      <trkpt lat="60.247815495775065" lon="9.34493630481274">
        <ele>294.1000061035156</ele>
        <time>2000-01-01T00:00:00Z</time>
      </trkpt>
      <trkpt lat="60.24796" lon="9.34427">
        <ele>293.7518310546875</ele>
        <time>2000-01-01T00:00:00Z</time>
      </trkpt>
      <trkpt lat="60.24804" lon="9.34393">
        <ele>293.5716857910156</ele>
        <time>2000-01-01T00:00:00Z</time>
      </trkpt>
      <trkpt lat="60.24808" lon="9.3437">
        <ele>293.4549865722656</ele>
        <time>2000-01-01T00:00:00Z</time>
      </trkpt>
      <trkpt lat="60.24812" lon="9.34352">
        <ele>293.3605651855469</ele>
        <time>2000-01-01T00:00:00Z</time>
      </trkpt>
      <trkpt lat="60.24814" lon="9.34334">
        <ele>293.272216796875</ele>
        <time>2000-01-01T00:00:00Z</time>
      </trkpt>
      <trkpt lat="60.24817" lon="9.34313">
        <ele>293.1676025390625</ele>
        <time>2000-01-01T00:00:00Z</time>
      </trkpt>
      <trkpt lat="60.24818" lon="9.34293">
        <ele>293.07135009765625</ele>
        <time>2000-01-01T00:00:00Z</time>
      </trkpt>
      <trkpt lat="60.248179999937875" lon="9.34278097552314">
        <ele>293.0</ele>
        <time>2000-01-01T00:00:00Z</time>
      </trkpt>
      <trkpt lat="60.24818" lon="9.34272">
        <ele>293.00531005859375</ele>
        <time>2000-01-01T00:00:00Z</time>
      </trkpt>
      <trkpt lat="60.24818" lon="9.34169">
        <ele>293.094970703125</ele>
        <time>2000-01-01T00:00:00Z</time>
      </trkpt>
      <trkpt lat="60.2482" lon="9.3414">
        <ele>293.1204833984375</ele>
        <time>2000-01-01T00:00:00Z</time>
      </trkpt>
      <trkpt lat="60.24821" lon="9.34121">
        <ele>293.1371154785156</ele>
        <time>2000-01-01T00:00:00Z</time>
      </trkpt>
      <trkpt lat="60.24825" lon="9.34095">
        <ele>293.1607971191406</ele>
        <time>2000-01-01T00:00:00Z</time>
      </trkpt>
      <trkpt lat="60.24833" lon="9.34055">
        <ele>293.1983337402344</ele>
        <time>2000-01-01T00:00:00Z</time>
      </trkpt>
      <trkpt lat="60.24833301932082" lon="9.340531882693298">
        <ele>293.20001220703125</ele>
        <time>2000-01-01T00:00:00Z</time>
      </trkpt>
      <trkpt lat="60.24836" lon="9.34037">
        <ele>293.2371826171875</ele>
        <time>2000-01-01T00:00:00Z</time>
      </trkpt>
      <trkpt lat="60.2484" lon="9.33988">
        <ele>293.3452453613281</ele>
        <time>2000-01-01T00:00:00Z</time>
      </trkpt>
      <trkpt lat="60.24846" lon="9.33997">
        <ele>293.3780517578125</ele>
        <time>2000-01-01T00:00:00Z</time>
      </trkpt>
      <trkpt lat="60.24859" lon="9.33932">
        <ele>293.53057861328125</ele>
        <time>2000-01-01T00:00:00Z</time>
      </trkpt>
      <trkpt lat="60.24873" lon="9.33893">
        <ele>293.6353454589844</ele>
        <time>2000-01-01T00:00:00Z</time>
      </trkpt>
      <trkpt lat="60.24882874627759" lon="9.338709271958196">
        <ele>293.70001220703125</ele>
        <time>2000-01-01T00:00:00Z</time>
      </trkpt>
      <trkpt lat="60.2489" lon="9.33855">
        <ele>293.96136474609375</ele>
        <time>2000-01-01T00:00:00Z</time>
      </trkpt>
      <trkpt lat="60.24901" lon="9.33815">
        <ele>294.5187072753906</ele>
        <time>2000-01-01T00:00:00Z</time>
      </trkpt>
      <trkpt lat="60.2491" lon="9.33737">
        <ele>295.4946594238281</ele>
        <time>2000-01-01T00:00:00Z</time>
      </trkpt>
      <trkpt lat="60.24911" lon="9.33663">
        <ele>296.3968505859375</ele>
        <time>2000-01-01T00:00:00Z</time>
      </trkpt>
      <trkpt lat="60.24910525940476" lon="9.3365459109079">
        <ele>296.5</ele>
        <time>2000-01-01T00:00:00Z</time>
      </trkpt>
      <trkpt lat="60.24907" lon="9.33592">
        <ele>298.5289306640625</ele>
        <time>2000-01-01T00:00:00Z</time>
      </trkpt>
      <trkpt lat="60.249" lon="9.33553">
        <ele>299.8647766113281</ele>
        <time>2000-01-01T00:00:00Z</time>
      </trkpt>
      <trkpt lat="60.24878" lon="9.33455">
        <ele>303.3292541503906</ele>
        <time>2000-01-01T00:00:00Z</time>
      </trkpt>
      <trkpt lat="60.24874713050803" lon="9.33438565569521">
        <ele>303.8999938964844</ele>
        <time>2000-01-01T00:00:00Z</time>
      </trkpt>
      <trkpt lat="60.2487" lon="9.33415">
        <ele>305.0722351074219</ele>
        <time>2000-01-01T00:00:00Z</time>
      </trkpt>
      <trkpt lat="60.24858" lon="9.33324">
        <ele>309.4165344238281</ele>
        <time>2000-01-01T00:00:00Z</time>
      </trkpt>
      <trkpt lat="60.24854" lon="9.33263">
        <ele>312.25543212890625</ele>
        <time>2000-01-01T00:00:00Z</time>
      </trkpt>
      <trkpt lat="60.24855" lon="9.3323">
        <ele>313.7808532714844</ele>
        <time>2000-01-01T00:00:00Z</time>
      </trkpt>
      <trkpt lat="60.24856767221315" lon="9.332148256676092">
        <ele>314.5</ele>
        <time>2000-01-01T00:00:00Z</time>
      </trkpt>
      <trkpt lat="60.24867" lon="9.33127">
        <ele>316.54193115234375</ele>
        <time>2000-01-01T00:00:00Z</time>
      </trkpt>
      <trkpt lat="60.24882" lon="9.33033">
        <ele>318.77679443359375</ele>
        <time>2000-01-01T00:00:00Z</time>
      </trkpt>
      <trkpt lat="60.24889354612271" lon="9.329949994099877">
        <ele>319.70001220703125</ele>
        <time>2000-01-01T00:00:00Z</time>
      </trkpt>
      <trkpt lat="60.249" lon="9.3294">
        <ele>320.7792053222656</ele>
        <time>2000-01-01T00:00:00Z</time>
      </trkpt>
      <trkpt lat="60.24907" lon="9.32896">
        <ele>321.6239318847656</ele>
        <time>2000-01-01T00:00:00Z</time>
      </trkpt>
      <trkpt lat="60.24914" lon="9.32819">
        <ele>323.05499267578125</ele>
        <time>2000-01-01T00:00:00Z</time>
      </trkpt>
      <trkpt lat="60.24915037482121" lon="9.327728225887961">
        <ele>323.8999938964844</ele>
        <time>2000-01-01T00:00:00Z</time>
      </trkpt>
      <trkpt lat="60.24916" lon="9.3273">
        <ele>324.1425476074219</ele>
        <time>2000-01-01T00:00:00Z</time>
      </trkpt>
      <trkpt lat="60.24908" lon="9.32577">
        <ele>325.0130920410156</ele>
        <time>2000-01-01T00:00:00Z</time>
      </trkpt>
      <trkpt lat="60.24907" lon="9.32548">
        <ele>325.1775817871094</ele>
        <time>2000-01-01T00:00:00Z</time>
      </trkpt>
      <trkpt lat="60.2490722496164" lon="9.325440618043784">
        <ele>325.20001220703125</ele>
        <time>2000-01-01T00:00:00Z</time>
      </trkpt>
      <trkpt lat="60.24909" lon="9.32513">
        <ele>326.9692077636719</ele>
        <time>2000-01-01T00:00:00Z</time>
      </trkpt>
      <trkpt lat="60.24916" lon="9.32439">
        <ele>331.2318420410156</ele>
        <time>2000-01-01T00:00:00Z</time>
      </trkpt>
      <trkpt lat="60.24923" lon="9.32391">
        <ele>334.06280517578125</ele>
        <time>2000-01-01T00:00:00Z</time>
      </trkpt>
      <trkpt lat="60.24933" lon="9.3235">
        <ele>336.64776611328125</ele>
        <time>2000-01-01T00:00:00Z</time>
      </trkpt>
      <trkpt lat="60.249401734385856" lon="9.323266859644695">
        <ele>338.20001220703125</ele>
        <time>2000-01-01T00:00:00Z</time>
      </trkpt>
      <trkpt lat="60.24949" lon="9.32298">
        <ele>338.7582702636719</ele>
        <time>2000-01-01T00:00:00Z</time>
      </trkpt>
      <trkpt lat="60.24959" lon="9.32256">
        <ele>339.52874755859375</ele>
        <time>2000-01-01T00:00:00Z</time>
      </trkpt>
      <trkpt lat="60.24972" lon="9.32192">
        <ele>340.67254638671875</ele>
        <time>2000-01-01T00:00:00Z</time>
      </trkpt>
      <trkpt lat="60.24984455678094" lon="9.32115766897619">
        <ele>342.0</ele>
        <time>2000-01-01T00:00:00Z</time>
      </trkpt>
      <trkpt lat="60.24997" lon="9.32039">
        <ele>345.4122619628906</ele>
        <time>2000-01-01T00:00:00Z</time>
      </trkpt>
      <trkpt lat="60.25019" lon="9.31942">
        <ele>349.9150085449219</ele>
        <time>2000-01-01T00:00:00Z</time>
      </trkpt>
      <trkpt lat="60.25022" lon="9.3192">
        <ele>350.87823486328125</ele>
        <time>2000-01-01T00:00:00Z</time>
      </trkpt>
      <trkpt lat="60.25023443384988" lon="9.319007542248933">
        <ele>351.70001220703125</ele>
        <time>2000-01-01T00:00:00Z</time>
      </trkpt>
      <trkpt lat="60.25025" lon="9.3188">
        <ele>352.2572937011719</ele>
        <time>2000-01-01T00:00:00Z</time>
      </trkpt>
      <trkpt lat="60.25021" lon="9.31788">
        <ele>354.709228515625</ele>
        <time>2000-01-01T00:00:00Z</time>
      </trkpt>
      <trkpt lat="60.25023" lon="9.31749">
        <ele>355.75018310546875</ele>
        <time>2000-01-01T00:00:00Z</time>
      </trkpt>
      <trkpt lat="60.25028" lon="9.31696">
        <ele>357.1825256347656</ele>
        <time>2000-01-01T00:00:00Z</time>
      </trkpt>
      <trkpt lat="60.250324848449466" lon="9.316745721275261">
        <ele>357.79998779296875</ele>
        <time>2000-01-01T00:00:00Z</time>
      </trkpt>
      <trkpt lat="60.25037" lon="9.31653">
        <ele>358.9208984375</ele>
        <time>2000-01-01T00:00:00Z</time>
      </trkpt>
      <trkpt lat="60.25047" lon="9.3162">
        <ele>360.77215576171875</ele>
        <time>2000-01-01T00:00:00Z</time>
      </trkpt>
      <trkpt lat="60.25055" lon="9.31606">
        <ele>361.79449462890625</ele>
        <time>2000-01-01T00:00:00Z</time>
      </trkpt>
      <trkpt lat="60.25066" lon="9.31592">
        <ele>363.04974365234375</ele>
        <time>2000-01-01T00:00:00Z</time>
      </trkpt>
      <trkpt lat="60.25076" lon="9.31584">
        <ele>364.087890625</ele>
        <time>2000-01-01T00:00:00Z</time>
      </trkpt>
      <trkpt lat="60.25086" lon="9.3158">
        <ele>365.071533203125</ele>
        <time>2000-01-01T00:00:00Z</time>
      </trkpt>
      <trkpt lat="60.25103" lon="9.31576">
        <ele>366.7228698730469</ele>
        <time>2000-01-01T00:00:00Z</time>
      </trkpt>
      <trkpt lat="60.251245025609066" lon="9.315739191043303">
        <ele>368.79998779296875</ele>
        <time>2000-01-01T00:00:00Z</time>
      </trkpt>
      <trkpt lat="60.25134" lon="9.31573">
        <ele>369.50054931640625</ele>
        <time>2000-01-01T00:00:00Z</time>
      </trkpt>
      <trkpt lat="60.25172" lon="9.31567">
        <ele>372.3089294433594</ele>
        <time>2000-01-01T00:00:00Z</time>
      </trkpt>
      <trkpt lat="60.25186" lon="9.31569">
        <ele>373.34307861328125</ele>
        <time>2000-01-01T00:00:00Z</time>
      </trkpt>
      <trkpt lat="60.25204" lon="9.31581">
        <ele>374.739990234375</ele>
        <time>2000-01-01T00:00:00Z</time>
      </trkpt>
      <trkpt lat="60.25219" lon="9.31599">
        <ele>376.0262451171875</ele>
        <time>2000-01-01T00:00:00Z</time>
      </trkpt>
      <trkpt lat="60.252303078689" lon="9.316216157557397">
        <ele>377.20001220703125</ele>
        <time>2000-01-01T00:00:00Z</time>
      </trkpt>
      <trkpt lat="60.25233" lon="9.31627">
        <ele>377.3397216796875</ele>
        <time>2000-01-01T00:00:00Z</time>
      </trkpt>
      <trkpt lat="60.2524" lon="9.31635">
        <ele>377.6361999511719</ele>
        <time>2000-01-01T00:00:00Z</time>
      </trkpt>
      <trkpt lat="60.25246" lon="9.31639">
        <ele>377.8690185546875</ele>
        <time>2000-01-01T00:00:00Z</time>
      </trkpt>
      <trkpt lat="60.25253" lon="9.31639">
        <ele>378.12689208984375</ele>
        <time>2000-01-01T00:00:00Z</time>
      </trkpt>
      <trkpt lat="60.25262" lon="9.31629">
        <ele>378.5054931640625</ele>
        <time>2000-01-01T00:00:00Z</time>
      </trkpt>
      <trkpt lat="60.25269" lon="9.31606">
        <ele>378.9986877441406</ele>
        <time>2000-01-01T00:00:00Z</time>
      </trkpt>
      <trkpt lat="60.25269" lon="9.31577">
        <ele>379.5287780761719</ele>
        <time>2000-01-01T00:00:00Z</time>
      </trkpt>
      <trkpt lat="60.25262" lon="9.31493">
        <ele>381.085693359375</ele>
        <time>2000-01-01T00:00:00Z</time>
      </trkpt>
      <trkpt lat="60.25260192615323" lon="9.314761960204933">
        <ele>381.3999938964844</ele>
        <time>2000-01-01T00:00:00Z</time>
      </trkpt>
      <trkpt lat="60.25252" lon="9.314">
        <ele>382.58758544921875</ele>
        <time>2000-01-01T00:00:00Z</time>
      </trkpt>
      <trkpt lat="60.25251" lon="9.31352">
        <ele>383.31939697265625</ele>
        <time>2000-01-01T00:00:00Z</time>
      </trkpt>
      <trkpt lat="60.25254" lon="9.31302">
        <ele>384.0865783691406</ele>
        <time>2000-01-01T00:00:00Z</time>
      </trkpt>
      <trkpt lat="60.252626800156364" lon="9.31251546053848">
        <ele>384.8999938964844</ele>
        <time>2000-01-01T00:00:00Z</time>
      </trkpt>
      <trkpt lat="60.2527" lon="9.31209">
        <ele>387.3105773925781</ele>
        <time>2000-01-01T00:00:00Z</time>
      </trkpt>
      <trkpt lat="60.25271" lon="9.31177">
        <ele>389.02703857421875</ele>
        <time>2000-01-01T00:00:00Z</time>
      </trkpt>
      <trkpt lat="60.25269" lon="9.31142">
        <ele>390.9129638671875</ele>
        <time>2000-01-01T00:00:00Z</time>
      </trkpt>
      <trkpt lat="60.25264" lon="9.31103">
        <ele>393.0693054199219</ele>
        <time>2000-01-01T00:00:00Z</time>
      </trkpt>
      <trkpt lat="60.25248659425329" lon="9.310323009070096">
        <ele>397.20001220703125</ele>
        <time>2000-01-01T00:00:00Z</time>
      </trkpt>
      <trkpt lat="60.25241" lon="9.30997">
        <ele>397.9042663574219</ele>
        <time>2000-01-01T00:00:00Z</time>
      </trkpt>
      <trkpt lat="60.25238" lon="9.30943">
        <ele>398.89752197265625</ele>
        <time>2000-01-01T00:00:00Z</time>
      </trkpt>
      <trkpt lat="60.2524" lon="9.3089">
        <ele>399.86907958984375</ele>
        <time>2000-01-01T00:00:00Z</time>
      </trkpt>
      <trkpt lat="60.25246" lon="9.3083">
        <ele>400.9878845214844</ele>
        <time>2000-01-01T00:00:00Z</time>
      </trkpt>
      <trkpt lat="60.2525023388327" lon="9.308091318157372">
        <ele>401.3999938964844</ele>
        <time>2000-01-01T00:00:00Z</time>
      </trkpt>
      <trkpt lat="60.2526" lon="9.30761">
        <ele>402.3052673339844</ele>
        <time>2000-01-01T00:00:00Z</time>
      </trkpt>
      <trkpt lat="60.2527" lon="9.30733">
        <ele>402.9058532714844</ele>
        <time>2000-01-01T00:00:00Z</time>
      </trkpt>
      <trkpt lat="60.2528" lon="9.30714">
        <ele>403.38800048828125</ele>
        <time>2000-01-01T00:00:00Z</time>
      </trkpt>
      <trkpt lat="60.25288" lon="9.30703">
        <ele>403.727783203125</ele>
        <time>2000-01-01T00:00:00Z</time>
      </trkpt>
      <trkpt lat="60.25293" lon="9.30698">
        <ele>403.9236145019531</ele>
        <time>2000-01-01T00:00:00Z</time>
      </trkpt>
      <trkpt lat="60.25307" lon="9.30689">
        <ele>404.439208984375</ele>
        <time>2000-01-01T00:00:00Z</time>
      </trkpt>
      <trkpt lat="60.25333772140477" lon="9.30677396626466">
        <ele>405.3999938964844</ele>
        <time>2000-01-01T00:00:00Z</time>
      </trkpt>
      <trkpt lat="60.254452320933986" lon="9.306290994020435">
        <ele>412.0</ele>
        <time>2000-01-01T00:00:00Z</time>
      </trkpt>
      <trkpt lat="60.25457" lon="9.30624">
        <ele>412.2322692871094</ele>
        <time>2000-01-01T00:00:00Z</time>
      </trkpt>
      <trkpt lat="60.25478" lon="9.30614">
        <ele>412.648681640625</ele>
        <time>2000-01-01T00:00:00Z</time>
      </trkpt>
      <trkpt lat="60.25495" lon="9.30599">
        <ele>413.00677490234375</ele>
        <time>2000-01-01T00:00:00Z</time>
      </trkpt>
      <trkpt lat="60.25512" lon="9.30574">
        <ele>413.4128723144531</ele>
        <time>2000-01-01T00:00:00Z</time>
      </trkpt>
      <trkpt lat="60.25525" lon="9.30537">
        <ele>413.846923828125</ele>
        <time>2000-01-01T00:00:00Z</time>
      </trkpt>
      <trkpt lat="60.25529" lon="9.30517">
        <ele>414.05340576171875</ele>
        <time>2000-01-01T00:00:00Z</time>
      </trkpt>
      <trkpt lat="60.255311740487706" lon="9.305023250409343">
        <ele>414.20001220703125</ele>
        <time>2000-01-01T00:00:00Z</time>
      </trkpt>
      <trkpt lat="60.25533" lon="9.3049">
        <ele>414.3399658203125</ele>
        <time>2000-01-01T00:00:00Z</time>
      </trkpt>
      <trkpt lat="60.25535" lon="9.3042">
        <ele>415.102783203125</ele>
        <time>2000-01-01T00:00:00Z</time>
      </trkpt>
      <trkpt lat="60.25535590638337" lon="9.302731922568688">
        <ele>416.70001220703125</ele>
        <time>2000-01-01T00:00:00Z</time>
      </trkpt>
      <trkpt lat="60.25536" lon="9.30172">
        <ele>417.2724914550781</ele>
        <time>2000-01-01T00:00:00Z</time>
      </trkpt>
      <trkpt lat="60.25531" lon="9.30097">
        <ele>417.7005920410156</ele>
        <time>2000-01-01T00:00:00Z</time>
      </trkpt>
      <trkpt lat="60.255217177079146" lon="9.30047495894358">
        <ele>418.0</ele>
        <time>2000-01-01T00:00:00Z</time>
      </trkpt>
      <trkpt lat="60.25513" lon="9.30001">
        <ele>418.108154296875</ele>
        <time>2000-01-01T00:00:00Z</time>
      </trkpt>
      <trkpt lat="60.25513" lon="9.29973">
        <ele>418.1690673828125</ele>
        <time>2000-01-01T00:00:00Z</time>
      </trkpt>
      <trkpt lat="60.25518" lon="9.29942">
        <ele>418.2400207519531</ele>
        <time>2000-01-01T00:00:00Z</time>
      </trkpt>
      <trkpt lat="60.25528" lon="9.29921">
        <ele>418.3033447265625</ele>
        <time>2000-01-01T00:00:00Z</time>
      </trkpt>
      <trkpt lat="60.25542" lon="9.29907">
        <ele>418.37188720703125</ele>
        <time>2000-01-01T00:00:00Z</time>
      </trkpt>
      <trkpt lat="60.25570594588916" lon="9.298949595759002">
        <ele>418.5</ele>
        <time>2000-01-01T00:00:00Z</time>
      </trkpt>
      <trkpt lat="60.25637" lon="9.29867">
        <ele>420.1661071777344</ele>
        <time>2000-01-01T00:00:00Z</time>
      </trkpt>
      <trkpt lat="60.25653" lon="9.29858">
        <ele>420.5740661621094</ele>
        <time>2000-01-01T00:00:00Z</time>
      </trkpt>
      <trkpt lat="60.25662" lon="9.29848">
        <ele>420.8264465332031</ele>
        <time>2000-01-01T00:00:00Z</time>
      </trkpt>
      <trkpt lat="60.25666" lon="9.29839">
        <ele>420.97369384765625</ele>
        <time>2000-01-01T00:00:00Z</time>
      </trkpt>
      <trkpt lat="60.25671" lon="9.29825">
        <ele>421.1838684082031</ele>
        <time>2000-01-01T00:00:00Z</time>
      </trkpt>
      <trkpt lat="60.2567242733729" lon="9.298159148587645">
        <ele>421.29998779296875</ele>
        <time>2000-01-01T00:00:00Z</time>
      </trkpt>
      <trkpt lat="60.25682" lon="9.29755">
        <ele>422.44000244140625</ele>
        <time>2000-01-01T00:00:00Z</time>
      </trkpt>
      <trkpt lat="60.25691" lon="9.29721">
        <ele>423.1275634765625</ele>
        <time>2000-01-01T00:00:00Z</time>
      </trkpt>
      <trkpt lat="60.257" lon="9.29692">
        <ele>423.7378845214844</ele>
        <time>2000-01-01T00:00:00Z</time>
      </trkpt>
      <trkpt lat="60.25716" lon="9.29658">
        <ele>424.573974609375</ele>
        <time>2000-01-01T00:00:00Z</time>
      </trkpt>
      <trkpt lat="60.25731" lon="9.29633">
        <ele>425.27392578125</ele>
        <time>2000-01-01T00:00:00Z</time>
      </trkpt>
      <trkpt lat="60.25733967592039" lon="9.296292386656939">
        <ele>425.3999938964844</ele>
        <time>2000-01-01T00:00:00Z</time>
      </trkpt>
      <trkpt lat="60.25825" lon="9.29514">
        <ele>427.2857360839844</ele>
        <time>2000-01-01T00:00:00Z</time>
      </trkpt>
      <trkpt lat="60.258302513449834" lon="9.295062369121267">
        <ele>427.3999938964844</ele>
        <time>2000-01-01T00:00:00Z</time>
      </trkpt>
      <trkpt lat="60.25848" lon="9.2948">
        <ele>427.3227844238281</ele>
        <time>2000-01-01T00:00:00Z</time>
      </trkpt>
      <trkpt lat="60.25867" lon="9.29436">
        <ele>427.22125244140625</ele>
        <time>2000-01-01T00:00:00Z</time>
      </trkpt>
      <trkpt lat="60.2589" lon="9.2936">
        <ele>427.0662841796875</ele>
        <time>2000-01-01T00:00:00Z</time>
      </trkpt>
      <trkpt lat="60.25900920365134" lon="9.293289189298358">
        <ele>427.0</ele>
        <time>2000-01-01T00:00:00Z</time>
      </trkpt>
      <trkpt lat="60.25903" lon="9.29323">
        <ele>426.9368896484375</ele>
        <time>2000-01-01T00:00:00Z</time>
      </trkpt>
      <trkpt lat="60.25912" lon="9.29303">
        <ele>426.7018737792969</ele>
        <time>2000-01-01T00:00:00Z</time>
      </trkpt>
      <trkpt lat="60.25927" lon="9.29274">
        <ele>426.3372802734375</ele>
        <time>2000-01-01T00:00:00Z</time>
      </trkpt>
      <trkpt lat="60.2598" lon="9.292">
        <ele>425.2062683105469</ele>
        <time>2000-01-01T00:00:00Z</time>
      </trkpt>
      <trkpt lat="60.2598962709971" lon="9.291863890111884">
        <ele>425.0</ele>
        <time>2000-01-01T00:00:00Z</time>
      </trkpt>
      <trkpt lat="60.26009" lon="9.29159">
        <ele>424.7716979980469</ele>
        <time>2000-01-01T00:00:00Z</time>
      </trkpt>
      <trkpt lat="60.26065" lon="9.2909">
        <ele>424.138427734375</ele>
        <time>2000-01-01T00:00:00Z</time>
      </trkpt>
      <trkpt lat="60.26081" lon="9.29061">
        <ele>423.93084716796875</ele>
        <time>2000-01-01T00:00:00Z</time>
      </trkpt>
      <trkpt lat="60.26083056259324" lon="9.29056064857286">
        <ele>423.8999938964844</ele>
        <time>2000-01-01T00:00:00Z</time>
      </trkpt>
      <trkpt lat="60.26091" lon="9.29037">
        <ele>424.1058349609375</ele>
        <time>2000-01-01T00:00:00Z</time>
      </trkpt>
      <trkpt lat="60.26098" lon="9.29006">
        <ele>424.38739013671875</ele>
        <time>2000-01-01T00:00:00Z</time>
      </trkpt>
      <trkpt lat="60.26104" lon="9.28958">
        <ele>424.796630859375</ele>
        <time>2000-01-01T00:00:00Z</time>
      </trkpt>
      <trkpt lat="60.26105" lon="9.28918">
        <ele>425.1277160644531</ele>
        <time>2000-01-01T00:00:00Z</time>
      </trkpt>
      <trkpt lat="60.26102" lon="9.28857">
        <ele>425.6344909667969</ele>
        <time>2000-01-01T00:00:00Z</time>
      </trkpt>
      <trkpt lat="60.26099398953692" lon="9.288376787582719">
        <ele>425.79998779296875</ele>
        <time>2000-01-01T00:00:00Z</time>
      </trkpt>
      <trkpt lat="60.26095" lon="9.28805">
        <ele>426.065185546875</ele>
        <time>2000-01-01T00:00:00Z</time>
      </trkpt>
      <trkpt lat="60.26053172334564" lon="9.28628099529536">
        <ele>427.6000061035156</ele>
        <time>2000-01-01T00:00:00Z</time>
      </trkpt>
      <trkpt lat="60.26004130272345" lon="9.284206239946165">
        <ele>428.70001220703125</ele>
        <time>2000-01-01T00:00:00Z</time>
      </trkpt>
      <trkpt lat="60.25995" lon="9.28382">
        <ele>428.1415100097656</ele>
        <time>2000-01-01T00:00:00Z</time>
      </trkpt>
      <trkpt lat="60.2599" lon="9.28355">
        <ele>427.76531982421875</ele>
        <time>2000-01-01T00:00:00Z</time>
      </trkpt>
      <trkpt lat="60.25988" lon="9.28329">
        <ele>427.421875</ele>
        <time>2000-01-01T00:00:00Z</time>
      </trkpt>
      <trkpt lat="60.25991" lon="9.28288">
        <ele>426.880859375</ele>
        <time>2000-01-01T00:00:00Z</time>
      </trkpt>
      <trkpt lat="60.25999" lon="9.28237">
        <ele>426.18267822265625</ele>
        <time>2000-01-01T00:00:00Z</time>
      </trkpt>
      <trkpt lat="60.26003" lon="9.28204">
        <ele>425.7392272949219</ele>
        <time>2000-01-01T00:00:00Z</time>
      </trkpt>
      <trkpt lat="60.260030269714385" lon="9.282009962677463">
        <ele>425.70001220703125</ele>
        <time>2000-01-01T00:00:00Z</time>
      </trkpt>
      <trkpt lat="60.26004" lon="9.28096">
        <ele>425.83709716796875</ele>
        <time>2000-01-01T00:00:00Z</time>
      </trkpt>
      <trkpt lat="60.26009507308697" lon="9.279716866813116">
        <ele>426.0</ele>
        <time>2000-01-01T00:00:00Z</time>
      </trkpt>
      <trkpt lat="60.26011" lon="9.27938">
        <ele>426.4267578125</ele>
        <time>2000-01-01T00:00:00Z</time>
      </trkpt>
      <trkpt lat="60.26015" lon="9.27892">
        <ele>427.01605224609375</ele>
        <time>2000-01-01T00:00:00Z</time>
      </trkpt>
      <trkpt lat="60.26032" lon="9.2778">
        <ele>428.49395751953125</ele>
        <time>2000-01-01T00:00:00Z</time>
      </trkpt>
      <trkpt lat="60.2604" lon="9.27753">
        <ele>428.89080810546875</ele>
        <time>2000-01-01T00:00:00Z</time>
      </trkpt>
      <trkpt lat="60.2605" lon="9.27731">
        <ele>428.9253234863281</ele>
        <time>2000-01-01T00:00:00Z</time>
      </trkpt>
      <trkpt lat="60.26078" lon="9.27695">
        <ele>428.98358154296875</ele>
        <time>2000-01-01T00:00:00Z</time>
      </trkpt>
      <trkpt lat="60.26093" lon="9.27669">
        <ele>429.018310546875</ele>
        <time>2000-01-01T00:00:00Z</time>
      </trkpt>
      <trkpt lat="60.26101" lon="9.27646">
        <ele>429.0427551269531</ele>
        <time>2000-01-01T00:00:00Z</time>
      </trkpt>
      <trkpt lat="60.26107" lon="9.27606">
        <ele>429.0791015625</ele>
        <time>2000-01-01T00:00:00Z</time>
      </trkpt>
      <trkpt lat="60.26105674330908" lon="9.275821383541663">
        <ele>429.1000061035156</ele>
        <time>2000-01-01T00:00:00Z</time>
      </trkpt>
      <trkpt lat="60.26105" lon="9.2757">
        <ele>429.0415344238281</ele>
        <time>2000-01-01T00:00:00Z</time>
      </trkpt>
      <trkpt lat="60.26097" lon="9.27521">
        <ele>428.7946472167969</ele>
        <time>2000-01-01T00:00:00Z</time>
      </trkpt>
      <trkpt lat="60.26093" lon="9.275">
        <ele>428.6869812011719</ele>
        <time>2000-01-01T00:00:00Z</time>
      </trkpt>
      <trkpt lat="60.26082" lon="9.27466">
        <ele>428.4927062988281</ele>
        <time>2000-01-01T00:00:00Z</time>
      </trkpt>
      <trkpt lat="60.26051" lon="9.27385">
        <ele>428.0030517578125</ele>
        <time>2000-01-01T00:00:00Z</time>
      </trkpt>
      <trkpt lat="60.26042" lon="9.2735">
        <ele>428.1856384277344</ele>
        <time>2000-01-01T00:00:00Z</time>
      </trkpt>
      <trkpt lat="60.26038" lon="9.27324">
        <ele>428.31591796875</ele>
        <time>2000-01-01T00:00:00Z</time>
      </trkpt>
      <trkpt lat="60.26036" lon="9.27286">
        <ele>428.49884033203125</ele>
        <time>2000-01-01T00:00:00Z</time>
      </trkpt>
      <trkpt lat="60.26038" lon="9.27254">
        <ele>428.6531982421875</ele>
        <time>2000-01-01T00:00:00Z</time>
      </trkpt>
      <trkpt lat="60.26043" lon="9.27234">
        <ele>428.7604064941406</ele>
        <time>2000-01-01T00:00:00Z</time>
      </trkpt>
      <trkpt lat="60.26054" lon="9.27207">
        <ele>428.9276123046875</ele>
        <time>2000-01-01T00:00:00Z</time>
      </trkpt>
      <trkpt lat="60.26064" lon="9.27193">
        <ele>429.04510498046875</ele>
        <time>2000-01-01T00:00:00Z</time>
      </trkpt>
      <trkpt lat="60.260689537512505" lon="9.271873517784588">
        <ele>429.1000061035156</ele>
        <time>2000-01-01T00:00:00Z</time>
      </trkpt>
      <trkpt lat="60.26114" lon="9.27136">
        <ele>430.23480224609375</ele>
        <time>2000-01-01T00:00:00Z</time>
      </trkpt>
      <trkpt lat="60.26144" lon="9.27096">
        <ele>431.0235290527344</ele>
        <time>2000-01-01T00:00:00Z</time>
      </trkpt>
      <trkpt lat="60.2616" lon="9.27081">
        <ele>431.4104309082031</ele>
        <time>2000-01-01T00:00:00Z</time>
      </trkpt>
      <trkpt lat="60.26168344295809" lon="9.270764485645271">
        <ele>431.6000061035156</ele>
        <time>2000-01-01T00:00:00Z</time>
      </trkpt>
      <trkpt lat="60.26171" lon="9.27075">
        <ele>431.6241455078125</ele>
        <time>2000-01-01T00:00:00Z</time>
      </trkpt>
      <trkpt lat="60.26184" lon="9.27071">
        <ele>431.739501953125</ele>
        <time>2000-01-01T00:00:00Z</time>
      </trkpt>
      <trkpt lat="60.26235" lon="9.27079">
        <ele>432.18817138671875</ele>
        <time>2000-01-01T00:00:00Z</time>
      </trkpt>
      <trkpt lat="60.26254" lon="9.27074">
        <ele>432.3562316894531</ele>
        <time>2000-01-01T00:00:00Z</time>
      </trkpt>
      <trkpt lat="60.26267" lon="9.27066">
        <ele>432.4754638671875</ele>
        <time>2000-01-01T00:00:00Z</time>
      </trkpt>
      <trkpt lat="60.26278" lon="9.27055">
        <ele>432.5831604003906</ele>
        <time>2000-01-01T00:00:00Z</time>
      </trkpt>
      <trkpt lat="60.26279589958889" lon="9.270528318190484">
        <ele>432.6000061035156</ele>
        <time>2000-01-01T00:00:00Z</time>
      </trkpt>
      <trkpt lat="60.26289" lon="9.2704">
        <ele>432.6398620605469</ele>
        <time>2000-01-01T00:00:00Z</time>
      </trkpt>
      <trkpt lat="60.26316" lon="9.26995">
        <ele>432.7627868652344</ele>
        <time>2000-01-01T00:00:00Z</time>
      </trkpt>
      <trkpt lat="60.26326" lon="9.26981">
        <ele>432.80548095703125</ele>
        <time>2000-01-01T00:00:00Z</time>
      </trkpt>
      <trkpt lat="60.26339" lon="9.26966">
        <ele>432.8580322265625</ele>
        <time>2000-01-01T00:00:00Z</time>
      </trkpt>
      <trkpt lat="60.26368" lon="9.26945">
        <ele>432.9661560058594</ele>
        <time>2000-01-01T00:00:00Z</time>
      </trkpt>
      <trkpt lat="60.26377225485432" lon="9.269393104153302">
        <ele>433.0</ele>
        <time>2000-01-01T00:00:00Z</time>
      </trkpt>
      <trkpt lat="60.26428" lon="9.26908">
        <ele>434.2109069824219</ele>
        <time>2000-01-01T00:00:00Z</time>
      </trkpt>
      <trkpt lat="60.26485831536406" lon="9.26869445506178">
        <ele>435.6000061035156</ele>
        <time>2000-01-01T00:00:00Z</time>
      </trkpt>
      <trkpt lat="60.26509" lon="9.26854">
        <ele>436.04949951171875</ele>
        <time>2000-01-01T00:00:00Z</time>
      </trkpt>
      <trkpt lat="60.26534" lon="9.26836">
        <ele>436.5384521484375</ele>
        <time>2000-01-01T00:00:00Z</time>
      </trkpt>
      <trkpt lat="60.26562" lon="9.2681">
        <ele>437.1062927246094</ele>
        <time>2000-01-01T00:00:00Z</time>
      </trkpt>
      <trkpt lat="60.265893703820254" lon="9.267756776630067">
        <ele>437.70001220703125</ele>
        <time>2000-01-01T00:00:00Z</time>
      </trkpt>
      <trkpt lat="60.26625" lon="9.26731">
        <ele>438.2888488769531</ele>
        <time>2000-01-01T00:00:00Z</time>
      </trkpt>
      <trkpt lat="60.26655" lon="9.26697">
        <ele>438.7718200683594</ele>
        <time>2000-01-01T00:00:00Z</time>
      </trkpt>
      <trkpt lat="60.26665" lon="9.26688">
        <ele>438.9255065917969</ele>
        <time>2000-01-01T00:00:00Z</time>
      </trkpt>
      <trkpt lat="60.26685" lon="9.26675">
        <ele>439.22039794921875</ele>
        <time>2000-01-01T00:00:00Z</time>
      </trkpt>
      <trkpt lat="60.26690485137053" lon="9.266721013813456">
        <ele>439.29998779296875</ele>
        <time>2000-01-01T00:00:00Z</time>
      </trkpt>
      <trkpt lat="60.268007735735296" lon="9.266138715325905">
        <ele>441.3999938964844</ele>
        <time>2000-01-01T00:00:00Z</time>
      </trkpt>
      <trkpt lat="60.2681" lon="9.26609">
        <ele>441.58404541015625</ele>
        <time>2000-01-01T00:00:00Z</time>
      </trkpt>
      <trkpt lat="60.26898" lon="9.2656">
        <ele>443.3457336425781</ele>
        <time>2000-01-01T00:00:00Z</time>
      </trkpt>
      <trkpt lat="60.26910867619296" lon="9.265542810290455">
        <ele>443.6000061035156</ele>
        <time>2000-01-01T00:00:00Z</time>
      </trkpt>
      <trkpt lat="60.26925" lon="9.26548">
        <ele>444.3616027832031</ele>
        <time>2000-01-01T00:00:00Z</time>
      </trkpt>
      <trkpt lat="60.26966" lon="9.26534">
        <ele>446.5500793457031</ele>
        <time>2000-01-01T00:00:00Z</time>
      </trkpt>
      <trkpt lat="60.27023414214238" lon="9.265181116337153">
        <ele>449.6000061035156</ele>
        <time>2000-01-01T00:00:00Z</time>
      </trkpt>
      <trkpt lat="60.27136363622203" lon="9.264868604368868">
        <ele>457.3999938964844</ele>
        <time>2000-01-01T00:00:00Z</time>
      </trkpt>
      <trkpt lat="60.27172" lon="9.26477">
        <ele>461.406982421875</ele>
        <time>2000-01-01T00:00:00Z</time>
      </trkpt>
      <trkpt lat="60.27196" lon="9.26473">
        <ele>464.08966064453125</ele>
        <time>2000-01-01T00:00:00Z</time>
      </trkpt>
      <trkpt lat="60.27216" lon="9.26476">
        <ele>466.3236999511719</ele>
        <time>2000-01-01T00:00:00Z</time>
      </trkpt>
      <trkpt lat="60.27242" lon="9.26489">
        <ele>469.3077392578125</ele>
        <time>2000-01-01T00:00:00Z</time>
      </trkpt>
      <trkpt lat="60.272487443780356" lon="9.264935527114961">
        <ele>470.1000061035156</ele>
        <time>2000-01-01T00:00:00Z</time>
      </trkpt>
      <trkpt lat="60.27282" lon="9.26516">
        <ele>471.91485595703125</ele>
        <time>2000-01-01T00:00:00Z</time>
      </trkpt>
      <trkpt lat="60.27296" lon="9.26521">
        <ele>472.650634765625</ele>
        <time>2000-01-01T00:00:00Z</time>
      </trkpt>
      <trkpt lat="60.27301" lon="9.26522">
        <ele>472.91064453125</ele>
        <time>2000-01-01T00:00:00Z</time>
      </trkpt>
      <trkpt lat="60.27312" lon="9.26521">
        <ele>473.4804992675781</ele>
        <time>2000-01-01T00:00:00Z</time>
      </trkpt>
      <trkpt lat="60.27329" lon="9.26514">
        <ele>474.37841796875</ele>
        <time>2000-01-01T00:00:00Z</time>
      </trkpt>
      <trkpt lat="60.27353" lon="9.26496">
        <ele>475.70355224609375</ele>
        <time>2000-01-01T00:00:00Z</time>
      </trkpt>
      <trkpt lat="60.27358241771398" lon="9.264913404910187">
        <ele>476.0</ele>
        <time>2000-01-01T00:00:00Z</time>
      </trkpt>
      <trkpt lat="60.2738" lon="9.26472">
        <ele>478.4402770996094</ele>
        <time>2000-01-01T00:00:00Z</time>
      </trkpt>
      <trkpt lat="60.27414" lon="9.26437">
        <ele>482.3577880859375</ele>
        <time>2000-01-01T00:00:00Z</time>
      </trkpt>
      <trkpt lat="60.27428" lon="9.26411">
        <ele>484.310791015625</ele>
        <time>2000-01-01T00:00:00Z</time>
      </trkpt>
      <trkpt lat="60.27446090982018" lon="9.263552794884022">
        <ele>487.70001220703125</ele>
        <time>2000-01-01T00:00:00Z</time>
      </trkpt>
      <trkpt lat="60.27453" lon="9.26334">
        <ele>488.6956481933594</ele>
        <time>2000-01-01T00:00:00Z</time>
      </trkpt>
      <trkpt lat="60.27464" lon="9.26309">
        <ele>490.00390625</ele>
        <time>2000-01-01T00:00:00Z</time>
      </trkpt>
      <trkpt lat="60.2747" lon="9.26297">
        <ele>490.67095947265625</ele>
        <time>2000-01-01T00:00:00Z</time>
      </trkpt>
      <trkpt lat="60.27479" lon="9.26287">
        <ele>491.482177734375</ele>
        <time>2000-01-01T00:00:00Z</time>
      </trkpt>
      <trkpt lat="60.27492" lon="9.26278">
        <ele>492.5672607421875</ele>
        <time>2000-01-01T00:00:00Z</time>
      </trkpt>
      <trkpt lat="60.27508" lon="9.26269">
        <ele>493.87847900390625</ele>
        <time>2000-01-01T00:00:00Z</time>
      </trkpt>
      <trkpt lat="60.2753" lon="9.26263">
        <ele>495.6310119628906</ele>
        <time>2000-01-01T00:00:00Z</time>
      </trkpt>
      <trkpt lat="60.275435349694874" lon="9.262621540642906">
        <ele>496.70001220703125</ele>
        <time>2000-01-01T00:00:00Z</time>
      </trkpt>
      <trkpt lat="60.27546" lon="9.26262">
        <ele>496.8038635253906</ele>
        <time>2000-01-01T00:00:00Z</time>
      </trkpt>
      <trkpt lat="60.27629" lon="9.2627">
        <ele>500.30230712890625</ele>
        <time>2000-01-01T00:00:00Z</time>
      </trkpt>
      <trkpt lat="60.27657431168254" lon="9.26271895416823">
        <ele>501.5</ele>
        <time>2000-01-01T00:00:00Z</time>
      </trkpt>
      <trkpt lat="60.27674" lon="9.26273">
        <ele>501.68902587890625</ele>
        <time>2000-01-01T00:00:00Z</time>
      </trkpt>
      <trkpt lat="60.277714243077" lon="9.262712756746568">
        <ele>502.79998779296875</ele>
        <time>2000-01-01T00:00:00Z</time>
      </trkpt>
      <trkpt lat="60.27787" lon="9.26271">
        <ele>503.34649658203125</ele>
        <time>2000-01-01T00:00:00Z</time>
      </trkpt>
      <trkpt lat="60.27809" lon="9.26276">
        <ele>504.1232604980469</ele>
        <time>2000-01-01T00:00:00Z</time>
      </trkpt>
      <trkpt lat="60.27868" lon="9.26304">
        <ele>506.2498474121094</ele>
        <time>2000-01-01T00:00:00Z</time>
      </trkpt>
      <trkpt lat="60.27884" lon="9.26309">
        <ele>506.8245849609375</ele>
        <time>2000-01-01T00:00:00Z</time>
      </trkpt>
      <trkpt lat="60.27899" lon="9.2631">
        <ele>507.54864501953125</ele>
        <time>2000-01-01T00:00:00Z</time>
      </trkpt>
      <trkpt lat="60.27937" lon="9.26308">
        <ele>509.3824157714844</ele>
        <time>2000-01-01T00:00:00Z</time>
      </trkpt>
      <trkpt lat="60.27988" lon="9.26301">
        <ele>511.8484802246094</ele>
        <time>2000-01-01T00:00:00Z</time>
      </trkpt>
      <trkpt lat="60.27997347911289" lon="9.263000952811934">
        <ele>512.2999877929688</ele>
        <time>2000-01-01T00:00:00Z</time>
      </trkpt>
      <trkpt lat="60.2805" lon="9.26295">
        <ele>516.2301025390625</ele>
        <time>2000-01-01T00:00:00Z</time>
      </trkpt>
      <trkpt lat="60.28109" lon="9.26296">
        <ele>520.6289672851562</ele>
        <time>2000-01-01T00:00:00Z</time>
      </trkpt>
      <trkpt lat="60.2811129058063" lon="9.26296208311988">
        <ele>520.7999877929688</ele>
        <time>2000-01-01T00:00:00Z</time>
      </trkpt>
      <trkpt lat="60.28164" lon="9.26301">
        <ele>523.5767822265625</ele>
        <time>2000-01-01T00:00:00Z</time>
      </trkpt>
      <trkpt lat="60.28175" lon="9.26299">
        <ele>524.1580200195312</ele>
        <time>2000-01-01T00:00:00Z</time>
      </trkpt>
      <trkpt lat="60.28184" lon="9.26295">
        <ele>524.64306640625</ele>
        <time>2000-01-01T00:00:00Z</time>
      </trkpt>
      <trkpt lat="60.28195" lon="9.26288">
        <ele>525.2501220703125</ele>
        <time>2000-01-01T00:00:00Z</time>
      </trkpt>
      <trkpt lat="60.28208" lon="9.26277">
        <ele>525.9920043945312</ele>
        <time>2000-01-01T00:00:00Z</time>
      </trkpt>
      <trkpt lat="60.28220858754813" lon="9.262600801956056">
        <ele>526.7999877929688</ele>
        <time>2000-01-01T00:00:00Z</time>
      </trkpt>
      <trkpt lat="60.28246" lon="9.26227">
        <ele>528.774658203125</ele>
        <time>2000-01-01T00:00:00Z</time>
      </trkpt>
      <trkpt lat="60.28303" lon="9.26145">
        <ele>533.3801879882812</ele>
        <time>2000-01-01T00:00:00Z</time>
      </trkpt>
      <trkpt lat="60.283136759103165" lon="9.261267881046189">
        <ele>534.2999877929688</ele>
        <time>2000-01-01T00:00:00Z</time>
      </trkpt>
      <trkpt lat="60.2832" lon="9.26116">
        <ele>534.9901123046875</ele>
        <time>2000-01-01T00:00:00Z</time>
      </trkpt>
      <trkpt lat="60.28326" lon="9.26098">
        <ele>535.8860473632812</ele>
        <time>2000-01-01T00:00:00Z</time>
      </trkpt>
      <trkpt lat="60.28331" lon="9.26078">
        <ele>536.8114013671875</ele>
        <time>2000-01-01T00:00:00Z</time>
      </trkpt>
      <trkpt lat="60.28334" lon="9.26046">
        <ele>538.1565551757812</ele>
        <time>2000-01-01T00:00:00Z</time>
      </trkpt>
      <trkpt lat="60.28328" lon="9.25919">
        <ele>543.42626953125</ele>
        <time>2000-01-01T00:00:00Z</time>
      </trkpt>
      <trkpt lat="60.28327999980628" lon="9.259099530286575">
        <ele>543.7999877929688</ele>
        <time>2000-01-01T00:00:00Z</time>
      </trkpt>
      <trkpt lat="60.28328" lon="9.25896">
        <ele>544.109375</ele>
        <time>2000-01-01T00:00:00Z</time>
      </trkpt>
      <trkpt lat="60.28336" lon="9.25845">
        <ele>545.2955932617188</ele>
        <time>2000-01-01T00:00:00Z</time>
      </trkpt>
      <trkpt lat="60.28349" lon="9.25805">
        <ele>546.3562622070312</ele>
        <time>2000-01-01T00:00:00Z</time>
      </trkpt>
      <trkpt lat="60.28358" lon="9.25789">
        <ele>546.8928833007812</ele>
        <time>2000-01-01T00:00:00Z</time>
      </trkpt>
      <trkpt lat="60.28367" lon="9.25774">
        <ele>547.4151611328125</ele>
        <time>2000-01-01T00:00:00Z</time>
      </trkpt>
      <trkpt lat="60.28394814816654" lon="9.257374556422015">
        <ele>548.9000244140625</ele>
        <time>2000-01-01T00:00:00Z</time>
      </trkpt>
      <trkpt lat="60.28469" lon="9.2564">
        <ele>553.5591430664062</ele>
        <time>2000-01-01T00:00:00Z</time>
      </trkpt>
      <trkpt lat="60.28490114501791" lon="9.256112338295006">
        <ele>554.9000244140625</ele>
        <time>2000-01-01T00:00:00Z</time>
      </trkpt>
      <trkpt lat="60.28538" lon="9.25546">
        <ele>556.9273071289062</ele>
        <time>2000-01-01T00:00:00Z</time>
      </trkpt>
      <trkpt lat="60.28556" lon="9.25521">
        <ele>557.6939697265625</ele>
        <time>2000-01-01T00:00:00Z</time>
      </trkpt>
      <trkpt lat="60.28572" lon="9.25492">
        <ele>558.4486694335938</ele>
        <time>2000-01-01T00:00:00Z</time>
      </trkpt>
      <trkpt lat="60.28580734208298" lon="9.254729435303775">
        <ele>558.9000244140625</ele>
        <time>2000-01-01T00:00:00Z</time>
      </trkpt>
      <trkpt lat="60.28583" lon="9.25468">
        <ele>559.2191772460938</ele>
        <time>2000-01-01T00:00:00Z</time>
      </trkpt>
      <trkpt lat="60.28592" lon="9.25444">
        <ele>560.645263671875</ele>
        <time>2000-01-01T00:00:00Z</time>
      </trkpt>
      <trkpt lat="60.28603" lon="9.25407">
        <ele>562.6900024414062</ele>
        <time>2000-01-01T00:00:00Z</time>
      </trkpt>
      <trkpt lat="60.28625" lon="9.25308">
        <ele>567.8314208984375</ele>
        <time>2000-01-01T00:00:00Z</time>
      </trkpt>
      <trkpt lat="60.28632" lon="9.25288">
        <ele>568.9916381835938</ele>
        <time>2000-01-01T00:00:00Z</time>
      </trkpt>
      <trkpt lat="60.286381930320545" lon="9.252763880586405">
        <ele>569.7999877929688</ele>
        <time>2000-01-01T00:00:00Z</time>
      </trkpt>
      <trkpt lat="60.2864" lon="9.25273">
        <ele>569.9384765625</ele>
        <time>2000-01-01T00:00:00Z</time>
      </trkpt>
      <trkpt lat="60.28654" lon="9.25257">
        <ele>570.8416748046875</ele>
        <time>2000-01-01T00:00:00Z</time>
      </trkpt>
      <trkpt lat="60.28669" lon="9.25247">
        <ele>571.728515625</ele>
        <time>2000-01-01T00:00:00Z</time>
      </trkpt>
      <trkpt lat="60.28746257067126" lon="9.25207882496501">
        <ele>576.2000122070312</ele>
        <time>2000-01-01T00:00:00Z</time>
      </trkpt>
      <trkpt lat="60.28748" lon="9.25207">
        <ele>576.3892211914062</ele>
        <time>2000-01-01T00:00:00Z</time>
      </trkpt>
      <trkpt lat="60.28772" lon="9.25189">
        <ele>579.0842895507812</ele>
        <time>2000-01-01T00:00:00Z</time>
      </trkpt>
      <trkpt lat="60.2879" lon="9.25172">
        <ele>581.176025390625</ele>
        <time>2000-01-01T00:00:00Z</time>
      </trkpt>
      <trkpt lat="60.288483591666356" lon="9.251067061265971">
        <ele>588.2000122070312</ele>
        <time>2000-01-01T00:00:00Z</time>
      </trkpt>
      <trkpt lat="60.28891" lon="9.25059">
        <ele>592.1346435546875</ele>
        <time>2000-01-01T00:00:00Z</time>
      </trkpt>
      <trkpt lat="60.28905" lon="9.25042">
        <ele>593.4531860351562</ele>
        <time>2000-01-01T00:00:00Z</time>
      </trkpt>
      <trkpt lat="60.2892" lon="9.25015">
        <ele>595.0752563476562</ele>
        <time>2000-01-01T00:00:00Z</time>
      </trkpt>
      <trkpt lat="60.28933" lon="9.24978">
        <ele>596.8892211914062</ele>
        <time>2000-01-01T00:00:00Z</time>
      </trkpt>
      <trkpt lat="60.2893563845253" lon="9.24966390326965">
        <ele>597.4000244140625</ele>
        <time>2000-01-01T00:00:00Z</time>
      </trkpt>
      <trkpt lat="60.28943" lon="9.24934">
        <ele>598.6083374023438</ele>
        <time>2000-01-01T00:00:00Z</time>
      </trkpt>
      <trkpt lat="60.28971" lon="9.24795">
        <ele>603.6959838867188</ele>
        <time>2000-01-01T00:00:00Z</time>
      </trkpt>
      <trkpt lat="60.28980206177997" lon="9.24754720873153">
        <ele>605.2000122070312</ele>
        <time>2000-01-01T00:00:00Z</time>
      </trkpt>
      <trkpt lat="60.28995" lon="9.2469">
        <ele>607.2139892578125</ele>
        <time>2000-01-01T00:00:00Z</time>
      </trkpt>
      <trkpt lat="60.29003" lon="9.24624">
        <ele>609.1339111328125</ele>
        <time>2000-01-01T00:00:00Z</time>
      </trkpt>
      <trkpt lat="60.29007" lon="9.24545">
        <ele>611.3778686523438</ele>
        <time>2000-01-01T00:00:00Z</time>
      </trkpt>
      <trkpt lat="60.29008946277956" lon="9.24534295386443">
        <ele>611.7000122070312</ele>
        <time>2000-01-01T00:00:00Z</time>
      </trkpt>
      <trkpt lat="60.29011" lon="9.24523">
        <ele>612.338134765625</ele>
        <time>2000-01-01T00:00:00Z</time>
      </trkpt>
      <trkpt lat="60.29018" lon="9.24502">
        <ele>613.6802978515625</ele>
        <time>2000-01-01T00:00:00Z</time>
      </trkpt>
      <trkpt lat="60.29022" lon="9.24494">
        <ele>614.282958984375</ele>
        <time>2000-01-01T00:00:00Z</time>
      </trkpt>
      <trkpt lat="60.29027" lon="9.24487">
        <ele>614.934326171875</ele>
        <time>2000-01-01T00:00:00Z</time>
      </trkpt>
      <trkpt lat="60.29037" lon="9.24478">
        <ele>616.10595703125</ele>
        <time>2000-01-01T00:00:00Z</time>
      </trkpt>
      <trkpt lat="60.29107110500479" lon="9.244381841327389">
        <ele>623.9000244140625</ele>
        <time>2000-01-01T00:00:00Z</time>
      </trkpt>
      <trkpt lat="60.29118" lon="9.24432">
        <ele>624.5648193359375</ele>
        <time>2000-01-01T00:00:00Z</time>
      </trkpt>
      <trkpt lat="60.29128" lon="9.24426">
        <ele>625.1779174804688</ele>
        <time>2000-01-01T00:00:00Z</time>
      </trkpt>
      <trkpt lat="60.29201" lon="9.24364">
        <ele>629.83251953125</ele>
        <time>2000-01-01T00:00:00Z</time>
      </trkpt>
      <trkpt lat="60.292125139200316" lon="9.243515648817233">
        <ele>630.5999755859375</ele>
        <time>2000-01-01T00:00:00Z</time>
      </trkpt>
      <trkpt lat="60.29226" lon="9.24337">
        <ele>631.1769409179688</ele>
        <time>2000-01-01T00:00:00Z</time>
      </trkpt>
      <trkpt lat="60.29264" lon="9.24287">
        <ele>632.887939453125</ele>
        <time>2000-01-01T00:00:00Z</time>
      </trkpt>
      <trkpt lat="60.29304" lon="9.24227">
        <ele>634.7677612304688</ele>
        <time>2000-01-01T00:00:00Z</time>
      </trkpt>
      <trkpt lat="60.29306489780034" lon="9.242220202407594">
        <ele>634.9000244140625</ele>
        <time>2000-01-01T00:00:00Z</time>
      </trkpt>
      <trkpt lat="60.29319" lon="9.24197">
        <ele>635.0390625</ele>
        <time>2000-01-01T00:00:00Z</time>
      </trkpt>
      <trkpt lat="60.29383836467512" lon="9.240530602492589">
        <ele>635.7999877929688</ele>
        <time>2000-01-01T00:00:00Z</time>
      </trkpt>
      <trkpt lat="60.29419" lon="9.23975">
        <ele>637.1297607421875</ele>
        <time>2000-01-01T00:00:00Z</time>
      </trkpt>
      <trkpt lat="60.29456" lon="9.23888">
        <ele>638.5748901367188</ele>
        <time>2000-01-01T00:00:00Z</time>
      </trkpt>
      <trkpt lat="60.29459860935767" lon="9.238818506654162">
        <ele>638.7000122070312</ele>
        <time>2000-01-01T00:00:00Z</time>
      </trkpt>
      <trkpt lat="60.29483" lon="9.23845">
        <ele>640.7166748046875</ele>
        <time>2000-01-01T00:00:00Z</time>
      </trkpt>
      <trkpt lat="60.29507" lon="9.23814">
        <ele>642.6661987304688</ele>
        <time>2000-01-01T00:00:00Z</time>
      </trkpt>
      <trkpt lat="60.29522" lon="9.23798">
        <ele>643.8269653320312</ele>
        <time>2000-01-01T00:00:00Z</time>
      </trkpt>
      <trkpt lat="60.29542" lon="9.23783">
        <ele>645.2868041992188</ele>
        <time>2000-01-01T00:00:00Z</time>
      </trkpt>
      <trkpt lat="60.29559" lon="9.23779">
        <ele>646.4578247070312</ele>
        <time>2000-01-01T00:00:00Z</time>
      </trkpt>
      <trkpt lat="60.29591" lon="9.23782">
        <ele>647.7400512695312</ele>
        <time>2000-01-01T00:00:00Z</time>
      </trkpt>
      <trkpt lat="60.29601" lon="9.23781">
        <ele>648.1353149414062</ele>
        <time>2000-01-01T00:00:00Z</time>
      </trkpt>
      <trkpt lat="60.29609" lon="9.23775">
        <ele>648.47216796875</ele>
        <time>2000-01-01T00:00:00Z</time>
      </trkpt>
      <trkpt lat="60.29618" lon="9.23762">
        <ele>648.9089965820312</ele>
        <time>2000-01-01T00:00:00Z</time>
      </trkpt>
      <trkpt lat="60.29622" lon="9.23743">
        <ele>649.3128051757812</ele>
        <time>2000-01-01T00:00:00Z</time>
      </trkpt>
      <trkpt lat="60.29618" lon="9.23713">
        <ele>649.92041015625</ele>
        <time>2000-01-01T00:00:00Z</time>
      </trkpt>
      <trkpt lat="60.29613" lon="9.23696">
        <ele>650.30712890625</ele>
        <time>2000-01-01T00:00:00Z</time>
      </trkpt>
      <trkpt lat="60.29600701573917" lon="9.23670719966471">
        <ele>651.0</ele>
        <time>2000-01-01T00:00:00Z</time>
      </trkpt>
      <trkpt lat="60.29595" lon="9.23659">
        <ele>651.6853637695312</ele>
        <time>2000-01-01T00:00:00Z</time>
      </trkpt>
      <trkpt lat="60.29591" lon="9.23641">
        <ele>652.5084838867188</ele>
        <time>2000-01-01T00:00:00Z</time>
      </trkpt>
      <trkpt lat="60.29589" lon="9.23614">
        <ele>653.6475830078125</ele>
        <time>2000-01-01T00:00:00Z</time>
      </trkpt>
      <trkpt lat="60.29591" lon="9.23592">
        <ele>654.580810546875</ele>
        <time>2000-01-01T00:00:00Z</time>
      </trkpt>
      <trkpt lat="60.29594" lon="9.2358">
        <ele>655.1416015625</ele>
        <time>2000-01-01T00:00:00Z</time>
      </trkpt>
      <trkpt lat="60.29604" lon="9.23555">
        <ele>656.4821166992188</ele>
        <time>2000-01-01T00:00:00Z</time>
      </trkpt>
      <trkpt lat="60.29641334003442" lon="9.234912589808875">
        <ele>660.5999755859375</ele>
        <time>2000-01-01T00:00:00Z</time>
      </trkpt>
      <trkpt lat="60.29645" lon="9.23485">
        <ele>660.67578125</ele>
        <time>2000-01-01T00:00:00Z</time>
      </trkpt>
      <trkpt lat="60.29666" lon="9.23443">
        <ele>661.142578125</ele>
        <time>2000-01-01T00:00:00Z</time>
      </trkpt>
      <trkpt lat="60.29716689312946" lon="9.233190334419266">
        <ele>662.4000244140625</ele>
        <time>2000-01-01T00:00:00Z</time>
      </trkpt>
      <trkpt lat="60.29776" lon="9.23174">
        <ele>667.2220458984375</ele>
        <time>2000-01-01T00:00:00Z</time>
      </trkpt>
      <trkpt lat="60.29788483665736" lon="9.231403480287957">
        <ele>668.2999877929688</ele>
        <time>2000-01-01T00:00:00Z</time>
      </trkpt>
      <trkpt lat="60.29799" lon="9.23112">
        <ele>668.5462646484375</ele>
        <time>2000-01-01T00:00:00Z</time>
      </trkpt>
      <trkpt lat="60.29808" lon="9.23077">
        <ele>668.8204956054688</ele>
        <time>2000-01-01T00:00:00Z</time>
      </trkpt>
      <trkpt lat="60.29815" lon="9.23047">
        <ele>669.051025390625</ele>
        <time>2000-01-01T00:00:00Z</time>
      </trkpt>
      <trkpt lat="60.298378813892356" lon="9.229339840484359">
        <ele>669.9000244140625</ele>
        <time>2000-01-01T00:00:00Z</time>
      </trkpt>
      <trkpt lat="60.29864" lon="9.22805">
        <ele>673.9573974609375</ele>
        <time>2000-01-01T00:00:00Z</time>
      </trkpt>
      <trkpt lat="60.29872" lon="9.22776">
        <ele>674.923828125</ele>
        <time>2000-01-01T00:00:00Z</time>
      </trkpt>
      <trkpt lat="60.29882" lon="9.22746">
        <ele>675.9766845703125</ele>
        <time>2000-01-01T00:00:00Z</time>
      </trkpt>
      <trkpt lat="60.29889282877131" lon="9.22730437471897">
        <ele>676.5999755859375</ele>
        <time>2000-01-01T00:00:00Z</time>
      </trkpt>
      <trkpt lat="60.29967616426234" lon="9.225632531095856">
        <ele>680.2000122070312</ele>
        <time>2000-01-01T00:00:00Z</time>
      </trkpt>
      <trkpt lat="60.30001" lon="9.22492">
        <ele>682.7144775390625</ele>
        <time>2000-01-01T00:00:00Z</time>
      </trkpt>
      <trkpt lat="60.30022" lon="9.22454">
        <ele>684.1740112304688</ele>
        <time>2000-01-01T00:00:00Z</time>
      </trkpt>
      <trkpt lat="60.30052704696395" lon="9.224115552558438">
        <ele>686.0999755859375</ele>
        <time>2000-01-01T00:00:00Z</time>
      </trkpt>
      <trkpt lat="60.30056" lon="9.22407">
        <ele>686.2716674804688</ele>
        <time>2000-01-01T00:00:00Z</time>
      </trkpt>
      <trkpt lat="60.30059" lon="9.22402">
        <ele>686.4388427734375</ele>
        <time>2000-01-01T00:00:00Z</time>
      </trkpt>
      <trkpt lat="60.301500518837095" lon="9.22291978378315">
        <ele>691.0</ele>
        <time>2000-01-01T00:00:00Z</time>
      </trkpt>
      <trkpt lat="60.30179" lon="9.22257">
        <ele>692.9827880859375</ele>
        <time>2000-01-01T00:00:00Z</time>
      </trkpt>
      <trkpt lat="60.302522469995665" lon="9.221907288448005">
        <ele>697.7000122070312</ele>
        <time>2000-01-01T00:00:00Z</time>
      </trkpt>
      <trkpt lat="60.30263" lon="9.22181">
        <ele>698.247802734375</ele>
        <time>2000-01-01T00:00:00Z</time>
      </trkpt>
      <trkpt lat="60.30307" lon="9.22138">
        <ele>700.5203857421875</ele>
        <time>2000-01-01T00:00:00Z</time>
      </trkpt>
      <trkpt lat="60.30354097921287" lon="9.22087466331707">
        <ele>703.0</ele>
        <time>2000-01-01T00:00:00Z</time>
      </trkpt>
      <trkpt lat="60.304547709918054" lon="9.219794642074417">
        <ele>705.5</ele>
        <time>2000-01-01T00:00:00Z</time>
      </trkpt>
      <trkpt lat="60.30458" lon="9.21976">
        <ele>705.5673217773438</ele>
        <time>2000-01-01T00:00:00Z</time>
      </trkpt>
      <trkpt lat="60.3051" lon="9.21924">
        <ele>706.6362915039062</ele>
        <time>2000-01-01T00:00:00Z</time>
      </trkpt>
      <trkpt lat="60.30537" lon="9.219">
        <ele>707.1796875</ele>
        <time>2000-01-01T00:00:00Z</time>
      </trkpt>
      <trkpt lat="60.305582801950095" lon="9.218833743296468">
        <ele>707.5999755859375</ele>
        <time>2000-01-01T00:00:00Z</time>
      </trkpt>
      <trkpt lat="60.30601" lon="9.2185">
        <ele>707.9214477539062</ele>
        <time>2000-01-01T00:00:00Z</time>
      </trkpt>
      <trkpt lat="60.306631721885054" lon="9.217934072550172">
        <ele>708.4000244140625</ele>
        <time>2000-01-01T00:00:00Z</time>
      </trkpt>
      <trkpt lat="60.30679" lon="9.21779">
        <ele>708.1106567382812</ele>
        <time>2000-01-01T00:00:00Z</time>
      </trkpt>
      <trkpt lat="60.30708" lon="9.21756">
        <ele>707.5913696289062</ele>
        <time>2000-01-01T00:00:00Z</time>
      </trkpt>
      <trkpt lat="60.3076" lon="9.21725">
        <ele>706.6878051757812</ele>
        <time>2000-01-01T00:00:00Z</time>
      </trkpt>
      <trkpt lat="60.307707570450255" lon="9.217182302207831">
        <ele>706.5</ele>
        <time>2000-01-01T00:00:00Z</time>
      </trkpt>
      <trkpt lat="60.30849" lon="9.21669">
        <ele>707.5783081054688</ele>
        <time>2000-01-01T00:00:00Z</time>
      </trkpt>
      <trkpt lat="60.30876" lon="9.21655">
        <ele>707.945068359375</ele>
        <time>2000-01-01T00:00:00Z</time>
      </trkpt>
      <trkpt lat="60.30880097096394" lon="9.216533825805971">
        <ele>708.0</ele>
        <time>2000-01-01T00:00:00Z</time>
      </trkpt>
      <trkpt lat="60.30914" lon="9.2164">
        <ele>710.3331298828125</ele>
        <time>2000-01-01T00:00:00Z</time>
      </trkpt>
      <trkpt lat="60.30929" lon="9.21632">
        <ele>711.3809814453125</ele>
        <time>2000-01-01T00:00:00Z</time>
      </trkpt>
      <trkpt lat="60.30957" lon="9.21612">
        <ele>713.386962890625</ele>
        <time>2000-01-01T00:00:00Z</time>
      </trkpt>
      <trkpt lat="60.309885476444315" lon="9.215850917113924">
        <ele>715.7000122070312</ele>
        <time>2000-01-01T00:00:00Z</time>
      </trkpt>
      <trkpt lat="60.30991" lon="9.21583">
        <ele>715.7420654296875</ele>
        <time>2000-01-01T00:00:00Z</time>
      </trkpt>
      <trkpt lat="60.3101" lon="9.21561">
        <ele>716.0878295898438</ele>
        <time>2000-01-01T00:00:00Z</time>
      </trkpt>
      <trkpt lat="60.3104" lon="9.21522">
        <ele>716.6511840820312</ele>
        <time>2000-01-01T00:00:00Z</time>
      </trkpt>
      <trkpt lat="60.31052" lon="9.21504">
        <ele>716.88720703125</ele>
        <time>2000-01-01T00:00:00Z</time>
      </trkpt>
      <trkpt lat="60.31078" lon="9.21456">
        <ele>717.4434814453125</ele>
        <time>2000-01-01T00:00:00Z</time>
      </trkpt>
      <trkpt lat="60.3108094280232" lon="9.214518799808328">
        <ele>717.5</ele>
        <time>2000-01-01T00:00:00Z</time>
      </trkpt>
      <trkpt lat="60.31093" lon="9.21435">
        <ele>717.8088989257812</ele>
        <time>2000-01-01T00:00:00Z</time>
      </trkpt>
      <trkpt lat="60.31107" lon="9.2142">
        <ele>718.1425170898438</ele>
        <time>2000-01-01T00:00:00Z</time>
      </trkpt>
      <trkpt lat="60.31138" lon="9.21393">
        <ele>718.8532104492188</ele>
        <time>2000-01-01T00:00:00Z</time>
      </trkpt>
      <trkpt lat="60.31153" lon="9.21377">
        <ele>719.2103881835938</ele>
        <time>2000-01-01T00:00:00Z</time>
      </trkpt>
      <trkpt lat="60.31179975717634" lon="9.213394682875279">
        <ele>719.9000244140625</ele>
        <time>2000-01-01T00:00:00Z</time>
      </trkpt>
      <trkpt lat="60.31199" lon="9.21313">
        <ele>720.4674682617188</ele>
        <time>2000-01-01T00:00:00Z</time>
      </trkpt>
      <trkpt lat="60.3126" lon="9.21257">
        <ele>722.1131591796875</ele>
        <time>2000-01-01T00:00:00Z</time>
      </trkpt>
      <trkpt lat="60.312807385873775" lon="9.212330351045516">
        <ele>722.7000122070312</ele>
        <time>2000-01-01T00:00:00Z</time>
      </trkpt>
      <trkpt lat="60.31305" lon="9.21205">
        <ele>722.5283813476562</ele>
        <time>2000-01-01T00:00:00Z</time>
      </trkpt>
      <trkpt lat="60.3133" lon="9.21178">
        <ele>722.3543090820312</ele>
        <time>2000-01-01T00:00:00Z</time>
      </trkpt>
      <trkpt lat="60.31351" lon="9.21161">
        <ele>722.2153930664062</ele>
        <time>2000-01-01T00:00:00Z</time>
      </trkpt>
      <trkpt lat="60.31367" lon="9.21151">
        <ele>722.112548828125</ele>
        <time>2000-01-01T00:00:00Z</time>
      </trkpt>
      <trkpt lat="60.313847245127086" lon="9.211415761817028">
        <ele>722.0</ele>
        <time>2000-01-01T00:00:00Z</time>
      </trkpt>
      <trkpt lat="60.31446" lon="9.21109">
        <ele>720.3882446289062</ele>
        <time>2000-01-01T00:00:00Z</time>
      </trkpt>
      <trkpt lat="60.31459" lon="9.21099">
        <ele>720.0343627929688</ele>
        <time>2000-01-01T00:00:00Z</time>
      </trkpt>
      <trkpt lat="60.31467" lon="9.21091">
        <ele>719.8072509765625</ele>
        <time>2000-01-01T00:00:00Z</time>
      </trkpt>
      <trkpt lat="60.31478" lon="9.21074">
        <ele>719.4548950195312</ele>
        <time>2000-01-01T00:00:00Z</time>
      </trkpt>
      <trkpt lat="60.31486" lon="9.21054">
        <ele>719.1310424804688</ele>
        <time>2000-01-01T00:00:00Z</time>
      </trkpt>
      <trkpt lat="60.31486588970816" lon="9.210518397997298">
        <ele>719.0999755859375</ele>
        <time>2000-01-01T00:00:00Z</time>
      </trkpt>
      <trkpt lat="60.31498" lon="9.2101">
        <ele>718.456787109375</ele>
        <time>2000-01-01T00:00:00Z</time>
      </trkpt>
      <trkpt lat="60.31505" lon="9.20967">
        <ele>717.8472290039062</ele>
        <time>2000-01-01T00:00:00Z</time>
      </trkpt>
      <trkpt lat="60.31511" lon="9.20896">
        <ele>716.8773803710938</ele>
        <time>2000-01-01T00:00:00Z</time>
      </trkpt>
      <trkpt lat="60.3151" lon="9.20853">
        <ele>716.2976684570312</ele>
        <time>2000-01-01T00:00:00Z</time>
      </trkpt>
      <trkpt lat="60.31507538328992" lon="9.208314605993232">
        <ele>716.0</ele>
        <time>2000-01-01T00:00:00Z</time>
      </trkpt>
      <trkpt lat="60.31506" lon="9.20818">
        <ele>716.1380004882812</ele>
        <time>2000-01-01T00:00:00Z</time>
      </trkpt>
      <trkpt lat="60.31478" lon="9.20688">
        <ele>717.5543823242188</ele>
        <time>2000-01-01T00:00:00Z</time>
      </trkpt>
      <trkpt lat="60.31476" lon="9.20655">
        <ele>717.886474609375</ele>
        <time>2000-01-01T00:00:00Z</time>
      </trkpt>
      <trkpt lat="60.31477" lon="9.2063">
        <ele>718.1370849609375</ele>
        <time>2000-01-01T00:00:00Z</time>
      </trkpt>
      <trkpt lat="60.314797390322994" lon="9.206146613021192">
        <ele>718.2999877929688</ele>
        <time>2000-01-01T00:00:00Z</time>
      </trkpt>
      <trkpt lat="60.31482" lon="9.20602">
        <ele>718.516357421875</ele>
        <time>2000-01-01T00:00:00Z</time>
      </trkpt>
      <trkpt lat="60.31489" lon="9.20574">
        <ele>719.0204467773438</ele>
        <time>2000-01-01T00:00:00Z</time>
      </trkpt>
      <trkpt lat="60.3151" lon="9.20522">
        <ele>720.098876953125</ele>
        <time>2000-01-01T00:00:00Z</time>
      </trkpt>
      <trkpt lat="60.31551087469053" lon="9.204376863369207">
        <ele>722.0</ele>
        <time>2000-01-01T00:00:00Z</time>
      </trkpt>
      <trkpt lat="60.31631064721811" lon="9.20273619252587">
        <ele>722.5</ele>
        <time>2000-01-01T00:00:00Z</time>
      </trkpt>
      <trkpt lat="60.31665" lon="9.20204">
        <ele>723.0092163085938</ele>
        <time>2000-01-01T00:00:00Z</time>
      </trkpt>
      <trkpt lat="60.31701" lon="9.20123">
        <ele>723.5764770507812</ele>
        <time>2000-01-01T00:00:00Z</time>
      </trkpt>
      <trkpt lat="60.317080840275544" lon="9.201041085334595">
        <ele>723.7000122070312</ele>
        <time>2000-01-01T00:00:00Z</time>
      </trkpt>
      <trkpt lat="60.31725" lon="9.20059">
        <ele>724.68310546875</ele>
        <time>2000-01-01T00:00:00Z</time>
      </trkpt>
      <trkpt lat="60.31743" lon="9.19995">
        <ele>725.9619140625</ele>
        <time>2000-01-01T00:00:00Z</time>
      </trkpt>
      <trkpt lat="60.31755" lon="9.1994">
        <ele>727.006103515625</ele>
        <time>2000-01-01T00:00:00Z</time>
      </trkpt>
      <trkpt lat="60.31760117407089" lon="9.199014198327466">
        <ele>727.7000122070312</ele>
        <time>2000-01-01T00:00:00Z</time>
      </trkpt>
      <trkpt lat="60.31768" lon="9.19842">
        <ele>728.6885986328125</ele>
        <time>2000-01-01T00:00:00Z</time>
      </trkpt>
      <trkpt lat="60.31776" lon="9.19745">
        <ele>730.2689819335938</ele>
        <time>2000-01-01T00:00:00Z</time>
      </trkpt>
      <trkpt lat="60.31779" lon="9.1973">
        <ele>730.5289306640625</ele>
        <time>2000-01-01T00:00:00Z</time>
      </trkpt>
      <trkpt lat="60.31785" lon="9.19712">
        <ele>730.877685546875</ele>
        <time>2000-01-01T00:00:00Z</time>
      </trkpt>
      <trkpt lat="60.31791" lon="9.19699">
        <ele>731.1632690429688</ele>
        <time>2000-01-01T00:00:00Z</time>
      </trkpt>
      <trkpt lat="60.31797537648886" lon="9.196924623383966">
        <ele>731.4000244140625</ele>
        <time>2000-01-01T00:00:00Z</time>
      </trkpt>
      <trkpt lat="60.31803" lon="9.19687">
        <ele>731.5978393554688</ele>
        <time>2000-01-01T00:00:00Z</time>
      </trkpt>
      <trkpt lat="60.3181" lon="9.19683">
        <ele>731.8339233398438</ele>
        <time>2000-01-01T00:00:00Z</time>
      </trkpt>
      <trkpt lat="60.31857" lon="9.19664">
        <ele>733.3895263671875</ele>
        <time>2000-01-01T00:00:00Z</time>
      </trkpt>
      <trkpt lat="60.31868" lon="9.19657">
        <ele>733.7637939453125</ele>
        <time>2000-01-01T00:00:00Z</time>
      </trkpt>
      <trkpt lat="60.31878" lon="9.19648">
        <ele>734.1190795898438</ele>
        <time>2000-01-01T00:00:00Z</time>
      </trkpt>
      <trkpt lat="60.31887" lon="9.19635">
        <ele>734.4782104492188</ele>
        <time>2000-01-01T00:00:00Z</time>
      </trkpt>
      <trkpt lat="60.31899" lon="9.19613">
        <ele>735.0042114257812</ele>
        <time>2000-01-01T00:00:00Z</time>
      </trkpt>
      <trkpt lat="60.319007728216086" lon="9.196082350619609">
        <ele>735.0999755859375</ele>
        <time>2000-01-01T00:00:00Z</time>
      </trkpt>
      <trkpt lat="60.31915" lon="9.1957">
        <ele>736.5748291015625</ele>
        <time>2000-01-01T00:00:00Z</time>
      </trkpt>
      <trkpt lat="60.31925" lon="9.19524">
        <ele>738.1240844726562</ele>
        <time>2000-01-01T00:00:00Z</time>
      </trkpt>
      <trkpt lat="60.31937" lon="9.19401">
        <ele>741.9901123046875</ele>
        <time>2000-01-01T00:00:00Z</time>
      </trkpt>
      <trkpt lat="60.31938001121388" lon="9.193944995800233">
        <ele>742.2000122070312</ele>
        <time>2000-01-01T00:00:00Z</time>
      </trkpt>
      <trkpt lat="60.31962" lon="9.19239">
        <ele>745.4541015625</ele>
        <time>2000-01-01T00:00:00Z</time>
      </trkpt>
      <trkpt lat="60.319672970117516" lon="9.19172489527037">
        <ele>746.7999877929688</ele>
        <time>2000-01-01T00:00:00Z</time>
      </trkpt>
      <trkpt lat="60.31971" lon="9.19126">
        <ele>747.6998291015625</ele>
        <time>2000-01-01T00:00:00Z</time>
      </trkpt>
      <trkpt lat="60.31975" lon="9.19093">
        <ele>748.34912109375</ele>
        <time>2000-01-01T00:00:00Z</time>
      </trkpt>
      <trkpt lat="60.3198" lon="9.19068">
        <ele>748.8643798828125</ele>
        <time>2000-01-01T00:00:00Z</time>
      </trkpt>
      <trkpt lat="60.31984" lon="9.19052">
        <ele>749.2069091796875</ele>
        <time>2000-01-01T00:00:00Z</time>
      </trkpt>
      <trkpt lat="60.31989" lon="9.19038">
        <ele>749.5367431640625</ele>
        <time>2000-01-01T00:00:00Z</time>
      </trkpt>
      <trkpt lat="60.31979" lon="9.19005">
        <ele>750.276123046875</ele>
        <time>2000-01-01T00:00:00Z</time>
      </trkpt>
      <trkpt lat="60.31975" lon="9.18995">
        <ele>750.5217895507812</ele>
        <time>2000-01-01T00:00:00Z</time>
      </trkpt>
      <trkpt lat="60.31969" lon="9.18976">
        <ele>750.9524536132812</ele>
        <time>2000-01-01T00:00:00Z</time>
      </trkpt>
      <trkpt lat="60.319649140276" lon="9.189660121230373">
        <ele>751.2000122070312</ele>
        <time>2000-01-01T00:00:00Z</time>
      </trkpt>
      <trkpt lat="60.3196" lon="9.18954">
        <ele>751.5518798828125</ele>
        <time>2000-01-01T00:00:00Z</time>
      </trkpt>
      <trkpt lat="60.31951" lon="9.18946">
        <ele>752.0004272460938</ele>
        <time>2000-01-01T00:00:00Z</time>
      </trkpt>
      <trkpt lat="60.31946" lon="9.18943">
        <ele>752.2383422851562</ele>
        <time>2000-01-01T00:00:00Z</time>
      </trkpt>
      <trkpt lat="60.31921" lon="9.18938">
        <ele>753.3842163085938</ele>
        <time>2000-01-01T00:00:00Z</time>
      </trkpt>
      <trkpt lat="60.3191" lon="9.18927">
        <ele>753.9440307617188</ele>
        <time>2000-01-01T00:00:00Z</time>
      </trkpt>
      <trkpt lat="60.31903" lon="9.18908">
        <ele>754.4789428710938</ele>
        <time>2000-01-01T00:00:00Z</time>
      </trkpt>
      <trkpt lat="60.31899" lon="9.18885">
        <ele>755.0294799804688</ele>
        <time>2000-01-01T00:00:00Z</time>
      </trkpt>
      <trkpt lat="60.319" lon="9.18863">
        <ele>755.5284423828125</ele>
        <time>2000-01-01T00:00:00Z</time>
      </trkpt>
      <trkpt lat="60.31908434762212" lon="9.188283721298003">
        <ele>756.4000244140625</ele>
        <time>2000-01-01T00:00:00Z</time>
      </trkpt>
      <trkpt lat="60.31919" lon="9.18785">
        <ele>757.57568359375</ele>
        <time>2000-01-01T00:00:00Z</time>
      </trkpt>
      <trkpt lat="60.31923" lon="9.18727">
        <ele>758.9999389648438</ele>
        <time>2000-01-01T00:00:00Z</time>
      </trkpt>
      <trkpt lat="60.31923844600821" lon="9.186036673233485">
        <ele>762.0</ele>
        <time>2000-01-01T00:00:00Z</time>
      </trkpt>
      <trkpt lat="60.31924" lon="9.18581">
        <ele>763.2210083007812</ele>
        <time>2000-01-01T00:00:00Z</time>
      </trkpt>
      <trkpt lat="60.3194" lon="9.18442">
        <ele>770.906494140625</ele>
        <time>2000-01-01T00:00:00Z</time>
      </trkpt>
      <trkpt lat="60.31945" lon="9.18418">
        <ele>772.3089599609375</ele>
        <time>2000-01-01T00:00:00Z</time>
      </trkpt>
      <trkpt lat="60.31953" lon="9.18396">
        <ele>773.77880859375</ele>
        <time>2000-01-01T00:00:00Z</time>
      </trkpt>
      <trkpt lat="60.31956793246974" lon="9.183873788901773">
        <ele>774.4000244140625</ele>
        <time>2000-01-01T00:00:00Z</time>
      </trkpt>
      <trkpt lat="60.31964" lon="9.18371">
        <ele>775.1898193359375</ele>
        <time>2000-01-01T00:00:00Z</time>
      </trkpt>
      <trkpt lat="60.31984" lon="9.18335">
        <ele>777.140380859375</ele>
        <time>2000-01-01T00:00:00Z</time>
      </trkpt>
      <trkpt lat="60.32006" lon="9.18279">
        <ele>779.7172241210938</ele>
        <time>2000-01-01T00:00:00Z</time>
      </trkpt>
      <trkpt lat="60.32025227828695" lon="9.182059338462977">
        <ele>782.7000122070312</ele>
        <time>2000-01-01T00:00:00Z</time>
      </trkpt>
      <trkpt lat="60.32031" lon="9.18184">
        <ele>783.6817626953125</ele>
        <time>2000-01-01T00:00:00Z</time>
      </trkpt>
      <trkpt lat="60.32053" lon="9.18114">
        <ele>786.9586181640625</ele>
        <time>2000-01-01T00:00:00Z</time>
      </trkpt>
      <trkpt lat="60.32068" lon="9.18056">
        <ele>789.5447998046875</ele>
        <time>2000-01-01T00:00:00Z</time>
      </trkpt>
      <trkpt lat="60.32075" lon="9.18009">
        <ele>791.4845581054688</ele>
        <time>2000-01-01T00:00:00Z</time>
      </trkpt>
      <trkpt lat="60.320752568865686" lon="9.18001035062602">
        <ele>791.7999877929688</ele>
        <time>2000-01-01T00:00:00Z</time>
      </trkpt>
      <trkpt lat="60.32076" lon="9.17978">
        <ele>792.5117797851562</ele>
        <time>2000-01-01T00:00:00Z</time>
      </trkpt>
      <trkpt lat="60.32074" lon="9.17963">
        <ele>792.9908447265625</ele>
        <time>2000-01-01T00:00:00Z</time>
      </trkpt>
      <trkpt lat="60.32055" lon="9.17913">
        <ele>794.9343872070312</ele>
        <time>2000-01-01T00:00:00Z</time>
      </trkpt>
      <trkpt lat="60.3202" lon="9.17806">
        <ele>798.8887939453125</ele>
        <time>2000-01-01T00:00:00Z</time>
      </trkpt>
      <trkpt lat="60.32009" lon="9.17764">
        <ele>800.5586547851562</ele>
        <time>2000-01-01T00:00:00Z</time>
      </trkpt>
      <trkpt lat="60.31993" lon="9.17717">
        <ele>802.565185546875</ele>
        <time>2000-01-01T00:00:00Z</time>
      </trkpt>
      <trkpt lat="60.31981" lon="9.17668">
        <ele>804.4884033203125</ele>
        <time>2000-01-01T00:00:00Z</time>
      </trkpt>
      <trkpt lat="60.31971" lon="9.17649">
        <ele>805.4638671875</ele>
        <time>2000-01-01T00:00:00Z</time>
      </trkpt>
      <trkpt lat="60.31961" lon="9.17642">
        <ele>806.2158203125</ele>
        <time>2000-01-01T00:00:00Z</time>
      </trkpt>
      <trkpt lat="60.31951108106108" lon="9.176321081226032">
        <ele>807.0</ele>
        <time>2000-01-01T00:00:00Z</time>
      </trkpt>
      <trkpt lat="60.31945" lon="9.17626">
        <ele>808.1000366210938</ele>
        <time>2000-01-01T00:00:00Z</time>
      </trkpt>
      <trkpt lat="60.31918" lon="9.17577">
        <ele>813.958740234375</ele>
        <time>2000-01-01T00:00:00Z</time>
      </trkpt>
      <trkpt lat="60.31909" lon="9.17554">
        <ele>816.3013305664062</ele>
        <time>2000-01-01T00:00:00Z</time>
      </trkpt>
      <trkpt lat="60.31894" lon="9.17486">
        <ele>822.25048828125</ele>
        <time>2000-01-01T00:00:00Z</time>
      </trkpt>
      <trkpt lat="60.318840704574825" lon="9.174520741111687">
        <ele>825.4000244140625</ele>
        <time>2000-01-01T00:00:00Z</time>
      </trkpt>
      <trkpt lat="60.31882" lon="9.17445">
        <ele>825.6926879882812</ele>
        <time>2000-01-01T00:00:00Z</time>
      </trkpt>
      <trkpt lat="60.31868" lon="9.17425">
        <ele>826.9261474609375</ele>
        <time>2000-01-01T00:00:00Z</time>
      </trkpt>
      <trkpt lat="60.31863" lon="9.17419">
        <ele>827.3444213867188</ele>
        <time>2000-01-01T00:00:00Z</time>
      </trkpt>
      <trkpt lat="60.31854" lon="9.17414">
        <ele>828.0158081054688</ele>
        <time>2000-01-01T00:00:00Z</time>
      </trkpt>
      <trkpt lat="60.31823" lon="9.17404">
        <ele>830.2737426757812</ele>
        <time>2000-01-01T00:00:00Z</time>
      </trkpt>
      <trkpt lat="60.31813" lon="9.17399">
        <ele>831.0147094726562</ele>
        <time>2000-01-01T00:00:00Z</time>
      </trkpt>
      <trkpt lat="60.31785" lon="9.17377">
        <ele>833.1755981445312</ele>
        <time>2000-01-01T00:00:00Z</time>
      </trkpt>
      <trkpt lat="60.317797129250216" lon="9.173717129310159">
        <ele>833.5999755859375</ele>
        <time>2000-01-01T00:00:00Z</time>
      </trkpt>
      <trkpt lat="60.31776" lon="9.17368">
        <ele>834.0360717773438</ele>
        <time>2000-01-01T00:00:00Z</time>
      </trkpt>
      <trkpt lat="60.31761" lon="9.17346">
        <ele>835.9873046875</ele>
        <time>2000-01-01T00:00:00Z</time>
      </trkpt>
      <trkpt lat="60.31746" lon="9.17301">
        <ele>838.814697265625</ele>
        <time>2000-01-01T00:00:00Z</time>
      </trkpt>
      <trkpt lat="60.31741" lon="9.17266">
        <ele>840.71337890625</ele>
        <time>2000-01-01T00:00:00Z</time>
      </trkpt>
      <trkpt lat="60.31739" lon="9.17225">
        <ele>842.8607177734375</ele>
        <time>2000-01-01T00:00:00Z</time>
      </trkpt>
      <trkpt lat="60.31738999500844" lon="9.171724470838258">
        <ele>845.5999755859375</ele>
        <time>2000-01-01T00:00:00Z</time>
      </trkpt>
      <trkpt lat="60.31739" lon="9.17103">
        <ele>847.0780639648438</ele>
        <time>2000-01-01T00:00:00Z</time>
      </trkpt>
      <trkpt lat="60.31741" lon="9.17035">
        <ele>848.52783203125</ele>
        <time>2000-01-01T00:00:00Z</time>
      </trkpt>
      <trkpt lat="60.3174" lon="9.16993">
        <ele>849.4227905273438</ele>
        <time>2000-01-01T00:00:00Z</time>
      </trkpt>
      <trkpt lat="60.317339546640305" lon="9.169438820466121">
        <ele>850.5</ele>
        <time>2000-01-01T00:00:00Z</time>
      </trkpt>
      <trkpt lat="60.31732" lon="9.16928">
        <ele>851.5448608398438</ele>
        <time>2000-01-01T00:00:00Z</time>
      </trkpt>
      <trkpt lat="60.31722" lon="9.16723">
        <ele>864.69775390625</ele>
        <time>2000-01-01T00:00:00Z</time>
      </trkpt>
      <trkpt lat="60.31721104574258" lon="9.167153445899324">
        <ele>865.2000122070312</ele>
        <time>2000-01-01T00:00:00Z</time>
      </trkpt>
      <trkpt lat="60.31706" lon="9.16586">
        <ele>873.3388671875</ele>
        <time>2000-01-01T00:00:00Z</time>
      </trkpt>
      <trkpt lat="60.31689" lon="9.16508">
        <ele>878.55810546875</ele>
        <time>2000-01-01T00:00:00Z</time>
      </trkpt>
      <trkpt lat="60.31684954331186" lon="9.164990572999113">
        <ele>879.2999877929688</ele>
        <time>2000-01-01T00:00:00Z</time>
      </trkpt>
      <trkpt lat="60.3167" lon="9.16466">
        <ele>881.1085815429688</ele>
        <time>2000-01-01T00:00:00Z</time>
      </trkpt>
      <trkpt lat="60.31663" lon="9.16455">
        <ele>881.832275390625</ele>
        <time>2000-01-01T00:00:00Z</time>
      </trkpt>
      <trkpt lat="60.31638" lon="9.16435">
        <ele>884.0256958007812</ele>
        <time>2000-01-01T00:00:00Z</time>
      </trkpt>
      <trkpt lat="60.31628" lon="9.16431">
        <ele>884.8573608398438</ele>
        <time>2000-01-01T00:00:00Z</time>
      </trkpt>
      <trkpt lat="60.31618" lon="9.16424">
        <ele>885.720703125</ele>
        <time>2000-01-01T00:00:00Z</time>
      </trkpt>
      <trkpt lat="60.3161" lon="9.16415">
        <ele>886.4676513671875</ele>
        <time>2000-01-01T00:00:00Z</time>
      </trkpt>
      <trkpt lat="60.315925972931154" lon="9.163756149426082">
        <ele>888.5999755859375</ele>
        <time>2000-01-01T00:00:00Z</time>
      </trkpt>
      <trkpt lat="60.31591" lon="9.16372">
        <ele>888.7745971679688</ele>
        <time>2000-01-01T00:00:00Z</time>
      </trkpt>
      <trkpt lat="60.31535" lon="9.16228">
        <ele>895.3757934570312</ele>
        <time>2000-01-01T00:00:00Z</time>
      </trkpt>
      <trkpt lat="60.31529" lon="9.16205">
        <ele>896.3130493164062</ele>
        <time>2000-01-01T00:00:00Z</time>
      </trkpt>
      <trkpt lat="60.31524576225168" lon="9.161913886568106">
        <ele>896.9000244140625</ele>
        <time>2000-01-01T00:00:00Z</time>
      </trkpt>
      <trkpt lat="60.31516" lon="9.16165">
        <ele>897.6541137695312</ele>
        <time>2000-01-01T00:00:00Z</time>
      </trkpt>
      <trkpt lat="60.3151" lon="9.16153">
        <ele>898.0615234375</ele>
        <time>2000-01-01T00:00:00Z</time>
      </trkpt>
      <trkpt lat="60.31497" lon="9.16136">
        <ele>898.8087158203125</ele>
        <time>2000-01-01T00:00:00Z</time>
      </trkpt>
      <trkpt lat="60.3148" lon="9.16116">
        <ele>899.7578125</ele>
        <time>2000-01-01T00:00:00Z</time>
      </trkpt>
      <trkpt lat="60.31471" lon="9.1611">
        <ele>900.215087890625</ele>
        <time>2000-01-01T00:00:00Z</time>
      </trkpt>
      <trkpt lat="60.31454" lon="9.16088">
        <ele>901.189208984375</ele>
        <time>2000-01-01T00:00:00Z</time>
      </trkpt>
      <trkpt lat="60.31441" lon="9.16063">
        <ele>902.0552368164062</ele>
        <time>2000-01-01T00:00:00Z</time>
      </trkpt>
      <trkpt lat="60.31436627568954" lon="9.160515853261021">
        <ele>902.4000244140625</ele>
        <time>2000-01-01T00:00:00Z</time>
      </trkpt>
      <trkpt lat="60.31405" lon="9.15969">
        <ele>901.76513671875</ele>
        <time>2000-01-01T00:00:00Z</time>
      </trkpt>
      <trkpt lat="60.31397" lon="9.15936">
        <ele>901.5416870117188</ele>
        <time>2000-01-01T00:00:00Z</time>
      </trkpt>
      <trkpt lat="60.3139" lon="9.15871">
        <ele>901.1371459960938</ele>
        <time>2000-01-01T00:00:00Z</time>
      </trkpt>
      <trkpt lat="60.31389436755319" lon="9.158484821068186">
        <ele>901.0</ele>
        <time>2000-01-01T00:00:00Z</time>
      </trkpt>
      <trkpt lat="60.31388" lon="9.15791">
        <ele>899.9248657226562</ele>
        <time>2000-01-01T00:00:00Z</time>
      </trkpt>
      <trkpt lat="60.3138" lon="9.15695">
        <ele>898.1065063476562</ele>
        <time>2000-01-01T00:00:00Z</time>
      </trkpt>
      <trkpt lat="60.31375" lon="9.15657">
        <ele>897.3720703125</ele>
        <time>2000-01-01T00:00:00Z</time>
      </trkpt>
      <trkpt lat="60.31367101569266" lon="9.156247482643565">
        <ele>896.7000122070312</ele>
        <time>2000-01-01T00:00:00Z</time>
      </trkpt>
      <trkpt lat="60.31363" lon="9.15608">
        <ele>896.9273071289062</ele>
        <time>2000-01-01T00:00:00Z</time>
      </trkpt>
      <trkpt lat="60.31347" lon="9.15561">
        <ele>897.6209716796875</ele>
        <time>2000-01-01T00:00:00Z</time>
      </trkpt>
      <trkpt lat="60.31341" lon="9.15552">
        <ele>897.8045654296875</ele>
        <time>2000-01-01T00:00:00Z</time>
      </trkpt>
      <trkpt lat="60.31311" lon="9.15516">
        <ele>898.66162109375</ele>
        <time>2000-01-01T00:00:00Z</time>
      </trkpt>
      <trkpt lat="60.31305" lon="9.15503">
        <ele>898.8778076171875</ele>
        <time>2000-01-01T00:00:00Z</time>
      </trkpt>
      <trkpt lat="60.31297" lon="9.15494">
        <ele>899.1026611328125</ele>
        <time>2000-01-01T00:00:00Z</time>
      </trkpt>
      <trkpt lat="60.31291" lon="9.15483">
        <ele>899.3017578125</ele>
        <time>2000-01-01T00:00:00Z</time>
      </trkpt>
      <trkpt lat="60.31283804151483" lon="9.154756100293751">
        <ele>899.5</ele>
        <time>2000-01-01T00:00:00Z</time>
      </trkpt>
      <trkpt lat="60.31254" lon="9.15445">
        <ele>903.2249755859375</ele>
        <time>2000-01-01T00:00:00Z</time>
      </trkpt>
      <trkpt lat="60.31236" lon="9.15418">
        <ele>905.7228393554688</ele>
        <time>2000-01-01T00:00:00Z</time>
      </trkpt>
      <trkpt lat="60.31218" lon="9.15371">
        <ele>909.0007934570312</ele>
        <time>2000-01-01T00:00:00Z</time>
      </trkpt>
      <trkpt lat="60.31207" lon="9.15331">
        <ele>911.525146484375</ele>
        <time>2000-01-01T00:00:00Z</time>
      </trkpt>
      <trkpt lat="60.3120537438419" lon="9.153192156866846">
        <ele>912.2000122070312</ele>
        <time>2000-01-01T00:00:00Z</time>
      </trkpt>
      <trkpt lat="60.31199" lon="9.15273">
        <ele>914.0548095703125</ele>
        <time>2000-01-01T00:00:00Z</time>
      </trkpt>
      <trkpt lat="60.31197" lon="9.15206">
        <ele>916.6500854492188</ele>
        <time>2000-01-01T00:00:00Z</time>
      </trkpt>
      <trkpt lat="60.31193" lon="9.1516">
        <ele>918.455810546875</ele>
        <time>2000-01-01T00:00:00Z</time>
      </trkpt>
      <trkpt lat="60.31189" lon="9.1513">
        <ele>919.6569213867188</ele>
        <time>2000-01-01T00:00:00Z</time>
      </trkpt>
      <trkpt lat="60.31181038562032" lon="9.150963172845264">
        <ele>921.0999755859375</ele>
        <time>2000-01-01T00:00:00Z</time>
      </trkpt>
      <trkpt lat="60.31176" lon="9.15075">
        <ele>921.4898681640625</ele>
        <time>2000-01-01T00:00:00Z</time>
      </trkpt>
      <trkpt lat="60.31167" lon="9.15025">
        <ele>922.3681640625</ele>
        <time>2000-01-01T00:00:00Z</time>
      </trkpt>
      <trkpt lat="60.31159" lon="9.14958">
        <ele>923.5059204101562</ele>
        <time>2000-01-01T00:00:00Z</time>
      </trkpt>
      <trkpt lat="60.31155" lon="9.14898">
        <ele>924.50537109375</ele>
        <time>2000-01-01T00:00:00Z</time>
      </trkpt>
      <trkpt lat="60.31149919035866" lon="9.148764063420336">
        <ele>924.9000244140625</ele>
        <time>2000-01-01T00:00:00Z</time>
      </trkpt>
      <trkpt lat="60.31143" lon="9.14847">
        <ele>925.7344360351562</ele>
        <time>2000-01-01T00:00:00Z</time>
      </trkpt>
      <trkpt lat="60.31122" lon="9.14789">
        <ele>927.575927734375</ele>
        <time>2000-01-01T00:00:00Z</time>
      </trkpt>
      <trkpt lat="60.31078075690761" lon="9.146998007109406">
        <ele>930.7999877929688</ele>
        <time>2000-01-01T00:00:00Z</time>
      </trkpt>
      <trkpt lat="60.31057" lon="9.14657">
        <ele>932.2158813476562</ele>
        <time>2000-01-01T00:00:00Z</time>
      </trkpt>
      <trkpt lat="60.3105" lon="9.1465">
        <ele>932.5858764648438</ele>
        <time>2000-01-01T00:00:00Z</time>
      </trkpt>
      <trkpt lat="60.31021" lon="9.14631">
        <ele>934.0299682617188</ele>
        <time>2000-01-01T00:00:00Z</time>
      </trkpt>
      <trkpt lat="60.31015" lon="9.14625">
        <ele>934.3471069335938</ele>
        <time>2000-01-01T00:00:00Z</time>
      </trkpt>
      <trkpt lat="60.30986" lon="9.14576">
        <ele>936.1383056640625</ele>
        <time>2000-01-01T00:00:00Z</time>
      </trkpt>
      <trkpt lat="60.30985181263171" lon="9.145739535011034">
        <ele>936.2000122070312</ele>
        <time>2000-01-01T00:00:00Z</time>
      </trkpt>
      <trkpt lat="60.30972" lon="9.14541">
        <ele>936.1632080078125</ele>
        <time>2000-01-01T00:00:00Z</time>
      </trkpt>
      <trkpt lat="60.30956" lon="9.1449">
        <ele>936.1107177734375</ele>
        <time>2000-01-01T00:00:00Z</time>
      </trkpt>
      <trkpt lat="60.30952" lon="9.14455">
        <ele>936.0795288085938</ele>
        <time>2000-01-01T00:00:00Z</time>
      </trkpt>
      <trkpt lat="60.30951" lon="9.14373">
        <ele>936.0082397460938</ele>
        <time>2000-01-01T00:00:00Z</time>
      </trkpt>
      <trkpt lat="60.30950004943068" lon="9.143637131198064">
        <ele>936.0</ele>
        <time>2000-01-01T00:00:00Z</time>
      </trkpt>
      <trkpt lat="60.30948" lon="9.14345">
        <ele>935.8336181640625</ele>
        <time>2000-01-01T00:00:00Z</time>
      </trkpt>
      <trkpt lat="60.30941" lon="9.14293">
        <ele>935.3654174804688</ele>
        <time>2000-01-01T00:00:00Z</time>
      </trkpt>
      <trkpt lat="60.30923" lon="9.14208">
        <ele>934.5621337890625</ele>
        <time>2000-01-01T00:00:00Z</time>
      </trkpt>
      <trkpt lat="60.30916" lon="9.14153">
        <ele>934.0687255859375</ele>
        <time>2000-01-01T00:00:00Z</time>
      </trkpt>
      <trkpt lat="60.30915718055847" lon="9.141451108553333">
        <ele>934.0</ele>
        <time>2000-01-01T00:00:00Z</time>
      </trkpt>
      <trkpt lat="60.30914" lon="9.14097">
        <ele>933.47607421875</ele>
        <time>2000-01-01T00:00:00Z</time>
      </trkpt>
      <trkpt lat="60.30921" lon="9.13947">
        <ele>931.839599609375</ele>
        <time>2000-01-01T00:00:00Z</time>
      </trkpt>
      <trkpt lat="60.309185623550725" lon="9.139161233183529">
        <ele>931.5</ele>
        <time>2000-01-01T00:00:00Z</time>
      </trkpt>
      <trkpt lat="60.30918" lon="9.13909">
        <ele>931.5438842773438</ele>
        <time>2000-01-01T00:00:00Z</time>
      </trkpt>
      <trkpt lat="60.30912" lon="9.13881">
        <ele>931.7294311523438</ele>
        <time>2000-01-01T00:00:00Z</time>
      </trkpt>
      <trkpt lat="60.30898" lon="9.13849">
        <ele>931.9891357421875</ele>
        <time>2000-01-01T00:00:00Z</time>
      </trkpt>
      <trkpt lat="60.30844346806958" lon="9.137455956857913">
        <ele>932.9000244140625</ele>
        <time>2000-01-01T00:00:00Z</time>
      </trkpt>
      <trkpt lat="60.30843" lon="9.13743">
        <ele>933.0176391601562</ele>
        <time>2000-01-01T00:00:00Z</time>
      </trkpt>
      <trkpt lat="60.30826" lon="9.13717">
        <ele>934.364501953125</ele>
        <time>2000-01-01T00:00:00Z</time>
      </trkpt>
      <trkpt lat="60.30788" lon="9.13669">
        <ele>937.1953735351562</ele>
        <time>2000-01-01T00:00:00Z</time>
      </trkpt>
      <trkpt lat="60.3077" lon="9.13643">
        <ele>938.5931396484375</ele>
        <time>2000-01-01T00:00:00Z</time>
      </trkpt>
      <trkpt lat="60.30763" lon="9.13631">
        <ele>939.173095703125</ele>
        <time>2000-01-01T00:00:00Z</time>
      </trkpt>
      <trkpt lat="60.307537201567186" lon="9.13608044828417">
        <ele>940.0999755859375</ele>
        <time>2000-01-01T00:00:00Z</time>
      </trkpt>
      <trkpt lat="60.30744" lon="9.13584">
        <ele>940.3427124023438</ele>
        <time>2000-01-01T00:00:00Z</time>
      </trkpt>
      <trkpt lat="60.30729" lon="9.13533">
        <ele>940.8065795898438</ele>
        <time>2000-01-01T00:00:00Z</time>
      </trkpt>
      <trkpt lat="60.30716" lon="9.13462">
        <ele>941.3986206054688</ele>
        <time>2000-01-01T00:00:00Z</time>
      </trkpt>
      <trkpt lat="60.30708" lon="9.13424">
        <ele>941.7214965820312</ele>
        <time>2000-01-01T00:00:00Z</time>
      </trkpt>
      <trkpt lat="60.30701524017522" lon="9.13405292031647">
        <ele>941.9000244140625</ele>
        <time>2000-01-01T00:00:00Z</time>
      </trkpt>
      <trkpt lat="60.3069" lon="9.13372">
        <ele>942.3411865234375</ele>
        <time>2000-01-01T00:00:00Z</time>
      </trkpt>
      <trkpt lat="60.30652" lon="9.13283">
        <ele>943.6174926757812</ele>
        <time>2000-01-01T00:00:00Z</time>
      </trkpt>
      <trkpt lat="60.3064" lon="9.13247">
        <ele>944.0888671875</ele>
        <time>2000-01-01T00:00:00Z</time>
      </trkpt>
      <trkpt lat="60.30633461927092" lon="9.132215742304517">
        <ele>944.4000244140625</ele>
        <time>2000-01-01T00:00:00Z</time>
      </trkpt>
      <trkpt lat="60.30631" lon="9.13212">
        <ele>944.3203735351562</ele>
        <time>2000-01-01T00:00:00Z</time>
      </trkpt>
      <trkpt lat="60.30595" lon="9.1303">
        <ele>942.872802734375</ele>
        <time>2000-01-01T00:00:00Z</time>
      </trkpt>
      <trkpt lat="60.3059" lon="9.13012">
        <ele>942.7203369140625</ele>
        <time>2000-01-01T00:00:00Z</time>
      </trkpt>
      <trkpt lat="60.305892581432666" lon="9.130096922273719">
        <ele>942.7000122070312</ele>
        <time>2000-01-01T00:00:00Z</time>
      </trkpt>
      <trkpt lat="60.30581" lon="9.12984">
        <ele>941.9414672851562</ele>
        <time>2000-01-01T00:00:00Z</time>
      </trkpt>
      <trkpt lat="60.30537" lon="9.12904">
        <ele>938.9808959960938</ele>
        <time>2000-01-01T00:00:00Z</time>
      </trkpt>
      <trkpt lat="60.30521" lon="9.12883">
        <ele>938.0267333984375</ele>
        <time>2000-01-01T00:00:00Z</time>
      </trkpt>
      <trkpt lat="60.30502465292949" lon="9.128651522406713">
        <ele>937.0</ele>
        <time>2000-01-01T00:00:00Z</time>
      </trkpt>
      <trkpt lat="60.30467" lon="9.12831">
        <ele>937.1378784179688</ele>
        <time>2000-01-01T00:00:00Z</time>
      </trkpt>
      <trkpt lat="60.30413" lon="9.12792">
        <ele>937.339111328125</ele>
        <time>2000-01-01T00:00:00Z</time>
      </trkpt>
      <trkpt lat="60.303968474785776" lon="9.127791609699415">
        <ele>937.4000244140625</ele>
        <time>2000-01-01T00:00:00Z</time>
      </trkpt>
      <trkpt lat="60.30374" lon="9.12761">
        <ele>938.0892333984375</ele>
        <time>2000-01-01T00:00:00Z</time>
      </trkpt>
      <trkpt lat="60.3036" lon="9.12743">
        <ele>938.5551147460938</ele>
        <time>2000-01-01T00:00:00Z</time>
      </trkpt>
      <trkpt lat="60.30347" lon="9.12723">
        <ele>939.013916015625</ele>
        <time>2000-01-01T00:00:00Z</time>
      </trkpt>
      <trkpt lat="60.30341" lon="9.12708">
        <ele>939.281982421875</ele>
        <time>2000-01-01T00:00:00Z</time>
      </trkpt>
      <trkpt lat="60.30316" lon="9.12642">
        <ele>940.437255859375</ele>
        <time>2000-01-01T00:00:00Z</time>
      </trkpt>
      <trkpt lat="60.303117663925775" lon="9.126340032157206">
        <ele>940.5999755859375</ele>
        <time>2000-01-01T00:00:00Z</time>
      </trkpt>
      <trkpt lat="60.30307" lon="9.12625">
        <ele>940.68017578125</ele>
        <time>2000-01-01T00:00:00Z</time>
      </trkpt>
      <trkpt lat="60.30298" lon="9.12613">
        <ele>940.8126220703125</ele>
        <time>2000-01-01T00:00:00Z</time>
      </trkpt>
      <trkpt lat="60.30289" lon="9.12604">
        <ele>940.9359130859375</ele>
        <time>2000-01-01T00:00:00Z</time>
      </trkpt>
      <trkpt lat="60.30265" lon="9.12586">
        <ele>941.2503662109375</ele>
        <time>2000-01-01T00:00:00Z</time>
      </trkpt>
      <trkpt lat="60.302077760314695" lon="9.125430821797492">
        <ele>942.0</ele>
        <time>2000-01-01T00:00:00Z</time>
      </trkpt>
      <trkpt lat="60.30185" lon="9.12526">
        <ele>942.2770385742188</ele>
        <time>2000-01-01T00:00:00Z</time>
      </trkpt>
      <trkpt lat="60.30143" lon="9.12484">
        <ele>942.8115234375</ele>
        <time>2000-01-01T00:00:00Z</time>
      </trkpt>
      <trkpt lat="60.30122" lon="9.12462">
        <ele>943.081298828125</ele>
        <time>2000-01-01T00:00:00Z</time>
      </trkpt>
      <trkpt lat="60.30105626024211" lon="9.124418474733229">
        <ele>943.2999877929688</ele>
        <time>2000-01-01T00:00:00Z</time>
      </trkpt>
      <trkpt lat="60.30096" lon="9.1243">
        <ele>943.2109985351562</ele>
        <time>2000-01-01T00:00:00Z</time>
      </trkpt>
      <trkpt lat="60.30077" lon="9.12401">
        <ele>943.02294921875</ele>
        <time>2000-01-01T00:00:00Z</time>
      </trkpt>
      <trkpt lat="60.30018553613868" lon="9.122939858202882">
        <ele>942.4000244140625</ele>
        <time>2000-01-01T00:00:00Z</time>
      </trkpt>
      <trkpt lat="60.30006" lon="9.12271">
        <ele>942.0729370117188</ele>
        <time>2000-01-01T00:00:00Z</time>
      </trkpt>
      <trkpt lat="60.29991" lon="9.1224">
        <ele>941.65869140625</ele>
        <time>2000-01-01T00:00:00Z</time>
      </trkpt>
      <trkpt lat="60.29966" lon="9.12172">
        <ele>940.8490600585938</ele>
        <time>2000-01-01T00:00:00Z</time>
      </trkpt>
      <trkpt lat="60.299482550714785" lon="9.121143290520735">
        <ele>940.2000122070312</ele>
        <time>2000-01-01T00:00:00Z</time>
      </trkpt>
      <trkpt lat="60.29946" lon="9.12107">
        <ele>940.1062622070312</ele>
        <time>2000-01-01T00:00:00Z</time>
      </trkpt>
      <trkpt lat="60.29918" lon="9.12036">
        <ele>939.120361328125</ele>
        <time>2000-01-01T00:00:00Z</time>
      </trkpt>
      <trkpt lat="60.29887" lon="9.11966">
        <ele>938.1002807617188</ele>
        <time>2000-01-01T00:00:00Z</time>
      </trkpt>
      <trkpt lat="60.298762361945535" lon="9.119362455270842">
        <ele>937.7000122070312</ele>
        <time>2000-01-01T00:00:00Z</time>
      </trkpt>
      <trkpt lat="60.29836" lon="9.11825">
        <ele>936.7422485351562</ele>
        <time>2000-01-01T00:00:00Z</time>
      </trkpt>
      <trkpt lat="60.29812" lon="9.11764">
        <ele>936.2005615234375</ele>
        <time>2000-01-01T00:00:00Z</time>
      </trkpt>
      <trkpt lat="60.29807037919782" lon="9.117535550409258">
        <ele>936.0999755859375</ele>
        <time>2000-01-01T00:00:00Z</time>
      </trkpt>
      <trkpt lat="60.29774" lon="9.11684">
        <ele>934.4249267578125</ele>
        <time>2000-01-01T00:00:00Z</time>
      </trkpt>
      <trkpt lat="60.29731" lon="9.11613">
        <ele>932.4755859375</ele>
        <time>2000-01-01T00:00:00Z</time>
      </trkpt>
      <trkpt lat="60.29722481918884" lon="9.115999089837462">
        <ele>932.0999755859375</ele>
        <time>2000-01-01T00:00:00Z</time>
      </trkpt>
      <trkpt lat="60.29677" lon="9.1153">
        <ele>931.8994140625</ele>
        <time>2000-01-01T00:00:00Z</time>
      </trkpt>
      <trkpt lat="60.29661" lon="9.1151">
        <ele>931.8333740234375</ele>
        <time>2000-01-01T00:00:00Z</time>
      </trkpt>
      <trkpt lat="60.29634" lon="9.11484">
        <ele>931.7284545898438</ele>
        <time>2000-01-01T00:00:00Z</time>
      </trkpt>
      <trkpt lat="60.29627306295073" lon="9.114747961576308">
        <ele>931.7000122070312</ele>
        <time>2000-01-01T00:00:00Z</time>
      </trkpt>
      <trkpt lat="60.29626" lon="9.11473">
        <ele>931.697265625</ele>
        <time>2000-01-01T00:00:00Z</time>
      </trkpt>
      <trkpt lat="60.29618" lon="9.11455">
        <ele>931.6762084960938</ele>
        <time>2000-01-01T00:00:00Z</time>
      </trkpt>
      <trkpt lat="60.2961" lon="9.11435">
        <ele>931.6538696289062</ele>
        <time>2000-01-01T00:00:00Z</time>
      </trkpt>
      <trkpt lat="60.29605" lon="9.11412">
        <ele>931.6320190429688</ele>
        <time>2000-01-01T00:00:00Z</time>
      </trkpt>
      <trkpt lat="60.29598" lon="9.11355">
        <ele>931.5809936523438</ele>
        <time>2000-01-01T00:00:00Z</time>
      </trkpt>
      <trkpt lat="60.295939647774745" lon="9.11262192518674">
        <ele>931.5</ele>
        <time>2000-01-01T00:00:00Z</time>
      </trkpt>
      <trkpt lat="60.29593" lon="9.1124">
        <ele>931.529052734375</ele>
        <time>2000-01-01T00:00:00Z</time>
      </trkpt>
      <trkpt lat="60.29598" lon="9.11138">
        <ele>931.6627197265625</ele>
        <time>2000-01-01T00:00:00Z</time>
      </trkpt>
      <trkpt lat="60.29593" lon="9.11102">
        <ele>931.71142578125</ele>
        <time>2000-01-01T00:00:00Z</time>
      </trkpt>
      <trkpt lat="60.29588" lon="9.11081">
        <ele>931.7418212890625</ele>
        <time>2000-01-01T00:00:00Z</time>
      </trkpt>
      <trkpt lat="60.29573463831929" lon="9.110473851247278">
        <ele>931.7999877929688</ele>
        <time>2000-01-01T00:00:00Z</time>
      </trkpt>
      <trkpt lat="60.29572" lon="9.11044">
        <ele>931.9014892578125</ele>
        <time>2000-01-01T00:00:00Z</time>
      </trkpt>
      <trkpt lat="60.29532" lon="9.10984">
        <ele>934.1748046875</ele>
        <time>2000-01-01T00:00:00Z</time>
      </trkpt>
      <trkpt lat="60.29521" lon="9.10964">
        <ele>934.85009765625</ele>
        <time>2000-01-01T00:00:00Z</time>
      </trkpt>
      <trkpt lat="60.29494" lon="9.10908">
        <ele>936.6160278320312</ele>
        <time>2000-01-01T00:00:00Z</time>
      </trkpt>
      <trkpt lat="60.29487556885286" lon="9.108970668860378">
        <ele>937.0</ele>
        <time>2000-01-01T00:00:00Z</time>
      </trkpt>
      <trkpt lat="60.29461" lon="9.10852">
        <ele>939.8609619140625</ele>
        <time>2000-01-01T00:00:00Z</time>
      </trkpt>
      <trkpt lat="60.29454" lon="9.10836">
        <ele>940.7330322265625</ele>
        <time>2000-01-01T00:00:00Z</time>
      </trkpt>
      <trkpt lat="60.2945" lon="9.10819">
        <ele>941.5018920898438</ele>
        <time>2000-01-01T00:00:00Z</time>
      </trkpt>
      <trkpt lat="60.29448" lon="9.10793">
        <ele>942.576904296875</ele>
        <time>2000-01-01T00:00:00Z</time>
      </trkpt>
      <trkpt lat="60.29445" lon="9.10732">
        <ele>945.08154296875</ele>
        <time>2000-01-01T00:00:00Z</time>
      </trkpt>
      <trkpt lat="60.294415675270514" lon="9.107004810698712">
        <ele>946.4000244140625</ele>
        <time>2000-01-01T00:00:00Z</time>
      </trkpt>
      <trkpt lat="60.29419" lon="9.10493">
        <ele>948.8005981445312</ele>
        <time>2000-01-01T00:00:00Z</time>
      </trkpt>
      <trkpt lat="60.29416104468318" lon="9.104763507352288">
        <ele>949.0</ele>
        <time>2000-01-01T00:00:00Z</time>
      </trkpt>
      <trkpt lat="60.29415" lon="9.1047">
        <ele>948.9210205078125</ele>
        <time>2000-01-01T00:00:00Z</time>
      </trkpt>
      <trkpt lat="60.29382" lon="9.104">
        <ele>947.787109375</ele>
        <time>2000-01-01T00:00:00Z</time>
      </trkpt>
      <trkpt lat="60.2936" lon="9.10347">
        <ele>946.9757080078125</ele>
        <time>2000-01-01T00:00:00Z</time>
      </trkpt>
      <trkpt lat="60.293451150534125" lon="9.102978808274212">
        <ele>946.2999877929688</ele>
        <time>2000-01-01T00:00:00Z</time>
      </trkpt>
      <trkpt lat="60.2933" lon="9.10248">
        <ele>944.49560546875</ele>
        <time>2000-01-01T00:00:00Z</time>
      </trkpt>
      <trkpt lat="60.29322" lon="9.1023">
        <ele>943.7493896484375</ele>
        <time>2000-01-01T00:00:00Z</time>
      </trkpt>
      <trkpt lat="60.29314" lon="9.10216">
        <ele>943.0899658203125</ele>
        <time>2000-01-01T00:00:00Z</time>
      </trkpt>
      <trkpt lat="60.29306" lon="9.10206">
        <ele>942.5038452148438</ele>
        <time>2000-01-01T00:00:00Z</time>
      </trkpt>
      <trkpt lat="60.29295" lon="9.10202">
        <ele>941.8078002929688</ele>
        <time>2000-01-01T00:00:00Z</time>
      </trkpt>
      <trkpt lat="60.2926" lon="9.10201">
        <ele>939.6279907226562</ele>
        <time>2000-01-01T00:00:00Z</time>
      </trkpt>
      <trkpt lat="60.29253139242788" lon="9.102002376937998">
        <ele>939.2000122070312</ele>
        <time>2000-01-01T00:00:00Z</time>
      </trkpt>
      <trkpt lat="60.29251" lon="9.102">
        <ele>939.1661987304688</ele>
        <time>2000-01-01T00:00:00Z</time>
      </trkpt>
      <trkpt lat="60.29239" lon="9.10194">
        <ele>938.9710083007812</ele>
        <time>2000-01-01T00:00:00Z</time>
      </trkpt>
      <trkpt lat="60.29229" lon="9.10186">
        <ele>938.8011474609375</ele>
        <time>2000-01-01T00:00:00Z</time>
      </trkpt>
      <trkpt lat="60.29218" lon="9.10175">
        <ele>938.6072998046875</ele>
        <time>2000-01-01T00:00:00Z</time>
      </trkpt>
      <trkpt lat="60.29206" lon="9.10159">
        <ele>938.3802490234375</ele>
        <time>2000-01-01T00:00:00Z</time>
      </trkpt>
      <trkpt lat="60.29166" lon="9.10094">
        <ele>937.5693969726562</ele>
        <time>2000-01-01T00:00:00Z</time>
      </trkpt>
      <trkpt lat="60.291569980711245" lon="9.100822282589597">
        <ele>937.4000244140625</ele>
        <time>2000-01-01T00:00:00Z</time>
      </trkpt>
      <trkpt lat="60.29153" lon="9.10077">
        <ele>937.4835815429688</ele>
        <time>2000-01-01T00:00:00Z</time>
      </trkpt>
      <trkpt lat="60.2913" lon="9.10057">
        <ele>937.9229736328125</ele>
        <time>2000-01-01T00:00:00Z</time>
      </trkpt>
      <trkpt lat="60.29113" lon="9.10038">
        <ele>938.2638549804688</ele>
        <time>2000-01-01T00:00:00Z</time>
      </trkpt>
      <trkpt lat="60.29106" lon="9.10024">
        <ele>938.436767578125</ele>
        <time>2000-01-01T00:00:00Z</time>
      </trkpt>
      <trkpt lat="60.291" lon="9.10008">
        <ele>938.6112060546875</ele>
        <time>2000-01-01T00:00:00Z</time>
      </trkpt>
      <trkpt lat="60.29094" lon="9.09989">
        <ele>938.8070678710938</ele>
        <time>2000-01-01T00:00:00Z</time>
      </trkpt>
      <trkpt lat="60.2909" lon="9.09945">
        <ele>939.1959838867188</ele>
        <time>2000-01-01T00:00:00Z</time>
      </trkpt>
      <trkpt lat="60.29089817184221" lon="9.099215367343238">
        <ele>939.4000244140625</ele>
        <time>2000-01-01T00:00:00Z</time>
      </trkpt>
      <trkpt lat="60.29089" lon="9.09816">
        <ele>940.7306518554688</ele>
        <time>2000-01-01T00:00:00Z</time>
      </trkpt>
      <trkpt lat="60.29085" lon="9.09774">
        <ele>941.269775390625</ele>
        <time>2000-01-01T00:00:00Z</time>
      </trkpt>
      <trkpt lat="60.29072" lon="9.09722">
        <ele>942.0039672851562</ele>
        <time>2000-01-01T00:00:00Z</time>
      </trkpt>
      <trkpt lat="60.29065774210037" lon="9.097021615585625">
        <ele>942.2999877929688</ele>
        <time>2000-01-01T00:00:00Z</time>
      </trkpt>
      <trkpt lat="60.29024" lon="9.09569">
        <ele>944.2868041992188</ele>
        <time>2000-01-01T00:00:00Z</time>
      </trkpt>
      <trkpt lat="60.29007" lon="9.09519">
        <ele>945.0512084960938</ele>
        <time>2000-01-01T00:00:00Z</time>
      </trkpt>
      <trkpt lat="60.290033353859485" lon="9.095097965875162">
        <ele>945.2000122070312</ele>
        <time>2000-01-01T00:00:00Z</time>
      </trkpt>
      <trkpt lat="60.28966" lon="9.09416">
        <ele>942.3759765625</ele>
        <time>2000-01-01T00:00:00Z</time>
      </trkpt>
      <trkpt lat="60.28957" lon="9.09393">
        <ele>941.68798828125</ele>
        <time>2000-01-01T00:00:00Z</time>
      </trkpt>
      <trkpt lat="60.28936" lon="9.09353">
        <ele>940.3201293945312</ele>
        <time>2000-01-01T00:00:00Z</time>
      </trkpt>
      <trkpt lat="60.28927805835445" lon="9.093382505102667">
        <ele>939.7999877929688</ele>
        <time>2000-01-01T00:00:00Z</time>
      </trkpt>
      <trkpt lat="60.28926" lon="9.09335">
        <ele>939.4814453125</ele>
        <time>2000-01-01T00:00:00Z</time>
      </trkpt>
      <trkpt lat="60.2888" lon="9.09273">
        <ele>932.2030029296875</ele>
        <time>2000-01-01T00:00:00Z</time>
      </trkpt>
      <trkpt lat="60.28871" lon="9.09265">
        <ele>930.9089965820312</ele>
        <time>2000-01-01T00:00:00Z</time>
      </trkpt>
      <trkpt lat="60.28853" lon="9.09258">
        <ele>928.4972534179688</ele>
        <time>2000-01-01T00:00:00Z</time>
      </trkpt>
      <trkpt lat="60.28846" lon="9.09251">
        <ele>927.46923828125</ele>
        <time>2000-01-01T00:00:00Z</time>
      </trkpt>
      <trkpt lat="60.28841" lon="9.09241">
        <ele>926.54296875</ele>
        <time>2000-01-01T00:00:00Z</time>
      </trkpt>
      <trkpt lat="60.28837" lon="9.09227">
        <ele>925.4890747070312</ele>
        <time>2000-01-01T00:00:00Z</time>
      </trkpt>
      <trkpt lat="60.28835718949403" lon="9.092167522527653">
        <ele>924.7999877929688</ele>
        <time>2000-01-01T00:00:00Z</time>
      </trkpt>
      <trkpt lat="60.28832" lon="9.09187">
        <ele>923.7861938476562</ele>
        <time>2000-01-01T00:00:00Z</time>
      </trkpt>
      <trkpt lat="60.28808" lon="9.09104">
        <ele>920.6112670898438</ele>
        <time>2000-01-01T00:00:00Z</time>
      </trkpt>
      <trkpt lat="60.28808" lon="9.0909">
        <ele>920.1487426757812</ele>
        <time>2000-01-01T00:00:00Z</time>
      </trkpt>
      <trkpt lat="60.28811" lon="9.09076">
        <ele>919.6448364257812</ele>
        <time>2000-01-01T00:00:00Z</time>
      </trkpt>
      <trkpt lat="60.28825" lon="9.09046">
        <ele>918.2833251953125</ele>
        <time>2000-01-01T00:00:00Z</time>
      </trkpt>
      <trkpt lat="60.28838351704398" lon="9.090273075117409">
        <ele>917.2000122070312</ele>
        <time>2000-01-01T00:00:00Z</time>
      </trkpt>
      <trkpt lat="60.2885" lon="9.09011">
        <ele>915.3220825195312</ele>
        <time>2000-01-01T00:00:00Z</time>
      </trkpt>
      <trkpt lat="60.28859" lon="9.08994">
        <ele>913.689208984375</ele>
        <time>2000-01-01T00:00:00Z</time>
      </trkpt>
      <trkpt lat="60.28866" lon="9.08976">
        <ele>912.1873168945312</ele>
        <time>2000-01-01T00:00:00Z</time>
      </trkpt>
      <trkpt lat="60.2887" lon="9.08956">
        <ele>910.7715454101562</ele>
        <time>2000-01-01T00:00:00Z</time>
      </trkpt>
      <trkpt lat="60.28872" lon="9.08933">
        <ele>909.23876953125</ele>
        <time>2000-01-01T00:00:00Z</time>
      </trkpt>
      <trkpt lat="60.28873" lon="9.08882">
        <ele>905.88818359375</ele>
        <time>2000-01-01T00:00:00Z</time>
      </trkpt>
      <trkpt lat="60.28877137712103" lon="9.088248990708166">
        <ele>902.0999755859375</ele>
        <time>2000-01-01T00:00:00Z</time>
      </trkpt>
      <trkpt lat="60.28878" lon="9.08813">
        <ele>901.2740478515625</ele>
        <time>2000-01-01T00:00:00Z</time>
      </trkpt>
      <trkpt lat="60.28875" lon="9.08766">
        <ele>898.0189208984375</ele>
        <time>2000-01-01T00:00:00Z</time>
      </trkpt>
      <trkpt lat="60.28871" lon="9.08742">
        <ele>896.2797241210938</ele>
        <time>2000-01-01T00:00:00Z</time>
      </trkpt>
      <trkpt lat="60.28864" lon="9.08721">
        <ele>894.54150390625</ele>
        <time>2000-01-01T00:00:00Z</time>
      </trkpt>
      <trkpt lat="60.28856" lon="9.08702">
        <ele>892.8289184570312</ele>
        <time>2000-01-01T00:00:00Z</time>
      </trkpt>
      <trkpt lat="60.28846" lon="9.08685">
        <ele>891.0167236328125</ele>
        <time>2000-01-01T00:00:00Z</time>
      </trkpt>
      <trkpt lat="60.28835" lon="9.0867">
        <ele>889.1768188476562</ele>
        <time>2000-01-01T00:00:00Z</time>
      </trkpt>
      <trkpt lat="60.288166108444194" lon="9.086505704703033">
        <ele>886.2999877929688</ele>
        <time>2000-01-01T00:00:00Z</time>
      </trkpt>
      <trkpt lat="60.28782" lon="9.08614">
        <ele>884.0382080078125</ele>
        <time>2000-01-01T00:00:00Z</time>
      </trkpt>
      <trkpt lat="60.2877" lon="9.08602">
        <ele>883.2628173828125</ele>
        <time>2000-01-01T00:00:00Z</time>
      </trkpt>
      <trkpt lat="60.28757" lon="9.08594">
        <ele>882.47607421875</ele>
        <time>2000-01-01T00:00:00Z</time>
      </trkpt>
      <trkpt lat="60.28727" lon="9.08585">
        <ele>880.7202758789062</ele>
        <time>2000-01-01T00:00:00Z</time>
      </trkpt>
      <trkpt lat="60.28709394327202" lon="9.08586600476734">
        <ele>879.7000122070312</ele>
        <time>2000-01-01T00:00:00Z</time>
      </trkpt>
      <trkpt lat="60.28672" lon="9.0859">
        <ele>874.87353515625</ele>
        <time>2000-01-01T00:00:00Z</time>
      </trkpt>
      <trkpt lat="60.28656" lon="9.0859">
        <ele>872.810546875</ele>
        <time>2000-01-01T00:00:00Z</time>
      </trkpt>
      <trkpt lat="60.2864" lon="9.08588">
        <ele>870.74365234375</ele>
        <time>2000-01-01T00:00:00Z</time>
      </trkpt>
      <trkpt lat="60.28621" lon="9.08574">
        <ele>868.1354370117188</ele>
        <time>2000-01-01T00:00:00Z</time>
      </trkpt>
      <trkpt lat="60.28609" lon="9.08557">
        <ele>866.244873046875</ele>
        <time>2000-01-01T00:00:00Z</time>
      </trkpt>
      <trkpt lat="60.28602143876259" lon="9.085432877818807">
        <ele>865.0</ele>
        <time>2000-01-01T00:00:00Z</time>
      </trkpt>
      <trkpt lat="60.28598" lon="9.08535">
        <ele>864.6314697265625</ele>
        <time>2000-01-01T00:00:00Z</time>
      </trkpt>
      <trkpt lat="60.2857" lon="9.08466">
        <ele>861.8400268554688</ele>
        <time>2000-01-01T00:00:00Z</time>
      </trkpt>
      <trkpt lat="60.28561" lon="9.08436">
        <ele>860.7422485351562</ele>
        <time>2000-01-01T00:00:00Z</time>
      </trkpt>
      <trkpt lat="60.28556" lon="9.08413">
        <ele>859.9561767578125</ele>
        <time>2000-01-01T00:00:00Z</time>
      </trkpt>
      <trkpt lat="60.28553" lon="9.08362">
        <ele>858.3484497070312</ele>
        <time>2000-01-01T00:00:00Z</time>
      </trkpt>
      <trkpt lat="60.285540473085874" lon="9.08344608517739">
        <ele>857.7999877929688</ele>
        <time>2000-01-01T00:00:00Z</time>
      </trkpt>
      <trkpt lat="60.28558" lon="9.08279">
        <ele>856.53564453125</ele>
        <time>2000-01-01T00:00:00Z</time>
      </trkpt>
      <trkpt lat="60.28561" lon="9.0825">
        <ele>855.968994140625</ele>
        <time>2000-01-01T00:00:00Z</time>
      </trkpt>
      <trkpt lat="60.28581" lon="9.08152">
        <ele>853.9415283203125</ele>
        <time>2000-01-01T00:00:00Z</time>
      </trkpt>
      <trkpt lat="60.285827199470475" lon="9.081239066265864">
        <ele>853.4000244140625</ele>
        <time>2000-01-01T00:00:00Z</time>
      </trkpt>
      <trkpt lat="60.28584" lon="9.08103">
        <ele>852.603271484375</ele>
        <time>2000-01-01T00:00:00Z</time>
      </trkpt>
      <trkpt lat="60.28582" lon="9.08072">
        <ele>851.420654296875</ele>
        <time>2000-01-01T00:00:00Z</time>
      </trkpt>
      <trkpt lat="60.28579" lon="9.08039">
        <ele>850.151611328125</ele>
        <time>2000-01-01T00:00:00Z</time>
      </trkpt>
      <trkpt lat="60.28568" lon="9.0798">
        <ele>847.7672119140625</ele>
        <time>2000-01-01T00:00:00Z</time>
      </trkpt>
      <trkpt lat="60.28546694418282" lon="9.079112410975558">
        <ele>844.7000122070312</ele>
        <time>2000-01-01T00:00:00Z</time>
      </trkpt>
      <trkpt lat="60.28546" lon="9.07909">
        <ele>844.5966186523438</ele>
        <time>2000-01-01T00:00:00Z</time>
      </trkpt>
      <trkpt lat="60.28518" lon="9.07804">
        <ele>839.9310302734375</ele>
        <time>2000-01-01T00:00:00Z</time>
      </trkpt>
      <trkpt lat="60.28515" lon="9.0779">
        <ele>839.3342895507812</ele>
        <time>2000-01-01T00:00:00Z</time>
      </trkpt>
      <trkpt lat="60.2851" lon="9.07775">
        <ele>838.626953125</ele>
        <time>2000-01-01T00:00:00Z</time>
      </trkpt>
      <trkpt lat="60.28495" lon="9.07708">
        <ele>835.7501831054688</ele>
        <time>2000-01-01T00:00:00Z</time>
      </trkpt>
      <trkpt lat="60.28489" lon="9.07618">
        <ele>833.3255615234375</ele>
        <time>2000-01-01T00:00:00Z</time>
      </trkpt>
      <trkpt lat="60.28487" lon="9.0748">
        <ele>829.6639404296875</ele>
        <time>2000-01-01T00:00:00Z</time>
      </trkpt>
      <trkpt lat="60.28486795838447" lon="9.074776233230999">
        <ele>829.5999755859375</ele>
        <time>2000-01-01T00:00:00Z</time>
      </trkpt>
      <trkpt lat="60.28477" lon="9.07363">
        <ele>826.7174072265625</ele>
        <time>2000-01-01T00:00:00Z</time>
      </trkpt>
      <trkpt lat="60.28469" lon="9.07296">
        <ele>825.0094604492188</ele>
        <time>2000-01-01T00:00:00Z</time>
      </trkpt>
      <trkpt lat="60.28459681044432" lon="9.072553716680149">
        <ele>823.9000244140625</ele>
        <time>2000-01-01T00:00:00Z</time>
      </trkpt>
      <trkpt lat="60.28444" lon="9.07187">
        <ele>822.1311645507812</ele>
        <time>2000-01-01T00:00:00Z</time>
      </trkpt>
      <trkpt lat="60.28436" lon="9.07104">
        <ele>820.1458740234375</ele>
        <time>2000-01-01T00:00:00Z</time>
      </trkpt>
      <trkpt lat="60.28433961534476" lon="9.070340184863575">
        <ele>818.5</ele>
        <time>2000-01-01T00:00:00Z</time>
      </trkpt>
      <trkpt lat="60.28433" lon="9.07001">
        <ele>818.3418579101562</ele>
        <time>2000-01-01T00:00:00Z</time>
      </trkpt>
      <trkpt lat="60.28436" lon="9.06856">
        <ele>817.6477661132812</ele>
        <time>2000-01-01T00:00:00Z</time>
      </trkpt>
      <trkpt lat="60.284349848819346" lon="9.068042436499857">
        <ele>817.4000244140625</ele>
        <time>2000-01-01T00:00:00Z</time>
      </trkpt>
      <trkpt lat="60.28434" lon="9.06754">
        <ele>817.9465942382812</ele>
        <time>2000-01-01T00:00:00Z</time>
      </trkpt>
      <trkpt lat="60.28431" lon="9.06718">
        <ele>818.3434448242188</ele>
        <time>2000-01-01T00:00:00Z</time>
      </trkpt>
      <trkpt lat="60.28428" lon="9.06693">
        <ele>818.6229858398438</ele>
        <time>2000-01-01T00:00:00Z</time>
      </trkpt>
      <trkpt lat="60.28421" lon="9.06673">
        <ele>818.8890991210938</ele>
        <time>2000-01-01T00:00:00Z</time>
      </trkpt>
      <trkpt lat="60.28414" lon="9.0666">
        <ele>819.0978393554688</ele>
        <time>2000-01-01T00:00:00Z</time>
      </trkpt>
      <trkpt lat="60.28403" lon="9.06652">
        <ele>819.3541870117188</ele>
        <time>2000-01-01T00:00:00Z</time>
      </trkpt>
      <trkpt lat="60.2838" lon="9.06641">
        <ele>819.87255859375</ele>
        <time>2000-01-01T00:00:00Z</time>
      </trkpt>
      <trkpt lat="60.2837887658477" lon="9.066398766484744">
        <ele>819.9000244140625</ele>
        <time>2000-01-01T00:00:00Z</time>
      </trkpt>
      <trkpt lat="60.28366" lon="9.06627">
        <ele>820.0764770507812</ele>
        <time>2000-01-01T00:00:00Z</time>
      </trkpt>
      <trkpt lat="60.28355" lon="9.06607">
        <ele>820.25830078125</ele>
        <time>2000-01-01T00:00:00Z</time>
      </trkpt>
      <trkpt lat="60.28345" lon="9.06579">
        <ele>820.4683837890625</ele>
        <time>2000-01-01T00:00:00Z</time>
      </trkpt>
      <trkpt lat="60.28341" lon="9.06556">
        <ele>820.6167602539062</ele>
        <time>2000-01-01T00:00:00Z</time>
      </trkpt>
      <trkpt lat="60.28333" lon="9.06486">
        <ele>821.0540161132812</ele>
        <time>2000-01-01T00:00:00Z</time>
      </trkpt>
      <trkpt lat="60.28323980738934" lon="9.064499230739719">
        <ele>821.2999877929688</ele>
        <time>2000-01-01T00:00:00Z</time>
      </trkpt>
      <trkpt lat="60.28321" lon="9.06438">
        <ele>821.241943359375</ele>
        <time>2000-01-01T00:00:00Z</time>
      </trkpt>
      <trkpt lat="60.28312" lon="9.06408">
        <ele>821.0894775390625</ele>
        <time>2000-01-01T00:00:00Z</time>
      </trkpt>
      <trkpt lat="60.2828" lon="9.06315">
        <ele>820.5972290039062</ele>
        <time>2000-01-01T00:00:00Z</time>
      </trkpt>
      <trkpt lat="60.28275" lon="9.06286">
        <ele>820.4636840820312</ele>
        <time>2000-01-01T00:00:00Z</time>
      </trkpt>
      <trkpt lat="60.28275" lon="9.06265">
        <ele>820.3723754882812</ele>
        <time>2000-01-01T00:00:00Z</time>
      </trkpt>
      <trkpt lat="60.28274832482542" lon="9.062483532825325">
        <ele>820.2999877929688</ele>
        <time>2000-01-01T00:00:00Z</time>
      </trkpt>
      <trkpt lat="60.28273" lon="9.06063">
        <ele>816.1083374023438</ele>
        <time>2000-01-01T00:00:00Z</time>
      </trkpt>
      <trkpt lat="60.2827" lon="9.06031">
        <ele>815.3719482421875</ele>
        <time>2000-01-01T00:00:00Z</time>
      </trkpt>
      <trkpt lat="60.282683039204066" lon="9.06019467005578">
        <ele>815.0999755859375</ele>
        <time>2000-01-01T00:00:00Z</time>
      </trkpt>
      <trkpt lat="60.28265" lon="9.05997">
        <ele>813.7345581054688</ele>
        <time>2000-01-01T00:00:00Z</time>
      </trkpt>
      <trkpt lat="60.28259" lon="9.05969">
        <ele>811.95703125</ele>
        <time>2000-01-01T00:00:00Z</time>
      </trkpt>
      <trkpt lat="60.28248" lon="9.05937">
        <ele>809.6882934570312</ele>
        <time>2000-01-01T00:00:00Z</time>
      </trkpt>
      <trkpt lat="60.28238" lon="9.05917">
        <ele>808.032958984375</ele>
        <time>2000-01-01T00:00:00Z</time>
      </trkpt>
      <trkpt lat="60.28222" lon="9.059">
        <ele>805.9075927734375</ele>
        <time>2000-01-01T00:00:00Z</time>
      </trkpt>
      <trkpt lat="60.282" lon="9.05884">
        <ele>803.1588745117188</ele>
        <time>2000-01-01T00:00:00Z</time>
      </trkpt>
      <trkpt lat="60.28188124263504" lon="9.058767213996257">
        <ele>801.7000122070312</ele>
        <time>2000-01-01T00:00:00Z</time>
      </trkpt>
      <trkpt lat="60.28169" lon="9.05865">
        <ele>801.3843994140625</ele>
        <time>2000-01-01T00:00:00Z</time>
      </trkpt>
      <trkpt lat="60.28148" lon="9.05857">
        <ele>801.0469970703125</ele>
        <time>2000-01-01T00:00:00Z</time>
      </trkpt>
      <trkpt lat="60.2813" lon="9.05845">
        <ele>800.7477416992188</ele>
        <time>2000-01-01T00:00:00Z</time>
      </trkpt>
      <trkpt lat="60.28122" lon="9.05835">
        <ele>800.59912109375</ele>
        <time>2000-01-01T00:00:00Z</time>
      </trkpt>
      <trkpt lat="60.28108" lon="9.05804">
        <ele>800.2708740234375</ele>
        <time>2000-01-01T00:00:00Z</time>
      </trkpt>
      <trkpt lat="60.28102" lon="9.05789">
        <ele>800.1199951171875</ele>
        <time>2000-01-01T00:00:00Z</time>
      </trkpt>
      <trkpt lat="60.281" lon="9.05769">
        <ele>799.9603271484375</ele>
        <time>2000-01-01T00:00:00Z</time>
      </trkpt>
      <trkpt lat="60.28096296895438" lon="9.057671110023263">
        <ele>799.9000244140625</ele>
        <time>2000-01-01T00:00:00Z</time>
      </trkpt>
      <trkpt lat="60.28051" lon="9.05744">
        <ele>798.3836059570312</ele>
        <time>2000-01-01T00:00:00Z</time>
      </trkpt>
      <trkpt lat="60.28035" lon="9.05742">
        <ele>797.8634033203125</ele>
        <time>2000-01-01T00:00:00Z</time>
      </trkpt>
      <trkpt lat="60.28019" lon="9.05746">
        <ele>797.3401489257812</ele>
        <time>2000-01-01T00:00:00Z</time>
      </trkpt>
      <trkpt lat="60.27984706460492" lon="9.05761397066496">
        <ele>796.2000122070312</ele>
        <time>2000-01-01T00:00:00Z</time>
      </trkpt>
      <trkpt lat="60.2797" lon="9.05768">
        <ele>795.8564453125</ele>
        <time>2000-01-01T00:00:00Z</time>
      </trkpt>
      <trkpt lat="60.27942" lon="9.05778">
        <ele>795.2079467773438</ele>
        <time>2000-01-01T00:00:00Z</time>
      </trkpt>
      <trkpt lat="60.27928" lon="9.05781">
        <ele>794.8868408203125</ele>
        <time>2000-01-01T00:00:00Z</time>
      </trkpt>
      <trkpt lat="60.27921" lon="9.0578">
        <ele>794.726806640625</ele>
        <time>2000-01-01T00:00:00Z</time>
      </trkpt>
      <trkpt lat="60.27915" lon="9.05778">
        <ele>794.588134765625</ele>
        <time>2000-01-01T00:00:00Z</time>
      </trkpt>
      <trkpt lat="60.27886" lon="9.0576">
        <ele>793.8961181640625</ele>
        <time>2000-01-01T00:00:00Z</time>
      </trkpt>
      <trkpt lat="60.278732412292726" lon="9.057551395243244">
        <ele>793.5999755859375</ele>
        <time>2000-01-01T00:00:00Z</time>
      </trkpt>
      <trkpt lat="60.27865" lon="9.05752">
        <ele>792.982177734375</ele>
        <time>2000-01-01T00:00:00Z</time>
      </trkpt>
      <trkpt lat="60.27842" lon="9.0575">
        <ele>791.285888671875</ele>
        <time>2000-01-01T00:00:00Z</time>
      </trkpt>
      <trkpt lat="60.27822" lon="9.05752">
        <ele>789.8104248046875</ele>
        <time>2000-01-01T00:00:00Z</time>
      </trkpt>
      <trkpt lat="60.27811" lon="9.05758">
        <ele>788.9710693359375</ele>
        <time>2000-01-01T00:00:00Z</time>
      </trkpt>
      <trkpt lat="60.27779" lon="9.05782">
        <ele>786.4554443359375</ele>
        <time>2000-01-01T00:00:00Z</time>
      </trkpt>
      <trkpt lat="60.27765" lon="9.05789">
        <ele>785.3927612304688</ele>
        <time>2000-01-01T00:00:00Z</time>
      </trkpt>
      <trkpt lat="60.27762393644597" lon="9.057894730972817">
        <ele>785.2000122070312</ele>
        <time>2000-01-01T00:00:00Z</time>
      </trkpt>
      <trkpt lat="60.276488481655285" lon="9.058101185139142">
        <ele>784.7999877929688</ele>
        <time>2000-01-01T00:00:00Z</time>
      </trkpt>
      <trkpt lat="60.27644" lon="9.05811">
        <ele>784.9366455078125</ele>
        <time>2000-01-01T00:00:00Z</time>
      </trkpt>
      <trkpt lat="60.27594" lon="9.05831">
        <ele>786.3673095703125</ele>
        <time>2000-01-01T00:00:00Z</time>
      </trkpt>
      <trkpt lat="60.27541" lon="9.05845">
        <ele>787.8676147460938</ele>
        <time>2000-01-01T00:00:00Z</time>
      </trkpt>
      <trkpt lat="60.275365104018526" lon="9.058479049993815">
        <ele>788.0</ele>
        <time>2000-01-01T00:00:00Z</time>
      </trkpt>
      <trkpt lat="60.27524" lon="9.05856">
        <ele>787.4583129882812</ele>
        <time>2000-01-01T00:00:00Z</time>
      </trkpt>
      <trkpt lat="60.27503" lon="9.05878">
        <ele>786.4827270507812</ele>
        <time>2000-01-01T00:00:00Z</time>
      </trkpt>
      <trkpt lat="60.27472" lon="9.05901">
        <ele>785.12109375</ele>
        <time>2000-01-01T00:00:00Z</time>
      </trkpt>
      <trkpt lat="60.27456" lon="9.05917">
        <ele>784.3847045898438</ele>
        <time>2000-01-01T00:00:00Z</time>
      </trkpt>
      <trkpt lat="60.27444" lon="9.05925">
        <ele>783.86376953125</ele>
        <time>2000-01-01T00:00:00Z</time>
      </trkpt>
      <trkpt lat="60.27438" lon="9.05928">
        <ele>783.6088256835938</ele>
        <time>2000-01-01T00:00:00Z</time>
      </trkpt>
      <trkpt lat="60.27431" lon="9.0593">
        <ele>783.3173828125</ele>
        <time>2000-01-01T00:00:00Z</time>
      </trkpt>
      <trkpt lat="60.27414" lon="9.05933">
        <ele>782.5993041992188</ele>
        <time>2000-01-01T00:00:00Z</time>
      </trkpt>
      <trkpt lat="60.27401" lon="9.05933">
        <ele>782.052001953125</ele>
        <time>2000-01-01T00:00:00Z</time>
      </trkpt>
      <trkpt lat="60.27391" lon="9.05932">
        <ele>781.6304321289062</ele>
        <time>2000-01-01T00:00:00Z</time>
      </trkpt>
      <trkpt lat="60.2738" lon="9.05929">
        <ele>781.1630859375</ele>
        <time>2000-01-01T00:00:00Z</time>
      </trkpt>
      <trkpt lat="60.27365" lon="9.05924">
        <ele>780.5228881835938</ele>
        <time>2000-01-01T00:00:00Z</time>
      </trkpt>
      <trkpt lat="60.2736" lon="9.05921">
        <ele>780.3033447265625</ele>
        <time>2000-01-01T00:00:00Z</time>
      </trkpt>
      <trkpt lat="60.27351" lon="9.05914">
        <ele>779.897216796875</ele>
        <time>2000-01-01T00:00:00Z</time>
      </trkpt>
      <trkpt lat="60.27341" lon="9.05904">
        <ele>779.42724609375</ele>
        <time>2000-01-01T00:00:00Z</time>
      </trkpt>
      <trkpt lat="60.27334" lon="9.05893">
        <ele>779.0535888671875</ele>
        <time>2000-01-01T00:00:00Z</time>
      </trkpt>
      <trkpt lat="60.27325" lon="9.0588">
        <ele>778.5875244140625</ele>
        <time>2000-01-01T00:00:00Z</time>
      </trkpt>
      <trkpt lat="60.27323265720499" lon="9.058776884464647">
        <ele>778.5</ele>
        <time>2000-01-01T00:00:00Z</time>
      </trkpt>
      <trkpt lat="60.27286" lon="9.05828">
        <ele>775.9922485351562</ele>
        <time>2000-01-01T00:00:00Z</time>
      </trkpt>
      <trkpt lat="60.27276" lon="9.05817">
        <ele>775.3527221679688</ele>
        <time>2000-01-01T00:00:00Z</time>
      </trkpt>
      <trkpt lat="60.27261" lon="9.05806">
        <ele>774.4566650390625</ele>
        <time>2000-01-01T00:00:00Z</time>
      </trkpt>
      <trkpt lat="60.27253" lon="9.05802">
        <ele>773.994140625</ele>
        <time>2000-01-01T00:00:00Z</time>
      </trkpt>
      <trkpt lat="60.27219814257687" lon="9.057897090363442">
        <ele>772.0999755859375</ele>
        <time>2000-01-01T00:00:00Z</time>
      </trkpt>
      <trkpt lat="60.27199" lon="9.05782">
        <ele>770.9677734375</ele>
        <time>2000-01-01T00:00:00Z</time>
      </trkpt>
      <trkpt lat="60.27126" lon="9.05765">
        <ele>767.035888671875</ele>
        <time>2000-01-01T00:00:00Z</time>
      </trkpt>
      <trkpt lat="60.271068630879974" lon="9.0575911172406">
        <ele>766.0</ele>
        <time>2000-01-01T00:00:00Z</time>
      </trkpt>
      <trkpt lat="60.271" lon="9.05757">
        <ele>765.2876586914062</ele>
        <time>2000-01-01T00:00:00Z</time>
      </trkpt>
      <trkpt lat="60.27092" lon="9.05753">
        <ele>764.4417114257812</ele>
        <time>2000-01-01T00:00:00Z</time>
      </trkpt>
      <trkpt lat="60.27083" lon="9.05745">
        <ele>763.4323120117188</ele>
        <time>2000-01-01T00:00:00Z</time>
      </trkpt>
      <trkpt lat="60.27055" lon="9.05714">
        <ele>760.1543579101562</ele>
        <time>2000-01-01T00:00:00Z</time>
      </trkpt>
      <trkpt lat="60.27033" lon="9.05696">
        <ele>757.7177734375</ele>
        <time>2000-01-01T00:00:00Z</time>
      </trkpt>
      <trkpt lat="60.27008" lon="9.0567">
        <ele>754.8310546875</ele>
        <time>2000-01-01T00:00:00Z</time>
      </trkpt>
      <trkpt lat="60.27003149281592" lon="9.056663619944851">
        <ele>754.2999877929688</ele>
        <time>2000-01-01T00:00:00Z</time>
      </trkpt>
      <trkpt lat="60.26992" lon="9.05658">
        <ele>753.7156982421875</ele>
        <time>2000-01-01T00:00:00Z</time>
      </trkpt>
      <trkpt lat="60.26962" lon="9.05642">
        <ele>752.1914672851562</ele>
        <time>2000-01-01T00:00:00Z</time>
      </trkpt>
      <trkpt lat="60.26947" lon="9.05631">
        <ele>751.4073486328125</ele>
        <time>2000-01-01T00:00:00Z</time>
      </trkpt>
      <trkpt lat="60.26939" lon="9.05622">
        <ele>750.9573974609375</ele>
        <time>2000-01-01T00:00:00Z</time>
      </trkpt>
      <trkpt lat="60.26917" lon="9.05581">
        <ele>749.4859008789062</ele>
        <time>2000-01-01T00:00:00Z</time>
      </trkpt>
      <trkpt lat="60.2691" lon="9.05573">
        <ele>749.0906982421875</ele>
        <time>2000-01-01T00:00:00Z</time>
      </trkpt>
      <trkpt lat="60.26905" lon="9.0557">
        <ele>748.8345336914062</ele>
        <time>2000-01-01T00:00:00Z</time>
      </trkpt>
      <trkpt lat="60.26902306449391" lon="9.055690205350091">
        <ele>748.7000122070312</ele>
        <time>2000-01-01T00:00:00Z</time>
      </trkpt>
      <trkpt lat="60.26894" lon="9.05566">
        <ele>748.1669921875</ele>
        <time>2000-01-01T00:00:00Z</time>
      </trkpt>
      <trkpt lat="60.2681" lon="9.05561">
        <ele>742.8597412109375</ele>
        <time>2000-01-01T00:00:00Z</time>
      </trkpt>
      <trkpt lat="60.26788527026841" lon="9.05557779122547">
        <ele>741.5</ele>
        <time>2000-01-01T00:00:00Z</time>
      </trkpt>
      <trkpt lat="60.2675" lon="9.05552">
        <ele>739.9072265625</ele>
        <time>2000-01-01T00:00:00Z</time>
      </trkpt>
      <trkpt lat="60.2669" lon="9.05529">
        <ele>737.389404296875</ele>
        <time>2000-01-01T00:00:00Z</time>
      </trkpt>
      <trkpt lat="60.26675893685311" lon="9.05524298364669">
        <ele>736.7999877929688</ele>
        <time>2000-01-01T00:00:00Z</time>
      </trkpt>
      <trkpt lat="60.26609" lon="9.05502">
        <ele>734.599609375</ele>
        <time>2000-01-01T00:00:00Z</time>
      </trkpt>
      <trkpt lat="60.2657" lon="9.05486">
        <ele>733.3079223632812</ele>
        <time>2000-01-01T00:00:00Z</time>
      </trkpt>
      <trkpt lat="60.265640433158055" lon="9.054812346577343">
        <ele>733.0999755859375</ele>
        <time>2000-01-01T00:00:00Z</time>
      </trkpt>
      <trkpt lat="60.2656" lon="9.05478">
        <ele>733.0694580078125</ele>
        <time>2000-01-01T00:00:00Z</time>
      </trkpt>
      <trkpt lat="60.26552" lon="9.05468">
        <ele>733.00341796875</ele>
        <time>2000-01-01T00:00:00Z</time>
      </trkpt>
      <trkpt lat="60.26544" lon="9.05454">
        <ele>732.9290771484375</ele>
        <time>2000-01-01T00:00:00Z</time>
      </trkpt>
      <trkpt lat="60.26536" lon="9.05426">
        <ele>732.8165893554688</ele>
        <time>2000-01-01T00:00:00Z</time>
      </trkpt>
      <trkpt lat="60.26522" lon="9.05371">
        <ele>732.6014404296875</ele>
        <time>2000-01-01T00:00:00Z</time>
      </trkpt>
      <trkpt lat="60.26498682837584" lon="9.052982505072151">
        <ele>732.2999877929688</ele>
        <time>2000-01-01T00:00:00Z</time>
      </trkpt>
      <trkpt lat="60.26497" lon="9.05293">
        <ele>732.2918090820312</ele>
        <time>2000-01-01T00:00:00Z</time>
      </trkpt>
      <trkpt lat="60.26485" lon="9.05273">
        <ele>732.2508544921875</ele>
        <time>2000-01-01T00:00:00Z</time>
      </trkpt>
      <trkpt lat="60.26476" lon="9.0526">
        <ele>732.2217407226562</ele>
        <time>2000-01-01T00:00:00Z</time>
      </trkpt>
      <trkpt lat="60.26463" lon="9.05251">
        <ele>732.185546875</ele>
        <time>2000-01-01T00:00:00Z</time>
      </trkpt>
      <trkpt lat="60.26456" lon="9.05251">
        <ele>732.1671142578125</ele>
        <time>2000-01-01T00:00:00Z</time>
      </trkpt>
      <trkpt lat="60.2645" lon="9.05253">
        <ele>732.151123046875</ele>
        <time>2000-01-01T00:00:00Z</time>
      </trkpt>
      <trkpt lat="60.26442" lon="9.0526">
        <ele>732.128173828125</ele>
        <time>2000-01-01T00:00:00Z</time>
      </trkpt>
      <trkpt lat="60.26398" lon="9.05303">
        <ele>731.9974975585938</ele>
        <time>2000-01-01T00:00:00Z</time>
      </trkpt>
      <trkpt lat="60.26354" lon="9.05358">
        <ele>731.2709350585938</ele>
        <time>2000-01-01T00:00:00Z</time>
      </trkpt>
      <trkpt lat="60.2629784290508" lon="9.054112524130788">
        <ele>730.4000244140625</ele>
        <time>2000-01-01T00:00:00Z</time>
      </trkpt>
      <trkpt lat="60.26296" lon="9.05413">
        <ele>730.3161010742188</ele>
        <time>2000-01-01T00:00:00Z</time>
      </trkpt>
      <trkpt lat="60.26288" lon="9.05418">
        <ele>729.9708251953125</ele>
        <time>2000-01-01T00:00:00Z</time>
      </trkpt>
      <trkpt lat="60.26276" lon="9.05421">
        <ele>729.4722900390625</ele>
        <time>2000-01-01T00:00:00Z</time>
      </trkpt>
      <trkpt lat="60.26266" lon="9.05419">
        <ele>729.0579833984375</ele>
        <time>2000-01-01T00:00:00Z</time>
      </trkpt>
      <trkpt lat="60.26259" lon="9.05413">
        <ele>728.744384765625</ele>
        <time>2000-01-01T00:00:00Z</time>
      </trkpt>
      <trkpt lat="60.26231" lon="9.05377">
        <ele>727.3753051757812</ele>
        <time>2000-01-01T00:00:00Z</time>
      </trkpt>
      <trkpt lat="60.26226" lon="9.05371">
        <ele>727.135498046875</ele>
        <time>2000-01-01T00:00:00Z</time>
      </trkpt>
      <trkpt lat="60.26216" lon="9.05367">
        <ele>726.7151489257812</ele>
        <time>2000-01-01T00:00:00Z</time>
      </trkpt>
      <trkpt lat="60.262" lon="9.05362">
        <ele>726.0476684570312</ele>
        <time>2000-01-01T00:00:00Z</time>
      </trkpt>
      <trkpt lat="60.261915679576425" lon="9.053620000000002">
        <ele>725.7000122070312</ele>
        <time>2000-01-01T00:00:00Z</time>
      </trkpt>
      <trkpt lat="60.2616" lon="9.05362">
        <ele>724.3986206054688</ele>
        <time>2000-01-01T00:00:00Z</time>
      </trkpt>
      <trkpt lat="60.26115" lon="9.05353">
        <ele>722.5344848632812</ele>
        <time>2000-01-01T00:00:00Z</time>
      </trkpt>
      <trkpt lat="60.26077781519609" lon="9.05352224615732">
        <ele>721.0</ele>
        <time>2000-01-01T00:00:00Z</time>
      </trkpt>
      <trkpt lat="60.26067" lon="9.05352">
        <ele>720.3380737304688</ele>
        <time>2000-01-01T00:00:00Z</time>
      </trkpt>
      <trkpt lat="60.26054" lon="9.05349">
        <ele>719.53466796875</ele>
        <time>2000-01-01T00:00:00Z</time>
      </trkpt>
      <trkpt lat="60.26044" lon="9.05345">
        <ele>718.9085693359375</ele>
        <time>2000-01-01T00:00:00Z</time>
      </trkpt>
      <trkpt lat="60.26035" lon="9.05339">
        <ele>718.3265380859375</ele>
        <time>2000-01-01T00:00:00Z</time>
      </trkpt>
      <trkpt lat="60.2603" lon="9.05334">
        <ele>717.9837646484375</ele>
        <time>2000-01-01T00:00:00Z</time>
      </trkpt>
      <trkpt lat="60.26011" lon="9.05293">
        <ele>716.2749633789062</ele>
        <time>2000-01-01T00:00:00Z</time>
      </trkpt>
      <trkpt lat="60.25998" lon="9.05276">
        <ele>715.323486328125</ele>
        <time>2000-01-01T00:00:00Z</time>
      </trkpt>
      <trkpt lat="60.25986" lon="9.05267">
        <ele>714.5374145507812</ele>
        <time>2000-01-01T00:00:00Z</time>
      </trkpt>
      <trkpt lat="60.259775171450926" lon="9.05262664541756">
        <ele>714.0</ele>
        <time>2000-01-01T00:00:00Z</time>
      </trkpt>
      <trkpt lat="60.25941" lon="9.05244">
        <ele>712.9756469726562</ele>
        <time>2000-01-01T00:00:00Z</time>
      </trkpt>
      <trkpt lat="60.25904" lon="9.05216">
        <ele>711.9010009765625</ele>
        <time>2000-01-01T00:00:00Z</time>
      </trkpt>
      <trkpt lat="60.25886" lon="9.05207">
        <ele>711.3967895507812</ele>
        <time>2000-01-01T00:00:00Z</time>
      </trkpt>
      <trkpt lat="60.258677541317944" lon="9.052088874999349">
        <ele>710.9000244140625</ele>
        <time>2000-01-01T00:00:00Z</time>
      </trkpt>
      <trkpt lat="60.25857" lon="9.0521">
        <ele>710.6828002929688</ele>
        <time>2000-01-01T00:00:00Z</time>
      </trkpt>
      <trkpt lat="60.2583" lon="9.05208">
        <ele>710.1376953125</ele>
        <time>2000-01-01T00:00:00Z</time>
      </trkpt>
      <trkpt lat="60.25819" lon="9.0521">
        <ele>709.9148559570312</ele>
        <time>2000-01-01T00:00:00Z</time>
      </trkpt>
      <trkpt lat="60.25806" lon="9.05216">
        <ele>709.6458129882812</ele>
        <time>2000-01-01T00:00:00Z</time>
      </trkpt>
      <trkpt lat="60.25789" lon="9.05228">
        <ele>709.2824096679688</ele>
        <time>2000-01-01T00:00:00Z</time>
      </trkpt>
      <trkpt lat="60.25777" lon="9.0524">
        <ele>709.0121459960938</ele>
        <time>2000-01-01T00:00:00Z</time>
      </trkpt>
      <trkpt lat="60.25760609596519" lon="9.0526458558844">
        <ele>708.5999755859375</ele>
        <time>2000-01-01T00:00:00Z</time>
      </trkpt>
      <trkpt lat="60.25757" lon="9.0527">
        <ele>708.3750610351562</ele>
        <time>2000-01-01T00:00:00Z</time>
      </trkpt>
      <trkpt lat="60.25748" lon="9.0528">
        <ele>707.8612060546875</ele>
        <time>2000-01-01T00:00:00Z</time>
      </trkpt>
      <trkpt lat="60.25739" lon="9.05285">
        <ele>707.3944091796875</ele>
        <time>2000-01-01T00:00:00Z</time>
      </trkpt>
      <trkpt lat="60.25734" lon="9.05286">
        <ele>707.143310546875</ele>
        <time>2000-01-01T00:00:00Z</time>
      </trkpt>
      <trkpt lat="60.25723" lon="9.05282">
        <ele>706.5844116210938</ele>
        <time>2000-01-01T00:00:00Z</time>
      </trkpt>
      <trkpt lat="60.25689" lon="9.05264">
        <ele>704.826904296875</ele>
        <time>2000-01-01T00:00:00Z</time>
      </trkpt>
      <trkpt lat="60.25679" lon="9.05256">
        <ele>704.2889404296875</ele>
        <time>2000-01-01T00:00:00Z</time>
      </trkpt>
      <trkpt lat="60.25659" lon="9.05223">
        <ele>702.9967041015625</ele>
        <time>2000-01-01T00:00:00Z</time>
      </trkpt>
      <trkpt lat="60.256573599076795" lon="9.052209350456033">
        <ele>702.9000244140625</ele>
        <time>2000-01-01T00:00:00Z</time>
      </trkpt>
      <trkpt lat="60.25632" lon="9.05189">
        <ele>701.1427001953125</ele>
        <time>2000-01-01T00:00:00Z</time>
      </trkpt>
      <trkpt lat="60.25591" lon="9.05149">
        <ele>698.4658813476562</ele>
        <time>2000-01-01T00:00:00Z</time>
      </trkpt>
      <trkpt lat="60.2555725624925" lon="9.051113998235019">
        <ele>696.2000122070312</ele>
        <time>2000-01-01T00:00:00Z</time>
      </trkpt>
      <trkpt lat="60.25556" lon="9.0511">
        <ele>696.1257934570312</ele>
        <time>2000-01-01T00:00:00Z</time>
      </trkpt>
      <trkpt lat="60.25506" lon="9.05075">
        <ele>693.386474609375</ele>
        <time>2000-01-01T00:00:00Z</time>
      </trkpt>
      <trkpt lat="60.25471" lon="9.05064">
        <ele>691.5533447265625</ele>
        <time>2000-01-01T00:00:00Z</time>
      </trkpt>
      <trkpt lat="60.25459" lon="9.05058">
        <ele>690.9134521484375</ele>
        <time>2000-01-01T00:00:00Z</time>
      </trkpt>
      <trkpt lat="60.25448251547991" lon="9.050479233375954">
        <ele>690.2999877929688</ele>
        <time>2000-01-01T00:00:00Z</time>
      </trkpt>
      <trkpt lat="60.25443" lon="9.05043">
        <ele>690.18310546875</ele>
        <time>2000-01-01T00:00:00Z</time>
      </trkpt>
      <trkpt lat="60.25419" lon="9.05025">
        <ele>689.6665649414062</ele>
        <time>2000-01-01T00:00:00Z</time>
      </trkpt>
      <trkpt lat="60.25396" lon="9.05018">
        <ele>689.197265625</ele>
        <time>2000-01-01T00:00:00Z</time>
      </trkpt>
      <trkpt lat="60.2538" lon="9.05017">
        <ele>688.8743286132812</ele>
        <time>2000-01-01T00:00:00Z</time>
      </trkpt>
      <trkpt lat="60.25367" lon="9.05018">
        <ele>688.6118774414062</ele>
        <time>2000-01-01T00:00:00Z</time>
      </trkpt>
      <trkpt lat="60.25337026343537" lon="9.050273667671734">
        <ele>688.0</ele>
        <time>2000-01-01T00:00:00Z</time>
      </trkpt>
      <trkpt lat="60.25335" lon="9.05028">
        <ele>687.864990234375</ele>
        <time>2000-01-01T00:00:00Z</time>
      </trkpt>
      <trkpt lat="60.25295" lon="9.05031">
        <ele>685.23193359375</ele>
        <time>2000-01-01T00:00:00Z</time>
      </trkpt>
      <trkpt lat="60.25283" lon="9.0503">
        <ele>684.4417724609375</ele>
        <time>2000-01-01T00:00:00Z</time>
      </trkpt>
      <trkpt lat="60.25272" lon="9.05028">
        <ele>683.715087890625</ele>
        <time>2000-01-01T00:00:00Z</time>
      </trkpt>
      <trkpt lat="60.25246" lon="9.05019">
        <ele>681.9796752929688</ele>
        <time>2000-01-01T00:00:00Z</time>
      </trkpt>
      <trkpt lat="60.25223723793662" lon="9.050127348254284">
        <ele>680.5</ele>
        <time>2000-01-01T00:00:00Z</time>
      </trkpt>
      <trkpt lat="60.25214" lon="9.0501">
        <ele>679.940185546875</ele>
        <time>2000-01-01T00:00:00Z</time>
      </trkpt>
      <trkpt lat="60.25196" lon="9.05001">
        <ele>678.8828735351562</ele>
        <time>2000-01-01T00:00:00Z</time>
      </trkpt>
      <trkpt lat="60.25157" lon="9.04963">
        <ele>676.4132690429688</ele>
        <time>2000-01-01T00:00:00Z</time>
      </trkpt>
      <trkpt lat="60.25138" lon="9.04952">
        <ele>675.2860717773438</ele>
        <time>2000-01-01T00:00:00Z</time>
      </trkpt>
      <trkpt lat="60.251159053902626" lon="9.049428287806114">
        <ele>674.0</ele>
        <time>2000-01-01T00:00:00Z</time>
      </trkpt>
      <trkpt lat="60.25085" lon="9.0493">
        <ele>672.8098754882812</ele>
        <time>2000-01-01T00:00:00Z</time>
      </trkpt>
      <trkpt lat="60.25059" lon="9.04924">
        <ele>671.8228149414062</ele>
        <time>2000-01-01T00:00:00Z</time>
      </trkpt>
      <trkpt lat="60.25049" lon="9.04919">
        <ele>671.4341430664062</ele>
        <time>2000-01-01T00:00:00Z</time>
      </trkpt>
      <trkpt lat="60.25013" lon="9.04886">
        <ele>669.9425048828125</ele>
        <time>2000-01-01T00:00:00Z</time>
      </trkpt>
      <trkpt lat="60.25006926477638" lon="9.048817485383475">
        <ele>669.7000122070312</ele>
        <time>2000-01-01T00:00:00Z</time>
      </trkpt>
      <trkpt lat="60.25003" lon="9.04879">
        <ele>669.6526489257812</ele>
        <time>2000-01-01T00:00:00Z</time>
      </trkpt>
      <trkpt lat="60.24993" lon="9.04874">
        <ele>669.5350952148438</ele>
        <time>2000-01-01T00:00:00Z</time>
      </trkpt>
      <trkpt lat="60.24946" lon="9.04861">
        <ele>668.9942016601562</ele>
        <time>2000-01-01T00:00:00Z</time>
      </trkpt>
      <trkpt lat="60.24902" lon="9.04841">
        <ele>668.4798583984375</ele>
        <time>2000-01-01T00:00:00Z</time>
      </trkpt>
      <trkpt lat="60.24895144884258" lon="9.048381437410923">
        <ele>668.4000244140625</ele>
        <time>2000-01-01T00:00:00Z</time>
      </trkpt>
      <trkpt lat="60.24878" lon="9.04831">
        <ele>668.5689697265625</ele>
        <time>2000-01-01T00:00:00Z</time>
      </trkpt>
      <trkpt lat="60.24837" lon="9.04808">
        <ele>668.9795532226562</ele>
        <time>2000-01-01T00:00:00Z</time>
      </trkpt>
      <trkpt lat="60.24829" lon="9.04806">
        <ele>669.0573120117188</ele>
        <time>2000-01-01T00:00:00Z</time>
      </trkpt>
      <trkpt lat="60.24813" lon="9.04811">
        <ele>669.2135620117188</ele>
        <time>2000-01-01T00:00:00Z</time>
      </trkpt>
      <trkpt lat="60.24783977601891" lon="9.048236183923908">
        <ele>669.5</ele>
        <time>2000-01-01T00:00:00Z</time>
      </trkpt>
      <trkpt lat="60.24767" lon="9.04831">
        <ele>669.1800537109375</ele>
        <time>2000-01-01T00:00:00Z</time>
      </trkpt>
      <trkpt lat="60.24739" lon="9.04836">
        <ele>668.6622924804688</ele>
        <time>2000-01-01T00:00:00Z</time>
      </trkpt>
      <trkpt lat="60.24727" lon="9.04846">
        <ele>668.423095703125</ele>
        <time>2000-01-01T00:00:00Z</time>
      </trkpt>
      <trkpt lat="60.24723" lon="9.04853">
        <ele>668.3255004882812</ele>
        <time>2000-01-01T00:00:00Z</time>
      </trkpt>
      <trkpt lat="60.24718" lon="9.04848">
        <ele>668.2227172851562</ele>
        <time>2000-01-01T00:00:00Z</time>
      </trkpt>
      <trkpt lat="60.24699" lon="9.04816">
        <ele>667.7666015625</ele>
        <time>2000-01-01T00:00:00Z</time>
      </trkpt>
      <trkpt lat="60.24689" lon="9.04806">
        <ele>667.5609130859375</ele>
        <time>2000-01-01T00:00:00Z</time>
      </trkpt>
      <trkpt lat="60.24680669223921" lon="9.048006985987778">
        <ele>667.4000244140625</ele>
        <time>2000-01-01T00:00:00Z</time>
      </trkpt>
      <trkpt lat="60.24678" lon="9.04799">
        <ele>667.1372680664062</ele>
        <time>2000-01-01T00:00:00Z</time>
      </trkpt>
      <trkpt lat="60.24669" lon="9.04795">
        <ele>666.2724609375</ele>
        <time>2000-01-01T00:00:00Z</time>
      </trkpt>
      <trkpt lat="60.24647" lon="9.0479">
        <ele>664.1946411132812</ele>
        <time>2000-01-01T00:00:00Z</time>
      </trkpt>
      <trkpt lat="60.24619" lon="9.0479">
        <ele>661.5667724609375</ele>
        <time>2000-01-01T00:00:00Z</time>
      </trkpt>
      <trkpt lat="60.24585" lon="9.04787">
        <ele>658.37255859375</ele>
        <time>2000-01-01T00:00:00Z</time>
      </trkpt>
      <trkpt lat="60.2457" lon="9.04787">
        <ele>656.9650268554688</ele>
        <time>2000-01-01T00:00:00Z</time>
      </trkpt>
      <trkpt lat="60.245671903548484" lon="9.047875267984104">
        <ele>656.7000122070312</ele>
        <time>2000-01-01T00:00:00Z</time>
      </trkpt>
      <trkpt lat="60.24554" lon="9.0479">
        <ele>655.6309814453125</ele>
        <time>2000-01-01T00:00:00Z</time>
      </trkpt>
      <trkpt lat="60.24539" lon="9.04796">
        <ele>654.3968505859375</ele>
        <time>2000-01-01T00:00:00Z</time>
      </trkpt>
      <trkpt lat="60.24501" lon="9.04819">
        <ele>651.1949462890625</ele>
        <time>2000-01-01T00:00:00Z</time>
      </trkpt>
      <trkpt lat="60.24459" lon="9.04847">
        <ele>647.625</ele>
        <time>2000-01-01T00:00:00Z</time>
      </trkpt>
      <trkpt lat="60.2445747482089" lon="9.04847549001916">
        <ele>647.5</ele>
        <time>2000-01-01T00:00:00Z</time>
      </trkpt>
      <trkpt lat="60.24434" lon="9.04856">
        <ele>643.7352905273438</ele>
        <time>2000-01-01T00:00:00Z</time>
      </trkpt>
      <trkpt lat="60.24422" lon="9.04856">
        <ele>641.8406372070312</ele>
        <time>2000-01-01T00:00:00Z</time>
      </trkpt>
      <trkpt lat="60.24413" lon="9.04854">
        <ele>640.4110717773438</ele>
        <time>2000-01-01T00:00:00Z</time>
      </trkpt>
      <trkpt lat="60.2437" lon="9.04827">
        <ele>633.3001098632812</ele>
        <time>2000-01-01T00:00:00Z</time>
      </trkpt>
      <trkpt lat="60.24348" lon="9.0482">
        <ele>629.7837524414062</ele>
        <time>2000-01-01T00:00:00Z</time>
      </trkpt>
      <trkpt lat="60.24346207989261" lon="9.0481976109777">
        <ele>629.5</ele>
        <time>2000-01-01T00:00:00Z</time>
      </trkpt>
      <trkpt lat="60.24318" lon="9.04816">
        <ele>626.6980590820312</ele>
        <time>2000-01-01T00:00:00Z</time>
      </trkpt>
      <trkpt lat="60.243" lon="9.04819">
        <ele>624.9077758789062</ele>
        <time>2000-01-01T00:00:00Z</time>
      </trkpt>
      <trkpt lat="60.24258" lon="9.04831">
        <ele>620.7032470703125</ele>
        <time>2000-01-01T00:00:00Z</time>
      </trkpt>
      <trkpt lat="60.2423274827665" lon="9.048317652031821">
        <ele>618.2000122070312</ele>
        <time>2000-01-01T00:00:00Z</time>
      </trkpt>
      <trkpt lat="60.24225" lon="9.04832">
        <ele>618.07763671875</ele>
        <time>2000-01-01T00:00:00Z</time>
      </trkpt>
      <trkpt lat="60.24183" lon="9.04839">
        <ele>617.4122924804688</ele>
        <time>2000-01-01T00:00:00Z</time>
      </trkpt>
      <trkpt lat="60.24137" lon="9.04852">
        <ele>616.6788940429688</ele>
        <time>2000-01-01T00:00:00Z</time>
      </trkpt>
      <trkpt lat="60.24122" lon="9.04853">
        <ele>616.44189453125</ele>
        <time>2000-01-01T00:00:00Z</time>
      </trkpt>
      <trkpt lat="60.24119354263222" lon="9.048525590483568">
        <ele>616.4000244140625</ele>
        <time>2000-01-01T00:00:00Z</time>
      </trkpt>
      <trkpt lat="60.2411" lon="9.04851">
        <ele>616.6799926757812</ele>
        <time>2000-01-01T00:00:00Z</time>
      </trkpt>
      <trkpt lat="60.24098" lon="9.04847">
        <ele>617.0426025390625</ele>
        <time>2000-01-01T00:00:00Z</time>
      </trkpt>
      <trkpt lat="60.24009462353305" lon="9.047933200216475">
        <ele>619.7999877929688</ele>
        <time>2000-01-01T00:00:00Z</time>
      </trkpt>
      <trkpt lat="60.23971" lon="9.0477">
        <ele>619.7999877929688</ele>
        <time>2000-01-01T00:00:00Z</time>
      </trkpt>
      <trkpt lat="60.23959" lon="9.04764">
        <ele>619.7999877929688</ele>
        <time>2000-01-01T00:00:00Z</time>
      </trkpt>
      <trkpt lat="60.23917" lon="9.04747">
        <ele>619.7999877929688</ele>
        <time>2000-01-01T00:00:00Z</time>
      </trkpt>
      <trkpt lat="60.238997682832824" lon="9.047327016149897">
        <ele>619.7999877929688</ele>
        <time>2000-01-01T00:00:00Z</time>
      </trkpt>
      <trkpt lat="60.2387" lon="9.04708">
        <ele>617.4845581054688</ele>
        <time>2000-01-01T00:00:00Z</time>
      </trkpt>
      <trkpt lat="60.23856" lon="9.04696">
        <ele>616.3901977539062</ele>
        <time>2000-01-01T00:00:00Z</time>
      </trkpt>
      <trkpt lat="60.23846" lon="9.04691">
        <ele>615.6490478515625</ele>
        <time>2000-01-01T00:00:00Z</time>
      </trkpt>
      <trkpt lat="60.2384" lon="9.04689">
        <ele>615.2116088867188</ele>
        <time>2000-01-01T00:00:00Z</time>
      </trkpt>
      <trkpt lat="60.23829" lon="9.04689">
        <ele>614.4205322265625</ele>
        <time>2000-01-01T00:00:00Z</time>
      </trkpt>
      <trkpt lat="60.23792" lon="9.04697">
        <ele>611.743896484375</ele>
        <time>2000-01-01T00:00:00Z</time>
      </trkpt>
      <trkpt lat="60.23790022776602" lon="9.046976411369862">
        <ele>611.5999755859375</ele>
        <time>2000-01-01T00:00:00Z</time>
      </trkpt>
      <trkpt lat="60.23755" lon="9.04709">
        <ele>605.8433227539062</ele>
        <time>2000-01-01T00:00:00Z</time>
      </trkpt>
      <trkpt lat="60.23733" lon="9.04715">
        <ele>602.2407836914062</ele>
        <time>2000-01-01T00:00:00Z</time>
      </trkpt>
      <trkpt lat="60.23722" lon="9.04716">
        <ele>600.4544067382812</ele>
        <time>2000-01-01T00:00:00Z</time>
      </trkpt>
      <trkpt lat="60.23715" lon="9.04714">
        <ele>599.3070678710938</ele>
        <time>2000-01-01T00:00:00Z</time>
      </trkpt>
      <trkpt lat="60.23703" lon="9.04704">
        <ele>597.1998291015625</ele>
        <time>2000-01-01T00:00:00Z</time>
      </trkpt>
      <trkpt lat="60.23682027032571" lon="9.046756254076696">
        <ele>593.0999755859375</ele>
        <time>2000-01-01T00:00:00Z</time>
      </trkpt>
      <trkpt lat="60.23652" lon="9.04635">
        <ele>587.5160522460938</ele>
        <time>2000-01-01T00:00:00Z</time>
      </trkpt>
      <trkpt lat="60.23635" lon="9.04618">
        <ele>584.5861206054688</ele>
        <time>2000-01-01T00:00:00Z</time>
      </trkpt>
      <trkpt lat="60.23627" lon="9.04612">
        <ele>583.2685546875</ele>
        <time>2000-01-01T00:00:00Z</time>
      </trkpt>
      <trkpt lat="60.23585" lon="9.04595">
        <ele>576.6549682617188</ele>
        <time>2000-01-01T00:00:00Z</time>
      </trkpt>
      <trkpt lat="60.235778283910804" lon="9.045906973221376">
        <ele>575.5</ele>
        <time>2000-01-01T00:00:00Z</time>
      </trkpt>
      <trkpt lat="60.2354" lon="9.04568">
        <ele>572.0032348632812</ele>
        <time>2000-01-01T00:00:00Z</time>
      </trkpt>
      <trkpt lat="60.23515" lon="9.04556">
        <ele>569.7263793945312</ele>
        <time>2000-01-01T00:00:00Z</time>
      </trkpt>
      <trkpt lat="60.234671419097864" lon="9.045364217353884">
        <ele>565.4000244140625</ele>
        <time>2000-01-01T00:00:00Z</time>
      </trkpt>
      <trkpt lat="60.23449" lon="9.04529">
        <ele>563.71142578125</ele>
        <time>2000-01-01T00:00:00Z</time>
      </trkpt>
      <trkpt lat="60.23408" lon="9.04515">
        <ele>559.9176635742188</ele>
        <time>2000-01-01T00:00:00Z</time>
      </trkpt>
      <trkpt lat="60.23365" lon="9.04496">
        <ele>555.9019775390625</ele>
        <time>2000-01-01T00:00:00Z</time>
      </trkpt>
      <trkpt lat="60.23355538275401" lon="9.044902272471989">
        <ele>555.0</ele>
        <time>2000-01-01T00:00:00Z</time>
      </trkpt>
      <trkpt lat="60.23306" lon="9.0446">
        <ele>546.6010131835938</ele>
        <time>2000-01-01T00:00:00Z</time>
      </trkpt>
      <trkpt lat="60.23255" lon="9.04433">
        <ele>538.0443115234375</ele>
        <time>2000-01-01T00:00:00Z</time>
      </trkpt>
      <trkpt lat="60.23245907521916" lon="9.044273480831286">
        <ele>536.5</ele>
        <time>2000-01-01T00:00:00Z</time>
      </trkpt>
      <trkpt lat="60.23218" lon="9.0441">
        <ele>534.6298828125</ele>
        <time>2000-01-01T00:00:00Z</time>
      </trkpt>
      <trkpt lat="60.23138191960424" lon="9.043522665908842">
        <ele>529.2000122070312</ele>
        <time>2000-01-01T00:00:00Z</time>
      </trkpt>
      <trkpt lat="60.23124" lon="9.04342">
        <ele>528.9619750976562</ele>
        <time>2000-01-01T00:00:00Z</time>
      </trkpt>
      <trkpt lat="60.23103" lon="9.04319">
        <ele>528.5845336914062</ele>
        <time>2000-01-01T00:00:00Z</time>
      </trkpt>
      <trkpt lat="60.2308" lon="9.04283">
        <ele>528.1246337890625</ele>
        <time>2000-01-01T00:00:00Z</time>
      </trkpt>
      <trkpt lat="60.23071" lon="9.04272">
        <ele>527.9584350585938</ele>
        <time>2000-01-01T00:00:00Z</time>
      </trkpt>
      <trkpt lat="60.23038" lon="9.04246">
        <ele>527.4032592773438</ele>
        <time>2000-01-01T00:00:00Z</time>
      </trkpt>
      <trkpt lat="60.23022" lon="9.04238">
        <ele>528.2274780273438</ele>
        <time>2000-01-01T00:00:00Z</time>
      </trkpt>
      <trkpt lat="60.22992" lon="9.04219">
        <ele>529.7998046875</ele>
        <time>2000-01-01T00:00:00Z</time>
      </trkpt>
      <trkpt lat="60.22978" lon="9.04216">
        <ele>530.5037841796875</ele>
        <time>2000-01-01T00:00:00Z</time>
      </trkpt>
      <trkpt lat="60.22966" lon="9.04216">
        <ele>531.103759765625</ele>
        <time>2000-01-01T00:00:00Z</time>
      </trkpt>
      <trkpt lat="60.22959" lon="9.04219">
        <ele>531.4615478515625</ele>
        <time>2000-01-01T00:00:00Z</time>
      </trkpt>
      <trkpt lat="60.229286625166495" lon="9.042439547129328">
        <ele>533.0999755859375</ele>
        <time>2000-01-01T00:00:00Z</time>
      </trkpt>
      <trkpt lat="60.22897" lon="9.0427">
        <ele>534.0599365234375</ele>
        <time>2000-01-01T00:00:00Z</time>
      </trkpt>
      <trkpt lat="60.22856" lon="9.04295">
        <ele>535.2623291015625</ele>
        <time>2000-01-01T00:00:00Z</time>
      </trkpt>
      <trkpt lat="60.22831" lon="9.04307">
        <ele>535.983642578125</ele>
        <time>2000-01-01T00:00:00Z</time>
      </trkpt>
      <trkpt lat="60.22819871535877" lon="9.043105769774646">
        <ele>536.2999877929688</ele>
        <time>2000-01-01T00:00:00Z</time>
      </trkpt>
      <trkpt lat="60.22803" lon="9.04316">
        <ele>536.5247802734375</ele>
        <time>2000-01-01T00:00:00Z</time>
      </trkpt>
      <trkpt lat="60.22791" lon="9.04318">
        <ele>536.6831665039062</ele>
        <time>2000-01-01T00:00:00Z</time>
      </trkpt>
      <trkpt lat="60.22781" lon="9.04319">
        <ele>536.81494140625</ele>
        <time>2000-01-01T00:00:00Z</time>
      </trkpt>
      <trkpt lat="60.22758" lon="9.04314">
        <ele>537.1193237304688</ele>
        <time>2000-01-01T00:00:00Z</time>
      </trkpt>
      <trkpt lat="60.22738" lon="9.04306">
        <ele>537.3875732421875</ele>
        <time>2000-01-01T00:00:00Z</time>
      </trkpt>
      <trkpt lat="60.227082447771714" lon="9.042861634932732">
        <ele>537.7999877929688</ele>
        <time>2000-01-01T00:00:00Z</time>
      </trkpt>
      <trkpt lat="60.22672" lon="9.04262">
        <ele>537.3981323242188</ele>
        <time>2000-01-01T00:00:00Z</time>
      </trkpt>
      <trkpt lat="60.22651" lon="9.04249">
        <ele>537.1668701171875</ele>
        <time>2000-01-01T00:00:00Z</time>
      </trkpt>
      <trkpt lat="60.22633" lon="9.04241">
        <ele>536.9728393554688</ele>
        <time>2000-01-01T00:00:00Z</time>
      </trkpt>
      <trkpt lat="60.22614" lon="9.04235">
        <ele>536.7703857421875</ele>
        <time>2000-01-01T00:00:00Z</time>
      </trkpt>
      <trkpt lat="60.225979098996596" lon="9.04231355968199">
        <ele>536.5999755859375</ele>
        <time>2000-01-01T00:00:00Z</time>
      </trkpt>
      <trkpt lat="60.2248461614194" lon="9.042056736377733">
        <ele>536.2000122070312</ele>
        <time>2000-01-01T00:00:00Z</time>
      </trkpt>
      <trkpt lat="60.22389" lon="9.04184">
        <ele>533.8368530273438</ele>
        <time>2000-01-01T00:00:00Z</time>
      </trkpt>
      <trkpt lat="60.22371349599698" lon="9.041795874160188">
        <ele>533.4000244140625</ele>
        <time>2000-01-01T00:00:00Z</time>
      </trkpt>
      <trkpt lat="60.22357" lon="9.04176">
        <ele>532.1697387695312</ele>
        <time>2000-01-01T00:00:00Z</time>
      </trkpt>
      <trkpt lat="60.22336" lon="9.04173">
        <ele>530.3786010742188</ele>
        <time>2000-01-01T00:00:00Z</time>
      </trkpt>
      <trkpt lat="60.22321" lon="9.04166">
        <ele>529.0684814453125</ele>
        <time>2000-01-01T00:00:00Z</time>
      </trkpt>
      <trkpt lat="60.22275" lon="9.04126">
        <ele>524.805419921875</ele>
        <time>2000-01-01T00:00:00Z</time>
      </trkpt>
      <trkpt lat="60.222636180357945" lon="9.041133814141325">
        <ele>523.7000122070312</ele>
        <time>2000-01-01T00:00:00Z</time>
      </trkpt>
      <trkpt lat="60.22229" lon="9.04075">
        <ele>519.9563598632812</ele>
        <time>2000-01-01T00:00:00Z</time>
      </trkpt>
      <trkpt lat="60.22193" lon="9.04045">
        <ele>516.2655029296875</ele>
        <time>2000-01-01T00:00:00Z</time>
      </trkpt>
      <trkpt lat="60.22175" lon="9.04032">
        <ele>514.4539794921875</ele>
        <time>2000-01-01T00:00:00Z</time>
      </trkpt>
      <trkpt lat="60.22158839578146" lon="9.040263438540727">
        <ele>512.9000244140625</ele>
        <time>2000-01-01T00:00:00Z</time>
      </trkpt>
      <trkpt lat="60.22155" lon="9.04025">
        <ele>512.2676391601562</ele>
        <time>2000-01-01T00:00:00Z</time>
      </trkpt>
      <trkpt lat="60.22108" lon="9.04014">
        <ele>504.5897521972656</ele>
        <time>2000-01-01T00:00:00Z</time>
      </trkpt>
      <trkpt lat="60.22092" lon="9.04008">
        <ele>501.9488525390625</ele>
        <time>2000-01-01T00:00:00Z</time>
      </trkpt>
      <trkpt lat="60.2204679970011" lon="9.0398584299674">
        <ele>494.3999938964844</ele>
        <time>2000-01-01T00:00:00Z</time>
      </trkpt>
      <trkpt lat="60.22041" lon="9.03983">
        <ele>493.86065673828125</ele>
        <time>2000-01-01T00:00:00Z</time>
      </trkpt>
      <trkpt lat="60.21979" lon="9.03947">
        <ele>488.0310363769531</ele>
        <time>2000-01-01T00:00:00Z</time>
      </trkpt>
      <trkpt lat="60.21959" lon="9.03927">
        <ele>486.0133361816406</ele>
        <time>2000-01-01T00:00:00Z</time>
      </trkpt>
      <trkpt lat="60.219407850747736" lon="9.039052434603098">
        <ele>484.1000061035156</ele>
        <time>2000-01-01T00:00:00Z</time>
      </trkpt>
      <trkpt lat="60.21923" lon="9.03884">
        <ele>481.4338073730469</ele>
        <time>2000-01-01T00:00:00Z</time>
      </trkpt>
      <trkpt lat="60.21911" lon="9.03876">
        <ele>479.8036804199219</ele>
        <time>2000-01-01T00:00:00Z</time>
      </trkpt>
      <trkpt lat="60.21902" lon="9.03873">
        <ele>478.6274108886719</ele>
        <time>2000-01-01T00:00:00Z</time>
      </trkpt>
      <trkpt lat="60.21883" lon="9.03871">
        <ele>476.174560546875</ele>
        <time>2000-01-01T00:00:00Z</time>
      </trkpt>
      <trkpt lat="60.21835" lon="9.03873">
        <ele>469.9839782714844</ele>
        <time>2000-01-01T00:00:00Z</time>
      </trkpt>
      <trkpt lat="60.21830471597068" lon="9.038727255663355">
        <ele>469.3999938964844</ele>
        <time>2000-01-01T00:00:00Z</time>
      </trkpt>
      <trkpt lat="60.21802" lon="9.03871">
        <ele>466.1771240234375</ele>
        <time>2000-01-01T00:00:00Z</time>
      </trkpt>
      <trkpt lat="60.21787" lon="9.03872">
        <ele>464.47857666015625</ele>
        <time>2000-01-01T00:00:00Z</time>
      </trkpt>
      <trkpt lat="60.21717" lon="9.03881">
        <ele>456.5419006347656</ele>
        <time>2000-01-01T00:00:00Z</time>
      </trkpt>
      <trkpt lat="60.21704" lon="9.03881">
        <ele>455.1706848144531</ele>
        <time>2000-01-01T00:00:00Z</time>
      </trkpt>
      <trkpt lat="60.21642" lon="9.03852">
        <ele>448.4707946777344</ele>
        <time>2000-01-01T00:00:00Z</time>
      </trkpt>
      <trkpt lat="60.21605782782915" lon="9.038307420895139">
        <ele>444.5</ele>
        <time>2000-01-01T00:00:00Z</time>
      </trkpt>
      <trkpt lat="60.21596" lon="9.03825">
        <ele>443.52581787109375</ele>
        <time>2000-01-01T00:00:00Z</time>
      </trkpt>
      <trkpt lat="60.21587" lon="9.03823">
        <ele>442.66009521484375</ele>
        <time>2000-01-01T00:00:00Z</time>
      </trkpt>
      <trkpt lat="60.21562" lon="9.03822">
        <ele>440.2696228027344</ele>
        <time>2000-01-01T00:00:00Z</time>
      </trkpt>
      <trkpt lat="60.21523" lon="9.03814">
        <ele>436.5216064453125</ele>
        <time>2000-01-01T00:00:00Z</time>
      </trkpt>
      <trkpt lat="60.21492763319238" lon="9.03805106860006">
        <ele>433.6000061035156</ele>
        <time>2000-01-01T00:00:00Z</time>
      </trkpt>
      <trkpt lat="60.21489" lon="9.03804">
        <ele>433.3031921386719</ele>
        <time>2000-01-01T00:00:00Z</time>
      </trkpt>
      <trkpt lat="60.21444" lon="9.03768">
        <ele>429.52294921875</ele>
        <time>2000-01-01T00:00:00Z</time>
      </trkpt>
      <trkpt lat="60.21432" lon="9.03757">
        <ele>428.4935302734375</ele>
        <time>2000-01-01T00:00:00Z</time>
      </trkpt>
      <trkpt lat="60.21412" lon="9.037">
        <ele>425.7872619628906</ele>
        <time>2000-01-01T00:00:00Z</time>
      </trkpt>
      <trkpt lat="60.21401741161479" lon="9.036810372851635">
        <ele>424.70001220703125</ele>
        <time>2000-01-01T00:00:00Z</time>
      </trkpt>
      <trkpt lat="60.21379" lon="9.03639">
        <ele>423.9417419433594</ele>
        <time>2000-01-01T00:00:00Z</time>
      </trkpt>
      <trkpt lat="60.21363" lon="9.03618">
        <ele>423.47259521484375</ele>
        <time>2000-01-01T00:00:00Z</time>
      </trkpt>
      <trkpt lat="60.21339" lon="9.03597">
        <ele>422.8299255371094</ele>
        <time>2000-01-01T00:00:00Z</time>
      </trkpt>
      <trkpt lat="60.21323" lon="9.0359">
        <ele>422.42779541015625</ele>
        <time>2000-01-01T00:00:00Z</time>
      </trkpt>
      <trkpt lat="60.21313" lon="9.03588">
        <ele>422.1810302734375</ele>
        <time>2000-01-01T00:00:00Z</time>
      </trkpt>
      <trkpt lat="60.21301557793925" lon="9.03588">
        <ele>421.8999938964844</ele>
        <time>2000-01-01T00:00:00Z</time>
      </trkpt>
      <trkpt lat="60.21276" lon="9.03588">
        <ele>420.9584655761719</ele>
        <time>2000-01-01T00:00:00Z</time>
      </trkpt>
      <trkpt lat="60.21264" lon="9.03585">
        <ele>420.5129699707031</ele>
        <time>2000-01-01T00:00:00Z</time>
      </trkpt>
      <trkpt lat="60.21253" lon="9.03581">
        <ele>420.1011657714844</ele>
        <time>2000-01-01T00:00:00Z</time>
      </trkpt>
      <trkpt lat="60.21214" lon="9.03558">
        <ele>418.60400390625</ele>
        <time>2000-01-01T00:00:00Z</time>
      </trkpt>
      <trkpt lat="60.21195" lon="9.0355">
        <ele>417.8888854980469</ele>
        <time>2000-01-01T00:00:00Z</time>
      </trkpt>
      <trkpt lat="60.211898913524074" lon="9.03549119228941">
        <ele>417.70001220703125</ele>
        <time>2000-01-01T00:00:00Z</time>
      </trkpt>
      <trkpt lat="60.21166" lon="9.03545">
        <ele>417.1531982421875</ele>
        <time>2000-01-01T00:00:00Z</time>
      </trkpt>
      <trkpt lat="60.21133" lon="9.03543">
        <ele>416.4002685546875</ele>
        <time>2000-01-01T00:00:00Z</time>
      </trkpt>
      <trkpt lat="60.2111" lon="9.03537">
        <ele>415.8713684082031</ele>
        <time>2000-01-01T00:00:00Z</time>
      </trkpt>
      <trkpt lat="60.21077" lon="9.03522">
        <ele>415.099609375</ele>
        <time>2000-01-01T00:00:00Z</time>
      </trkpt>
      <trkpt lat="60.21026" lon="9.0349">
        <ele>412.0069274902344</ele>
        <time>2000-01-01T00:00:00Z</time>
      </trkpt>
      <trkpt lat="60.20986" lon="9.03469">
        <ele>409.6138916015625</ele>
        <time>2000-01-01T00:00:00Z</time>
      </trkpt>
      <trkpt lat="60.20967080038508" lon="9.034619726165941">
        <ele>408.5</ele>
        <time>2000-01-01T00:00:00Z</time>
      </trkpt>
      <trkpt lat="60.20951" lon="9.03456">
        <ele>407.7541198730469</ele>
        <time>2000-01-01T00:00:00Z</time>
      </trkpt>
      <trkpt lat="60.209" lon="9.03445">
        <ele>405.41461181640625</ele>
        <time>2000-01-01T00:00:00Z</time>
      </trkpt>
      <trkpt lat="60.20882" lon="9.03439">
        <ele>404.5823974609375</ele>
        <time>2000-01-01T00:00:00Z</time>
      </trkpt>
      <trkpt lat="60.20865" lon="9.03427">
        <ele>403.7607116699219</ele>
        <time>2000-01-01T00:00:00Z</time>
      </trkpt>
      <trkpt lat="60.20855854728085" lon="9.03418362828859">
        <ele>403.29998779296875</ele>
        <time>2000-01-01T00:00:00Z</time>
      </trkpt>
      <trkpt lat="60.20847" lon="9.0341">
        <ele>403.3428955078125</ele>
        <time>2000-01-01T00:00:00Z</time>
      </trkpt>
      <trkpt lat="60.20814" lon="9.03372">
        <ele>403.5096435546875</ele>
        <time>2000-01-01T00:00:00Z</time>
      </trkpt>
      <trkpt lat="60.20799" lon="9.03359">
        <ele>403.58123779296875</ele>
        <time>2000-01-01T00:00:00Z</time>
      </trkpt>
      <trkpt lat="60.2079" lon="9.03354">
        <ele>403.6221923828125</ele>
        <time>2000-01-01T00:00:00Z</time>
      </trkpt>
      <trkpt lat="60.20774" lon="9.03346">
        <ele>403.6944885253906</ele>
        <time>2000-01-01T00:00:00Z</time>
      </trkpt>
      <trkpt lat="60.20765" lon="9.03343">
        <ele>403.7344970703125</ele>
        <time>2000-01-01T00:00:00Z</time>
      </trkpt>
      <trkpt lat="60.207501384596405" lon="9.03340086051435">
        <ele>403.79998779296875</ele>
        <time>2000-01-01T00:00:00Z</time>
      </trkpt>
      <trkpt lat="60.20714" lon="9.03333">
        <ele>403.3540954589844</ele>
        <time>2000-01-01T00:00:00Z</time>
      </trkpt>
      <trkpt lat="60.20696" lon="9.03327">
        <ele>403.13006591796875</ele>
        <time>2000-01-01T00:00:00Z</time>
      </trkpt>
      <trkpt lat="60.20677" lon="9.03315">
        <ele>402.8855285644531</ele>
        <time>2000-01-01T00:00:00Z</time>
      </trkpt>
      <trkpt lat="60.20639851643376" lon="9.032877578917489">
        <ele>402.3999938964844</ele>
        <time>2000-01-01T00:00:00Z</time>
      </trkpt>
      <trkpt lat="60.20632" lon="9.03282">
        <ele>402.23138427734375</ele>
        <time>2000-01-01T00:00:00Z</time>
      </trkpt>
      <trkpt lat="60.20589" lon="9.03255">
        <ele>401.32269287109375</ele>
        <time>2000-01-01T00:00:00Z</time>
      </trkpt>
      <trkpt lat="60.20530179399366" lon="9.032255922699628">
        <ele>400.1000061035156</ele>
        <time>2000-01-01T00:00:00Z</time>
      </trkpt>
      <trkpt lat="60.20419537478237" lon="9.031702687849052">
        <ele>396.8999938964844</ele>
        <time>2000-01-01T00:00:00Z</time>
      </trkpt>
      <trkpt lat="60.20405" lon="9.03163">
        <ele>396.5189514160156</ele>
        <time>2000-01-01T00:00:00Z</time>
      </trkpt>
      <trkpt lat="60.20319" lon="9.03118">
        <ele>394.2586669921875</ele>
        <time>2000-01-01T00:00:00Z</time>
      </trkpt>
      <trkpt lat="60.20309" lon="9.03112">
        <ele>393.9860534667969</ele>
        <time>2000-01-01T00:00:00Z</time>
      </trkpt>
      <trkpt lat="60.20224" lon="9.03072">
        <ele>389.39190673828125</ele>
        <time>2000-01-01T00:00:00Z</time>
      </trkpt>
      <trkpt lat="60.20198364543418" lon="9.030589096324414">
        <ele>388.0</ele>
        <time>2000-01-01T00:00:00Z</time>
      </trkpt>
      <trkpt lat="60.20177" lon="9.03048">
        <ele>387.7293395996094</ele>
        <time>2000-01-01T00:00:00Z</time>
      </trkpt>
      <trkpt lat="60.20135" lon="9.03018">
        <ele>387.1820373535156</ele>
        <time>2000-01-01T00:00:00Z</time>
      </trkpt>
      <trkpt lat="60.20091349235653" lon="9.029808381753124">
        <ele>386.6000061035156</ele>
        <time>2000-01-01T00:00:00Z</time>
      </trkpt>
      <trkpt lat="60.20061" lon="9.02955">
        <ele>384.8946228027344</ele>
        <time>2000-01-01T00:00:00Z</time>
      </trkpt>
      <trkpt lat="60.20033" lon="9.02934">
        <ele>383.34820556640625</ele>
        <time>2000-01-01T00:00:00Z</time>
      </trkpt>
      <trkpt lat="60.19999" lon="9.02913">
        <ele>381.5077819824219</ele>
        <time>2000-01-01T00:00:00Z</time>
      </trkpt>
      <trkpt lat="60.199837023374535" lon="9.029067676371179">
        <ele>380.70001220703125</ele>
        <time>2000-01-01T00:00:00Z</time>
      </trkpt>
      <trkpt lat="60.19972" lon="9.02902">
        <ele>379.9564514160156</ele>
        <time>2000-01-01T00:00:00Z</time>
      </trkpt>
      <trkpt lat="60.19947" lon="9.02886">
        <ele>378.32269287109375</ele>
        <time>2000-01-01T00:00:00Z</time>
      </trkpt>
      <trkpt lat="60.19941" lon="9.02873">
        <ele>377.7735900878906</ele>
        <time>2000-01-01T00:00:00Z</time>
      </trkpt>
      <trkpt lat="60.19937" lon="9.0286">
        <ele>377.30023193359375</ele>
        <time>2000-01-01T00:00:00Z</time>
      </trkpt>
      <trkpt lat="60.19929" lon="9.02791">
        <ele>375.10723876953125</ele>
        <time>2000-01-01T00:00:00Z</time>
      </trkpt>
      <trkpt lat="60.19925" lon="9.02775">
        <ele>374.55303955078125</ele>
        <time>2000-01-01T00:00:00Z</time>
      </trkpt>
      <trkpt lat="60.19915" lon="9.02754">
        <ele>373.65289306640625</ele>
        <time>2000-01-01T00:00:00Z</time>
      </trkpt>
      <trkpt lat="60.19907" lon="9.02744">
        <ele>373.517333984375</ele>
        <time>2000-01-01T00:00:00Z</time>
      </trkpt>
      <trkpt lat="60.19888" lon="9.02725">
        <ele>373.3125915527344</ele>
        <time>2000-01-01T00:00:00Z</time>
      </trkpt>
      <trkpt lat="60.19877" lon="9.02718">
        <ele>373.2012939453125</ele>
        <time>2000-01-01T00:00:00Z</time>
      </trkpt>
      <trkpt lat="60.1987" lon="9.02715">
        <ele>373.1322326660156</ele>
        <time>2000-01-01T00:00:00Z</time>
      </trkpt>
      <trkpt lat="60.19863" lon="9.02715">
        <ele>373.064697265625</ele>
        <time>2000-01-01T00:00:00Z</time>
      </trkpt>
      <trkpt lat="60.19815" lon="9.02722">
        <ele>372.6003723144531</ele>
        <time>2000-01-01T00:00:00Z</time>
      </trkpt>
      <trkpt lat="60.19804" lon="9.02721">
        <ele>372.491455078125</ele>
        <time>2000-01-01T00:00:00Z</time>
      </trkpt>
      <trkpt lat="60.19793" lon="9.02718">
        <ele>372.335693359375</ele>
        <time>2000-01-01T00:00:00Z</time>
      </trkpt>
      <trkpt lat="60.19766" lon="9.02707">
        <ele>371.9490661621094</ele>
        <time>2000-01-01T00:00:00Z</time>
      </trkpt>
      <trkpt lat="60.19693865292237" lon="9.026675775839532">
        <ele>370.8999938964844</ele>
        <time>2000-01-01T00:00:00Z</time>
      </trkpt>
      <trkpt lat="60.1968" lon="9.0266">
        <ele>370.4462890625</ele>
        <time>2000-01-01T00:00:00Z</time>
      </trkpt>
      <trkpt lat="60.19672" lon="9.02658">
        <ele>370.1918029785156</ele>
        <time>2000-01-01T00:00:00Z</time>
      </trkpt>
      <trkpt lat="60.19662" lon="9.02662">
        <ele>369.86981201171875</ele>
        <time>2000-01-01T00:00:00Z</time>
      </trkpt>
      <trkpt lat="60.1963" lon="9.02701">
        <ele>368.6885070800781</ele>
        <time>2000-01-01T00:00:00Z</time>
      </trkpt>
      <trkpt lat="60.19608" lon="9.02722">
        <ele>367.9195556640625</ele>
        <time>2000-01-01T00:00:00Z</time>
      </trkpt>
      <trkpt lat="60.19592" lon="9.02735">
        <ele>367.3746643066406</ele>
        <time>2000-01-01T00:00:00Z</time>
      </trkpt>
      <trkpt lat="60.19589722773624" lon="9.027362870478365">
        <ele>367.29998779296875</ele>
        <time>2000-01-01T00:00:00Z</time>
      </trkpt>
      <trkpt lat="60.19569" lon="9.02748">
        <ele>366.56365966796875</ele>
        <time>2000-01-01T00:00:00Z</time>
      </trkpt>
      <trkpt lat="60.19561" lon="9.02749">
        <ele>366.28948974609375</ele>
        <time>2000-01-01T00:00:00Z</time>
      </trkpt>
      <trkpt lat="60.19555" lon="9.02746">
        <ele>366.07794189453125</ele>
        <time>2000-01-01T00:00:00Z</time>
      </trkpt>
      <trkpt lat="60.19549" lon="9.02732">
        <ele>365.7636413574219</ele>
        <time>2000-01-01T00:00:00Z</time>
      </trkpt>
      <trkpt lat="60.19541" lon="9.0268">
        <ele>364.8381042480469</ele>
        <time>2000-01-01T00:00:00Z</time>
      </trkpt>
      <trkpt lat="60.19538" lon="9.02654">
        <ele>364.3842468261719</ele>
        <time>2000-01-01T00:00:00Z</time>
      </trkpt>
      <trkpt lat="60.1954" lon="9.02615">
        <ele>363.7176513671875</ele>
        <time>2000-01-01T00:00:00Z</time>
      </trkpt>
      <trkpt lat="60.195425646486015" lon="9.02597047440076">
        <ele>363.3999938964844</ele>
        <time>2000-01-01T00:00:00Z</time>
      </trkpt>
      <trkpt lat="60.19543" lon="9.02594">
        <ele>363.3833923339844</ele>
        <time>2000-01-01T00:00:00Z</time>
      </trkpt>
      <trkpt lat="60.19548" lon="9.02571">
        <ele>363.2520751953125</ele>
        <time>2000-01-01T00:00:00Z</time>
      </trkpt>
      <trkpt lat="60.1956" lon="9.02536">
        <ele>363.0296325683594</ele>
        <time>2000-01-01T00:00:00Z</time>
      </trkpt>
      <trkpt lat="60.19577" lon="9.02494">
        <ele>362.7462463378906</ele>
        <time>2000-01-01T00:00:00Z</time>
      </trkpt>
      <trkpt lat="60.19583" lon="9.02474">
        <ele>362.6240539550781</ele>
        <time>2000-01-01T00:00:00Z</time>
      </trkpt>
      <trkpt lat="60.19587" lon="9.02437">
        <ele>362.42596435546875</ele>
        <time>2000-01-01T00:00:00Z</time>
      </trkpt>
      <trkpt lat="60.19585" lon="9.02413">
        <ele>362.29864501953125</ele>
        <time>2000-01-01T00:00:00Z</time>
      </trkpt>
      <trkpt lat="60.19582229463535" lon="9.02394991841718">
        <ele>362.20001220703125</ele>
        <time>2000-01-01T00:00:00Z</time>
      </trkpt>
      <trkpt lat="60.19579" lon="9.02374">
        <ele>362.152099609375</ele>
        <time>2000-01-01T00:00:00Z</time>
      </trkpt>
      <trkpt lat="60.19569" lon="9.02324">
        <ele>362.0346374511719</ele>
        <time>2000-01-01T00:00:00Z</time>
      </trkpt>
      <trkpt lat="60.19553" lon="9.02279">
        <ele>361.9140319824219</ele>
        <time>2000-01-01T00:00:00Z</time>
      </trkpt>
      <trkpt lat="60.19547" lon="9.02267">
        <ele>361.8769226074219</ele>
        <time>2000-01-01T00:00:00Z</time>
      </trkpt>
      <trkpt lat="60.19537" lon="9.02253">
        <ele>361.823486328125</ele>
        <time>2000-01-01T00:00:00Z</time>
      </trkpt>
      <trkpt lat="60.195107010204175" lon="9.022327722666082">
        <ele>361.70001220703125</ele>
        <time>2000-01-01T00:00:00Z</time>
      </trkpt>
      <trkpt lat="60.1942" lon="9.02163">
        <ele>360.6778869628906</ele>
        <time>2000-01-01T00:00:00Z</time>
      </trkpt>
      <trkpt lat="60.194042951087226" lon="9.021504376676171">
        <ele>360.5</ele>
        <time>2000-01-01T00:00:00Z</time>
      </trkpt>
      <trkpt lat="60.1933" lon="9.02091">
        <ele>358.3961181640625</ele>
        <time>2000-01-01T00:00:00Z</time>
      </trkpt>
      <trkpt lat="60.19307" lon="9.02078">
        <ele>357.7674865722656</ele>
        <time>2000-01-01T00:00:00Z</time>
      </trkpt>
      <trkpt lat="60.192968967005235" lon="9.02075754826645">
        <ele>357.5</ele>
        <time>2000-01-01T00:00:00Z</time>
      </trkpt>
      <trkpt lat="60.19289" lon="9.02074">
        <ele>357.2212829589844</ele>
        <time>2000-01-01T00:00:00Z</time>
      </trkpt>
      <trkpt lat="60.19269" lon="9.02075">
        <ele>356.5193786621094</ele>
        <time>2000-01-01T00:00:00Z</time>
      </trkpt>
      <trkpt lat="60.19247" lon="9.02081">
        <ele>355.7403259277344</ele>
        <time>2000-01-01T00:00:00Z</time>
      </trkpt>
      <trkpt lat="60.19203" lon="9.021">
        <ele>354.161376953125</ele>
        <time>2000-01-01T00:00:00Z</time>
      </trkpt>
      <trkpt lat="60.19184663212703" lon="9.021088015005319">
        <ele>353.5</ele>
        <time>2000-01-01T00:00:00Z</time>
      </trkpt>
      <trkpt lat="60.19153" lon="9.02124">
        <ele>351.52984619140625</ele>
        <time>2000-01-01T00:00:00Z</time>
      </trkpt>
      <trkpt lat="60.19104" lon="9.02145">
        <ele>348.4977722167969</ele>
        <time>2000-01-01T00:00:00Z</time>
      </trkpt>
      <trkpt lat="60.19085" lon="9.02148">
        <ele>347.3443908691406</ele>
        <time>2000-01-01T00:00:00Z</time>
      </trkpt>
      <trkpt lat="60.19072" lon="9.02146">
        <ele>346.5948181152344</ele>
        <time>2000-01-01T00:00:00Z</time>
      </trkpt>
      <trkpt lat="60.19056" lon="9.0214">
        <ele>346.4805908203125</ele>
        <time>2000-01-01T00:00:00Z</time>
      </trkpt>
      <trkpt lat="60.18983" lon="9.02106">
        <ele>345.9548034667969</ele>
        <time>2000-01-01T00:00:00Z</time>
      </trkpt>
      <trkpt lat="60.18961890677325" lon="9.02093111685823">
        <ele>345.79998779296875</ele>
        <time>2000-01-01T00:00:00Z</time>
      </trkpt>
      <trkpt lat="60.18852803903823" lon="9.02026475488499">
        <ele>342.8999938964844</ele>
        <time>2000-01-01T00:00:00Z</time>
      </trkpt>
      <trkpt lat="60.18798" lon="9.01993">
        <ele>340.63934326171875</ele>
        <time>2000-01-01T00:00:00Z</time>
      </trkpt>
      <trkpt lat="60.18764" lon="9.01966">
        <ele>339.19647216796875</ele>
        <time>2000-01-01T00:00:00Z</time>
      </trkpt>
      <trkpt lat="60.18745661336291" lon="9.019490585586887">
        <ele>338.3999938964844</ele>
        <time>2000-01-01T00:00:00Z</time>
      </trkpt>
      <trkpt lat="60.18672" lon="9.01881">
        <ele>324.60595703125</ele>
        <time>2000-01-01T00:00:00Z</time>
      </trkpt>
      <trkpt lat="60.18656" lon="9.01861">
        <ele>321.40057373046875</ele>
        <time>2000-01-01T00:00:00Z</time>
      </trkpt>
      <trkpt lat="60.18646" lon="9.01842">
        <ele>319.0595397949219</ele>
        <time>2000-01-01T00:00:00Z</time>
      </trkpt>
      <trkpt lat="60.18639" lon="9.01825">
        <ele>317.9842224121094</ele>
        <time>2000-01-01T00:00:00Z</time>
      </trkpt>
      <trkpt lat="60.18636" lon="9.01813">
        <ele>317.3459167480469</ele>
        <time>2000-01-01T00:00:00Z</time>
      </trkpt>
      <trkpt lat="60.18634" lon="9.01786">
        <ele>316.0481872558594</ele>
        <time>2000-01-01T00:00:00Z</time>
      </trkpt>
      <trkpt lat="60.18637" lon="9.01746">
        <ele>314.1254577636719</ele>
        <time>2000-01-01T00:00:00Z</time>
      </trkpt>
      <trkpt lat="60.18651" lon="9.01661">
        <ele>309.86907958984375</ele>
        <time>2000-01-01T00:00:00Z</time>
      </trkpt>
      <trkpt lat="60.18652" lon="9.01632">
        <ele>308.4872131347656</ele>
        <time>2000-01-01T00:00:00Z</time>
      </trkpt>
      <trkpt lat="60.18650881122869" lon="9.016241678945201">
        <ele>308.1000061035156</ele>
        <time>2000-01-01T00:00:00Z</time>
      </trkpt>
      <trkpt lat="60.1865" lon="9.01618">
        <ele>307.8089599609375</ele>
        <time>2000-01-01T00:00:00Z</time>
      </trkpt>
      <trkpt lat="60.18643" lon="9.01595">
        <ele>306.5859069824219</ele>
        <time>2000-01-01T00:00:00Z</time>
      </trkpt>
      <trkpt lat="60.18631" lon="9.01574">
        <ele>305.1347351074219</ele>
        <time>2000-01-01T00:00:00Z</time>
      </trkpt>
      <trkpt lat="60.18599" lon="9.01532">
        <ele>301.6490478515625</ele>
        <time>2000-01-01T00:00:00Z</time>
      </trkpt>
      <trkpt lat="60.18584" lon="9.01517">
        <ele>300.1210021972656</ele>
        <time>2000-01-01T00:00:00Z</time>
      </trkpt>
      <trkpt lat="60.18575" lon="9.01515">
        <ele>299.2950134277344</ele>
        <time>2000-01-01T00:00:00Z</time>
      </trkpt>
      <trkpt lat="60.18567" lon="9.01519">
        <ele>298.5430603027344</ele>
        <time>2000-01-01T00:00:00Z</time>
      </trkpt>
      <trkpt lat="60.185584894522954" lon="9.015262425589567">
        <ele>297.70001220703125</ele>
        <time>2000-01-01T00:00:00Z</time>
      </trkpt>
      <trkpt lat="60.1852" lon="9.01559">
        <ele>295.83038330078125</ele>
        <time>2000-01-01T00:00:00Z</time>
      </trkpt>
      <trkpt lat="60.18514" lon="9.01568">
        <ele>295.49554443359375</ele>
        <time>2000-01-01T00:00:00Z</time>
      </trkpt>
      <trkpt lat="60.18512" lon="9.01577">
        <ele>295.2763977050781</ele>
        <time>2000-01-01T00:00:00Z</time>
      </trkpt>
      <trkpt lat="60.1851" lon="9.01589">
        <ele>294.9949035644531</ele>
        <time>2000-01-01T00:00:00Z</time>
      </trkpt>
      <trkpt lat="60.1851" lon="9.01605">
        <ele>294.6389465332031</ele>
        <time>2000-01-01T00:00:00Z</time>
      </trkpt>
      <trkpt lat="60.1848" lon="9.01625">
        <ele>293.22528076171875</ele>
        <time>2000-01-01T00:00:00Z</time>
      </trkpt>
      <trkpt lat="60.18466576659176" lon="9.016328300484087">
        <ele>292.6000061035156</ele>
        <time>2000-01-01T00:00:00Z</time>
      </trkpt>
      <trkpt lat="60.18432" lon="9.01653">
        <ele>295.78948974609375</ele>
        <time>2000-01-01T00:00:00Z</time>
      </trkpt>
      <trkpt lat="60.18407" lon="9.01663">
        <ele>298.0476379394531</ele>
        <time>2000-01-01T00:00:00Z</time>
      </trkpt>
      <trkpt lat="60.18388" lon="9.01668">
        <ele>299.7453308105469</ele>
        <time>2000-01-01T00:00:00Z</time>
      </trkpt>
      <trkpt lat="60.18354688480344" lon="9.016713311505914">
        <ele>302.70001220703125</ele>
        <time>2000-01-01T00:00:00Z</time>
      </trkpt>
      <trkpt lat="60.18348" lon="9.01672">
        <ele>302.8821105957031</ele>
        <time>2000-01-01T00:00:00Z</time>
      </trkpt>
      <trkpt lat="60.18312" lon="9.01672">
        <ele>303.8609619140625</ele>
        <time>2000-01-01T00:00:00Z</time>
      </trkpt>
      <trkpt lat="60.18285" lon="9.01667">
        <ele>304.5982971191406</ele>
        <time>2000-01-01T00:00:00Z</time>
      </trkpt>
      <trkpt lat="60.18251" lon="9.01657">
        <ele>305.5326232910156</ele>
        <time>2000-01-01T00:00:00Z</time>
      </trkpt>
      <trkpt lat="60.18241408625135" lon="9.01652640306976">
        <ele>305.79998779296875</ele>
        <time>2000-01-01T00:00:00Z</time>
      </trkpt>
      <trkpt lat="60.18229" lon="9.01647">
        <ele>304.9073486328125</ele>
        <time>2000-01-01T00:00:00Z</time>
      </trkpt>
      <trkpt lat="60.18209" lon="9.01636">
        <ele>303.45233154296875</ele>
        <time>2000-01-01T00:00:00Z</time>
      </trkpt>
      <trkpt lat="60.18166" lon="9.01605">
        <ele>300.2470703125</ele>
        <time>2000-01-01T00:00:00Z</time>
      </trkpt>
      <trkpt lat="60.18134280566677" lon="9.01575853056491">
        <ele>297.79998779296875</ele>
        <time>2000-01-01T00:00:00Z</time>
      </trkpt>
      <trkpt lat="60.18092" lon="9.01537">
        <ele>294.8641052246094</ele>
        <time>2000-01-01T00:00:00Z</time>
      </trkpt>
      <trkpt lat="60.18064" lon="9.01522">
        <ele>293.0341796875</ele>
        <time>2000-01-01T00:00:00Z</time>
      </trkpt>
      <trkpt lat="60.1804" lon="9.01515">
        <ele>291.50274658203125</ele>
        <time>2000-01-01T00:00:00Z</time>
      </trkpt>
      <trkpt lat="60.180257109034464" lon="9.01514350496435">
        <ele>290.6000061035156</ele>
        <time>2000-01-01T00:00:00Z</time>
      </trkpt>
      <trkpt lat="60.18018" lon="9.01514">
        <ele>290.49176025390625</ele>
        <time>2000-01-01T00:00:00Z</time>
      </trkpt>
      <trkpt lat="60.17994" lon="9.01515">
        <ele>290.1548767089844</ele>
        <time>2000-01-01T00:00:00Z</time>
      </trkpt>
      <trkpt lat="60.17911757596254" lon="9.015207045011312">
        <ele>289.0</ele>
        <time>2000-01-01T00:00:00Z</time>
      </trkpt>
      <trkpt lat="60.17821" lon="9.01527">
        <ele>289.9558410644531</ele>
        <time>2000-01-01T00:00:00Z</time>
      </trkpt>
      <trkpt lat="60.177978476641734" lon="9.015298063401293">
        <ele>290.20001220703125</ele>
        <time>2000-01-01T00:00:00Z</time>
      </trkpt>
      <trkpt lat="60.17788" lon="9.01531">
        <ele>290.3471374511719</ele>
        <time>2000-01-01T00:00:00Z</time>
      </trkpt>
      <trkpt lat="60.17735" lon="9.01544">
        <ele>291.14324951171875</ele>
        <time>2000-01-01T00:00:00Z</time>
      </trkpt>
      <trkpt lat="60.17696" lon="9.01557">
        <ele>291.7326965332031</ele>
        <time>2000-01-01T00:00:00Z</time>
      </trkpt>
      <trkpt lat="60.176850498625925" lon="9.0156190629213">
        <ele>291.8999938964844</ele>
        <time>2000-01-01T00:00:00Z</time>
      </trkpt>
      <trkpt lat="60.175737800181956" lon="9.016118264095201">
        <ele>291.1000061035156</ele>
        <time>2000-01-01T00:00:00Z</time>
      </trkpt>
      <trkpt lat="60.17482" lon="9.01653">
        <ele>290.1101989746094</ele>
        <time>2000-01-01T00:00:00Z</time>
      </trkpt>
      <trkpt lat="60.17466" lon="9.01661">
        <ele>289.9366760253906</ele>
        <time>2000-01-01T00:00:00Z</time>
      </trkpt>
      <trkpt lat="60.174626682230944" lon="9.016630569997256">
        <ele>289.8999938964844</ele>
        <time>2000-01-01T00:00:00Z</time>
      </trkpt>
      <trkpt lat="60.17398" lon="9.01703">
        <ele>288.2978210449219</ele>
        <time>2000-01-01T00:00:00Z</time>
      </trkpt>
      <trkpt lat="60.17369" lon="9.01724">
        <ele>287.5678405761719</ele>
        <time>2000-01-01T00:00:00Z</time>
      </trkpt>
      <trkpt lat="60.17355093651551" lon="9.017379062959053">
        <ele>287.20001220703125</ele>
        <time>2000-01-01T00:00:00Z</time>
      </trkpt>
      <trkpt lat="60.17344" lon="9.01749">
        <ele>286.67828369140625</ele>
        <time>2000-01-01T00:00:00Z</time>
      </trkpt>
      <trkpt lat="60.17322" lon="9.01776">
        <ele>285.59307861328125</ele>
        <time>2000-01-01T00:00:00Z</time>
      </trkpt>
      <trkpt lat="60.17276" lon="9.01841">
        <ele>283.225830078125</ele>
        <time>2000-01-01T00:00:00Z</time>
      </trkpt>
      <trkpt lat="60.17259220178872" lon="9.018614275816429">
        <ele>282.3999938964844</ele>
        <time>2000-01-01T00:00:00Z</time>
      </trkpt>
      <trkpt lat="60.17253" lon="9.01869">
        <ele>281.92803955078125</ele>
        <time>2000-01-01T00:00:00Z</time>
      </trkpt>
      <trkpt lat="60.17233" lon="9.01886">
        <ele>280.51861572265625</ele>
        <time>2000-01-01T00:00:00Z</time>
      </trkpt>
      <trkpt lat="60.17221" lon="9.01894">
        <ele>279.6980285644531</ele>
        <time>2000-01-01T00:00:00Z</time>
      </trkpt>
      <trkpt lat="60.17208" lon="9.019">
        <ele>278.83221435546875</ele>
        <time>2000-01-01T00:00:00Z</time>
      </trkpt>
      <trkpt lat="60.1719" lon="9.01906">
        <ele>277.64794921875</ele>
        <time>2000-01-01T00:00:00Z</time>
      </trkpt>
      <trkpt lat="60.17167" lon="9.01908">
        <ele>276.1538391113281</ele>
        <time>2000-01-01T00:00:00Z</time>
      </trkpt>
      <trkpt lat="60.17149253434532" lon="9.019059523217779">
        <ele>275.0</ele>
        <time>2000-01-01T00:00:00Z</time>
      </trkpt>
      <trkpt lat="60.17141" lon="9.01905">
        <ele>274.95648193359375</ele>
        <time>2000-01-01T00:00:00Z</time>
      </trkpt>
      <trkpt lat="60.17035713947618" lon="9.018853467192882">
        <ele>274.3999938964844</ele>
        <time>2000-01-01T00:00:00Z</time>
      </trkpt>
      <trkpt lat="60.16991" lon="9.01877">
        <ele>274.1636657714844</ele>
        <time>2000-01-01T00:00:00Z</time>
      </trkpt>
      <trkpt lat="60.16954" lon="9.01872">
        <ele>273.968505859375</ele>
        <time>2000-01-01T00:00:00Z</time>
      </trkpt>
      <trkpt lat="60.169219997218036" lon="9.018697674250285">
        <ele>273.79998779296875</ele>
        <time>2000-01-01T00:00:00Z</time>
      </trkpt>
      <trkpt lat="60.16911" lon="9.01869">
        <ele>273.751708984375</ele>
        <time>2000-01-01T00:00:00Z</time>
      </trkpt>
      <trkpt lat="60.16859" lon="9.01872">
        <ele>273.5235595703125</ele>
        <time>2000-01-01T00:00:00Z</time>
      </trkpt>
      <trkpt lat="60.16857" lon="9.01834">
        <ele>273.440185546875</ele>
        <time>2000-01-01T00:00:00Z</time>
      </trkpt>
      <trkpt lat="60.16854" lon="9.01818">
        <ele>273.40289306640625</ele>
        <time>2000-01-01T00:00:00Z</time>
      </trkpt>
      <trkpt lat="60.16855063665672" lon="9.017708803669422">
        <ele>273.29998779296875</ele>
        <time>2000-01-01T00:00:00Z</time>
      </trkpt>
      <trkpt lat="60.16860402810758" lon="9.01541944197692">
        <ele>270.8999938964844</ele>
        <time>2000-01-01T00:00:00Z</time>
      </trkpt>
      <trkpt lat="60.16865737849398" lon="9.013130141073988">
        <ele>271.1000061035156</ele>
        <time>2000-01-01T00:00:00Z</time>
      </trkpt>
      <trkpt lat="60.1687" lon="9.0113">
        <ele>274.53753662109375</ele>
        <time>2000-01-01T00:00:00Z</time>
      </trkpt>
      <trkpt lat="60.16847544799456" lon="9.01121324184715">
        <ele>275.3999938964844</ele>
        <time>2000-01-01T00:00:00Z</time>
      </trkpt>
      <trkpt lat="60.16826" lon="9.01113">
        <ele>275.5924377441406</ele>
        <time>2000-01-01T00:00:00Z</time>
      </trkpt>
      <trkpt lat="60.16816" lon="9.01106">
        <ele>275.685302734375</ele>
        <time>2000-01-01T00:00:00Z</time>
      </trkpt>
      <trkpt lat="60.167390206873364" lon="9.010523090079182">
        <ele>276.3999938964844</ele>
        <time>2000-01-01T00:00:00Z</time>
      </trkpt>
      <trkpt lat="60.16697" lon="9.01023">
        <ele>276.2049255371094</ele>
        <time>2000-01-01T00:00:00Z</time>
      </trkpt>
      <trkpt lat="60.16630758831254" lon="9.009805395029295">
        <ele>275.8999938964844</ele>
        <time>2000-01-01T00:00:00Z</time>
      </trkpt>
      <trkpt lat="60.16541" lon="9.00923">
        <ele>275.0736083984375</ele>
        <time>2000-01-01T00:00:00Z</time>
      </trkpt>
      <trkpt lat="60.16521995216356" lon="9.009118592855394">
        <ele>274.8999938964844</ele>
        <time>2000-01-01T00:00:00Z</time>
      </trkpt>
      <trkpt lat="60.16512" lon="9.00906">
        <ele>274.6534423828125</ele>
        <time>2000-01-01T00:00:00Z</time>
      </trkpt>
      <trkpt lat="60.1649" lon="9.00895">
        <ele>274.1164855957031</ele>
        <time>2000-01-01T00:00:00Z</time>
      </trkpt>
      <trkpt lat="60.16471" lon="9.00892">
        <ele>273.6651611328125</ele>
        <time>2000-01-01T00:00:00Z</time>
      </trkpt>
      <trkpt lat="60.16462" lon="9.00893">
        <ele>273.45166015625</ele>
        <time>2000-01-01T00:00:00Z</time>
      </trkpt>
      <trkpt lat="60.16437" lon="9.009">
        <ele>272.8538818359375</ele>
        <time>2000-01-01T00:00:00Z</time>
      </trkpt>
      <trkpt lat="60.16409822201772" lon="9.00909783404289">
        <ele>272.20001220703125</ele>
        <time>2000-01-01T00:00:00Z</time>
      </trkpt>
      <trkpt lat="60.16337" lon="9.00936">
        <ele>271.1617736816406</ele>
        <time>2000-01-01T00:00:00Z</time>
      </trkpt>
      <trkpt lat="60.162980750175464" lon="9.009547587191967">
        <ele>270.6000061035156</ele>
        <time>2000-01-01T00:00:00Z</time>
      </trkpt>
      <trkpt lat="60.16254" lon="9.00976">
        <ele>270.1229248046875</ele>
        <time>2000-01-01T00:00:00Z</time>
      </trkpt>
      <trkpt lat="60.16243" lon="9.00982">
        <ele>270.0029602050781</ele>
        <time>2000-01-01T00:00:00Z</time>
      </trkpt>
      <trkpt lat="60.16231" lon="9.0099">
        <ele>269.8699035644531</ele>
        <time>2000-01-01T00:00:00Z</time>
      </trkpt>
      <trkpt lat="60.16202" lon="9.01021">
        <ele>269.5241394042969</ele>
        <time>2000-01-01T00:00:00Z</time>
      </trkpt>
      <trkpt lat="60.161908867558054" lon="9.010289380290875">
        <ele>269.3999938964844</ele>
        <time>2000-01-01T00:00:00Z</time>
      </trkpt>
      <trkpt lat="60.16188" lon="9.01031">
        <ele>269.37042236328125</ele>
        <time>2000-01-01T00:00:00Z</time>
      </trkpt>
      <trkpt lat="60.1618" lon="9.01034">
        <ele>269.2919006347656</ele>
        <time>2000-01-01T00:00:00Z</time>
      </trkpt>
      <trkpt lat="60.16142" lon="9.01044">
        <ele>268.9221496582031</ele>
        <time>2000-01-01T00:00:00Z</time>
      </trkpt>
      <trkpt lat="60.160783396678454" lon="9.010645959875607">
        <ele>268.29998779296875</ele>
        <time>2000-01-01T00:00:00Z</time>
      </trkpt>
      <trkpt lat="60.16074" lon="9.01066">
        <ele>268.3231201171875</ele>
        <time>2000-01-01T00:00:00Z</time>
      </trkpt>
      <trkpt lat="60.16006" lon="9.01078">
        <ele>268.682373046875</ele>
        <time>2000-01-01T00:00:00Z</time>
      </trkpt>
      <trkpt lat="60.15965345432593" lon="9.010932006165067">
        <ele>268.8999938964844</ele>
        <time>2000-01-01T00:00:00Z</time>
      </trkpt>
      <trkpt lat="60.15891" lon="9.01121">
        <ele>269.8286437988281</ele>
        <time>2000-01-01T00:00:00Z</time>
      </trkpt>
      <trkpt lat="60.15865" lon="9.01128">
        <ele>270.1507568359375</ele>
        <time>2000-01-01T00:00:00Z</time>
      </trkpt>
      <trkpt lat="60.15855" lon="9.01129">
        <ele>270.2737121582031</ele>
        <time>2000-01-01T00:00:00Z</time>
      </trkpt>
      <trkpt lat="60.158528647492034" lon="9.011287153315344">
        <ele>270.29998779296875</ele>
        <time>2000-01-01T00:00:00Z</time>
      </trkpt>
      <trkpt lat="60.15825" lon="9.01125">
        <ele>270.1285400390625</ele>
        <time>2000-01-01T00:00:00Z</time>
      </trkpt>
      <trkpt lat="60.157404452232306" lon="9.010925446589965">
        <ele>269.6000061035156</ele>
        <time>2000-01-01T00:00:00Z</time>
      </trkpt>
      <trkpt lat="60.15726" lon="9.01087">
        <ele>269.4839172363281</ele>
        <time>2000-01-01T00:00:00Z</time>
      </trkpt>
      <trkpt lat="60.15697" lon="9.0108">
        <ele>269.2533264160156</ele>
        <time>2000-01-01T00:00:00Z</time>
      </trkpt>
      <trkpt lat="60.15665" lon="9.01075">
        <ele>268.99993896484375</ele>
        <time>2000-01-01T00:00:00Z</time>
      </trkpt>
      <trkpt lat="60.15656" lon="9.01075">
        <ele>268.9289245605469</ele>
        <time>2000-01-01T00:00:00Z</time>
      </trkpt>
      <trkpt lat="60.15637" lon="9.01079">
        <ele>268.7781066894531</ele>
        <time>2000-01-01T00:00:00Z</time>
      </trkpt>
      <trkpt lat="60.156272585650896" lon="9.010824381475494">
        <ele>268.70001220703125</ele>
        <time>2000-01-01T00:00:00Z</time>
      </trkpt>
      <trkpt lat="60.1562" lon="9.01085">
        <ele>268.7388000488281</ele>
        <time>2000-01-01T00:00:00Z</time>
      </trkpt>
      <trkpt lat="60.15592" lon="9.01101">
        <ele>268.8919982910156</ele>
        <time>2000-01-01T00:00:00Z</time>
      </trkpt>
      <trkpt lat="60.15546" lon="9.0113">
        <ele>269.14569091796875</ele>
        <time>2000-01-01T00:00:00Z</time>
      </trkpt>
      <trkpt lat="60.15518324565894" lon="9.011494475781113">
        <ele>269.29998779296875</ele>
        <time>2000-01-01T00:00:00Z</time>
      </trkpt>
      <trkpt lat="60.15509" lon="9.01156">
        <ele>269.3519592285156</ele>
        <time>2000-01-01T00:00:00Z</time>
      </trkpt>
      <trkpt lat="60.15457" lon="9.01184">
        <ele>269.63531494140625</ele>
        <time>2000-01-01T00:00:00Z</time>
      </trkpt>
      <trkpt lat="60.1543" lon="9.01199">
        <ele>269.7827453613281</ele>
        <time>2000-01-01T00:00:00Z</time>
      </trkpt>
      <trkpt lat="60.154088956650625" lon="9.012133509432847">
        <ele>269.8999938964844</ele>
        <time>2000-01-01T00:00:00Z</time>
      </trkpt>
      <trkpt lat="60.15405" lon="9.01216">
        <ele>269.9504699707031</ele>
        <time>2000-01-01T00:00:00Z</time>
      </trkpt>
      <trkpt lat="60.15402" lon="9.01217">
        <ele>269.9878234863281</ele>
        <time>2000-01-01T00:00:00Z</time>
      </trkpt>
      <trkpt lat="60.154" lon="9.01215">
        <ele>270.0152893066406</ele>
        <time>2000-01-01T00:00:00Z</time>
      </trkpt>
      <trkpt lat="60.15392" lon="9.01199">
        <ele>270.15386962890625</ele>
        <time>2000-01-01T00:00:00Z</time>
      </trkpt>
      <trkpt lat="60.15384" lon="9.01196">
        <ele>270.2538146972656</ele>
        <time>2000-01-01T00:00:00Z</time>
      </trkpt>
      <trkpt lat="60.15379" lon="9.01198">
        <ele>270.3164367675781</ele>
        <time>2000-01-01T00:00:00Z</time>
      </trkpt>
      <trkpt lat="60.15334" lon="9.01233">
        <ele>270.90899658203125</ele>
        <time>2000-01-01T00:00:00Z</time>
      </trkpt>
      <trkpt lat="60.15315" lon="9.01244">
        <ele>271.15179443359375</ele>
        <time>2000-01-01T00:00:00Z</time>
      </trkpt>
      <trkpt lat="60.153032015786636" lon="9.012490971366045">
        <ele>271.29998779296875</ele>
        <time>2000-01-01T00:00:00Z</time>
      </trkpt>
      <trkpt lat="60.151917426108604" lon="9.012972788499553">
        <ele>275.3999938964844</ele>
        <time>2000-01-01T00:00:00Z</time>
      </trkpt>
      <trkpt lat="60.1516" lon="9.01311">
        <ele>277.99163818359375</ele>
        <time>2000-01-01T00:00:00Z</time>
      </trkpt>
      <trkpt lat="60.15122" lon="9.01319">
        <ele>281.04132080078125</ele>
        <time>2000-01-01T00:00:00Z</time>
      </trkpt>
      <trkpt lat="60.15078803181423" lon="9.013257949038925">
        <ele>284.5</ele>
        <time>2000-01-01T00:00:00Z</time>
      </trkpt>
      <trkpt lat="60.15033" lon="9.01333">
        <ele>285.66864013671875</ele>
        <time>2000-01-01T00:00:00Z</time>
      </trkpt>
      <trkpt lat="60.15019" lon="9.01332">
        <ele>286.02496337890625</ele>
        <time>2000-01-01T00:00:00Z</time>
      </trkpt>
      <trkpt lat="60.14981" lon="9.01318">
        <ele>287.0077209472656</ele>
        <time>2000-01-01T00:00:00Z</time>
      </trkpt>
      <trkpt lat="60.14965660462144" lon="9.013147706569708">
        <ele>287.3999938964844</ele>
        <time>2000-01-01T00:00:00Z</time>
      </trkpt>
      <trkpt lat="60.14943" lon="9.0131">
        <ele>287.06024169921875</ele>
        <time>2000-01-01T00:00:00Z</time>
      </trkpt>
      <trkpt lat="60.14913" lon="9.01301">
        <ele>286.60797119140625</ele>
        <time>2000-01-01T00:00:00Z</time>
      </trkpt>
      <trkpt lat="60.14897" lon="9.01301">
        <ele>286.369384765625</ele>
        <time>2000-01-01T00:00:00Z</time>
      </trkpt>
      <trkpt lat="60.14852293912335" lon="9.013091283735639">
        <ele>285.70001220703125</ele>
        <time>2000-01-01T00:00:00Z</time>
      </trkpt>
      <trkpt lat="60.14842" lon="9.01311">
        <ele>285.3827209472656</ele>
        <time>2000-01-01T00:00:00Z</time>
      </trkpt>
      <trkpt lat="60.14832" lon="9.01311">
        <ele>285.07574462890625</ele>
        <time>2000-01-01T00:00:00Z</time>
      </trkpt>
      <trkpt lat="60.14812" lon="9.01309">
        <ele>284.4609680175781</ele>
        <time>2000-01-01T00:00:00Z</time>
      </trkpt>
      <trkpt lat="60.14798" lon="9.01303">
        <ele>284.0215148925781</ele>
        <time>2000-01-01T00:00:00Z</time>
      </trkpt>
      <trkpt lat="60.14778" lon="9.01287">
        <ele>283.3606262207031</ele>
        <time>2000-01-01T00:00:00Z</time>
      </trkpt>
      <trkpt lat="60.14744304933936" lon="9.012525562200354">
        <ele>282.20001220703125</ele>
        <time>2000-01-01T00:00:00Z</time>
      </trkpt>
      <trkpt lat="60.14733" lon="9.01241">
        <ele>282.4225158691406</ele>
        <time>2000-01-01T00:00:00Z</time>
      </trkpt>
      <trkpt lat="60.14693" lon="9.01207">
        <ele>283.1844482421875</ele>
        <time>2000-01-01T00:00:00Z</time>
      </trkpt>
      <trkpt lat="60.14664" lon="9.0117">
        <ele>283.7871398925781</ele>
        <time>2000-01-01T00:00:00Z</time>
      </trkpt>
      <trkpt lat="60.14653" lon="9.0116">
        <ele>283.99896240234375</ele>
        <time>2000-01-01T00:00:00Z</time>
      </trkpt>
      <trkpt lat="60.14645" lon="9.01155">
        <ele>284.14593505859375</ele>
        <time>2000-01-01T00:00:00Z</time>
      </trkpt>
      <trkpt lat="60.1464193436158" lon="9.011543596814468">
        <ele>284.20001220703125</ele>
        <time>2000-01-01T00:00:00Z</time>
      </trkpt>
      <trkpt lat="60.14578" lon="9.01141">
        <ele>286.680908203125</ele>
        <time>2000-01-01T00:00:00Z</time>
      </trkpt>
      <trkpt lat="60.14555" lon="9.01133">
        <ele>287.5817565917969</ele>
        <time>2000-01-01T00:00:00Z</time>
      </trkpt>
      <trkpt lat="60.14539" lon="9.01126">
        <ele>288.21368408203125</ele>
        <time>2000-01-01T00:00:00Z</time>
      </trkpt>
      <trkpt lat="60.14529904899838" lon="9.01117604529163">
        <ele>288.6000061035156</ele>
        <time>2000-01-01T00:00:00Z</time>
      </trkpt>
      <trkpt lat="60.14526" lon="9.01114">
        <ele>289.0033874511719</ele>
        <time>2000-01-01T00:00:00Z</time>
      </trkpt>
      <trkpt lat="60.14512" lon="9.01093">
        <ele>290.64306640625</ele>
        <time>2000-01-01T00:00:00Z</time>
      </trkpt>
      <trkpt lat="60.14507" lon="9.0108">
        <ele>291.4106140136719</ele>
        <time>2000-01-01T00:00:00Z</time>
      </trkpt>
      <trkpt lat="60.14491" lon="9.01018">
        <ele>294.6733703613281</ele>
        <time>2000-01-01T00:00:00Z</time>
      </trkpt>
      <trkpt lat="60.14473" lon="9.0096">
        <ele>297.86663818359375</ele>
        <time>2000-01-01T00:00:00Z</time>
      </trkpt>
      <trkpt lat="60.14462953407021" lon="9.009368930421099">
        <ele>299.29998779296875</ele>
        <time>2000-01-01T00:00:00Z</time>
      </trkpt>
      <trkpt lat="60.14453" lon="9.00914">
        <ele>299.976806640625</ele>
        <time>2000-01-01T00:00:00Z</time>
      </trkpt>
      <trkpt lat="60.14443" lon="9.00895">
        <ele>300.5926818847656</ele>
        <time>2000-01-01T00:00:00Z</time>
      </trkpt>
      <trkpt lat="60.14437" lon="9.00887">
        <ele>300.9147644042969</ele>
        <time>2000-01-01T00:00:00Z</time>
      </trkpt>
      <trkpt lat="60.14429" lon="9.00882">
        <ele>301.2895812988281</ele>
        <time>2000-01-01T00:00:00Z</time>
      </trkpt>
      <trkpt lat="60.14413" lon="9.00875">
        <ele>302.02203369140625</ele>
        <time>2000-01-01T00:00:00Z</time>
      </trkpt>
      <trkpt lat="60.14408" lon="9.00877">
        <ele>302.25018310546875</ele>
        <time>2000-01-01T00:00:00Z</time>
      </trkpt>
      <trkpt lat="60.14404" lon="9.00886">
        <ele>302.5189208984375</ele>
        <time>2000-01-01T00:00:00Z</time>
      </trkpt>
      <trkpt lat="60.14394" lon="9.00932">
        <ele>303.6366882324219</ele>
        <time>2000-01-01T00:00:00Z</time>
      </trkpt>
      <trkpt lat="60.14385801639013" lon="9.009620600436966">
        <ele>304.3999938964844</ele>
        <time>2000-01-01T00:00:00Z</time>
      </trkpt>
      <trkpt lat="60.14376" lon="9.00998">
        <ele>304.1673889160156</ele>
        <time>2000-01-01T00:00:00Z</time>
      </trkpt>
      <trkpt lat="60.14358" lon="9.01058">
        <ele>303.7697448730469</ele>
        <time>2000-01-01T00:00:00Z</time>
      </trkpt>
      <trkpt lat="60.143370688293246" lon="9.011682354169034">
        <ele>303.1000061035156</ele>
        <time>2000-01-01T00:00:00Z</time>
      </trkpt>
      <trkpt lat="60.14328" lon="9.01216">
        <ele>300.845458984375</ele>
        <time>2000-01-01T00:00:00Z</time>
      </trkpt>
      <trkpt lat="60.14318" lon="9.01254">
        <ele>298.94970703125</ele>
        <time>2000-01-01T00:00:00Z</time>
      </trkpt>
      <trkpt lat="60.14307" lon="9.01281">
        <ele>297.41094970703125</ele>
        <time>2000-01-01T00:00:00Z</time>
      </trkpt>
      <trkpt lat="60.14299" lon="9.01297">
        <ele>296.41070556640625</ele>
        <time>2000-01-01T00:00:00Z</time>
      </trkpt>
      <trkpt lat="60.14283" lon="9.01321">
        <ele>294.6416931152344</ele>
        <time>2000-01-01T00:00:00Z</time>
      </trkpt>
      <trkpt lat="60.14273" lon="9.01332">
        <ele>293.6318054199219</ele>
        <time>2000-01-01T00:00:00Z</time>
      </trkpt>
      <trkpt lat="60.142666170566315" lon="9.013383828893724">
        <ele>293.0</ele>
        <time>2000-01-01T00:00:00Z</time>
      </trkpt>
      <trkpt lat="60.14255" lon="9.0135">
        <ele>292.68133544921875</ele>
        <time>2000-01-01T00:00:00Z</time>
      </trkpt>
      <trkpt lat="60.1422" lon="9.01373">
        <ele>291.77685546875</ele>
        <time>2000-01-01T00:00:00Z</time>
      </trkpt>
      <trkpt lat="60.14176" lon="9.01397">
        <ele>290.6571350097656</ele>
        <time>2000-01-01T00:00:00Z</time>
      </trkpt>
      <trkpt lat="60.14157908533159" lon="9.014057908714424">
        <ele>290.20001220703125</ele>
        <time>2000-01-01T00:00:00Z</time>
      </trkpt>
      <trkpt lat="60.14069" lon="9.01449">
        <ele>288.27435302734375</ele>
        <time>2000-01-01T00:00:00Z</time>
      </trkpt>
      <trkpt lat="60.14053" lon="9.01458">
        <ele>287.9245300292969</ele>
        <time>2000-01-01T00:00:00Z</time>
      </trkpt>
      <trkpt lat="60.14047463617217" lon="9.014621894321436">
        <ele>287.79998779296875</ele>
        <time>2000-01-01T00:00:00Z</time>
      </trkpt>
      <trkpt lat="60.14016" lon="9.01486">
        <ele>287.1216735839844</ele>
        <time>2000-01-01T00:00:00Z</time>
      </trkpt>
      <trkpt lat="60.139413026025224" lon="9.015456590261413">
        <ele>285.5</ele>
        <time>2000-01-01T00:00:00Z</time>
      </trkpt>
      <trkpt lat="60.13862" lon="9.01609">
        <ele>281.757080078125</ele>
        <time>2000-01-01T00:00:00Z</time>
      </trkpt>
      <trkpt lat="60.13835562992498" lon="9.016312402335434">
        <ele>280.5</ele>
        <time>2000-01-01T00:00:00Z</time>
      </trkpt>
      <trkpt lat="60.13799" lon="9.01662">
        <ele>279.3873291015625</ele>
        <time>2000-01-01T00:00:00Z</time>
      </trkpt>
      <trkpt lat="60.13763" lon="9.01689">
        <ele>278.3087158203125</ele>
        <time>2000-01-01T00:00:00Z</time>
      </trkpt>
      <trkpt lat="60.13742" lon="9.01698">
        <ele>277.7059631347656</ele>
        <time>2000-01-01T00:00:00Z</time>
      </trkpt>
      <trkpt lat="60.137276074983795" lon="9.017008784983691">
        <ele>277.29998779296875</ele>
        <time>2000-01-01T00:00:00Z</time>
      </trkpt>
      <trkpt lat="60.13722" lon="9.01702">
        <ele>277.26043701171875</ele>
        <time>2000-01-01T00:00:00Z</time>
      </trkpt>
      <trkpt lat="60.13696" lon="9.01699">
        <ele>277.0777282714844</ele>
        <time>2000-01-01T00:00:00Z</time>
      </trkpt>
      <trkpt lat="60.13649" lon="9.01691">
        <ele>276.7467346191406</ele>
        <time>2000-01-01T00:00:00Z</time>
      </trkpt>
      <trkpt lat="60.13631" lon="9.0169">
        <ele>276.620361328125</ele>
        <time>2000-01-01T00:00:00Z</time>
      </trkpt>
      <trkpt lat="60.13613853610094" lon="9.016911430893064">
        <ele>276.5</ele>
        <time>2000-01-01T00:00:00Z</time>
      </trkpt>
      <trkpt lat="60.13601" lon="9.01692">
        <ele>277.0301818847656</ele>
        <time>2000-01-01T00:00:00Z</time>
      </trkpt>
      <trkpt lat="60.13577" lon="9.01697">
        <ele>278.02496337890625</ele>
        <time>2000-01-01T00:00:00Z</time>
      </trkpt>
      <trkpt lat="60.13549" lon="9.01715">
        <ele>279.2370300292969</ele>
        <time>2000-01-01T00:00:00Z</time>
      </trkpt>
      <trkpt lat="60.13526" lon="9.01734">
        <ele>280.2622375488281</ele>
        <time>2000-01-01T00:00:00Z</time>
      </trkpt>
      <trkpt lat="60.135061548056875" lon="9.017563256396427">
        <ele>281.20001220703125</ele>
        <time>2000-01-01T00:00:00Z</time>
      </trkpt>
      <trkpt lat="60.13486" lon="9.01779">
        <ele>281.17974853515625</ele>
        <time>2000-01-01T00:00:00Z</time>
      </trkpt>
      <trkpt lat="60.13466" lon="9.01805">
        <ele>281.1588439941406</ele>
        <time>2000-01-01T00:00:00Z</time>
      </trkpt>
      <trkpt lat="60.13449" lon="9.01831">
        <ele>281.1401062011719</ele>
        <time>2000-01-01T00:00:00Z</time>
      </trkpt>
      <trkpt lat="60.13435" lon="9.01855">
        <ele>281.12396240234375</ele>
        <time>2000-01-01T00:00:00Z</time>
      </trkpt>
      <trkpt lat="60.134148443384056" lon="9.018919949556084">
        <ele>281.1000061035156</ele>
        <time>2000-01-01T00:00:00Z</time>
      </trkpt>
      <trkpt lat="60.13362" lon="9.01989">
        <ele>280.9115905761719</ele>
        <time>2000-01-01T00:00:00Z</time>
      </trkpt>
      <trkpt lat="60.13327920984061" lon="9.020396908656005">
        <ele>280.79998779296875</ele>
        <time>2000-01-01T00:00:00Z</time>
      </trkpt>
      <trkpt lat="60.13282" lon="9.02108">
        <ele>280.95037841796875</ele>
        <time>2000-01-01T00:00:00Z</time>
      </trkpt>
      <trkpt lat="60.132396594091084" lon="9.021842130318781">
        <ele>281.1000061035156</ele>
        <time>2000-01-01T00:00:00Z</time>
      </trkpt>
      <trkpt lat="60.13237" lon="9.02189">
        <ele>281.1313171386719</ele>
        <time>2000-01-01T00:00:00Z</time>
      </trkpt>
      <trkpt lat="60.13208" lon="9.02232">
        <ele>281.4475402832031</ele>
        <time>2000-01-01T00:00:00Z</time>
      </trkpt>
      <trkpt lat="60.13176" lon="9.02291">
        <ele>281.8285827636719</ele>
        <time>2000-01-01T00:00:00Z</time>
      </trkpt>
      <trkpt lat="60.13154932758893" lon="9.02336505187422">
        <ele>282.1000061035156</ele>
        <time>2000-01-01T00:00:00Z</time>
      </trkpt>
      <trkpt lat="60.13151" lon="9.02345">
        <ele>282.1152038574219</ele>
        <time>2000-01-01T00:00:00Z</time>
      </trkpt>
      <trkpt lat="60.13133" lon="9.02379">
        <ele>282.18023681640625</ele>
        <time>2000-01-01T00:00:00Z</time>
      </trkpt>
      <trkpt lat="60.13118" lon="9.02414">
        <ele>282.2407531738281</ele>
        <time>2000-01-01T00:00:00Z</time>
      </trkpt>
      <trkpt lat="60.13084701628231" lon="9.025154769975343">
        <ele>282.3999938964844</ele>
        <time>2000-01-01T00:00:00Z</time>
      </trkpt>
      <trkpt lat="60.13055" lon="9.02606">
        <ele>283.0155944824219</ele>
        <time>2000-01-01T00:00:00Z</time>
      </trkpt>
      <trkpt lat="60.130191039626425" lon="9.02702591635174">
        <ele>283.70001220703125</ele>
        <time>2000-01-01T00:00:00Z</time>
      </trkpt>
      <trkpt lat="60.13" lon="9.02754">
        <ele>284.4565734863281</ele>
        <time>2000-01-01T00:00:00Z</time>
      </trkpt>
      <trkpt lat="60.12948" lon="9.02882">
        <ele>286.3998107910156</ele>
        <time>2000-01-01T00:00:00Z</time>
      </trkpt>
      <trkpt lat="60.12934" lon="9.02907">
        <ele>286.3833923339844</ele>
        <time>2000-01-01T00:00:00Z</time>
      </trkpt>
      <trkpt lat="60.12889" lon="9.02948">
        <ele>286.34002685546875</ele>
        <time>2000-01-01T00:00:00Z</time>
      </trkpt>
      <trkpt lat="60.12877" lon="9.02965">
        <ele>286.3271484375</ele>
        <time>2000-01-01T00:00:00Z</time>
      </trkpt>
      <trkpt lat="60.12862" lon="9.02989">
        <ele>286.3103332519531</ele>
        <time>2000-01-01T00:00:00Z</time>
      </trkpt>
      <trkpt lat="60.128551621143984" lon="9.030082703368063">
        <ele>286.29998779296875</ele>
        <time>2000-01-01T00:00:00Z</time>
      </trkpt>
      <trkpt lat="60.12851" lon="9.0302">
        <ele>285.99169921875</ele>
        <time>2000-01-01T00:00:00Z</time>
      </trkpt>
      <trkpt lat="60.12839" lon="9.03075">
        <ele>284.7063293457031</ele>
        <time>2000-01-01T00:00:00Z</time>
      </trkpt>
      <trkpt lat="60.12833" lon="9.0309">
        <ele>284.2945251464844</ele>
        <time>2000-01-01T00:00:00Z</time>
      </trkpt>
      <trkpt lat="60.12803" lon="9.03135">
        <ele>282.6849365234375</ele>
        <time>2000-01-01T00:00:00Z</time>
      </trkpt>
      <trkpt lat="60.12788" lon="9.03179">
        <ele>281.5435485839844</ele>
        <time>2000-01-01T00:00:00Z</time>
      </trkpt>
      <trkpt lat="60.12785144574756" lon="9.031824796133613">
        <ele>281.3999938964844</ele>
        <time>2000-01-01T00:00:00Z</time>
      </trkpt>
      <trkpt lat="60.12756" lon="9.03218">
        <ele>279.00775146484375</ele>
        <time>2000-01-01T00:00:00Z</time>
      </trkpt>
      <trkpt lat="60.12748" lon="9.03225">
        <ele>278.395263671875</ele>
        <time>2000-01-01T00:00:00Z</time>
      </trkpt>
      <trkpt lat="60.12738" lon="9.03232">
        <ele>277.6521301269531</ele>
        <time>2000-01-01T00:00:00Z</time>
      </trkpt>
      <trkpt lat="60.12722" lon="9.03238">
        <ele>276.5101013183594</ele>
        <time>2000-01-01T00:00:00Z</time>
      </trkpt>
      <trkpt lat="60.12681" lon="9.03248">
        <ele>273.6119384765625</ele>
        <time>2000-01-01T00:00:00Z</time>
      </trkpt>
      <trkpt lat="60.126780769175205" lon="9.032495250179808">
        <ele>273.3999938964844</ele>
        <time>2000-01-01T00:00:00Z</time>
      </trkpt>
      <trkpt lat="60.12658" lon="9.0326">
        <ele>272.6176452636719</ele>
        <time>2000-01-01T00:00:00Z</time>
      </trkpt>
      <trkpt lat="60.12584" lon="9.03319">
        <ele>269.6145324707031</ele>
        <time>2000-01-01T00:00:00Z</time>
      </trkpt>
      <trkpt lat="60.125719405373204" lon="9.033317972141152">
        <ele>269.1000061035156</ele>
        <time>2000-01-01T00:00:00Z</time>
      </trkpt>
      <trkpt lat="60.12535" lon="9.03371">
        <ele>268.55023193359375</ele>
        <time>2000-01-01T00:00:00Z</time>
      </trkpt>
      <trkpt lat="60.12492" lon="9.03426">
        <ele>267.87939453125</ele>
        <time>2000-01-01T00:00:00Z</time>
      </trkpt>
      <trkpt lat="60.124746972400594" lon="9.034507179900658">
        <ele>267.6000061035156</ele>
        <time>2000-01-01T00:00:00Z</time>
      </trkpt>
      <trkpt lat="60.12457" lon="9.03476">
        <ele>267.9620056152344</ele>
        <time>2000-01-01T00:00:00Z</time>
      </trkpt>
      <trkpt lat="60.12441" lon="9.0351">
        <ele>268.3502502441406</ele>
        <time>2000-01-01T00:00:00Z</time>
      </trkpt>
      <trkpt lat="60.12413" lon="9.03589">
        <ele>269.1551208496094</ele>
        <time>2000-01-01T00:00:00Z</time>
      </trkpt>
      <trkpt lat="60.12403" lon="9.03608">
        <ele>269.3846130371094</ele>
        <time>2000-01-01T00:00:00Z</time>
      </trkpt>
      <trkpt lat="60.12397231313784" lon="9.03615691555742">
        <ele>269.5</ele>
        <time>2000-01-01T00:00:00Z</time>
      </trkpt>
      <trkpt lat="60.12391" lon="9.03624">
        <ele>269.8346862792969</ele>
        <time>2000-01-01T00:00:00Z</time>
      </trkpt>
      <trkpt lat="60.12379" lon="9.03635">
        <ele>270.42474365234375</ele>
        <time>2000-01-01T00:00:00Z</time>
      </trkpt>
      <trkpt lat="60.12346" lon="9.03658">
        <ele>271.9873962402344</ele>
        <time>2000-01-01T00:00:00Z</time>
      </trkpt>
      <trkpt lat="60.12334" lon="9.03671">
        <ele>272.59747314453125</ele>
        <time>2000-01-01T00:00:00Z</time>
      </trkpt>
      <trkpt lat="60.12324" lon="9.03689">
        <ele>273.19830322265625</ele>
        <time>2000-01-01T00:00:00Z</time>
      </trkpt>
      <trkpt lat="60.12304298474654" lon="9.037379138612478">
        <ele>274.6000061035156</ele>
        <time>2000-01-01T00:00:00Z</time>
      </trkpt>
      <trkpt lat="60.12295" lon="9.03761">
        <ele>274.52215576171875</ele>
        <time>2000-01-01T00:00:00Z</time>
      </trkpt>
      <trkpt lat="60.12285" lon="9.03777">
        <ele>274.45489501953125</ele>
        <time>2000-01-01T00:00:00Z</time>
      </trkpt>
      <trkpt lat="60.12277" lon="9.03786">
        <ele>274.4066162109375</ele>
        <time>2000-01-01T00:00:00Z</time>
      </trkpt>
      <trkpt lat="60.12255" lon="9.03801">
        <ele>274.2843322753906</ele>
        <time>2000-01-01T00:00:00Z</time>
      </trkpt>
      <trkpt lat="60.12202162944064" lon="9.038236440739555">
        <ele>274.0</ele>
        <time>2000-01-01T00:00:00Z</time>
      </trkpt>
      <trkpt lat="60.1215" lon="9.03846">
        <ele>272.83038330078125</ele>
        <time>2000-01-01T00:00:00Z</time>
      </trkpt>
      <trkpt lat="60.12126" lon="9.03853">
        <ele>272.2985534667969</ele>
        <time>2000-01-01T00:00:00Z</time>
      </trkpt>
      <trkpt lat="60.12089640282738" lon="9.03848960041984">
        <ele>271.5</ele>
        <time>2000-01-01T00:00:00Z</time>
      </trkpt>
      <trkpt lat="60.12072" lon="9.03847">
        <ele>271.03509521484375</ele>
        <time>2000-01-01T00:00:00Z</time>
      </trkpt>
      <trkpt lat="60.11996" lon="9.03846">
        <ele>269.0352783203125</ele>
        <time>2000-01-01T00:00:00Z</time>
      </trkpt>
      <trkpt lat="60.11987" lon="9.03844">
        <ele>268.7969970703125</ele>
        <time>2000-01-01T00:00:00Z</time>
      </trkpt>
      <trkpt lat="60.1197581032023" lon="9.038410553524486">
        <ele>268.5</ele>
        <time>2000-01-01T00:00:00Z</time>
      </trkpt>
      <trkpt lat="60.11968" lon="9.03839">
        <ele>268.3480224609375</ele>
        <time>2000-01-01T00:00:00Z</time>
      </trkpt>
      <trkpt lat="60.11946" lon="9.03831">
        <ele>267.9165344238281</ele>
        <time>2000-01-01T00:00:00Z</time>
      </trkpt>
      <trkpt lat="60.11893" lon="9.03804">
        <ele>266.8613586425781</ele>
        <time>2000-01-01T00:00:00Z</time>
      </trkpt>
      <trkpt lat="60.11872" lon="9.03798">
        <ele>266.4520263671875</ele>
        <time>2000-01-01T00:00:00Z</time>
      </trkpt>
      <trkpt lat="60.118641483420696" lon="9.037966913956085">
        <ele>266.29998779296875</ele>
        <time>2000-01-01T00:00:00Z</time>
      </trkpt>
      <trkpt lat="60.11854" lon="9.03795">
        <ele>266.3089294433594</ele>
        <time>2000-01-01T00:00:00Z</time>
      </trkpt>
      <trkpt lat="60.1183" lon="9.03795">
        <ele>266.3299865722656</ele>
        <time>2000-01-01T00:00:00Z</time>
      </trkpt>
      <trkpt lat="60.11755" lon="9.038">
        <ele>266.39581298828125</ele>
        <time>2000-01-01T00:00:00Z</time>
      </trkpt>
      <trkpt lat="60.11750236754114" lon="9.03800833501497">
        <ele>266.3999938964844</ele>
        <time>2000-01-01T00:00:00Z</time>
      </trkpt>
      <trkpt lat="60.11715" lon="9.03807">
        <ele>266.8963623046875</ele>
        <time>2000-01-01T00:00:00Z</time>
      </trkpt>
      <trkpt lat="60.11683" lon="9.03811">
        <ele>267.34637451171875</ele>
        <time>2000-01-01T00:00:00Z</time>
      </trkpt>
      <trkpt lat="60.11647" lon="9.03811">
        <ele>267.8515625</ele>
        <time>2000-01-01T00:00:00Z</time>
      </trkpt>
      <trkpt lat="60.11636480809593" lon="9.038132145617203">
        <ele>268.0</ele>
        <time>2000-01-01T00:00:00Z</time>
      </trkpt>
      <trkpt lat="60.11628" lon="9.03815">
        <ele>268.3441162109375</ele>
        <time>2000-01-01T00:00:00Z</time>
      </trkpt>
      <trkpt lat="60.11608" lon="9.03824">
        <ele>269.1710510253906</ele>
        <time>2000-01-01T00:00:00Z</time>
      </trkpt>
      <trkpt lat="60.11592" lon="9.03837">
        <ele>269.86761474609375</ele>
        <time>2000-01-01T00:00:00Z</time>
      </trkpt>
      <trkpt lat="60.11538" lon="9.03891">
        <ele>272.30181884765625</ele>
        <time>2000-01-01T00:00:00Z</time>
      </trkpt>
      <trkpt lat="60.11531651855689" lon="9.038985893827483">
        <ele>272.6000061035156</ele>
        <time>2000-01-01T00:00:00Z</time>
      </trkpt>
      <trkpt lat="60.11492" lon="9.03946">
        <ele>274.2597961425781</ele>
        <time>2000-01-01T00:00:00Z</time>
      </trkpt>
      <trkpt lat="60.11456" lon="9.03976">
        <ele>275.6616516113281</ele>
        <time>2000-01-01T00:00:00Z</time>
      </trkpt>
      <trkpt lat="60.11431141768379" lon="9.040054811064563">
        <ele>276.70001220703125</ele>
        <time>2000-01-01T00:00:00Z</time>
      </trkpt>
      <trkpt lat="60.1137" lon="9.04078">
        <ele>278.8180847167969</ele>
        <time>2000-01-01T00:00:00Z</time>
      </trkpt>
      <trkpt lat="60.1133343230952" lon="9.041233438070039">
        <ele>280.1000061035156</ele>
        <time>2000-01-01T00:00:00Z</time>
      </trkpt>
      <trkpt lat="60.1132" lon="9.0414">
        <ele>280.44622802734375</ele>
        <time>2000-01-01T00:00:00Z</time>
      </trkpt>
      <trkpt lat="60.11294" lon="9.04176">
        <ele>281.1388854980469</ele>
        <time>2000-01-01T00:00:00Z</time>
      </trkpt>
      <trkpt lat="60.112414244593104" lon="9.042581490964668">
        <ele>282.6000061035156</ele>
        <time>2000-01-01T00:00:00Z</time>
      </trkpt>
      <trkpt lat="60.1123" lon="9.04276">
        <ele>282.4095153808594</ele>
        <time>2000-01-01T00:00:00Z</time>
      </trkpt>
      <trkpt lat="60.11206" lon="9.04317">
        <ele>281.99481201171875</ele>
        <time>2000-01-01T00:00:00Z</time>
      </trkpt>
      <trkpt lat="60.111572981827585" lon="9.044122602415477">
        <ele>281.1000061035156</ele>
        <time>2000-01-01T00:00:00Z</time>
      </trkpt>
      <trkpt lat="60.11115" lon="9.04495">
        <ele>279.2347717285156</ele>
        <time>2000-01-01T00:00:00Z</time>
      </trkpt>
      <trkpt lat="60.11073959092694" lon="9.0456828732513">
        <ele>277.5</ele>
        <time>2000-01-01T00:00:00Z</time>
      </trkpt>
      <trkpt lat="60.11073" lon="9.0457">
        <ele>277.406494140625</ele>
        <time>2000-01-01T00:00:00Z</time>
      </trkpt>
      <trkpt lat="60.11042" lon="9.04616">
        <ele>274.5997619628906</ele>
        <time>2000-01-01T00:00:00Z</time>
      </trkpt>
      <trkpt lat="60.10979793394718" lon="9.046970570639509">
        <ele>269.20001220703125</ele>
        <time>2000-01-01T00:00:00Z</time>
      </trkpt>
      <trkpt lat="60.10976" lon="9.04702">
        <ele>269.100830078125</ele>
        <time>2000-01-01T00:00:00Z</time>
      </trkpt>
      <trkpt lat="60.10955" lon="9.0472">
        <ele>268.60009765625</ele>
        <time>2000-01-01T00:00:00Z</time>
      </trkpt>
      <trkpt lat="60.10877" lon="9.04768">
        <ele>266.81103515625</ele>
        <time>2000-01-01T00:00:00Z</time>
      </trkpt>
      <trkpt lat="60.10872088370229" lon="9.04770455786961">
        <ele>266.70001220703125</ele>
        <time>2000-01-01T00:00:00Z</time>
      </trkpt>
      <trkpt lat="60.10859" lon="9.04777">
        <ele>266.333251953125</ele>
        <time>2000-01-01T00:00:00Z</time>
      </trkpt>
      <trkpt lat="60.10828" lon="9.04791">
        <ele>265.46923828125</ele>
        <time>2000-01-01T00:00:00Z</time>
      </trkpt>
      <trkpt lat="60.10807" lon="9.04797">
        <ele>264.8924865722656</ele>
        <time>2000-01-01T00:00:00Z</time>
      </trkpt>
      <trkpt lat="60.1078" lon="9.04798">
        <ele>264.158203125</ele>
        <time>2000-01-01T00:00:00Z</time>
      </trkpt>
      <trkpt lat="60.10764" lon="9.04794">
        <ele>263.7198181152344</ele>
        <time>2000-01-01T00:00:00Z</time>
      </trkpt>
      <trkpt lat="60.107596543728036" lon="9.047925514770734">
        <ele>263.6000061035156</ele>
        <time>2000-01-01T00:00:00Z</time>
      </trkpt>
      <trkpt lat="60.10746" lon="9.04788">
        <ele>263.5635681152344</ele>
        <time>2000-01-01T00:00:00Z</time>
      </trkpt>
      <trkpt lat="60.10715" lon="9.04782">
        <ele>263.48162841796875</ele>
        <time>2000-01-01T00:00:00Z</time>
      </trkpt>
      <trkpt lat="60.10698" lon="9.04783">
        <ele>263.4368591308594</ele>
        <time>2000-01-01T00:00:00Z</time>
      </trkpt>
      <trkpt lat="60.10681" lon="9.04787">
        <ele>263.3918151855469</ele>
        <time>2000-01-01T00:00:00Z</time>
      </trkpt>
      <trkpt lat="60.10661" lon="9.04795">
        <ele>263.3381652832031</ele>
        <time>2000-01-01T00:00:00Z</time>
      </trkpt>
      <trkpt lat="60.106470514280424" lon="9.04802970574136">
        <ele>263.29998779296875</ele>
        <time>2000-01-01T00:00:00Z</time>
      </trkpt>
      <trkpt lat="60.10633" lon="9.04811">
        <ele>263.620361328125</ele>
        <time>2000-01-01T00:00:00Z</time>
      </trkpt>
      <trkpt lat="60.10572" lon="9.04842">
        <ele>265.00018310546875</ele>
        <time>2000-01-01T00:00:00Z</time>
      </trkpt>
      <trkpt lat="60.10558" lon="9.04853">
        <ele>265.3298645019531</ele>
        <time>2000-01-01T00:00:00Z</time>
      </trkpt>
      <trkpt lat="60.10547" lon="9.04863">
        <ele>265.5947265625</ele>
        <time>2000-01-01T00:00:00Z</time>
      </trkpt>
      <trkpt lat="60.105399451223626" lon="9.048753458606482">
        <ele>265.79998779296875</ele>
        <time>2000-01-01T00:00:00Z</time>
      </trkpt>
      <trkpt lat="60.10527" lon="9.04898">
        <ele>265.95068359375</ele>
        <time>2000-01-01T00:00:00Z</time>
      </trkpt>
      <trkpt lat="60.10504" lon="9.04952">
        <ele>266.26116943359375</ele>
        <time>2000-01-01T00:00:00Z</time>
      </trkpt>
      <trkpt lat="60.10476" lon="9.04995">
        <ele>266.5704650878906</ele>
        <time>2000-01-01T00:00:00Z</time>
      </trkpt>
      <trkpt lat="60.10464" lon="9.05007">
        <ele>266.6880798339844</ele>
        <time>2000-01-01T00:00:00Z</time>
      </trkpt>
      <trkpt lat="60.10452295078061" lon="9.05017177814232">
        <ele>266.79998779296875</ele>
        <time>2000-01-01T00:00:00Z</time>
      </trkpt>
      <trkpt lat="60.10418" lon="9.05047">
        <ele>266.7672119140625</ele>
        <time>2000-01-01T00:00:00Z</time>
      </trkpt>
      <trkpt lat="60.10403" lon="9.05064">
        <ele>266.7521057128906</ele>
        <time>2000-01-01T00:00:00Z</time>
      </trkpt>
      <trkpt lat="60.10357" lon="9.05114">
        <ele>266.70623779296875</ele>
        <time>2000-01-01T00:00:00Z</time>
      </trkpt>
      <trkpt lat="60.10350571679061" lon="9.051199687151694">
        <ele>266.70001220703125</ele>
        <time>2000-01-01T00:00:00Z</time>
      </trkpt>
      <trkpt lat="60.10315" lon="9.05153">
        <ele>266.734375</ele>
        <time>2000-01-01T00:00:00Z</time>
      </trkpt>
      <trkpt lat="60.10289" lon="9.0518">
        <ele>266.76007080078125</ele>
        <time>2000-01-01T00:00:00Z</time>
      </trkpt>
      <trkpt lat="60.1025029647691" lon="9.052281303871261">
        <ele>266.79998779296875</ele>
        <time>2000-01-01T00:00:00Z</time>
      </trkpt>
      <trkpt lat="60.10211" lon="9.05277">
        <ele>265.6644287109375</ele>
        <time>2000-01-01T00:00:00Z</time>
      </trkpt>
      <trkpt lat="60.10188" lon="9.05311">
        <ele>264.9627990722656</ele>
        <time>2000-01-01T00:00:00Z</time>
      </trkpt>
      <trkpt lat="60.1016" lon="9.05361">
        <ele>264.0421447753906</ele>
        <time>2000-01-01T00:00:00Z</time>
      </trkpt>
      <trkpt lat="60.10158977306315" lon="9.053637666854732">
        <ele>264.0</ele>
        <time>2000-01-01T00:00:00Z</time>
      </trkpt>
      <trkpt lat="60.10143" lon="9.05407">
        <ele>263.95294189453125</ele>
        <time>2000-01-01T00:00:00Z</time>
      </trkpt>
      <trkpt lat="60.10131" lon="9.05459">
        <ele>263.90283203125</ele>
        <time>2000-01-01T00:00:00Z</time>
      </trkpt>
      <trkpt lat="60.10108628018857" lon="9.055676966263198">
        <ele>263.79998779296875</ele>
        <time>2000-01-01T00:00:00Z</time>
      </trkpt>
      <trkpt lat="60.100651562478426" lon="9.057791264723265">
        <ele>265.79998779296875</ele>
        <time>2000-01-01T00:00:00Z</time>
      </trkpt>
      <trkpt lat="60.10022" lon="9.05989">
        <ele>269.6712951660156</ele>
        <time>2000-01-01T00:00:00Z</time>
      </trkpt>
      <trkpt lat="60.10007" lon="9.06044">
        <ele>269.5666198730469</ele>
        <time>2000-01-01T00:00:00Z</time>
      </trkpt>
      <trkpt lat="60.09993" lon="9.06091">
        <ele>269.4469299316406</ele>
        <time>2000-01-01T00:00:00Z</time>
      </trkpt>
      <trkpt lat="60.09957842037426" lon="9.061792133398047">
        <ele>269.20001220703125</ele>
        <time>2000-01-01T00:00:00Z</time>
      </trkpt>
      <trkpt lat="60.09938" lon="9.06229">
        <ele>268.22454833984375</ele>
        <time>2000-01-01T00:00:00Z</time>
      </trkpt>
      <trkpt lat="60.09929" lon="9.06262">
        <ele>267.64886474609375</ele>
        <time>2000-01-01T00:00:00Z</time>
      </trkpt>
      <trkpt lat="60.09924" lon="9.06287">
        <ele>267.2366638183594</ele>
        <time>2000-01-01T00:00:00Z</time>
      </trkpt>
      <trkpt lat="60.09921" lon="9.06321">
        <ele>266.708251953125</ele>
        <time>2000-01-01T00:00:00Z</time>
      </trkpt>
      <trkpt lat="60.09921" lon="9.0634">
        <ele>266.41741943359375</ele>
        <time>2000-01-01T00:00:00Z</time>
      </trkpt>
      <trkpt lat="60.09922614770642" lon="9.06386770101182">
        <ele>265.70001220703125</ele>
        <time>2000-01-01T00:00:00Z</time>
      </trkpt>
      <trkpt lat="60.09930533547552" lon="9.066149162453197">
        <ele>262.6000061035156</ele>
        <time>2000-01-01T00:00:00Z</time>
      </trkpt>
      <trkpt lat="60.09933" lon="9.06686">
        <ele>263.53466796875</ele>
        <time>2000-01-01T00:00:00Z</time>
      </trkpt>
      <trkpt lat="60.09938" lon="9.06795">
        <ele>264.9705810546875</ele>
        <time>2000-01-01T00:00:00Z</time>
      </trkpt>
      <trkpt lat="60.09914740934112" lon="9.06806195820902">
        <ele>265.6000061035156</ele>
        <time>2000-01-01T00:00:00Z</time>
      </trkpt>
      <trkpt lat="60.09803880600506" lon="9.068595758712872">
        <ele>269.8999938964844</ele>
        <time>2000-01-01T00:00:00Z</time>
      </trkpt>
      <trkpt lat="60.09776" lon="9.06873">
        <ele>272.4905090332031</ele>
        <time>2000-01-01T00:00:00Z</time>
      </trkpt>
      <trkpt lat="60.09727" lon="9.06894">
        <ele>277.0173645019531</ele>
        <time>2000-01-01T00:00:00Z</time>
      </trkpt>
      <trkpt lat="60.09692225949453" lon="9.069053015634287">
        <ele>280.20001220703125</ele>
        <time>2000-01-01T00:00:00Z</time>
      </trkpt>
      <trkpt lat="60.09687" lon="9.06907">
        <ele>280.2510986328125</ele>
        <time>2000-01-01T00:00:00Z</time>
      </trkpt>
      <trkpt lat="60.09602" lon="9.06925">
        <ele>281.07574462890625</ele>
        <time>2000-01-01T00:00:00Z</time>
      </trkpt>
      <trkpt lat="60.09583" lon="9.06931">
        <ele>281.26129150390625</ele>
        <time>2000-01-01T00:00:00Z</time>
      </trkpt>
      <trkpt lat="60.095791257854955" lon="9.06933066226038">
        <ele>281.29998779296875</ele>
        <time>2000-01-01T00:00:00Z</time>
      </trkpt>
      <trkpt lat="60.09568" lon="9.06939">
        <ele>281.15863037109375</ele>
        <time>2000-01-01T00:00:00Z</time>
      </trkpt>
      <trkpt lat="60.09501" lon="9.06984">
        <ele>280.29095458984375</ele>
        <time>2000-01-01T00:00:00Z</time>
      </trkpt>
      <trkpt lat="60.094699628692" lon="9.06998225101436">
        <ele>279.8999938964844</ele>
        <time>2000-01-01T00:00:00Z</time>
      </trkpt>
      <trkpt lat="60.09429" lon="9.07017">
        <ele>278.9786071777344</ele>
        <time>2000-01-01T00:00:00Z</time>
      </trkpt>
      <trkpt lat="60.0941" lon="9.07029">
        <ele>278.5417785644531</ele>
        <time>2000-01-01T00:00:00Z</time>
      </trkpt>
      <trkpt lat="60.09393" lon="9.07042">
        <ele>278.14288330078125</ele>
        <time>2000-01-01T00:00:00Z</time>
      </trkpt>
      <trkpt lat="60.093620698968664" lon="9.070697184737837">
        <ele>277.3999938964844</ele>
        <time>2000-01-01T00:00:00Z</time>
      </trkpt>
      <trkpt lat="60.09287" lon="9.07137">
        <ele>277.90484619140625</ele>
        <time>2000-01-01T00:00:00Z</time>
      </trkpt>
      <trkpt lat="60.09257729787683" lon="9.071618353249255">
        <ele>278.1000061035156</ele>
        <time>2000-01-01T00:00:00Z</time>
      </trkpt>
      <trkpt lat="60.09254" lon="9.07165">
        <ele>278.1248779296875</ele>
        <time>2000-01-01T00:00:00Z</time>
      </trkpt>
      <trkpt lat="60.09228" lon="9.07183">
        <ele>278.2937316894531</ele>
        <time>2000-01-01T00:00:00Z</time>
      </trkpt>
      <trkpt lat="60.09149385537566" lon="9.072328530687518">
        <ele>278.79998779296875</ele>
        <time>2000-01-01T00:00:00Z</time>
      </trkpt>
      <trkpt lat="60.09146" lon="9.07235">
        <ele>278.79376220703125</ele>
        <time>2000-01-01T00:00:00Z</time>
      </trkpt>
      <trkpt lat="60.09116" lon="9.07259">
        <ele>278.7370910644531</ele>
        <time>2000-01-01T00:00:00Z</time>
      </trkpt>
      <trkpt lat="60.0909" lon="9.07288">
        <ele>278.6849365234375</ele>
        <time>2000-01-01T00:00:00Z</time>
      </trkpt>
      <trkpt lat="60.0906" lon="9.07329">
        <ele>278.6212463378906</ele>
        <time>2000-01-01T00:00:00Z</time>
      </trkpt>
      <trkpt lat="60.0905047093929" lon="9.073439739499563">
        <ele>278.6000061035156</ele>
        <time>2000-01-01T00:00:00Z</time>
      </trkpt>
      <trkpt lat="60.09032" lon="9.07373">
        <ele>278.53826904296875</ele>
        <time>2000-01-01T00:00:00Z</time>
      </trkpt>
      <trkpt lat="60.09007" lon="9.07418">
        <ele>278.4498596191406</ele>
        <time>2000-01-01T00:00:00Z</time>
      </trkpt>
      <trkpt lat="60.08966463208292" lon="9.074982109724298">
        <ele>278.29998779296875</ele>
        <time>2000-01-01T00:00:00Z</time>
      </trkpt>
      <trkpt lat="60.0896" lon="9.07511">
        <ele>278.2442626953125</ele>
        <time>2000-01-01T00:00:00Z</time>
      </trkpt>
      <trkpt lat="60.08932" lon="9.07569">
        <ele>277.9971008300781</ele>
        <time>2000-01-01T00:00:00Z</time>
      </trkpt>
      <trkpt lat="60.08912" lon="9.0762">
        <ele>277.7984619140625</ele>
        <time>2000-01-01T00:00:00Z</time>
      </trkpt>
      <trkpt lat="60.08894037846703" lon="9.076738861851785">
        <ele>277.6000061035156</ele>
        <time>2000-01-01T00:00:00Z</time>
      </trkpt>
      <trkpt lat="60.08887" lon="9.07695">
        <ele>277.0335388183594</ele>
        <time>2000-01-01T00:00:00Z</time>
      </trkpt>
      <trkpt lat="60.08878" lon="9.07682">
        <ele>276.5372619628906</ele>
        <time>2000-01-01T00:00:00Z</time>
      </trkpt>
      <trkpt lat="60.08832" lon="9.076">
        <ele>273.7840576171875</ele>
        <time>2000-01-01T00:00:00Z</time>
      </trkpt>
      <trkpt lat="60.08817" lon="9.07552">
        <ele>272.5203552246094</ele>
        <time>2000-01-01T00:00:00Z</time>
      </trkpt>
      <trkpt lat="60.08804" lon="9.07495">
        <ele>271.77056884765625</ele>
        <time>2000-01-01T00:00:00Z</time>
      </trkpt>
      <trkpt lat="60.08792" lon="9.07454">
        <ele>271.20916748046875</ele>
        <time>2000-01-01T00:00:00Z</time>
      </trkpt>
      <trkpt lat="60.08788" lon="9.07445">
        <ele>271.0667419433594</ele>
        <time>2000-01-01T00:00:00Z</time>
      </trkpt>
      <trkpt lat="60.08749906059656" lon="9.073696981078173">
        <ele>269.79998779296875</ele>
        <time>2000-01-01T00:00:00Z</time>
      </trkpt>
      <trkpt lat="60.08745" lon="9.0736">
        <ele>269.6791076660156</ele>
        <time>2000-01-01T00:00:00Z</time>
      </trkpt>
      <trkpt lat="60.0874" lon="9.07354">
        <ele>269.5768737792969</ele>
        <time>2000-01-01T00:00:00Z</time>
      </trkpt>
      <trkpt lat="60.08736" lon="9.07353">
        <ele>269.5061950683594</ele>
        <time>2000-01-01T00:00:00Z</time>
      </trkpt>
      <trkpt lat="60.08733" lon="9.07357">
        <ele>269.4430236816406</ele>
        <time>2000-01-01T00:00:00Z</time>
      </trkpt>
      <trkpt lat="60.08727" lon="9.07382">
        <ele>269.2002868652344</ele>
        <time>2000-01-01T00:00:00Z</time>
      </trkpt>
      <trkpt lat="60.08718" lon="9.07437">
        <ele>268.6938781738281</ele>
        <time>2000-01-01T00:00:00Z</time>
      </trkpt>
      <trkpt lat="60.086991803409624" lon="9.075319533307564">
        <ele>267.79998779296875</ele>
        <time>2000-01-01T00:00:00Z</time>
      </trkpt>
      <trkpt lat="60.08696" lon="9.07548">
        <ele>267.7018127441406</ele>
        <time>2000-01-01T00:00:00Z</time>
      </trkpt>
      <trkpt lat="60.08676" lon="9.07634">
        <ele>267.1622009277344</ele>
        <time>2000-01-01T00:00:00Z</time>
      </trkpt>
      <trkpt lat="60.08659" lon="9.07697">
        <ele>266.7548828125</ele>
        <time>2000-01-01T00:00:00Z</time>
      </trkpt>
      <trkpt lat="60.08647375816259" lon="9.077352828595233">
        <ele>266.5</ele>
        <time>2000-01-01T00:00:00Z</time>
      </trkpt>
      <trkpt lat="60.085881081620016" lon="9.079305786506985">
        <ele>265.6000061035156</ele>
        <time>2000-01-01T00:00:00Z</time>
      </trkpt>
      <trkpt lat="60.08581" lon="9.07954">
        <ele>265.6719665527344</ele>
        <time>2000-01-01T00:00:00Z</time>
      </trkpt>
      <trkpt lat="60.08563" lon="9.07998">
        <ele>265.8213195800781</ele>
        <time>2000-01-01T00:00:00Z</time>
      </trkpt>
      <trkpt lat="60.08532" lon="9.08059">
        <ele>266.0499267578125</ele>
        <time>2000-01-01T00:00:00Z</time>
      </trkpt>
      <trkpt lat="60.08515" lon="9.08103">
        <ele>266.1960144042969</ele>
        <time>2000-01-01T00:00:00Z</time>
      </trkpt>
      <trkpt lat="60.08503" lon="9.08144">
        <ele>266.8038635253906</ele>
        <time>2000-01-01T00:00:00Z</time>
      </trkpt>
      <trkpt lat="60.08495" lon="9.08193">
        <ele>267.48046875</ele>
        <time>2000-01-01T00:00:00Z</time>
      </trkpt>
      <trkpt lat="60.08488" lon="9.08284">
        <ele>268.68878173828125</ele>
        <time>2000-01-01T00:00:00Z</time>
      </trkpt>
      <trkpt lat="60.08486738635349" lon="9.083228741910087">
        <ele>269.20001220703125</ele>
        <time>2000-01-01T00:00:00Z</time>
      </trkpt>
      <trkpt lat="60.08479386044964" lon="9.085509966381649">
        <ele>269.20001220703125</ele>
        <time>2000-01-01T00:00:00Z</time>
      </trkpt>
      <trkpt lat="60.08477" lon="9.08625">
        <ele>269.00537109375</ele>
        <time>2000-01-01T00:00:00Z</time>
      </trkpt>
      <trkpt lat="60.08472" lon="9.08734">
        <ele>268.71807861328125</ele>
        <time>2000-01-01T00:00:00Z</time>
      </trkpt>
      <trkpt lat="60.08467692534487" lon="9.08778149725079">
        <ele>268.6000061035156</ele>
        <time>2000-01-01T00:00:00Z</time>
      </trkpt>
      <trkpt lat="60.08464" lon="9.08816">
        <ele>269.83160400390625</ele>
        <time>2000-01-01T00:00:00Z</time>
      </trkpt>
      <trkpt lat="60.08458" lon="9.0885">
        <ele>270.9833679199219</ele>
        <time>2000-01-01T00:00:00Z</time>
      </trkpt>
      <trkpt lat="60.08453" lon="9.08862">
        <ele>271.482666015625</ele>
        <time>2000-01-01T00:00:00Z</time>
      </trkpt>
      <trkpt lat="60.08442" lon="9.08879">
        <ele>272.3720397949219</ele>
        <time>2000-01-01T00:00:00Z</time>
      </trkpt>
      <trkpt lat="60.08439" lon="9.0889">
        <ele>272.7723693847656</ele>
        <time>2000-01-01T00:00:00Z</time>
      </trkpt>
      <trkpt lat="60.08426" lon="9.08983">
        <ele>275.856689453125</ele>
        <time>2000-01-01T00:00:00Z</time>
      </trkpt>
      <trkpt lat="60.08408" lon="9.0905">
        <ele>280.2163391113281</ele>
        <time>2000-01-01T00:00:00Z</time>
      </trkpt>
      <trkpt lat="60.08387" lon="9.09141">
        <ele>286.00634765625</ele>
        <time>2000-01-01T00:00:00Z</time>
      </trkpt>
      <trkpt lat="60.08378" lon="9.09192">
        <ele>289.11309814453125</ele>
        <time>2000-01-01T00:00:00Z</time>
      </trkpt>
      <trkpt lat="60.08372" lon="9.09276">
        <ele>291.22882080078125</ele>
        <time>2000-01-01T00:00:00Z</time>
      </trkpt>
      <trkpt lat="60.08371" lon="9.09318">
        <ele>292.2772521972656</ele>
        <time>2000-01-01T00:00:00Z</time>
      </trkpt>
      <trkpt lat="60.08374" lon="9.09363">
        <ele>293.409423828125</ele>
        <time>2000-01-01T00:00:00Z</time>
      </trkpt>
      <trkpt lat="60.08383" lon="9.09405">
        <ele>294.54925537109375</ele>
        <time>2000-01-01T00:00:00Z</time>
      </trkpt>
      <trkpt lat="60.083852728431275" lon="9.094139666273398">
        <ele>294.79998779296875</ele>
        <time>2000-01-01T00:00:00Z</time>
      </trkpt>
      <trkpt lat="60.08401" lon="9.09476">
        <ele>298.05743408203125</ele>
        <time>2000-01-01T00:00:00Z</time>
      </trkpt>
      <trkpt lat="60.08413" lon="9.0955">
        <ele>301.699462890625</ele>
        <time>2000-01-01T00:00:00Z</time>
      </trkpt>
      <trkpt lat="60.08416" lon="9.09583">
        <ele>303.2696838378906</ele>
        <time>2000-01-01T00:00:00Z</time>
      </trkpt>
      <trkpt lat="60.08419" lon="9.09619">
        <ele>304.9783020019531</ele>
        <time>2000-01-01T00:00:00Z</time>
      </trkpt>
      <trkpt lat="60.08418999822099" lon="9.09630148196971">
        <ele>305.5</ele>
        <time>2000-01-01T00:00:00Z</time>
      </trkpt>
      <trkpt lat="60.08419" lon="9.09676">
        <ele>306.1016845703125</ele>
        <time>2000-01-01T00:00:00Z</time>
      </trkpt>
      <trkpt lat="60.08417" lon="9.09698">
        <ele>306.39520263671875</ele>
        <time>2000-01-01T00:00:00Z</time>
      </trkpt>
      <trkpt lat="60.08411" lon="9.09729">
        <ele>306.83160400390625</ele>
        <time>2000-01-01T00:00:00Z</time>
      </trkpt>
      <trkpt lat="60.08404" lon="9.09747">
        <ele>307.131103515625</ele>
        <time>2000-01-01T00:00:00Z</time>
      </trkpt>
      <trkpt lat="60.08393" lon="9.09767">
        <ele>307.52191162109375</ele>
        <time>2000-01-01T00:00:00Z</time>
      </trkpt>
      <trkpt lat="60.08379" lon="9.09785">
        <ele>307.9594421386719</ele>
        <time>2000-01-01T00:00:00Z</time>
      </trkpt>
      <trkpt lat="60.0836078585037" lon="9.098040420567699">
        <ele>308.5</ele>
        <time>2000-01-01T00:00:00Z</time>
      </trkpt>
      <trkpt lat="60.08357" lon="9.09808">
        <ele>308.6048889160156</ele>
        <time>2000-01-01T00:00:00Z</time>
      </trkpt>
      <trkpt lat="60.08311" lon="9.09845">
        <ele>309.8221435546875</ele>
        <time>2000-01-01T00:00:00Z</time>
      </trkpt>
      <trkpt lat="60.08253716729848" lon="9.098819391166074">
        <ele>311.29998779296875</ele>
        <time>2000-01-01T00:00:00Z</time>
      </trkpt>
      <trkpt lat="60.08204" lon="9.09914">
        <ele>314.0484924316406</ele>
        <time>2000-01-01T00:00:00Z</time>
      </trkpt>
      <trkpt lat="60.08188" lon="9.09926">
        <ele>314.9475402832031</ele>
        <time>2000-01-01T00:00:00Z</time>
      </trkpt>
      <trkpt lat="60.08179" lon="9.09935">
        <ele>315.4768371582031</ele>
        <time>2000-01-01T00:00:00Z</time>
      </trkpt>
      <trkpt lat="60.08157" lon="9.09962">
        <ele>316.8341979980469</ele>
        <time>2000-01-01T00:00:00Z</time>
      </trkpt>
      <trkpt lat="60.081505074411915" lon="9.099740573661897">
        <ele>317.29998779296875</ele>
        <time>2000-01-01T00:00:00Z</time>
      </trkpt>
      <trkpt lat="60.08136" lon="9.10001">
        <ele>318.9651184082031</ele>
        <time>2000-01-01T00:00:00Z</time>
      </trkpt>
      <trkpt lat="60.08122" lon="9.10032">
        <ele>320.7215270996094</ele>
        <time>2000-01-01T00:00:00Z</time>
      </trkpt>
      <trkpt lat="60.08091" lon="9.10111">
        <ele>324.94329833984375</ele>
        <time>2000-01-01T00:00:00Z</time>
      </trkpt>
      <trkpt lat="60.0808" lon="9.10129">
        <ele>326.1389465332031</ele>
        <time>2000-01-01T00:00:00Z</time>
      </trkpt>
      <trkpt lat="60.080723305482884" lon="9.101385868023195">
        <ele>326.8999938964844</ele>
        <time>2000-01-01T00:00:00Z</time>
      </trkpt>
      <trkpt lat="60.08068" lon="9.10144">
        <ele>327.3162841796875</ele>
        <time>2000-01-01T00:00:00Z</time>
      </trkpt>
      <trkpt lat="60.08042" lon="9.10167">
        <ele>329.634521484375</ele>
        <time>2000-01-01T00:00:00Z</time>
      </trkpt>
      <trkpt lat="60.08002" lon="9.10199">
        <ele>333.1475830078125</ele>
        <time>2000-01-01T00:00:00Z</time>
      </trkpt>
      <trkpt lat="60.0798" lon="9.10213">
        <ele>335.0306396484375</ele>
        <time>2000-01-01T00:00:00Z</time>
      </trkpt>
      <trkpt lat="60.07966037625846" lon="9.10219515774389">
        <ele>336.20001220703125</ele>
        <time>2000-01-01T00:00:00Z</time>
      </trkpt>
      <trkpt lat="60.07965" lon="9.1022">
        <ele>336.290771484375</ele>
        <time>2000-01-01T00:00:00Z</time>
      </trkpt>
      <trkpt lat="60.07906" lon="9.10238">
        <ele>341.3681335449219</ele>
        <time>2000-01-01T00:00:00Z</time>
      </trkpt>
      <trkpt lat="60.07877" lon="9.10244">
        <ele>343.84869384765625</ele>
        <time>2000-01-01T00:00:00Z</time>
      </trkpt>
      <trkpt lat="60.078529250938516" lon="9.102466331397835">
        <ele>345.8999938964844</ele>
        <time>2000-01-01T00:00:00Z</time>
      </trkpt>
      <trkpt lat="60.07813" lon="9.10251">
        <ele>349.4773254394531</ele>
        <time>2000-01-01T00:00:00Z</time>
      </trkpt>
      <trkpt lat="60.07798" lon="9.10255">
        <ele>350.831298828125</ele>
        <time>2000-01-01T00:00:00Z</time>
      </trkpt>
      <trkpt lat="60.07773" lon="9.10263">
        <ele>353.0963134765625</ele>
        <time>2000-01-01T00:00:00Z</time>
      </trkpt>
      <trkpt lat="60.07751" lon="9.10273">
        <ele>355.1144714355469</ele>
        <time>2000-01-01T00:00:00Z</time>
      </trkpt>
      <trkpt lat="60.077404480461475" lon="9.102793310956558">
        <ele>356.1000061035156</ele>
        <time>2000-01-01T00:00:00Z</time>
      </trkpt>
      <trkpt lat="60.07721" lon="9.10291">
        <ele>356.1534118652344</ele>
        <time>2000-01-01T00:00:00Z</time>
      </trkpt>
      <trkpt lat="60.07683" lon="9.10323">
        <ele>356.2618713378906</ele>
        <time>2000-01-01T00:00:00Z</time>
      </trkpt>
      <trkpt lat="60.0763649865756" lon="9.103718189070841">
        <ele>356.3999938964844</ele>
        <time>2000-01-01T00:00:00Z</time>
      </trkpt>
      <trkpt lat="60.075355094301955" lon="9.104778644600504">
        <ele>352.1000061035156</ele>
        <time>2000-01-01T00:00:00Z</time>
      </trkpt>
      <trkpt lat="60.07503" lon="9.10512">
        <ele>348.30169677734375</ele>
        <time>2000-01-01T00:00:00Z</time>
      </trkpt>
      <trkpt lat="60.07488" lon="9.10525">
        <ele>346.6101989746094</ele>
        <time>2000-01-01T00:00:00Z</time>
      </trkpt>
      <trkpt lat="60.07477" lon="9.1053">
        <ele>345.44268798828125</ele>
        <time>2000-01-01T00:00:00Z</time>
      </trkpt>
      <trkpt lat="60.07465" lon="9.10529">
        <ele>344.1995544433594</ele>
        <time>2000-01-01T00:00:00Z</time>
      </trkpt>
      <trkpt lat="60.07458" lon="9.10525">
        <ele>343.4463195800781</ele>
        <time>2000-01-01T00:00:00Z</time>
      </trkpt>
      <trkpt lat="60.0743" lon="9.10503">
        <ele>340.333740234375</ele>
        <time>2000-01-01T00:00:00Z</time>
      </trkpt>
      <trkpt lat="60.07424" lon="9.10502">
        <ele>339.83544921875</ele>
        <time>2000-01-01T00:00:00Z</time>
      </trkpt>
      <trkpt lat="60.07418" lon="9.10504">
        <ele>339.3393249511719</ele>
        <time>2000-01-01T00:00:00Z</time>
      </trkpt>
      <trkpt lat="60.07411" lon="9.10513">
        <ele>338.66082763671875</ele>
        <time>2000-01-01T00:00:00Z</time>
      </trkpt>
      <trkpt lat="60.07394" lon="9.1055">
        <ele>336.61370849609375</ele>
        <time>2000-01-01T00:00:00Z</time>
      </trkpt>
      <trkpt lat="60.0738" lon="9.10569">
        <ele>335.2345275878906</ele>
        <time>2000-01-01T00:00:00Z</time>
      </trkpt>
      <trkpt lat="60.07373" lon="9.10578">
        <ele>334.5563049316406</ele>
        <time>2000-01-01T00:00:00Z</time>
      </trkpt>
      <trkpt lat="60.07339" lon="9.10606">
        <ele>331.5576477050781</ele>
        <time>2000-01-01T00:00:00Z</time>
      </trkpt>
      <trkpt lat="60.073332376270635" lon="9.10613374747992">
        <ele>331.0</ele>
        <time>2000-01-01T00:00:00Z</time>
      </trkpt>
      <trkpt lat="60.07289" lon="9.1067">
        <ele>324.4163818359375</ele>
        <time>2000-01-01T00:00:00Z</time>
      </trkpt>
      <trkpt lat="60.07282" lon="9.10676">
        <ele>323.4613342285156</ele>
        <time>2000-01-01T00:00:00Z</time>
      </trkpt>
      <trkpt lat="60.07273" lon="9.10683">
        <ele>322.25054931640625</ele>
        <time>2000-01-01T00:00:00Z</time>
      </trkpt>
      <trkpt lat="60.07263" lon="9.10683">
        <ele>320.9963073730469</ele>
        <time>2000-01-01T00:00:00Z</time>
      </trkpt>
      <trkpt lat="60.07254" lon="9.10678">
        <ele>319.8247375488281</ele>
        <time>2000-01-01T00:00:00Z</time>
      </trkpt>
      <trkpt lat="60.07243" lon="9.10667">
        <ele>318.2828369140625</ele>
        <time>2000-01-01T00:00:00Z</time>
      </trkpt>
      <trkpt lat="60.07232594709691" lon="9.106526927507248">
        <ele>316.70001220703125</ele>
        <time>2000-01-01T00:00:00Z</time>
      </trkpt>
      <trkpt lat="60.07227" lon="9.10645">
        <ele>315.8668212890625</ele>
        <time>2000-01-01T00:00:00Z</time>
      </trkpt>
      <trkpt lat="60.07217" lon="9.10636">
        <ele>314.5208435058594</ele>
        <time>2000-01-01T00:00:00Z</time>
      </trkpt>
      <trkpt lat="60.07206" lon="9.10635">
        <ele>313.1686096191406</ele>
        <time>2000-01-01T00:00:00Z</time>
      </trkpt>
      <trkpt lat="60.07195" lon="9.10641">
        <ele>311.7688293457031</ele>
        <time>2000-01-01T00:00:00Z</time>
      </trkpt>
      <trkpt lat="60.07185" lon="9.10651">
        <ele>310.3965759277344</ele>
        <time>2000-01-01T00:00:00Z</time>
      </trkpt>
      <trkpt lat="60.07179" lon="9.10661">
        <ele>309.4382019042969</ele>
        <time>2000-01-01T00:00:00Z</time>
      </trkpt>
      <trkpt lat="60.071393742909144" lon="9.107370811315185">
        <ele>302.70001220703125</ele>
        <time>2000-01-01T00:00:00Z</time>
      </trkpt>
      <trkpt lat="60.07129" lon="9.10757">
        <ele>301.80535888671875</ele>
        <time>2000-01-01T00:00:00Z</time>
      </trkpt>
      <trkpt lat="60.07062" lon="9.10867">
        <ele>296.4114990234375</ele>
        <time>2000-01-01T00:00:00Z</time>
      </trkpt>
      <trkpt lat="60.07051199232028" lon="9.108816127745268">
        <ele>295.6000061035156</ele>
        <time>2000-01-01T00:00:00Z</time>
      </trkpt>
      <trkpt lat="60.07045" lon="9.1089">
        <ele>295.6000061035156</ele>
        <time>2000-01-01T00:00:00Z</time>
      </trkpt>
      <trkpt lat="60.07016" lon="9.10924">
        <ele>295.6000061035156</ele>
        <time>2000-01-01T00:00:00Z</time>
      </trkpt>
      <trkpt lat="60.07003" lon="9.10936">
        <ele>295.6000061035156</ele>
        <time>2000-01-01T00:00:00Z</time>
      </trkpt>
      <trkpt lat="60.06987" lon="9.10948">
        <ele>295.6000061035156</ele>
        <time>2000-01-01T00:00:00Z</time>
      </trkpt>
      <trkpt lat="60.06966" lon="9.1096">
        <ele>295.6000061035156</ele>
        <time>2000-01-01T00:00:00Z</time>
      </trkpt>
      <trkpt lat="60.06946540285122" lon="9.10966145138967">
        <ele>295.6000061035156</ele>
        <time>2000-01-01T00:00:00Z</time>
      </trkpt>
      <trkpt lat="60.06928" lon="9.10972">
        <ele>296.55487060546875</ele>
        <time>2000-01-01T00:00:00Z</time>
      </trkpt>
      <trkpt lat="60.06836" lon="9.10991">
        <ele>301.2601623535156</ele>
        <time>2000-01-01T00:00:00Z</time>
      </trkpt>
      <trkpt lat="60.06833252824741" lon="9.109912388739714">
        <ele>301.3999938964844</ele>
        <time>2000-01-01T00:00:00Z</time>
      </trkpt>
      <trkpt lat="60.06813" lon="9.10993">
        <ele>302.2000732421875</ele>
        <time>2000-01-01T00:00:00Z</time>
      </trkpt>
      <trkpt lat="60.06775" lon="9.10993">
        <ele>303.699951171875</ele>
        <time>2000-01-01T00:00:00Z</time>
      </trkpt>
      <trkpt lat="60.06719293356111" lon="9.109892862241164">
        <ele>305.8999938964844</ele>
        <time>2000-01-01T00:00:00Z</time>
      </trkpt>
      <trkpt lat="60.06715" lon="9.10989">
        <ele>306.23150634765625</ele>
        <time>2000-01-01T00:00:00Z</time>
      </trkpt>
      <trkpt lat="60.0669" lon="9.10986">
        <ele>308.1646423339844</ele>
        <time>2000-01-01T00:00:00Z</time>
      </trkpt>
      <trkpt lat="60.06676" lon="9.10982">
        <ele>309.2564392089844</ele>
        <time>2000-01-01T00:00:00Z</time>
      </trkpt>
      <trkpt lat="60.06657" lon="9.10975">
        <ele>310.7474365234375</ele>
        <time>2000-01-01T00:00:00Z</time>
      </trkpt>
      <trkpt lat="60.06637" lon="9.1096">
        <ele>312.395751953125</ele>
        <time>2000-01-01T00:00:00Z</time>
      </trkpt>
      <trkpt lat="60.06611" lon="9.10934">
        <ele>314.6386413574219</ele>
        <time>2000-01-01T00:00:00Z</time>
      </trkpt>
      <trkpt lat="60.0658" lon="9.10896">
        <ele>317.0384216308594</ele>
        <time>2000-01-01T00:00:00Z</time>
      </trkpt>
      <trkpt lat="60.06566" lon="9.10884">
        <ele>318.03997802734375</ele>
        <time>2000-01-01T00:00:00Z</time>
      </trkpt>
      <trkpt lat="60.06548" lon="9.10873">
        <ele>319.27801513671875</ele>
        <time>2000-01-01T00:00:00Z</time>
      </trkpt>
      <trkpt lat="60.06538" lon="9.10869">
        <ele>319.94879150390625</ele>
        <time>2000-01-01T00:00:00Z</time>
      </trkpt>
      <trkpt lat="60.06518" lon="9.10866">
        <ele>321.2681884765625</ele>
        <time>2000-01-01T00:00:00Z</time>
      </trkpt>
      <trkpt lat="60.06503854610418" lon="9.108674889876202">
        <ele>322.20001220703125</ele>
        <time>2000-01-01T00:00:00Z</time>
      </trkpt>
      <trkpt lat="60.06499" lon="9.10868">
        <ele>322.2511901855469</ele>
        <time>2000-01-01T00:00:00Z</time>
      </trkpt>
      <trkpt lat="60.06476" lon="9.10876">
        <ele>322.49688720703125</ele>
        <time>2000-01-01T00:00:00Z</time>
      </trkpt>
      <trkpt lat="60.06391663267228" lon="9.109076262725964">
        <ele>323.3999938964844</ele>
        <time>2000-01-01T00:00:00Z</time>
      </trkpt>
      <trkpt lat="60.06388" lon="9.10909">
        <ele>323.3117370605469</ele>
        <time>2000-01-01T00:00:00Z</time>
      </trkpt>
      <trkpt lat="60.06372" lon="9.10917">
        <ele>322.92120361328125</ele>
        <time>2000-01-01T00:00:00Z</time>
      </trkpt>
      <trkpt lat="60.06352" lon="9.10933">
        <ele>322.4112243652344</ele>
        <time>2000-01-01T00:00:00Z</time>
      </trkpt>
      <trkpt lat="60.06335" lon="9.10957">
        <ele>321.9186706542969</ele>
        <time>2000-01-01T00:00:00Z</time>
      </trkpt>
      <trkpt lat="60.06294937776262" lon="9.11021713479388">
        <ele>320.70001220703125</ele>
        <time>2000-01-01T00:00:00Z</time>
      </trkpt>
      <trkpt lat="60.06244" lon="9.11104">
        <ele>321.6756286621094</ele>
        <time>2000-01-01T00:00:00Z</time>
      </trkpt>
      <trkpt lat="60.06206831071102" lon="9.111666792143476">
        <ele>322.3999938964844</ele>
        <time>2000-01-01T00:00:00Z</time>
      </trkpt>
      <trkpt lat="60.06119616782576" lon="9.113138005670294">
        <ele>325.8999938964844</ele>
        <time>2000-01-01T00:00:00Z</time>
      </trkpt>
      <trkpt lat="60.06078" lon="9.11384">
        <ele>323.6573791503906</ele>
        <time>2000-01-01T00:00:00Z</time>
      </trkpt>
      <trkpt lat="60.06036" lon="9.1145">
        <ele>321.4569091796875</ele>
        <time>2000-01-01T00:00:00Z</time>
      </trkpt>
      <trkpt lat="60.06030719394427" lon="9.114566339905537">
        <ele>321.20001220703125</ele>
        <time>2000-01-01T00:00:00Z</time>
      </trkpt>
      <trkpt lat="60.05997" lon="9.11499">
        <ele>319.0006103515625</ele>
        <time>2000-01-01T00:00:00Z</time>
      </trkpt>
      <trkpt lat="60.05979" lon="9.11518">
        <ele>317.8763122558594</ele>
        <time>2000-01-01T00:00:00Z</time>
      </trkpt>
      <trkpt lat="60.05951" lon="9.1154">
        <ele>316.21429443359375</ele>
        <time>2000-01-01T00:00:00Z</time>
      </trkpt>
      <trkpt lat="60.059281277483215" lon="9.115530698286094">
        <ele>314.8999938964844</ele>
        <time>2000-01-01T00:00:00Z</time>
      </trkpt>
      <trkpt lat="60.05916" lon="9.1156">
        <ele>313.67205810546875</ele>
        <time>2000-01-01T00:00:00Z</time>
      </trkpt>
      <trkpt lat="60.05897" lon="9.11575">
        <ele>311.6839599609375</ele>
        <time>2000-01-01T00:00:00Z</time>
      </trkpt>
      <trkpt lat="60.05888" lon="9.11584">
        <ele>310.7044677734375</ele>
        <time>2000-01-01T00:00:00Z</time>
      </trkpt>
      <trkpt lat="60.05876" lon="9.11602">
        <ele>309.2449645996094</ele>
        <time>2000-01-01T00:00:00Z</time>
      </trkpt>
      <trkpt lat="60.05864" lon="9.11628">
        <ele>307.5241394042969</ele>
        <time>2000-01-01T00:00:00Z</time>
      </trkpt>
      <trkpt lat="60.05859" lon="9.11646">
        <ele>306.52313232421875</ele>
        <time>2000-01-01T00:00:00Z</time>
      </trkpt>
      <trkpt lat="60.05847160023015" lon="9.116967718446446">
        <ele>303.79998779296875</ele>
        <time>2000-01-01T00:00:00Z</time>
      </trkpt>
      <trkpt lat="60.05798934453016" lon="9.119037436287536">
        <ele>294.29998779296875</ele>
        <time>2000-01-01T00:00:00Z</time>
      </trkpt>
      <trkpt lat="60.0578" lon="9.11985">
        <ele>292.6118469238281</ele>
        <time>2000-01-01T00:00:00Z</time>
      </trkpt>
      <trkpt lat="60.05767" lon="9.12021">
        <ele>291.7752685546875</ele>
        <time>2000-01-01T00:00:00Z</time>
      </trkpt>
      <trkpt lat="60.05761" lon="9.12035">
        <ele>291.4278564453125</ele>
        <time>2000-01-01T00:00:00Z</time>
      </trkpt>
      <trkpt lat="60.05745" lon="9.1206">
        <ele>290.66253662109375</ele>
        <time>2000-01-01T00:00:00Z</time>
      </trkpt>
      <trkpt lat="60.05729470537325" lon="9.120764554702498">
        <ele>290.0</ele>
        <time>2000-01-01T00:00:00Z</time>
      </trkpt>
      <trkpt lat="60.05678" lon="9.12131">
        <ele>294.7496337890625</ele>
        <time>2000-01-01T00:00:00Z</time>
      </trkpt>
      <trkpt lat="60.056295468965" lon="9.121863729485668">
        <ele>299.29998779296875</ele>
        <time>2000-01-01T00:00:00Z</time>
      </trkpt>
      <trkpt lat="60.05566" lon="9.12259">
        <ele>301.289306640625</ele>
        <time>2000-01-01T00:00:00Z</time>
      </trkpt>
      <trkpt lat="60.05545" lon="9.1228">
        <ele>301.9275207519531</ele>
        <time>2000-01-01T00:00:00Z</time>
      </trkpt>
      <trkpt lat="60.05528876144914" lon="9.122929689257383">
        <ele>302.3999938964844</ele>
        <time>2000-01-01T00:00:00Z</time>
      </trkpt>
      <trkpt lat="60.05499" lon="9.12317">
        <ele>305.7037658691406</ele>
        <time>2000-01-01T00:00:00Z</time>
      </trkpt>
      <trkpt lat="60.05488" lon="9.12329">
        <ele>306.9893493652344</ele>
        <time>2000-01-01T00:00:00Z</time>
      </trkpt>
      <trkpt lat="60.05478" lon="9.12343">
        <ele>308.2411193847656</ele>
        <time>2000-01-01T00:00:00Z</time>
      </trkpt>
      <trkpt lat="60.05467" lon="9.12364">
        <ele>309.8007507324219</ele>
        <time>2000-01-01T00:00:00Z</time>
      </trkpt>
      <trkpt lat="60.05455" lon="9.12393">
        <ele>311.7303771972656</ele>
        <time>2000-01-01T00:00:00Z</time>
      </trkpt>
      <trkpt lat="60.05443326560645" lon="9.124329137765796">
        <ele>314.1000061035156</ele>
        <time>2000-01-01T00:00:00Z</time>
      </trkpt>
      <trkpt lat="60.05424" lon="9.12499">
        <ele>315.0054931640625</ele>
        <time>2000-01-01T00:00:00Z</time>
      </trkpt>
      <trkpt lat="60.05417" lon="9.12516">
        <ele>315.2659606933594</ele>
        <time>2000-01-01T00:00:00Z</time>
      </trkpt>
      <trkpt lat="60.05398" lon="9.12557">
        <ele>315.9273986816406</ele>
        <time>2000-01-01T00:00:00Z</time>
      </trkpt>
      <trkpt lat="60.05369608687128" lon="9.12604046794426">
        <ele>316.79998779296875</ele>
        <time>2000-01-01T00:00:00Z</time>
      </trkpt>
      <trkpt lat="60.05328" lon="9.12673">
        <ele>319.689208984375</ele>
        <time>2000-01-01T00:00:00Z</time>
      </trkpt>
      <trkpt lat="60.05285" lon="9.12737">
        <ele>322.5555114746094</ele>
        <time>2000-01-01T00:00:00Z</time>
      </trkpt>
      <trkpt lat="60.05279574142443" lon="9.127439448800311">
        <ele>322.8999938964844</ele>
        <time>2000-01-01T00:00:00Z</time>
      </trkpt>
      <trkpt lat="60.0526" lon="9.12769">
        <ele>323.22601318359375</ele>
        <time>2000-01-01T00:00:00Z</time>
      </trkpt>
      <trkpt lat="60.05186" lon="9.12858">
        <ele>324.4373474121094</ele>
        <time>2000-01-01T00:00:00Z</time>
      </trkpt>
      <trkpt lat="60.05182279651832" lon="9.128629401806252">
        <ele>324.5</ele>
        <time>2000-01-01T00:00:00Z</time>
      </trkpt>
      <trkpt lat="60.05116" lon="9.12951">
        <ele>327.84857177734375</ele>
        <time>2000-01-01T00:00:00Z</time>
      </trkpt>
      <trkpt lat="60.050867715618494" lon="9.129876100385907">
        <ele>329.29998779296875</ele>
        <time>2000-01-01T00:00:00Z</time>
      </trkpt>
      <trkpt lat="60.05021" lon="9.1307">
        <ele>333.314697265625</ele>
        <time>2000-01-01T00:00:00Z</time>
      </trkpt>
      <trkpt lat="60.05007" lon="9.13086">
        <ele>334.14886474609375</ele>
        <time>2000-01-01T00:00:00Z</time>
      </trkpt>
      <trkpt lat="60.04988825697968" lon="9.131041742202134">
        <ele>335.20001220703125</ele>
        <time>2000-01-01T00:00:00Z</time>
      </trkpt>
      <trkpt lat="60.04975" lon="9.13118">
        <ele>336.2978515625</ele>
        <time>2000-01-01T00:00:00Z</time>
      </trkpt>
      <trkpt lat="60.04924" lon="9.13158">
        <ele>340.1889953613281</ele>
        <time>2000-01-01T00:00:00Z</time>
      </trkpt>
      <trkpt lat="60.04885" lon="9.13182">
        <ele>343.0875549316406</ele>
        <time>2000-01-01T00:00:00Z</time>
      </trkpt>
      <trkpt lat="60.04882072544421" lon="9.13183219762247">
        <ele>343.29998779296875</ele>
        <time>2000-01-01T00:00:00Z</time>
      </trkpt>
      <trkpt lat="60.04873" lon="9.13187">
        <ele>343.413818359375</ele>
        <time>2000-01-01T00:00:00Z</time>
      </trkpt>
      <trkpt lat="60.04863" lon="9.1319">
        <ele>343.5379943847656</ele>
        <time>2000-01-01T00:00:00Z</time>
      </trkpt>
      <trkpt lat="60.04837" lon="9.13191">
        <ele>343.8573303222656</ele>
        <time>2000-01-01T00:00:00Z</time>
      </trkpt>
      <trkpt lat="60.0482" lon="9.13188">
        <ele>344.06689453125</ele>
        <time>2000-01-01T00:00:00Z</time>
      </trkpt>
      <trkpt lat="60.048" lon="9.13181">
        <ele>344.31622314453125</ele>
        <time>2000-01-01T00:00:00Z</time>
      </trkpt>
      <trkpt lat="60.04789" lon="9.13175">
        <ele>344.4561767578125</ele>
        <time>2000-01-01T00:00:00Z</time>
      </trkpt>
      <trkpt lat="60.04770235970667" lon="9.131620097852684">
        <ele>344.70001220703125</ele>
        <time>2000-01-01T00:00:00Z</time>
      </trkpt>
      <trkpt lat="60.04737" lon="9.13139">
        <ele>343.8363342285156</ele>
        <time>2000-01-01T00:00:00Z</time>
      </trkpt>
      <trkpt lat="60.04712" lon="9.13128">
        <ele>343.2076110839844</ele>
        <time>2000-01-01T00:00:00Z</time>
      </trkpt>
      <trkpt lat="60.04703" lon="9.13127">
        <ele>342.986328125</ele>
        <time>2000-01-01T00:00:00Z</time>
      </trkpt>
      <trkpt lat="60.04688" lon="9.1313">
        <ele>342.61614990234375</ele>
        <time>2000-01-01T00:00:00Z</time>
      </trkpt>
      <trkpt lat="60.04669" lon="9.1314">
        <ele>342.1336364746094</ele>
        <time>2000-01-01T00:00:00Z</time>
      </trkpt>
      <trkpt lat="60.046607225905845" lon="9.131493810404661">
        <ele>341.8999938964844</ele>
        <time>2000-01-01T00:00:00Z</time>
      </trkpt>
      <trkpt lat="60.04654" lon="9.13157">
        <ele>341.57470703125</ele>
        <time>2000-01-01T00:00:00Z</time>
      </trkpt>
      <trkpt lat="60.04645" lon="9.13171">
        <ele>341.0948791503906</ele>
        <time>2000-01-01T00:00:00Z</time>
      </trkpt>
      <trkpt lat="60.04631" lon="9.132">
        <ele>340.24688720703125</ele>
        <time>2000-01-01T00:00:00Z</time>
      </trkpt>
      <trkpt lat="60.04622" lon="9.13235">
        <ele>339.4194641113281</ele>
        <time>2000-01-01T00:00:00Z</time>
      </trkpt>
      <trkpt lat="60.04608621447677" lon="9.133420269432131">
        <ele>337.1000061035156</ele>
        <time>2000-01-01T00:00:00Z</time>
      </trkpt>
      <trkpt lat="60.04605" lon="9.13371">
        <ele>336.28887939453125</ele>
        <time>2000-01-01T00:00:00Z</time>
      </trkpt>
      <trkpt lat="60.04596" lon="9.13416">
        <ele>334.9729919433594</ele>
        <time>2000-01-01T00:00:00Z</time>
      </trkpt>
      <trkpt lat="60.04585" lon="9.13455">
        <ele>333.7564697265625</ele>
        <time>2000-01-01T00:00:00Z</time>
      </trkpt>
      <trkpt lat="60.04568" lon="9.13494">
        <ele>332.35076904296875</ele>
        <time>2000-01-01T00:00:00Z</time>
      </trkpt>
      <trkpt lat="60.045475994124175" lon="9.135284395385998">
        <ele>330.8999938964844</ele>
        <time>2000-01-01T00:00:00Z</time>
      </trkpt>
      <trkpt lat="60.04491" lon="9.13624">
        <ele>321.8741455078125</ele>
        <time>2000-01-01T00:00:00Z</time>
      </trkpt>
      <trkpt lat="60.04478" lon="9.13651">
        <ele>319.59075927734375</ele>
        <time>2000-01-01T00:00:00Z</time>
      </trkpt>
      <trkpt lat="60.044665154514114" lon="9.136868045983425">
        <ele>317.0</ele>
        <time>2000-01-01T00:00:00Z</time>
      </trkpt>
      <trkpt lat="60.04461" lon="9.13704">
        <ele>316.5344543457031</ele>
        <time>2000-01-01T00:00:00Z</time>
      </trkpt>
      <trkpt lat="60.04453" lon="9.13748">
        <ele>315.4679260253906</ele>
        <time>2000-01-01T00:00:00Z</time>
      </trkpt>
      <trkpt lat="60.04435" lon="9.13884">
        <ele>312.263671875</ele>
        <time>2000-01-01T00:00:00Z</time>
      </trkpt>
      <trkpt lat="60.04431335155988" lon="9.139029897644022">
        <ele>311.79998779296875</ele>
        <time>2000-01-01T00:00:00Z</time>
      </trkpt>
      <trkpt lat="60.04424" lon="9.13941">
        <ele>309.85479736328125</ele>
        <time>2000-01-01T00:00:00Z</time>
      </trkpt>
      <trkpt lat="60.04381785463849" lon="9.141084327336744">
        <ele>300.8999938964844</ele>
        <time>2000-01-01T00:00:00Z</time>
      </trkpt>
      <trkpt lat="60.04334" lon="9.14298">
        <ele>293.7383728027344</ele>
        <time>2000-01-01T00:00:00Z</time>
      </trkpt>
      <trkpt lat="60.04330698607853" lon="9.143125260850058">
        <ele>293.20001220703125</ele>
        <time>2000-01-01T00:00:00Z</time>
      </trkpt>
      <trkpt lat="60.04329" lon="9.1432">
        <ele>292.88372802734375</ele>
        <time>2000-01-01T00:00:00Z</time>
      </trkpt>
      <trkpt lat="60.04308" lon="9.14405">
        <ele>289.228515625</ele>
        <time>2000-01-01T00:00:00Z</time>
      </trkpt>
      <trkpt lat="60.04302" lon="9.14429">
        <ele>288.1942138671875</ele>
        <time>2000-01-01T00:00:00Z</time>
      </trkpt>
      <trkpt lat="60.04295" lon="9.14465">
        <ele>286.7051696777344</ele>
        <time>2000-01-01T00:00:00Z</time>
      </trkpt>
      <trkpt lat="60.04287" lon="9.1452">
        <ele>284.4970397949219</ele>
        <time>2000-01-01T00:00:00Z</time>
      </trkpt>
      <trkpt lat="60.04286668756797" lon="9.145224288757369">
        <ele>284.3999938964844</ele>
        <time>2000-01-01T00:00:00Z</time>
      </trkpt>
      <trkpt lat="60.04284" lon="9.14542">
        <ele>283.7423400878906</ele>
        <time>2000-01-01T00:00:00Z</time>
      </trkpt>
      <trkpt lat="60.04277" lon="9.14608">
        <ele>281.55548095703125</ele>
        <time>2000-01-01T00:00:00Z</time>
      </trkpt>
      <trkpt lat="60.04274" lon="9.14652">
        <ele>280.1162414550781</ele>
        <time>2000-01-01T00:00:00Z</time>
      </trkpt>
      <trkpt lat="60.042641965684226" lon="9.147461128760797">
        <ele>277.0</ele>
        <time>2000-01-01T00:00:00Z</time>
      </trkpt>
      <trkpt lat="60.04264" lon="9.14748">
        <ele>276.8705139160156</ele>
        <time>2000-01-01T00:00:00Z</time>
      </trkpt>
      <trkpt lat="60.04261" lon="9.1477">
        <ele>275.342041015625</ele>
        <time>2000-01-01T00:00:00Z</time>
      </trkpt>
      <trkpt lat="60.04256" lon="9.14807">
        <ele>272.7739562988281</ele>
        <time>2000-01-01T00:00:00Z</time>
      </trkpt>
      <trkpt lat="60.04255" lon="9.14837">
        <ele>270.758544921875</ele>
        <time>2000-01-01T00:00:00Z</time>
      </trkpt>
      <trkpt lat="60.04254" lon="9.14875">
        <ele>268.20867919921875</ele>
        <time>2000-01-01T00:00:00Z</time>
      </trkpt>
      <trkpt lat="60.04252" lon="9.1493">
        <ele>264.513427734375</ele>
        <time>2000-01-01T00:00:00Z</time>
      </trkpt>
      <trkpt lat="60.0425" lon="9.14964">
        <ele>262.21893310546875</ele>
        <time>2000-01-01T00:00:00Z</time>
      </trkpt>
      <trkpt lat="60.04248" lon="9.14971">
        <ele>261.6848449707031</ele>
        <time>2000-01-01T00:00:00Z</time>
      </trkpt>
      <trkpt lat="60.04247" lon="9.14978">
        <ele>261.3468322753906</ele>
        <time>2000-01-01T00:00:00Z</time>
      </trkpt>
      <trkpt lat="60.04243" lon="9.14987">
        <ele>260.78765869140625</ele>
        <time>2000-01-01T00:00:00Z</time>
      </trkpt>
      <trkpt lat="60.04234" lon="9.15005">
        <ele>259.60491943359375</ele>
        <time>2000-01-01T00:00:00Z</time>
      </trkpt>
      <trkpt lat="60.04228" lon="9.15016">
        <ele>258.8486328125</ele>
        <time>2000-01-01T00:00:00Z</time>
      </trkpt>
      <trkpt lat="60.04221" lon="9.1503">
        <ele>257.9286804199219</ele>
        <time>2000-01-01T00:00:00Z</time>
      </trkpt>
      <trkpt lat="60.04208" lon="9.15061">
        <ele>256.0490417480469</ele>
        <time>2000-01-01T00:00:00Z</time>
      </trkpt>
      <trkpt lat="60.04201" lon="9.15086">
        <ele>254.7184295654297</ele>
        <time>2000-01-01T00:00:00Z</time>
      </trkpt>
      <trkpt lat="60.04196" lon="9.15116">
        <ele>253.2500762939453</ele>
        <time>2000-01-01T00:00:00Z</time>
      </trkpt>
      <trkpt lat="60.04194" lon="9.15136">
        <ele>252.30299377441406</ele>
        <time>2000-01-01T00:00:00Z</time>
      </trkpt>
      <trkpt lat="60.04194297385208" lon="9.15161902247795">
        <ele>251.10000610351562</ele>
        <time>2000-01-01T00:00:00Z</time>
      </trkpt>
      <trkpt lat="60.04195" lon="9.15223">
        <ele>248.28927612304688</ele>
        <time>2000-01-01T00:00:00Z</time>
      </trkpt>
      <trkpt lat="60.04198" lon="9.15268">
        <ele>246.20143127441406</ele>
        <time>2000-01-01T00:00:00Z</time>
      </trkpt>
      <trkpt lat="60.04202" lon="9.15298">
        <ele>244.77322387695312</ele>
        <time>2000-01-01T00:00:00Z</time>
      </trkpt>
      <trkpt lat="60.0421" lon="9.15349">
        <ele>242.31484985351562</ele>
        <time>2000-01-01T00:00:00Z</time>
      </trkpt>
      <trkpt lat="60.042144336086196" lon="9.153852080534977">
        <ele>240.60000610351562</ele>
        <time>2000-01-01T00:00:00Z</time>
      </trkpt>
      <trkpt lat="60.04216" lon="9.15398">
        <ele>240.0980682373047</ele>
        <time>2000-01-01T00:00:00Z</time>
      </trkpt>
      <trkpt lat="60.04219" lon="9.15424">
        <ele>239.08120727539062</ele>
        <time>2000-01-01T00:00:00Z</time>
      </trkpt>
      <trkpt lat="60.04219" lon="9.15432">
        <ele>238.77630615234375</ele>
        <time>2000-01-01T00:00:00Z</time>
      </trkpt>
      <trkpt lat="60.04219" lon="9.15441">
        <ele>238.43356323242188</ele>
        <time>2000-01-01T00:00:00Z</time>
      </trkpt>
      <trkpt lat="60.04219" lon="9.1545">
        <ele>238.09080505371094</ele>
        <time>2000-01-01T00:00:00Z</time>
      </trkpt>
      <trkpt lat="60.04218" lon="9.1546">
        <ele>237.701904296875</ele>
        <time>2000-01-01T00:00:00Z</time>
      </trkpt>
      <trkpt lat="60.04216" lon="9.15467">
        <ele>237.3944091796875</ele>
        <time>2000-01-01T00:00:00Z</time>
      </trkpt>
      <trkpt lat="60.04214" lon="9.15471">
        <ele>237.17869567871094</ele>
        <time>2000-01-01T00:00:00Z</time>
      </trkpt>
    </trkseg>
  </trk>
</gpx>